participantId,experimentMode,phase,conditionId,conditionName,conditionLabel,width,amplitude,steeringId,conditionOrder,trialInCondition,trialInPhase,totalTrial,attemptNumber,startedAtIso,endedAtIso,mtMs,coreEntryMs,coreExitMs,coreMtMs,success,countedAsTrial,errorType,endpointX,endpointY,pathProgress,deviated,deviationCount,deviationTotalMs,maxDeviationPx,excessiveDeviation,deviationEvents,trajectory
motoe,main,practice,C1,幅広条件,A固定・W広い,70,675,9.643,1,1,1,1,1,2026-09-29T06:50:20.276Z,2026-09-29T06:50:21.064Z,787,254,630,376,true,true,none,1748,442,1,false,0,0,0,false,[],"[{""x"":866,""y"":973.3,""t"":0,""outside"":false,""outsidePx"":0},{""x"":866,""y"":973.3,""t"":19,""outside"":false,""outsidePx"":0},{""x"":866,""y"":972,""t"":63,""outside"":false,""outsidePx"":0},{""x"":866,""y"":970.7,""t"":80,""outside"":false,""outsidePx"":0},{""x"":869.3,""y"":970.7,""t"":97,""outside"":false,""outsidePx"":0},{""x"":872.7,""y"":966.7,""t"":116,""outside"":false,""outsidePx"":0},{""x"":878,""y"":963.3,""t"":132,""outside"":false,""outsidePx"":0},{""x"":886.7,""y"":954.7,""t"":148,""outside"":false,""outsidePx"":0},{""x"":900.7,""y"":946,""t"":164,""outside"":false,""outsidePx"":0},{""x"":916.7,""y"":933.3,""t"":181,""outside"":false,""outsidePx"":0},{""x"":936,""y"":921.3,""t"":198,""outside"":false,""outsidePx"":0},{""x"":951.3,""y"":909.3,""t"":215,""outside"":false,""outsidePx"":0},{""x"":965.3,""y"":896.7,""t"":231,""outside"":false,""outsidePx"":0},{""x"":979.3,""y"":886.7,""t"":248,""outside"":false,""outsidePx"":0},{""x"":992,""y"":874,""t"":266,""outside"":false,""outsidePx"":0},{""x"":1007.3,""y"":863.3,""t"":282,""outside"":false,""outsidePx"":0},{""x"":1026.7,""y"":851.3,""t"":300,""outside"":false,""outsidePx"":0},{""x"":1044,""y"":839.3,""t"":316,""outside"":false,""outsidePx"":0},{""x"":1070.7,""y"":823.3,""t"":331,""outside"":false,""outsidePx"":0},{""x"":1098.7,""y"":807.3,""t"":348,""outside"":false,""outsidePx"":0},{""x"":1124.7,""y"":795.3,""t"":364,""outside"":false,""outsidePx"":0},{""x"":1152.7,""y"":783.3,""t"":382,""outside"":false,""outsidePx"":0},{""x"":1186,""y"":769.3,""t"":400,""outside"":false,""outsidePx"":0},{""x"":1206.7,""y"":756.7,""t"":415,""outside"":false,""outsidePx"":0},{""x"":1238.7,""y"":742.7,""t"":431,""outside"":false,""outsidePx"":0},{""x"":1268,""y"":727.3,""t"":451,""outside"":false,""outsidePx"":0},{""x"":1294.7,""y"":713.3,""t"":465,""outside"":false,""outsidePx"":0},{""x"":1332.7,""y"":692,""t"":484,""outside"":false,""outsidePx"":0},{""x"":1356,""y"":680,""t"":498,""outside"":false,""outsidePx"":0},{""x"":1387.3,""y"":662.7,""t"":515,""outside"":false,""outsidePx"":0},{""x"":1418.7,""y"":646.7,""t"":531,""outside"":false,""outsidePx"":0},{""x"":1443.3,""y"":634.7,""t"":547,""outside"":false,""outsidePx"":0},{""x"":1469.3,""y"":618.7,""t"":564,""outside"":false,""outsidePx"":0},{""x"":1496,""y"":604.7,""t"":582,""outside"":false,""outsidePx"":0},{""x"":1520,""y"":588.7,""t"":597,""outside"":false,""outsidePx"":0},{""x"":1546.7,""y"":573.3,""t"":614,""outside"":false,""outsidePx"":0},{""x"":1574.7,""y"":555.3,""t"":630,""outside"":false,""outsidePx"":0},{""x"":1604,""y"":536.7,""t"":648,""outside"":false,""outsidePx"":0},{""x"":1634,""y"":518.7,""t"":665,""outside"":false,""outsidePx"":0},{""x"":1662,""y"":501.3,""t"":681,""outside"":false,""outsidePx"":0},{""x"":1684.7,""y"":485.3,""t"":697,""outside"":false,""outsidePx"":0},{""x"":1709.3,""y"":468,""t"":714,""outside"":false,""outsidePx"":0},{""x"":1730,""y"":454,""t"":731,""outside"":false,""outsidePx"":0},{""x"":1742.7,""y"":445.3,""t"":748,""outside"":false,""outsidePx"":0},{""x"":1748,""y"":442,""t"":765,""outside"":false,""outsidePx"":0}]"
motoe,main,practice,C1,幅広条件,A固定・W広い,70,675,9.643,1,2,2,2,2,2026-09-29T06:50:21.518Z,2026-09-29T06:50:22.228Z,709,129,437,308,true,true,none,1763.3,462.7,1,false,0,0,0,false,[],"[{""x"":862.7,""y"":961.3,""t"":0,""outside"":false,""outsidePx"":0},{""x"":862.7,""y"":958,""t"":38,""outside"":false,""outsidePx"":0},{""x"":870.7,""y"":951.3,""t"":55,""outside"":false,""outsidePx"":0},{""x"":892,""y"":938.7,""t"":73,""outside"":false,""outsidePx"":0},{""x"":916.7,""y"":924.7,""t"":89,""outside"":false,""outsidePx"":0},{""x"":944.7,""y"":910.7,""t"":106,""outside"":false,""outsidePx"":0},{""x"":972.7,""y"":896.7,""t"":122,""outside"":false,""outsidePx"":0},{""x"":1007.3,""y"":881.3,""t"":139,""outside"":false,""outsidePx"":0},{""x"":1042.7,""y"":863.3,""t"":156,""outside"":false,""outsidePx"":0},{""x"":1072,""y"":849.3,""t"":172,""outside"":false,""outsidePx"":0},{""x"":1105.3,""y"":830.7,""t"":189,""outside"":false,""outsidePx"":0},{""x"":1136.7,""y"":812.7,""t"":207,""outside"":false,""outsidePx"":0},{""x"":1163.3,""y"":797.3,""t"":223,""outside"":false,""outsidePx"":0},{""x"":1191.3,""y"":778,""t"":240,""outside"":false,""outsidePx"":0},{""x"":1217.3,""y"":762,""t"":255,""outside"":false,""outsidePx"":0},{""x"":1252.7,""y"":741.3,""t"":272,""outside"":false,""outsidePx"":0},{""x"":1284,""y"":723.3,""t"":289,""outside"":false,""outsidePx"":0},{""x"":1315.3,""y"":709.3,""t"":306,""outside"":false,""outsidePx"":0},{""x"":1348.7,""y"":694,""t"":322,""outside"":false,""outsidePx"":0},{""x"":1378.7,""y"":680,""t"":339,""outside"":false,""outsidePx"":0},{""x"":1415.3,""y"":660.7,""t"":358,""outside"":false,""outsidePx"":0},{""x"":1457.3,""y"":639.3,""t"":378,""outside"":false,""outsidePx"":0},{""x"":1480,""y"":627.3,""t"":389,""outside"":false,""outsidePx"":0},{""x"":1518.7,""y"":604.7,""t"":406,""outside"":false,""outsidePx"":0},{""x"":1555.3,""y"":583.3,""t"":422,""outside"":false,""outsidePx"":0},{""x"":1584.7,""y"":568,""t"":439,""outside"":false,""outsidePx"":0},{""x"":1614.7,""y"":550.7,""t"":456,""outside"":false,""outsidePx"":0},{""x"":1639.3,""y"":536.7,""t"":472,""outside"":false,""outsidePx"":0},{""x"":1658.7,""y"":524,""t"":489,""outside"":false,""outsidePx"":0},{""x"":1670.7,""y"":517.3,""t"":505,""outside"":false,""outsidePx"":0},{""x"":1684.7,""y"":510,""t"":522,""outside"":false,""outsidePx"":0},{""x"":1696.7,""y"":503.3,""t"":539,""outside"":false,""outsidePx"":0},{""x"":1716,""y"":494.7,""t"":556,""outside"":false,""outsidePx"":0},{""x"":1734,""y"":484,""t"":572,""outside"":false,""outsidePx"":0},{""x"":1748,""y"":475.3,""t"":590,""outside"":false,""outsidePx"":0},{""x"":1760,""y"":466.7,""t"":605,""outside"":false,""outsidePx"":0},{""x"":1763.3,""y"":462.7,""t"":708,""outside"":false,""outsidePx"":0}]"
motoe,main,practice,C1,幅広条件,A固定・W広い,70,675,9.643,1,3,3,3,3,2026-09-29T06:50:22.663Z,2026-09-29T06:50:23.250Z,587,144,426,282,true,true,none,1833.3,406.7,1,false,0,0,0,false,[],"[{""x"":812,""y"":975.3,""t"":0,""outside"":false,""outsidePx"":0},{""x"":813.3,""y"":975.3,""t"":34,""outside"":false,""outsidePx"":0},{""x"":992,""y"":884.7,""t"":147,""outside"":false,""outsidePx"":0},{""x"":1046,""y"":858.7,""t"":161,""outside"":false,""outsidePx"":0},{""x"":1090,""y"":837.3,""t"":177,""outside"":false,""outsidePx"":0},{""x"":1135.3,""y"":814.7,""t"":194,""outside"":false,""outsidePx"":0},{""x"":1170,""y"":795.3,""t"":210,""outside"":false,""outsidePx"":0},{""x"":1205.3,""y"":778,""t"":227,""outside"":false,""outsidePx"":0},{""x"":1240,""y"":760.7,""t"":245,""outside"":false,""outsidePx"":0},{""x"":1272,""y"":744.7,""t"":261,""outside"":false,""outsidePx"":0},{""x"":1303.3,""y"":725.3,""t"":278,""outside"":false,""outsidePx"":0},{""x"":1334.7,""y"":708,""t"":295,""outside"":false,""outsidePx"":0},{""x"":1374.7,""y"":685.3,""t"":314,""outside"":false,""outsidePx"":0},{""x"":1396,""y"":672.7,""t"":327,""outside"":false,""outsidePx"":0},{""x"":1427.3,""y"":652,""t"":344,""outside"":false,""outsidePx"":0},{""x"":1452,""y"":636,""t"":360,""outside"":false,""outsidePx"":0},{""x"":1482,""y"":618.7,""t"":377,""outside"":false,""outsidePx"":0},{""x"":1514.7,""y"":597.3,""t"":394,""outside"":false,""outsidePx"":0},{""x"":1542.7,""y"":578.7,""t"":412,""outside"":false,""outsidePx"":0},{""x"":1578,""y"":555.3,""t"":427,""outside"":false,""outsidePx"":0},{""x"":1609.3,""y"":534.7,""t"":444,""outside"":false,""outsidePx"":0},{""x"":1648,""y"":512,""t"":461,""outside"":false,""outsidePx"":0},{""x"":1684.7,""y"":492.7,""t"":477,""outside"":false,""outsidePx"":0},{""x"":1720,""y"":473.3,""t"":495,""outside"":false,""outsidePx"":0},{""x"":1749.3,""y"":457.3,""t"":511,""outside"":false,""outsidePx"":0},{""x"":1776,""y"":443.3,""t"":527,""outside"":false,""outsidePx"":0},{""x"":1796.7,""y"":429.3,""t"":544,""outside"":false,""outsidePx"":0},{""x"":1814,""y"":419.3,""t"":561,""outside"":false,""outsidePx"":0},{""x"":1828,""y"":410.7,""t"":577,""outside"":false,""outsidePx"":0},{""x"":1833.3,""y"":406.7,""t"":586,""outside"":false,""outsidePx"":0}]"
motoe,main,practice,C1,幅広条件,A固定・W広い,70,675,9.643,1,4,4,4,4,2026-09-29T06:50:23.755Z,2026-09-29T06:50:24.424Z,669,182,421,239,true,true,deviation,1800,424.7,1,true,1,133,7.3,false,"[{""startMs"":269,""startX"":1284,""startY"":760.7,""maxOutsidePx"":7.3,""endMs"":402,""endX"":1560.7,""endY"":597.3,""durationMs"":133}]","[{""x"":829.3,""y"":1004.7,""t"":0,""outside"":false,""outsidePx"":0},{""x"":829.3,""y"":1003.3,""t"":23,""outside"":false,""outsidePx"":0},{""x"":832.7,""y"":1002,""t"":39,""outside"":false,""outsidePx"":0},{""x"":839.3,""y"":998.7,""t"":54,""outside"":false,""outsidePx"":0},{""x"":858.7,""y"":982.7,""t"":72,""outside"":false,""outsidePx"":0},{""x"":878,""y"":968.7,""t"":86,""outside"":false,""outsidePx"":0},{""x"":914.7,""y"":944,""t"":106,""outside"":false,""outsidePx"":0},{""x"":958.7,""y"":919.3,""t"":121,""outside"":false,""outsidePx"":0},{""x"":1014.7,""y"":890,""t"":216,""outside"":false,""outsidePx"":0},{""x"":1158,""y"":821.3,""t"":223,""outside"":false,""outsidePx"":0},{""x"":1216,""y"":792,""t"":238,""outside"":false,""outsidePx"":0},{""x"":1244,""y"":779.3,""t"":251,""outside"":false,""outsidePx"":0},{""x"":1284,""y"":760.7,""t"":269,""outside"":true,""outsidePx"":2.2},{""x"":1329.3,""y"":737.3,""t"":286,""outside"":true,""outsidePx"":4.7},{""x"":1364.7,""y"":716.7,""t"":303,""outside"":true,""outsidePx"":4.4},{""x"":1399.3,""y"":697.3,""t"":320,""outside"":true,""outsidePx"":5},{""x"":1436,""y"":678,""t"":338,""outside"":true,""outsidePx"":6.6},{""x"":1464,""y"":662.7,""t"":352,""outside"":true,""outsidePx"":7.3},{""x"":1497.3,""y"":641.3,""t"":368,""outside"":true,""outsidePx"":5.5},{""x"":1530.7,""y"":618.7,""t"":386,""outside"":true,""outsidePx"":2.6},{""x"":1560.7,""y"":597.3,""t"":402,""outside"":false,""outsidePx"":0},{""x"":1590,""y"":578.7,""t"":422,""outside"":false,""outsidePx"":0},{""x"":1623.3,""y"":557.3,""t"":439,""outside"":false,""outsidePx"":0},{""x"":1646,""y"":541.3,""t"":452,""outside"":false,""outsidePx"":0},{""x"":1667.3,""y"":527.3,""t"":469,""outside"":false,""outsidePx"":0},{""x"":1682.7,""y"":517.3,""t"":486,""outside"":false,""outsidePx"":0},{""x"":1698.7,""y"":503.3,""t"":505,""outside"":false,""outsidePx"":0},{""x"":1712.7,""y"":492.7,""t"":519,""outside"":false,""outsidePx"":0},{""x"":1726.7,""y"":482,""t"":539,""outside"":false,""outsidePx"":0},{""x"":1744,""y"":470,""t"":552,""outside"":false,""outsidePx"":0},{""x"":1763.3,""y"":454,""t"":569,""outside"":false,""outsidePx"":0},{""x"":1784.7,""y"":438.7,""t"":587,""outside"":false,""outsidePx"":0},{""x"":1794.7,""y"":428,""t"":603,""outside"":false,""outsidePx"":0},{""x"":1800,""y"":424.7,""t"":620,""outside"":false,""outsidePx"":0}]"
motoe,main,practice,C1,幅広条件,A固定・W広い,70,675,9.643,1,5,5,5,5,2026-09-29T06:50:25.016Z,2026-09-29T06:50:25.696Z,680,164,447,283,true,true,deviation,1814,406.7,1,true,1,155,8.6,false,"[{""startMs"":241,""startX"":1200,""startY"":807.3,""maxOutsidePx"":8.6,""endMs"":396,""endX"":1504.7,""endY"":627.3,""durationMs"":155}]","[{""x"":788.7,""y"":1003.3,""t"":0,""outside"":false,""outsidePx"":0},{""x"":797.3,""y"":1000,""t"":8,""outside"":false,""outsidePx"":0},{""x"":804.7,""y"":994.7,""t"":24,""outside"":false,""outsidePx"":0},{""x"":811.3,""y"":988,""t"":40,""outside"":false,""outsidePx"":0},{""x"":898.7,""y"":935.3,""t"":125,""outside"":false,""outsidePx"":0},{""x"":939.3,""y"":916,""t"":146,""outside"":false,""outsidePx"":0},{""x"":974,""y"":900.7,""t"":157,""outside"":false,""outsidePx"":0},{""x"":1016,""y"":881.3,""t"":174,""outside"":false,""outsidePx"":0},{""x"":1065.3,""y"":862,""t"":191,""outside"":false,""outsidePx"":0},{""x"":1110.7,""y"":844.7,""t"":207,""outside"":false,""outsidePx"":0},{""x"":1154.7,""y"":826.7,""t"":224,""outside"":false,""outsidePx"":0},{""x"":1200,""y"":807.3,""t"":241,""outside"":true,""outsidePx"":0.6},{""x"":1240,""y"":786.7,""t"":257,""outside"":true,""outsidePx"":2.7},{""x"":1275.3,""y"":769.3,""t"":274,""outside"":true,""outsidePx"":5.4},{""x"":1310,""y"":750,""t"":291,""outside"":true,""outsidePx"":6},{""x"":1345.3,""y"":732.7,""t"":307,""outside"":true,""outsidePx"":8.6},{""x"":1373.3,""y"":714.7,""t"":324,""outside"":true,""outsidePx"":7},{""x"":1404.7,""y"":695.3,""t"":341,""outside"":true,""outsidePx"":6},{""x"":1436,""y"":674.7,""t"":359,""outside"":true,""outsidePx"":3.7},{""x"":1464,""y"":655.3,""t"":375,""outside"":true,""outsidePx"":1},{""x"":1504.7,""y"":627.3,""t"":396,""outside"":false,""outsidePx"":0},{""x"":1522,""y"":616.7,""t"":409,""outside"":false,""outsidePx"":0},{""x"":1546.7,""y"":599.3,""t"":423,""outside"":false,""outsidePx"":0},{""x"":1578,""y"":578.7,""t"":442,""outside"":false,""outsidePx"":0},{""x"":1598.7,""y"":562.7,""t"":457,""outside"":false,""outsidePx"":0},{""x"":1626.7,""y"":543.3,""t"":475,""outside"":false,""outsidePx"":0},{""x"":1651.3,""y"":524,""t"":491,""outside"":false,""outsidePx"":0},{""x"":1670.7,""y"":508.7,""t"":508,""outside"":false,""outsidePx"":0},{""x"":1692,""y"":492.7,""t"":524,""outside"":false,""outsidePx"":0},{""x"":1709.3,""y"":478.7,""t"":553,""outside"":false,""outsidePx"":0},{""x"":1726.7,""y"":466.7,""t"":556,""outside"":false,""outsidePx"":0},{""x"":1751.3,""y"":450.7,""t"":575,""outside"":false,""outsidePx"":0},{""x"":1772,""y"":434.7,""t"":591,""outside"":false,""outsidePx"":0},{""x"":1788,""y"":424.7,""t"":607,""outside"":false,""outsidePx"":0},{""x"":1798.7,""y"":415.3,""t"":624,""outside"":false,""outsidePx"":0},{""x"":1805.3,""y"":412,""t"":640,""outside"":false,""outsidePx"":0},{""x"":1808.7,""y"":408.7,""t"":658,""outside"":false,""outsidePx"":0},{""x"":1812.7,""y"":406.7,""t"":674,""outside"":false,""outsidePx"":0},{""x"":1814,""y"":406.7,""t"":679,""outside"":false,""outsidePx"":0}]"
motoe,main,practice,C1,幅広条件,A固定・W広い,70,675,9.643,1,6,6,6,6,2026-09-29T06:50:26.198Z,2026-09-29T06:50:26.810Z,612,120,417,297,true,true,none,1874,359.3,1,false,0,0,0,false,[],"[{""x"":829.3,""y"":975.3,""t"":0,""outside"":false,""outsidePx"":0},{""x"":836,""y"":972,""t"":43,""outside"":false,""outsidePx"":0},{""x"":850,""y"":963.3,""t"":60,""outside"":false,""outsidePx"":0},{""x"":874.7,""y"":947.3,""t"":77,""outside"":false,""outsidePx"":0},{""x"":906,""y"":930,""t"":92,""outside"":false,""outsidePx"":0},{""x"":948,""y"":907.3,""t"":109,""outside"":false,""outsidePx"":0},{""x"":1002,""y"":881.3,""t"":125,""outside"":false,""outsidePx"":0},{""x"":1056.7,""y"":854.7,""t"":142,""outside"":false,""outsidePx"":0},{""x"":1105.3,""y"":830.7,""t"":158,""outside"":false,""outsidePx"":0},{""x"":1150.7,""y"":806,""t"":176,""outside"":false,""outsidePx"":0},{""x"":1189.3,""y"":783.3,""t"":192,""outside"":false,""outsidePx"":0},{""x"":1220.7,""y"":765.3,""t"":208,""outside"":false,""outsidePx"":0},{""x"":1254,""y"":746.7,""t"":226,""outside"":false,""outsidePx"":0},{""x"":1280.7,""y"":730.7,""t"":242,""outside"":false,""outsidePx"":0},{""x"":1308.7,""y"":714.7,""t"":260,""outside"":false,""outsidePx"":0},{""x"":1331.3,""y"":700.7,""t"":275,""outside"":false,""outsidePx"":0},{""x"":1357.3,""y"":685.3,""t"":292,""outside"":false,""outsidePx"":0},{""x"":1387.3,""y"":666,""t"":309,""outside"":false,""outsidePx"":0},{""x"":1413.3,""y"":646.7,""t"":325,""outside"":false,""outsidePx"":0},{""x"":1443.3,""y"":627.3,""t"":343,""outside"":false,""outsidePx"":0},{""x"":1468,""y"":610,""t"":358,""outside"":false,""outsidePx"":0},{""x"":1499.3,""y"":588.7,""t"":375,""outside"":false,""outsidePx"":0},{""x"":1527.3,""y"":569.3,""t"":392,""outside"":false,""outsidePx"":0},{""x"":1552,""y"":552,""t"":408,""outside"":false,""outsidePx"":0},{""x"":1581.3,""y"":532.7,""t"":425,""outside"":false,""outsidePx"":0},{""x"":1612.7,""y"":513.3,""t"":444,""outside"":false,""outsidePx"":0},{""x"":1642.7,""y"":494.7,""t"":458,""outside"":false,""outsidePx"":0},{""x"":1684.7,""y"":470,""t"":475,""outside"":false,""outsidePx"":0},{""x"":1723.3,""y"":448.7,""t"":492,""outside"":false,""outsidePx"":0},{""x"":1756.7,""y"":429.3,""t"":509,""outside"":false,""outsidePx"":0},{""x"":1788,""y"":410.7,""t"":525,""outside"":false,""outsidePx"":0},{""x"":1816,""y"":394.7,""t"":543,""outside"":false,""outsidePx"":0},{""x"":1838.7,""y"":380.7,""t"":561,""outside"":false,""outsidePx"":0},{""x"":1854.7,""y"":372,""t"":575,""outside"":false,""outsidePx"":0},{""x"":1866.7,""y"":363.3,""t"":593,""outside"":false,""outsidePx"":0},{""x"":1874,""y"":359.3,""t"":611,""outside"":false,""outsidePx"":0}]"
motoe,main,practice,C1,幅広条件,A固定・W広い,70,675,9.643,1,7,7,7,7,2026-09-29T06:50:28.244Z,2026-09-29T06:50:28.951Z,707,183,520,337,true,true,none,1850.7,396.7,1,false,0,0,0,false,[],"[{""x"":831.3,""y"":985.3,""t"":0,""outside"":false,""outsidePx"":0},{""x"":832.7,""y"":984.7,""t"":13,""outside"":false,""outsidePx"":0},{""x"":839.3,""y"":980.7,""t"":34,""outside"":false,""outsidePx"":0},{""x"":853.3,""y"":972,""t"":49,""outside"":false,""outsidePx"":0},{""x"":864,""y"":965.3,""t"":65,""outside"":false,""outsidePx"":0},{""x"":878,""y"":954.7,""t"":81,""outside"":false,""outsidePx"":0},{""x"":892,""y"":944,""t"":98,""outside"":false,""outsidePx"":0},{""x"":908,""y"":933.3,""t"":114,""outside"":false,""outsidePx"":0},{""x"":922,""y"":923.3,""t"":131,""outside"":false,""outsidePx"":0},{""x"":937.3,""y"":912.7,""t"":146,""outside"":false,""outsidePx"":0},{""x"":958.7,""y"":900.7,""t"":164,""outside"":false,""outsidePx"":0},{""x"":981.3,""y"":884.7,""t"":180,""outside"":false,""outsidePx"":0},{""x"":1020,""y"":860,""t"":218,""outside"":false,""outsidePx"":0},{""x"":1052.7,""y"":840.7,""t"":232,""outside"":false,""outsidePx"":0},{""x"":1074,""y"":828.7,""t"":251,""outside"":false,""outsidePx"":0},{""x"":1096.7,""y"":814.7,""t"":268,""outside"":false,""outsidePx"":0},{""x"":1118,""y"":802.7,""t"":284,""outside"":false,""outsidePx"":0},{""x"":1149.3,""y"":784.7,""t"":302,""outside"":false,""outsidePx"":0},{""x"":1175.3,""y"":770.7,""t"":317,""outside"":false,""outsidePx"":0},{""x"":1206.7,""y"":753.3,""t"":334,""outside"":false,""outsidePx"":0},{""x"":1238.7,""y"":737.3,""t"":350,""outside"":false,""outsidePx"":0},{""x"":1287.3,""y"":711.3,""t"":371,""outside"":false,""outsidePx"":0},{""x"":1317.3,""y"":695.3,""t"":390,""outside"":false,""outsidePx"":0},{""x"":1374.7,""y"":664,""t"":414,""outside"":false,""outsidePx"":0},{""x"":1406.7,""y"":646.7,""t"":431,""outside"":false,""outsidePx"":0},{""x"":1438,""y"":629.3,""t"":449,""outside"":false,""outsidePx"":0},{""x"":1476.7,""y"":608,""t"":467,""outside"":false,""outsidePx"":0},{""x"":1511.3,""y"":588.7,""t"":486,""outside"":false,""outsidePx"":0},{""x"":1542.7,""y"":571.3,""t"":504,""outside"":false,""outsidePx"":0},{""x"":1569.3,""y"":557.3,""t"":517,""outside"":false,""outsidePx"":0},{""x"":1590,""y"":546.7,""t"":532,""outside"":false,""outsidePx"":0},{""x"":1640.7,""y"":518.7,""t"":554,""outside"":false,""outsidePx"":0},{""x"":1667.3,""y"":504.7,""t"":570,""outside"":false,""outsidePx"":0},{""x"":1682.7,""y"":496,""t"":582,""outside"":false,""outsidePx"":0},{""x"":1720,""y"":476.7,""t"":598,""outside"":false,""outsidePx"":0},{""x"":1749.3,""y"":459.3,""t"":614,""outside"":false,""outsidePx"":0},{""x"":1777.3,""y"":443.3,""t"":630,""outside"":false,""outsidePx"":0},{""x"":1802,""y"":429.3,""t"":647,""outside"":false,""outsidePx"":0},{""x"":1826.7,""y"":414,""t"":663,""outside"":false,""outsidePx"":0},{""x"":1840.7,""y"":403.3,""t"":680,""outside"":false,""outsidePx"":0},{""x"":1849.3,""y"":398,""t"":697,""outside"":false,""outsidePx"":0},{""x"":1850.7,""y"":396.7,""t"":706,""outside"":false,""outsidePx"":0}]"
motoe,main,practice,C1,幅広条件,A固定・W広い,70,675,9.643,1,8,8,8,8,2026-09-29T06:50:30.092Z,2026-09-29T06:50:30.758Z,666,152,470,318,true,true,none,1864.7,378.7,1,false,0,0,0,false,[],"[{""x"":826,""y"":966,""t"":0,""outside"":false,""outsidePx"":0},{""x"":827.3,""y"":966,""t"":43,""outside"":false,""outsidePx"":0},{""x"":828.7,""y"":966,""t"":47,""outside"":false,""outsidePx"":0},{""x"":841.3,""y"":960,""t"":66,""outside"":false,""outsidePx"":0},{""x"":860.7,""y"":947.3,""t"":81,""outside"":false,""outsidePx"":0},{""x"":883.3,""y"":935.3,""t"":97,""outside"":false,""outsidePx"":0},{""x"":912.7,""y"":918,""t"":114,""outside"":false,""outsidePx"":0},{""x"":942.7,""y"":902,""t"":131,""outside"":false,""outsidePx"":0},{""x"":976,""y"":886.7,""t"":148,""outside"":false,""outsidePx"":0},{""x"":1007.3,""y"":867.3,""t"":164,""outside"":false,""outsidePx"":0},{""x"":1037.3,""y"":851.3,""t"":181,""outside"":false,""outsidePx"":0},{""x"":1068.7,""y"":832,""t"":198,""outside"":false,""outsidePx"":0},{""x"":1098.7,""y"":814.7,""t"":214,""outside"":false,""outsidePx"":0},{""x"":1126.7,""y"":798.7,""t"":231,""outside"":false,""outsidePx"":0},{""x"":1156,""y"":781.3,""t"":247,""outside"":false,""outsidePx"":0},{""x"":1178.7,""y"":765.3,""t"":264,""outside"":false,""outsidePx"":0},{""x"":1206.7,""y"":748,""t"":281,""outside"":false,""outsidePx"":0},{""x"":1234.7,""y"":732.7,""t"":298,""outside"":false,""outsidePx"":0},{""x"":1264.7,""y"":713.3,""t"":314,""outside"":false,""outsidePx"":0},{""x"":1301.3,""y"":692,""t"":331,""outside"":false,""outsidePx"":0},{""x"":1336.7,""y"":672.7,""t"":347,""outside"":false,""outsidePx"":0},{""x"":1368,""y"":655.3,""t"":364,""outside"":false,""outsidePx"":0},{""x"":1401.3,""y"":638,""t"":381,""outside"":false,""outsidePx"":0},{""x"":1438,""y"":618.7,""t"":397,""outside"":false,""outsidePx"":0},{""x"":1468,""y"":602.7,""t"":414,""outside"":false,""outsidePx"":0},{""x"":1499.3,""y"":583.3,""t"":430,""outside"":false,""outsidePx"":0},{""x"":1530.7,""y"":566,""t"":448,""outside"":false,""outsidePx"":0},{""x"":1558.7,""y"":552,""t"":463,""outside"":false,""outsidePx"":0},{""x"":1586.7,""y"":536.7,""t"":480,""outside"":false,""outsidePx"":0},{""x"":1614.7,""y"":520.7,""t"":497,""outside"":false,""outsidePx"":0},{""x"":1646,""y"":501.3,""t"":514,""outside"":false,""outsidePx"":0},{""x"":1672.7,""y"":485.3,""t"":531,""outside"":false,""outsidePx"":0},{""x"":1704,""y"":468,""t"":549,""outside"":false,""outsidePx"":0},{""x"":1735.3,""y"":448.7,""t"":564,""outside"":false,""outsidePx"":0},{""x"":1768.7,""y"":431.3,""t"":581,""outside"":false,""outsidePx"":0},{""x"":1794.7,""y"":415.3,""t"":598,""outside"":false,""outsidePx"":0},{""x"":1822.7,""y"":401.3,""t"":614,""outside"":false,""outsidePx"":0},{""x"":1842,""y"":391.3,""t"":631,""outside"":false,""outsidePx"":0},{""x"":1856,""y"":384,""t"":648,""outside"":false,""outsidePx"":0},{""x"":1863.3,""y"":378.7,""t"":664,""outside"":false,""outsidePx"":0},{""x"":1864.7,""y"":378.7,""t"":666,""outside"":false,""outsidePx"":0}]"
motoe,main,practice,C1,幅広条件,A固定・W広い,70,675,9.643,1,9,9,9,9,2026-09-29T06:50:31.418Z,2026-09-29T06:50:32.095Z,677,176,505,329,true,true,none,1833.3,400,1,false,0,0,0,false,[],"[{""x"":819.3,""y"":996,""t"":0,""outside"":false,""outsidePx"":0},{""x"":819.3,""y"":994.7,""t"":14,""outside"":false,""outsidePx"":0},{""x"":820,""y"":993.3,""t"":20,""outside"":false,""outsidePx"":0},{""x"":824,""y"":989.3,""t"":42,""outside"":false,""outsidePx"":0},{""x"":828.7,""y"":982.7,""t"":58,""outside"":false,""outsidePx"":0},{""x"":838,""y"":975.3,""t"":75,""outside"":false,""outsidePx"":0},{""x"":848,""y"":968.7,""t"":92,""outside"":false,""outsidePx"":0},{""x"":867.3,""y"":956.7,""t"":108,""outside"":false,""outsidePx"":0},{""x"":890,""y"":942.7,""t"":122,""outside"":false,""outsidePx"":0},{""x"":916.7,""y"":928.7,""t"":138,""outside"":false,""outsidePx"":0},{""x"":953.3,""y"":909.3,""t"":158,""outside"":false,""outsidePx"":0},{""x"":979.3,""y"":893.3,""t"":172,""outside"":false,""outsidePx"":0},{""x"":1016,""y"":870.7,""t"":190,""outside"":false,""outsidePx"":0},{""x"":1051.3,""y"":849.3,""t"":210,""outside"":false,""outsidePx"":0},{""x"":1079.3,""y"":834,""t"":223,""outside"":false,""outsidePx"":0},{""x"":1096.7,""y"":823.3,""t"":240,""outside"":false,""outsidePx"":0},{""x"":1124.7,""y"":806,""t"":257,""outside"":false,""outsidePx"":0},{""x"":1149.3,""y"":790,""t"":275,""outside"":false,""outsidePx"":0},{""x"":1172,""y"":774.7,""t"":289,""outside"":false,""outsidePx"":0},{""x"":1203.3,""y"":755.3,""t"":309,""outside"":false,""outsidePx"":0},{""x"":1230,""y"":737.3,""t"":323,""outside"":false,""outsidePx"":0},{""x"":1261.3,""y"":716.7,""t"":338,""outside"":false,""outsidePx"":0},{""x"":1294.7,""y"":695.3,""t"":357,""outside"":false,""outsidePx"":0},{""x"":1326,""y"":674.7,""t"":371,""outside"":false,""outsidePx"":0},{""x"":1359.3,""y"":653.3,""t"":389,""outside"":false,""outsidePx"":0},{""x"":1396,""y"":630.7,""t"":405,""outside"":false,""outsidePx"":0},{""x"":1426,""y"":615.3,""t"":421,""outside"":false,""outsidePx"":0},{""x"":1466,""y"":594,""t"":442,""outside"":false,""outsidePx"":0},{""x"":1488.7,""y"":582,""t"":455,""outside"":false,""outsidePx"":0},{""x"":1511.3,""y"":569.3,""t"":475,""outside"":false,""outsidePx"":0},{""x"":1541.3,""y"":554,""t"":489,""outside"":false,""outsidePx"":0},{""x"":1567.3,""y"":541.3,""t"":505,""outside"":false,""outsidePx"":0},{""x"":1590,""y"":529.3,""t"":522,""outside"":false,""outsidePx"":0},{""x"":1616.7,""y"":517.3,""t"":539,""outside"":false,""outsidePx"":0},{""x"":1650,""y"":499.3,""t"":558,""outside"":false,""outsidePx"":0},{""x"":1688,""y"":480.7,""t"":574,""outside"":false,""outsidePx"":0},{""x"":1721.3,""y"":462.7,""t"":588,""outside"":false,""outsidePx"":0},{""x"":1754.7,""y"":443.3,""t"":605,""outside"":false,""outsidePx"":0},{""x"":1788,""y"":426,""t"":622,""outside"":false,""outsidePx"":0},{""x"":1812.7,""y"":410.7,""t"":638,""outside"":false,""outsidePx"":0},{""x"":1828,""y"":403.3,""t"":655,""outside"":false,""outsidePx"":0},{""x"":1833.3,""y"":400,""t"":673,""outside"":false,""outsidePx"":0}]"
motoe,main,practice,C1,幅広条件,A固定・W広い,70,675,9.643,1,10,10,10,10,2026-09-29T06:50:32.695Z,2026-09-29T06:50:33.380Z,685,163,477,314,true,true,none,1877.3,363.3,1,false,0,0,0,false,[],"[{""x"":828,""y"":948.7,""t"":0,""outside"":false,""outsidePx"":0},{""x"":828.7,""y"":948.7,""t"":32,""outside"":false,""outsidePx"":0},{""x"":830.7,""y"":948.7,""t"":44,""outside"":false,""outsidePx"":0},{""x"":838,""y"":947.3,""t"":61,""outside"":false,""outsidePx"":0},{""x"":850,""y"":942.7,""t"":77,""outside"":false,""outsidePx"":0},{""x"":867.3,""y"":933.3,""t"":94,""outside"":false,""outsidePx"":0},{""x"":890,""y"":924.7,""t"":111,""outside"":false,""outsidePx"":0},{""x"":916.7,""y"":912.7,""t"":127,""outside"":false,""outsidePx"":0},{""x"":948,""y"":900.7,""t"":144,""outside"":false,""outsidePx"":0},{""x"":979.3,""y"":886.7,""t"":160,""outside"":false,""outsidePx"":0},{""x"":1010.7,""y"":876,""t"":177,""outside"":false,""outsidePx"":0},{""x"":1038.7,""y"":865.3,""t"":194,""outside"":false,""outsidePx"":0},{""x"":1063.3,""y"":853.3,""t"":210,""outside"":false,""outsidePx"":0},{""x"":1082.7,""y"":844.7,""t"":227,""outside"":false,""outsidePx"":0},{""x"":1108.7,""y"":830.7,""t"":244,""outside"":false,""outsidePx"":0},{""x"":1132,""y"":816.7,""t"":262,""outside"":false,""outsidePx"":0},{""x"":1158,""y"":800.7,""t"":278,""outside"":false,""outsidePx"":0},{""x"":1180.7,""y"":786.7,""t"":294,""outside"":false,""outsidePx"":0},{""x"":1205.3,""y"":770.7,""t"":311,""outside"":false,""outsidePx"":0},{""x"":1234.7,""y"":751.3,""t"":327,""outside"":false,""outsidePx"":0},{""x"":1261.3,""y"":734,""t"":344,""outside"":false,""outsidePx"":0},{""x"":1301.3,""y"":708,""t"":362,""outside"":false,""outsidePx"":0},{""x"":1340,""y"":683.3,""t"":377,""outside"":false,""outsidePx"":0},{""x"":1382,""y"":657.3,""t"":395,""outside"":false,""outsidePx"":0},{""x"":1420.7,""y"":632.7,""t"":411,""outside"":false,""outsidePx"":0},{""x"":1458.7,""y"":610,""t"":427,""outside"":false,""outsidePx"":0},{""x"":1496,""y"":587.3,""t"":444,""outside"":false,""outsidePx"":0},{""x"":1538,""y"":560.7,""t"":466,""outside"":false,""outsidePx"":0},{""x"":1569.3,""y"":541.3,""t"":478,""outside"":false,""outsidePx"":0},{""x"":1600.7,""y"":522.7,""t"":494,""outside"":false,""outsidePx"":0},{""x"":1630.7,""y"":504.7,""t"":510,""outside"":false,""outsidePx"":0},{""x"":1662,""y"":487.3,""t"":527,""outside"":false,""outsidePx"":0},{""x"":1692,""y"":470,""t"":544,""outside"":false,""outsidePx"":0},{""x"":1716,""y"":456,""t"":561,""outside"":false,""outsidePx"":0},{""x"":1742.7,""y"":440,""t"":577,""outside"":false,""outsidePx"":0},{""x"":1772,""y"":424.7,""t"":594,""outside"":false,""outsidePx"":0},{""x"":1800,""y"":408.7,""t"":610,""outside"":false,""outsidePx"":0},{""x"":1832,""y"":391.3,""t"":627,""outside"":false,""outsidePx"":0},{""x"":1858,""y"":375.3,""t"":644,""outside"":false,""outsidePx"":0},{""x"":1872,""y"":366.7,""t"":660,""outside"":false,""outsidePx"":0},{""x"":1877.3,""y"":363.3,""t"":677,""outside"":false,""outsidePx"":0}]"
motoe,main,practice,C1,幅広条件,A固定・W広い,70,675,9.643,1,11,11,11,11,2026-09-29T06:50:34.284Z,2026-09-29T06:50:34.896Z,612,123,452,329,true,true,none,1782.7,420.7,1,false,0,0,0,false,[],"[{""x"":822,""y"":968,""t"":0,""outside"":false,""outsidePx"":0},{""x"":828.7,""y"":965.3,""t"":21,""outside"":false,""outsidePx"":0},{""x"":841.3,""y"":960,""t"":38,""outside"":false,""outsidePx"":0},{""x"":858.7,""y"":951.3,""t"":54,""outside"":false,""outsidePx"":0},{""x"":884.7,""y"":938.7,""t"":70,""outside"":false,""outsidePx"":0},{""x"":916.7,""y"":921.3,""t"":88,""outside"":false,""outsidePx"":0},{""x"":946,""y"":905.3,""t"":105,""outside"":false,""outsidePx"":0},{""x"":982.7,""y"":886.7,""t"":121,""outside"":false,""outsidePx"":0},{""x"":1014.7,""y"":872.7,""t"":138,""outside"":false,""outsidePx"":0},{""x"":1048,""y"":856.7,""t"":155,""outside"":false,""outsidePx"":0},{""x"":1079.3,""y"":840.7,""t"":170,""outside"":false,""outsidePx"":0},{""x"":1110.7,""y"":823.3,""t"":187,""outside"":false,""outsidePx"":0},{""x"":1144,""y"":804,""t"":204,""outside"":false,""outsidePx"":0},{""x"":1175.3,""y"":786.7,""t"":221,""outside"":false,""outsidePx"":0},{""x"":1210.7,""y"":767.3,""t"":239,""outside"":false,""outsidePx"":0},{""x"":1242,""y"":751.3,""t"":255,""outside"":false,""outsidePx"":0},{""x"":1268,""y"":736,""t"":271,""outside"":false,""outsidePx"":0},{""x"":1300,""y"":720,""t"":288,""outside"":false,""outsidePx"":0},{""x"":1320.7,""y"":708,""t"":306,""outside"":false,""outsidePx"":0},{""x"":1352,""y"":688.7,""t"":323,""outside"":false,""outsidePx"":0},{""x"":1382,""y"":672.7,""t"":337,""outside"":false,""outsidePx"":0},{""x"":1408,""y"":657.3,""t"":354,""outside"":false,""outsidePx"":0},{""x"":1438,""y"":639.3,""t"":372,""outside"":false,""outsidePx"":0},{""x"":1466,""y"":624,""t"":388,""outside"":false,""outsidePx"":0},{""x"":1492,""y"":606.7,""t"":404,""outside"":false,""outsidePx"":0},{""x"":1524,""y"":587.3,""t"":420,""outside"":false,""outsidePx"":0},{""x"":1552,""y"":569.3,""t"":437,""outside"":false,""outsidePx"":0},{""x"":1580,""y"":552,""t"":455,""outside"":false,""outsidePx"":0},{""x"":1604,""y"":534.7,""t"":471,""outside"":false,""outsidePx"":0},{""x"":1630.7,""y"":518.7,""t"":488,""outside"":false,""outsidePx"":0},{""x"":1653.3,""y"":504.7,""t"":504,""outside"":false,""outsidePx"":0},{""x"":1682.7,""y"":487.3,""t"":521,""outside"":false,""outsidePx"":0},{""x"":1710.7,""y"":470,""t"":538,""outside"":false,""outsidePx"":0},{""x"":1738.7,""y"":452.7,""t"":553,""outside"":false,""outsidePx"":0},{""x"":1763.3,""y"":434.7,""t"":570,""outside"":false,""outsidePx"":0},{""x"":1777.3,""y"":424.7,""t"":587,""outside"":false,""outsidePx"":0},{""x"":1780.7,""y"":420.7,""t"":605,""outside"":false,""outsidePx"":0},{""x"":1782.7,""y"":420.7,""t"":611,""outside"":false,""outsidePx"":0}]"
motoe,main,practice,C1,幅広条件,A固定・W広い,70,675,9.643,1,12,12,12,12,2026-09-29T06:50:35.480Z,2026-09-29T06:50:36.151Z,671,137,510,373,true,true,none,1818,389.3,1,false,0,0,0,false,[],"[{""x"":852.7,""y"":977.3,""t"":0,""outside"":false,""outsidePx"":0},{""x"":852.7,""y"":975.3,""t"":9,""outside"":false,""outsidePx"":0},{""x"":855.3,""y"":972,""t"":25,""outside"":false,""outsidePx"":0},{""x"":860.7,""y"":966.7,""t"":41,""outside"":false,""outsidePx"":0},{""x"":870.7,""y"":958,""t"":58,""outside"":false,""outsidePx"":0},{""x"":890,""y"":946,""t"":75,""outside"":false,""outsidePx"":0},{""x"":909.3,""y"":935.3,""t"":93,""outside"":false,""outsidePx"":0},{""x"":939.3,""y"":918,""t"":110,""outside"":false,""outsidePx"":0},{""x"":970.7,""y"":900.7,""t"":125,""outside"":false,""outsidePx"":0},{""x"":996.7,""y"":886.7,""t"":142,""outside"":false,""outsidePx"":0},{""x"":1030,""y"":867.3,""t"":159,""outside"":false,""outsidePx"":0},{""x"":1058,""y"":851.3,""t"":175,""outside"":false,""outsidePx"":0},{""x"":1084.7,""y"":835.3,""t"":192,""outside"":false,""outsidePx"":0},{""x"":1107.3,""y"":823.3,""t"":209,""outside"":false,""outsidePx"":0},{""x"":1133.3,""y"":809.3,""t"":225,""outside"":false,""outsidePx"":0},{""x"":1152.7,""y"":797.3,""t"":242,""outside"":false,""outsidePx"":0},{""x"":1177.3,""y"":783.3,""t"":258,""outside"":false,""outsidePx"":0},{""x"":1202,""y"":769.3,""t"":275,""outside"":false,""outsidePx"":0},{""x"":1226,""y"":753.3,""t"":292,""outside"":false,""outsidePx"":0},{""x"":1248.7,""y"":741.3,""t"":308,""outside"":false,""outsidePx"":0},{""x"":1272,""y"":725.3,""t"":324,""outside"":false,""outsidePx"":0},{""x"":1294.7,""y"":711.3,""t"":341,""outside"":false,""outsidePx"":0},{""x"":1318.7,""y"":695.3,""t"":358,""outside"":false,""outsidePx"":0},{""x"":1345.3,""y"":678,""t"":377,""outside"":false,""outsidePx"":0},{""x"":1366,""y"":664,""t"":392,""outside"":false,""outsidePx"":0},{""x"":1394,""y"":644.7,""t"":408,""outside"":false,""outsidePx"":0},{""x"":1424,""y"":625.3,""t"":425,""outside"":false,""outsidePx"":0},{""x"":1455.3,""y"":604.7,""t"":443,""outside"":false,""outsidePx"":0},{""x"":1485.3,""y"":585.3,""t"":459,""outside"":false,""outsidePx"":0},{""x"":1508,""y"":571.3,""t"":475,""outside"":false,""outsidePx"":0},{""x"":1536,""y"":554,""t"":491,""outside"":false,""outsidePx"":0},{""x"":1562,""y"":538,""t"":508,""outside"":false,""outsidePx"":0},{""x"":1584.7,""y"":522.7,""t"":526,""outside"":false,""outsidePx"":0},{""x"":1609.3,""y"":508.7,""t"":543,""outside"":false,""outsidePx"":0},{""x"":1637.3,""y"":492.7,""t"":559,""outside"":false,""outsidePx"":0},{""x"":1668.7,""y"":475.3,""t"":575,""outside"":false,""outsidePx"":0},{""x"":1704,""y"":454,""t"":591,""outside"":false,""outsidePx"":0},{""x"":1746,""y"":431.3,""t"":608,""outside"":false,""outsidePx"":0},{""x"":1780.7,""y"":410.7,""t"":625,""outside"":false,""outsidePx"":0},{""x"":1807.3,""y"":396.7,""t"":642,""outside"":false,""outsidePx"":0},{""x"":1816,""y"":389.3,""t"":658,""outside"":false,""outsidePx"":0},{""x"":1818,""y"":389.3,""t"":670,""outside"":false,""outsidePx"":0}]"
motoe,main,practice,C1,幅広条件,A固定・W広い,70,675,9.643,1,13,13,13,13,2026-09-29T06:50:36.780Z,2026-09-29T06:50:37.512Z,732,178,525,347,true,true,none,1858,384,1,false,0,0,0,false,[],"[{""x"":768.7,""y"":976.7,""t"":0,""outside"":false,""outsidePx"":0},{""x"":778,""y"":974,""t"":25,""outside"":false,""outsidePx"":0},{""x"":790.7,""y"":966.7,""t"":41,""outside"":false,""outsidePx"":0},{""x"":810,""y"":956.7,""t"":58,""outside"":false,""outsidePx"":0},{""x"":825.3,""y"":947.3,""t"":75,""outside"":false,""outsidePx"":0},{""x"":846.7,""y"":937.3,""t"":92,""outside"":false,""outsidePx"":0},{""x"":866,""y"":926.7,""t"":108,""outside"":false,""outsidePx"":0},{""x"":886.7,""y"":916,""t"":125,""outside"":false,""outsidePx"":0},{""x"":911.3,""y"":905.3,""t"":142,""outside"":false,""outsidePx"":0},{""x"":942.7,""y"":891.3,""t"":159,""outside"":false,""outsidePx"":0},{""x"":974,""y"":877.3,""t"":175,""outside"":false,""outsidePx"":0},{""x"":1000.7,""y"":867.3,""t"":191,""outside"":false,""outsidePx"":0},{""x"":1035.3,""y"":851.3,""t"":208,""outside"":false,""outsidePx"":0},{""x"":1072,""y"":835.3,""t"":226,""outside"":false,""outsidePx"":0},{""x"":1096.7,""y"":825.3,""t"":242,""outside"":false,""outsidePx"":0},{""x"":1132,""y"":807.3,""t"":260,""outside"":false,""outsidePx"":0},{""x"":1160,""y"":793.3,""t"":275,""outside"":false,""outsidePx"":0},{""x"":1184,""y"":778,""t"":291,""outside"":false,""outsidePx"":0},{""x"":1216,""y"":760.7,""t"":309,""outside"":false,""outsidePx"":0},{""x"":1240,""y"":746.7,""t"":325,""outside"":false,""outsidePx"":0},{""x"":1270,""y"":728.7,""t"":341,""outside"":false,""outsidePx"":0},{""x"":1290.7,""y"":716.7,""t"":359,""outside"":false,""outsidePx"":0},{""x"":1314,""y"":702.7,""t"":376,""outside"":false,""outsidePx"":0},{""x"":1340,""y"":686.7,""t"":392,""outside"":false,""outsidePx"":0},{""x"":1370,""y"":669.3,""t"":408,""outside"":false,""outsidePx"":0},{""x"":1398,""y"":653.3,""t"":425,""outside"":false,""outsidePx"":0},{""x"":1427.3,""y"":638,""t"":441,""outside"":false,""outsidePx"":0},{""x"":1458.7,""y"":620.7,""t"":458,""outside"":false,""outsidePx"":0},{""x"":1486.7,""y"":602.7,""t"":475,""outside"":false,""outsidePx"":0},{""x"":1513.3,""y"":583.3,""t"":491,""outside"":false,""outsidePx"":0},{""x"":1544.7,""y"":564.7,""t"":508,""outside"":false,""outsidePx"":0},{""x"":1572.7,""y"":546.7,""t"":526,""outside"":false,""outsidePx"":0},{""x"":1602.7,""y"":529.3,""t"":543,""outside"":false,""outsidePx"":0},{""x"":1632,""y"":512,""t"":559,""outside"":false,""outsidePx"":0},{""x"":1662,""y"":494.7,""t"":575,""outside"":false,""outsidePx"":0},{""x"":1696.7,""y"":471.3,""t"":591,""outside"":false,""outsidePx"":0},{""x"":1724.7,""y"":456,""t"":608,""outside"":false,""outsidePx"":0},{""x"":1756.7,""y"":436.7,""t"":625,""outside"":false,""outsidePx"":0},{""x"":1784.7,""y"":420.7,""t"":642,""outside"":false,""outsidePx"":0},{""x"":1807.3,""y"":408.7,""t"":658,""outside"":false,""outsidePx"":0},{""x"":1824.7,""y"":400,""t"":674,""outside"":false,""outsidePx"":0},{""x"":1842,""y"":391.3,""t"":692,""outside"":false,""outsidePx"":0},{""x"":1854.7,""y"":386,""t"":708,""outside"":false,""outsidePx"":0},{""x"":1858,""y"":384,""t"":725,""outside"":false,""outsidePx"":0}]"
motoe,main,practice,C1,幅広条件,A固定・W広い,70,675,9.643,1,14,14,14,14,2026-09-29T06:50:38.201Z,2026-09-29T06:50:38.876Z,675,141,435,294,true,true,none,1807.3,420.7,1,false,0,0,0,false,[],"[{""x"":868,""y"":952,""t"":0,""outside"":false,""outsidePx"":0},{""x"":869.3,""y"":952,""t"":29,""outside"":false,""outsidePx"":0},{""x"":870.7,""y"":952,""t"":40,""outside"":false,""outsidePx"":0},{""x"":872.7,""y"":952,""t"":53,""outside"":false,""outsidePx"":0},{""x"":881.3,""y"":949.3,""t"":71,""outside"":false,""outsidePx"":0},{""x"":892,""y"":942.7,""t"":88,""outside"":false,""outsidePx"":0},{""x"":914.7,""y"":930,""t"":104,""outside"":false,""outsidePx"":0},{""x"":944.7,""y"":914.7,""t"":121,""outside"":false,""outsidePx"":0},{""x"":976,""y"":898.7,""t"":136,""outside"":false,""outsidePx"":0},{""x"":1020,""y"":874,""t"":154,""outside"":false,""outsidePx"":0},{""x"":1058,""y"":853.3,""t"":169,""outside"":false,""outsidePx"":0},{""x"":1100,""y"":830.7,""t"":186,""outside"":false,""outsidePx"":0},{""x"":1138.7,""y"":811.3,""t"":203,""outside"":false,""outsidePx"":0},{""x"":1188,""y"":784.7,""t"":223,""outside"":false,""outsidePx"":0},{""x"":1226,""y"":765.3,""t"":237,""outside"":false,""outsidePx"":0},{""x"":1262.7,""y"":746.7,""t"":254,""outside"":false,""outsidePx"":0},{""x"":1298,""y"":727.3,""t"":270,""outside"":false,""outsidePx"":0},{""x"":1329.3,""y"":711.3,""t"":286,""outside"":false,""outsidePx"":0},{""x"":1364.7,""y"":692,""t"":303,""outside"":false,""outsidePx"":0},{""x"":1398,""y"":674.7,""t"":321,""outside"":false,""outsidePx"":0},{""x"":1430.7,""y"":657.3,""t"":337,""outside"":false,""outsidePx"":0},{""x"":1458.7,""y"":641.3,""t"":354,""outside"":false,""outsidePx"":0},{""x"":1486.7,""y"":625.3,""t"":370,""outside"":false,""outsidePx"":0},{""x"":1513.3,""y"":608,""t"":387,""outside"":false,""outsidePx"":0},{""x"":1539.3,""y"":592.7,""t"":404,""outside"":false,""outsidePx"":0},{""x"":1562,""y"":576.7,""t"":421,""outside"":false,""outsidePx"":0},{""x"":1581.3,""y"":562.7,""t"":436,""outside"":false,""outsidePx"":0},{""x"":1598.7,""y"":550.7,""t"":453,""outside"":false,""outsidePx"":0},{""x"":1616.7,""y"":538,""t"":470,""outside"":false,""outsidePx"":0},{""x"":1634,""y"":529.3,""t"":486,""outside"":false,""outsidePx"":0},{""x"":1651.3,""y"":518.7,""t"":503,""outside"":false,""outsidePx"":0},{""x"":1668.7,""y"":506.7,""t"":519,""outside"":false,""outsidePx"":0},{""x"":1686.7,""y"":498,""t"":536,""outside"":false,""outsidePx"":0},{""x"":1709.3,""y"":484,""t"":553,""outside"":false,""outsidePx"":0},{""x"":1735.3,""y"":470,""t"":570,""outside"":false,""outsidePx"":0},{""x"":1762,""y"":452.7,""t"":587,""outside"":false,""outsidePx"":0},{""x"":1786,""y"":436.7,""t"":605,""outside"":false,""outsidePx"":0},{""x"":1800,""y"":426,""t"":620,""outside"":false,""outsidePx"":0},{""x"":1807.3,""y"":422.7,""t"":637,""outside"":false,""outsidePx"":0},{""x"":1807.3,""y"":420.7,""t"":653,""outside"":false,""outsidePx"":0}]"
motoe,main,practice,C1,幅広条件,A固定・W広い,70,675,9.643,1,15,15,15,15,2026-09-29T06:50:39.466Z,2026-09-29T06:50:40.026Z,561,123,358,235,true,true,none,1850.7,401.3,1,false,0,0,0,false,[],"[{""x"":836.7,""y"":973.3,""t"":0,""outside"":false,""outsidePx"":0},{""x"":841.3,""y"":972,""t"":22,""outside"":false,""outsidePx"":0},{""x"":848,""y"":966.7,""t"":39,""outside"":false,""outsidePx"":0},{""x"":864,""y"":958,""t"":57,""outside"":false,""outsidePx"":0},{""x"":881.3,""y"":947.3,""t"":72,""outside"":false,""outsidePx"":0},{""x"":911.3,""y"":928.7,""t"":89,""outside"":false,""outsidePx"":0},{""x"":942.7,""y"":912.7,""t"":105,""outside"":false,""outsidePx"":0},{""x"":984.7,""y"":890,""t"":122,""outside"":false,""outsidePx"":0},{""x"":1035.3,""y"":863.3,""t"":141,""outside"":false,""outsidePx"":0},{""x"":1086,""y"":837.3,""t"":156,""outside"":false,""outsidePx"":0},{""x"":1138.7,""y"":809.3,""t"":173,""outside"":false,""outsidePx"":0},{""x"":1188,""y"":783.3,""t"":188,""outside"":false,""outsidePx"":0},{""x"":1234.7,""y"":760.7,""t"":205,""outside"":false,""outsidePx"":0},{""x"":1280.7,""y"":737.3,""t"":222,""outside"":false,""outsidePx"":0},{""x"":1326,""y"":713.3,""t"":239,""outside"":false,""outsidePx"":0},{""x"":1370,""y"":688.7,""t"":256,""outside"":false,""outsidePx"":0},{""x"":1412,""y"":666,""t"":272,""outside"":false,""outsidePx"":0},{""x"":1448.7,""y"":644.7,""t"":288,""outside"":false,""outsidePx"":0},{""x"":1483.3,""y"":625.3,""t"":306,""outside"":false,""outsidePx"":0},{""x"":1514.7,""y"":608,""t"":322,""outside"":false,""outsidePx"":0},{""x"":1550,""y"":590.7,""t"":339,""outside"":false,""outsidePx"":0},{""x"":1578,""y"":573.3,""t"":356,""outside"":false,""outsidePx"":0},{""x"":1612.7,""y"":555.3,""t"":372,""outside"":false,""outsidePx"":0},{""x"":1644.7,""y"":538,""t"":388,""outside"":false,""outsidePx"":0},{""x"":1679.3,""y"":517.3,""t"":405,""outside"":false,""outsidePx"":0},{""x"":1714.7,""y"":494.7,""t"":423,""outside"":false,""outsidePx"":0},{""x"":1748,""y"":471.3,""t"":438,""outside"":false,""outsidePx"":0},{""x"":1777.3,""y"":452.7,""t"":455,""outside"":false,""outsidePx"":0},{""x"":1805.3,""y"":434.7,""t"":472,""outside"":false,""outsidePx"":0},{""x"":1826.7,""y"":420.7,""t"":489,""outside"":false,""outsidePx"":0},{""x"":1840.7,""y"":410.7,""t"":506,""outside"":false,""outsidePx"":0},{""x"":1846,""y"":405.3,""t"":522,""outside"":false,""outsidePx"":0},{""x"":1849.3,""y"":401.3,""t"":540,""outside"":false,""outsidePx"":0},{""x"":1850.7,""y"":401.3,""t"":556,""outside"":false,""outsidePx"":0}]"
motoe,main,practice,C1,幅広条件,A固定・W広い,70,675,9.643,1,16,16,16,16,2026-09-29T06:50:40.564Z,2026-09-29T06:50:41.193Z,629,118,379,261,true,true,none,1866.7,394.7,1,false,0,0,0,false,[],"[{""x"":847.3,""y"":971.3,""t"":0,""outside"":false,""outsidePx"":0},{""x"":855.3,""y"":968.7,""t"":45,""outside"":false,""outsidePx"":0},{""x"":867.3,""y"":963.3,""t"":57,""outside"":false,""outsidePx"":0},{""x"":890,""y"":951.3,""t"":74,""outside"":false,""outsidePx"":0},{""x"":925.3,""y"":932,""t"":91,""outside"":false,""outsidePx"":0},{""x"":962,""y"":912.7,""t"":107,""outside"":false,""outsidePx"":0},{""x"":1007.3,""y"":890,""t"":123,""outside"":false,""outsidePx"":0},{""x"":1062,""y"":860,""t"":141,""outside"":false,""outsidePx"":0},{""x"":1107.3,""y"":834,""t"":159,""outside"":false,""outsidePx"":0},{""x"":1154.7,""y"":809.3,""t"":174,""outside"":false,""outsidePx"":0},{""x"":1196.7,""y"":783.3,""t"":191,""outside"":false,""outsidePx"":0},{""x"":1240,""y"":760.7,""t"":208,""outside"":false,""outsidePx"":0},{""x"":1360.7,""y"":685.3,""t"":284,""outside"":false,""outsidePx"":0},{""x"":1424,""y"":650,""t"":294,""outside"":false,""outsidePx"":0},{""x"":1443.3,""y"":638,""t"":308,""outside"":false,""outsidePx"":0},{""x"":1478,""y"":620.7,""t"":324,""outside"":false,""outsidePx"":0},{""x"":1508,""y"":604.7,""t"":342,""outside"":false,""outsidePx"":0},{""x"":1534,""y"":588.7,""t"":357,""outside"":false,""outsidePx"":0},{""x"":1570.7,""y"":568,""t"":375,""outside"":false,""outsidePx"":0},{""x"":1609.3,""y"":545.3,""t"":394,""outside"":false,""outsidePx"":0},{""x"":1642.7,""y"":527.3,""t"":411,""outside"":false,""outsidePx"":0},{""x"":1670.7,""y"":513.3,""t"":424,""outside"":false,""outsidePx"":0},{""x"":1704,""y"":496,""t"":441,""outside"":false,""outsidePx"":0},{""x"":1737.3,""y"":476.7,""t"":459,""outside"":false,""outsidePx"":0},{""x"":1768.7,""y"":459.3,""t"":474,""outside"":false,""outsidePx"":0},{""x"":1798.7,""y"":442,""t"":491,""outside"":false,""outsidePx"":0},{""x"":1821.3,""y"":428,""t"":507,""outside"":false,""outsidePx"":0},{""x"":1838.7,""y"":415.3,""t"":524,""outside"":false,""outsidePx"":0},{""x"":1850.7,""y"":406.7,""t"":541,""outside"":false,""outsidePx"":0},{""x"":1860,""y"":400,""t"":558,""outside"":false,""outsidePx"":0},{""x"":1863.3,""y"":396.7,""t"":576,""outside"":false,""outsidePx"":0},{""x"":1864.7,""y"":394.7,""t"":591,""outside"":false,""outsidePx"":0},{""x"":1866.7,""y"":394.7,""t"":609,""outside"":false,""outsidePx"":0}]"
motoe,main,practice,C1,幅広条件,A固定・W広い,70,675,9.643,1,17,17,17,17,2026-09-29T06:50:41.746Z,2026-09-29T06:50:42.392Z,646,154,482,328,true,true,none,1860,375.3,1,false,0,0,0,false,[],"[{""x"":854,""y"":948.7,""t"":0,""outside"":false,""outsidePx"":0},{""x"":855.3,""y"":948.7,""t"":56,""outside"":false,""outsidePx"":0},{""x"":860.7,""y"":947.3,""t"":73,""outside"":false,""outsidePx"":0},{""x"":870.7,""y"":940.7,""t"":91,""outside"":false,""outsidePx"":0},{""x"":888.7,""y"":932,""t"":108,""outside"":false,""outsidePx"":0},{""x"":916.7,""y"":914.7,""t"":126,""outside"":false,""outsidePx"":0},{""x"":954.7,""y"":891.3,""t"":145,""outside"":false,""outsidePx"":0},{""x"":993.3,""y"":868.7,""t"":159,""outside"":false,""outsidePx"":0},{""x"":1034,""y"":849.3,""t"":174,""outside"":false,""outsidePx"":0},{""x"":1077.3,""y"":825.3,""t"":192,""outside"":false,""outsidePx"":0},{""x"":1119.3,""y"":804,""t"":208,""outside"":false,""outsidePx"":0},{""x"":1156,""y"":786.7,""t"":225,""outside"":false,""outsidePx"":0},{""x"":1192.7,""y"":767.3,""t"":242,""outside"":false,""outsidePx"":0},{""x"":1228,""y"":748,""t"":258,""outside"":false,""outsidePx"":0},{""x"":1259.3,""y"":730.7,""t"":275,""outside"":false,""outsidePx"":0},{""x"":1289.3,""y"":714.7,""t"":292,""outside"":false,""outsidePx"":0},{""x"":1317.3,""y"":699.3,""t"":309,""outside"":false,""outsidePx"":0},{""x"":1345.3,""y"":683.3,""t"":325,""outside"":false,""outsidePx"":0},{""x"":1371.3,""y"":669.3,""t"":341,""outside"":false,""outsidePx"":0},{""x"":1398,""y"":653.3,""t"":357,""outside"":false,""outsidePx"":0},{""x"":1420.7,""y"":641.3,""t"":375,""outside"":false,""outsidePx"":0},{""x"":1443.3,""y"":629.3,""t"":390,""outside"":false,""outsidePx"":0},{""x"":1462.7,""y"":616.7,""t"":408,""outside"":false,""outsidePx"":0},{""x"":1485.3,""y"":606.7,""t"":424,""outside"":false,""outsidePx"":0},{""x"":1510,""y"":592.7,""t"":441,""outside"":false,""outsidePx"":0},{""x"":1530.7,""y"":580,""t"":459,""outside"":false,""outsidePx"":0},{""x"":1560.7,""y"":560.7,""t"":476,""outside"":false,""outsidePx"":0},{""x"":1592,""y"":541.3,""t"":491,""outside"":false,""outsidePx"":0},{""x"":1626.7,""y"":520.7,""t"":508,""outside"":false,""outsidePx"":0},{""x"":1668.7,""y"":494.7,""t"":524,""outside"":false,""outsidePx"":0},{""x"":1710.7,""y"":468,""t"":541,""outside"":false,""outsidePx"":0},{""x"":1751.3,""y"":442,""t"":558,""outside"":false,""outsidePx"":0},{""x"":1786,""y"":420.7,""t"":574,""outside"":false,""outsidePx"":0},{""x"":1814,""y"":403.3,""t"":591,""outside"":false,""outsidePx"":0},{""x"":1842,""y"":384,""t"":610,""outside"":false,""outsidePx"":0},{""x"":1852.7,""y"":377.3,""t"":625,""outside"":false,""outsidePx"":0},{""x"":1860,""y"":375.3,""t"":642,""outside"":false,""outsidePx"":0}]"
motoe,main,practice,C1,幅広条件,A固定・W広い,70,675,9.643,1,18,18,18,18,2026-09-29T06:50:43.001Z,2026-09-29T06:50:43.584Z,582,102,406,304,true,true,none,1790,401.3,1,false,0,0,0,false,[],"[{""x"":838.7,""y"":973.3,""t"":0,""outside"":false,""outsidePx"":0},{""x"":844.7,""y"":970.7,""t"":20,""outside"":false,""outsidePx"":0},{""x"":860.7,""y"":960,""t"":38,""outside"":false,""outsidePx"":0},{""x"":880,""y"":949.3,""t"":53,""outside"":false,""outsidePx"":0},{""x"":912.7,""y"":932,""t"":70,""outside"":false,""outsidePx"":0},{""x"":954.7,""y"":909.3,""t"":87,""outside"":false,""outsidePx"":0},{""x"":992,""y"":890,""t"":103,""outside"":false,""outsidePx"":0},{""x"":1028.7,""y"":870.7,""t"":120,""outside"":false,""outsidePx"":0},{""x"":1072,""y"":848,""t"":138,""outside"":false,""outsidePx"":0},{""x"":1112.7,""y"":828.7,""t"":155,""outside"":false,""outsidePx"":0},{""x"":1142,""y"":812.7,""t"":170,""outside"":false,""outsidePx"":0},{""x"":1178.7,""y"":792,""t"":186,""outside"":false,""outsidePx"":0},{""x"":1212,""y"":772.7,""t"":203,""outside"":false,""outsidePx"":0},{""x"":1248.7,""y"":753.3,""t"":219,""outside"":false,""outsidePx"":0},{""x"":1289.3,""y"":730.7,""t"":237,""outside"":false,""outsidePx"":0},{""x"":1324,""y"":711.3,""t"":253,""outside"":false,""outsidePx"":0},{""x"":1356,""y"":692,""t"":270,""outside"":false,""outsidePx"":0},{""x"":1384,""y"":674.7,""t"":286,""outside"":false,""outsidePx"":0},{""x"":1410,""y"":657.3,""t"":302,""outside"":false,""outsidePx"":0},{""x"":1436,""y"":639.3,""t"":319,""outside"":false,""outsidePx"":0},{""x"":1464,""y"":622,""t"":336,""outside"":false,""outsidePx"":0},{""x"":1488.7,""y"":602.7,""t"":353,""outside"":false,""outsidePx"":0},{""x"":1513.3,""y"":585.3,""t"":369,""outside"":false,""outsidePx"":0},{""x"":1539.3,""y"":568,""t"":387,""outside"":false,""outsidePx"":0},{""x"":1572.7,""y"":543.3,""t"":409,""outside"":false,""outsidePx"":0},{""x"":1583.3,""y"":536.7,""t"":421,""outside"":false,""outsidePx"":0},{""x"":1614.7,""y"":517.3,""t"":438,""outside"":false,""outsidePx"":0},{""x"":1640.7,""y"":499.3,""t"":453,""outside"":false,""outsidePx"":0},{""x"":1672.7,""y"":480.7,""t"":470,""outside"":false,""outsidePx"":0},{""x"":1704,""y"":461.3,""t"":486,""outside"":false,""outsidePx"":0},{""x"":1738.7,""y"":438.7,""t"":504,""outside"":false,""outsidePx"":0},{""x"":1763.3,""y"":422.7,""t"":519,""outside"":false,""outsidePx"":0},{""x"":1779.3,""y"":408.7,""t"":536,""outside"":false,""outsidePx"":0},{""x"":1786,""y"":403.3,""t"":552,""outside"":false,""outsidePx"":0},{""x"":1790,""y"":401.3,""t"":569,""outside"":false,""outsidePx"":0}]"
motoe,main,practice,C1,幅広条件,A固定・W広い,70,675,9.643,1,19,19,19,19,2026-09-29T06:50:44.115Z,2026-09-29T06:50:44.703Z,588,143,419,276,false,true,near_goal_pointerup,1903.3,401.3,1,true,1,116,5,false,"[{""startMs"":472,""startX"":1720,""startY"":506.7,""maxOutsidePx"":5,""endMs"":588,""endX"":1903.3,""endY"":401.3,""durationMs"":116}]","[{""x"":812,""y"":985.3,""t"":0,""outside"":false,""outsidePx"":0},{""x"":813.3,""y"":985.3,""t"":5,""outside"":false,""outsidePx"":0},{""x"":822,""y"":980.7,""t"":23,""outside"":false,""outsidePx"":0},{""x"":832.7,""y"":974,""t"":39,""outside"":false,""outsidePx"":0},{""x"":846.7,""y"":965.3,""t"":55,""outside"":false,""outsidePx"":0},{""x"":864,""y"":954.7,""t"":72,""outside"":false,""outsidePx"":0},{""x"":886.7,""y"":942.7,""t"":88,""outside"":false,""outsidePx"":0},{""x"":914.7,""y"":928.7,""t"":106,""outside"":false,""outsidePx"":0},{""x"":944.7,""y"":914.7,""t"":123,""outside"":false,""outsidePx"":0},{""x"":982.7,""y"":895.3,""t"":139,""outside"":false,""outsidePx"":0},{""x"":1012.7,""y"":882.7,""t"":155,""outside"":false,""outsidePx"":0},{""x"":1051.3,""y"":865.3,""t"":172,""outside"":false,""outsidePx"":0},{""x"":1080.7,""y"":849.3,""t"":189,""outside"":false,""outsidePx"":0},{""x"":1114,""y"":832,""t"":206,""outside"":false,""outsidePx"":0},{""x"":1146,""y"":814.7,""t"":222,""outside"":false,""outsidePx"":0},{""x"":1180.7,""y"":797.3,""t"":239,""outside"":false,""outsidePx"":0},{""x"":1212,""y"":779.3,""t"":255,""outside"":false,""outsidePx"":0},{""x"":1250.7,""y"":758.7,""t"":272,""outside"":false,""outsidePx"":0},{""x"":1294.7,""y"":734,""t"":289,""outside"":false,""outsidePx"":0},{""x"":1331.3,""y"":713.3,""t"":305,""outside"":false,""outsidePx"":0},{""x"":1371.3,""y"":688.7,""t"":323,""outside"":false,""outsidePx"":0},{""x"":1413.3,""y"":666,""t"":340,""outside"":false,""outsidePx"":0},{""x"":1444.7,""y"":650,""t"":355,""outside"":false,""outsidePx"":0},{""x"":1485.3,""y"":630.7,""t"":372,""outside"":false,""outsidePx"":0},{""x"":1516.7,""y"":615.3,""t"":388,""outside"":false,""outsidePx"":0},{""x"":1556.7,""y"":594,""t"":405,""outside"":false,""outsidePx"":0},{""x"":1595.3,""y"":573.3,""t"":422,""outside"":false,""outsidePx"":0},{""x"":1639.3,""y"":550.7,""t"":442,""outside"":false,""outsidePx"":0},{""x"":1672.7,""y"":531.3,""t"":456,""outside"":false,""outsidePx"":0},{""x"":1720,""y"":506.7,""t"":472,""outside"":true,""outsidePx"":0.2},{""x"":1768.7,""y"":480.7,""t"":490,""outside"":true,""outsidePx"":2.1},{""x"":1807.3,""y"":459.3,""t"":505,""outside"":true,""outsidePx"":2.9},{""x"":1850.7,""y"":436.7,""t"":522,""outside"":true,""outsidePx"":5},{""x"":1878.7,""y"":419.3,""t"":539,""outside"":true,""outsidePx"":3.9},{""x"":1898,""y"":405.3,""t"":555,""outside"":true,""outsidePx"":1.5},{""x"":1903.3,""y"":401.3,""t"":573,""outside"":true,""outsidePx"":0.7}]"
motoe,main,practice,C1,幅広条件,A固定・W広い,70,675,9.643,1,20,20,20,20,2026-09-29T06:50:45.199Z,2026-09-29T06:50:45.780Z,582,137,397,260,true,true,none,1856,396.7,1,false,0,0,0,false,[],"[{""x"":780.7,""y"":994,""t"":0,""outside"":false,""outsidePx"":0},{""x"":783.3,""y"":993.3,""t"":22,""outside"":false,""outsidePx"":0},{""x"":799.3,""y"":986,""t"":39,""outside"":false,""outsidePx"":0},{""x"":818.7,""y"":972,""t"":55,""outside"":false,""outsidePx"":0},{""x"":841.3,""y"":958,""t"":72,""outside"":false,""outsidePx"":0},{""x"":874.7,""y"":937.3,""t"":90,""outside"":false,""outsidePx"":0},{""x"":911.3,""y"":916,""t"":107,""outside"":false,""outsidePx"":0},{""x"":948,""y"":895.3,""t"":122,""outside"":false,""outsidePx"":0},{""x"":984.7,""y"":874,""t"":138,""outside"":false,""outsidePx"":0},{""x"":1063.3,""y"":832,""t"":246,""outside"":false,""outsidePx"":0},{""x"":1278.7,""y"":716.7,""t"":254,""outside"":false,""outsidePx"":0},{""x"":1314,""y"":695.3,""t"":272,""outside"":false,""outsidePx"":0},{""x"":1346.7,""y"":678,""t"":291,""outside"":false,""outsidePx"":0},{""x"":1384,""y"":657.3,""t"":306,""outside"":false,""outsidePx"":0},{""x"":1415.3,""y"":639.3,""t"":325,""outside"":false,""outsidePx"":0},{""x"":1450,""y"":616.7,""t"":342,""outside"":false,""outsidePx"":0},{""x"":1483.3,""y"":599.3,""t"":355,""outside"":false,""outsidePx"":0},{""x"":1520,""y"":576.7,""t"":373,""outside"":false,""outsidePx"":0},{""x"":1556.7,""y"":554,""t"":390,""outside"":false,""outsidePx"":0},{""x"":1586.7,""y"":538,""t"":405,""outside"":false,""outsidePx"":0},{""x"":1614.7,""y"":520.7,""t"":422,""outside"":false,""outsidePx"":0},{""x"":1642.7,""y"":504.7,""t"":440,""outside"":false,""outsidePx"":0},{""x"":1658.7,""y"":496,""t"":457,""outside"":false,""outsidePx"":0},{""x"":1678,""y"":487.3,""t"":472,""outside"":false,""outsidePx"":0},{""x"":1695.3,""y"":476.7,""t"":488,""outside"":false,""outsidePx"":0},{""x"":1721.3,""y"":464.7,""t"":505,""outside"":false,""outsidePx"":0},{""x"":1754.7,""y"":448.7,""t"":522,""outside"":false,""outsidePx"":0},{""x"":1800,""y"":426,""t"":543,""outside"":false,""outsidePx"":0},{""x"":1826.7,""y"":412,""t"":556,""outside"":false,""outsidePx"":0},{""x"":1850.7,""y"":400,""t"":572,""outside"":false,""outsidePx"":0},{""x"":1856,""y"":396.7,""t"":581,""outside"":false,""outsidePx"":0}]"
motoe,main,practice,C1,幅広条件,A固定・W広い,70,675,9.643,1,21,21,21,21,2026-09-29T06:50:46.309Z,2026-09-29T06:50:46.904Z,595,124,415,291,true,true,none,1794.7,408.7,1,false,0,0,0,false,[],"[{""x"":843.3,""y"":971.3,""t"":0,""outside"":false,""outsidePx"":0},{""x"":846.7,""y"":970.7,""t"":26,""outside"":false,""outsidePx"":0},{""x"":858.7,""y"":963.3,""t"":44,""outside"":false,""outsidePx"":0},{""x"":878,""y"":951.3,""t"":60,""outside"":false,""outsidePx"":0},{""x"":897.3,""y"":937.3,""t"":77,""outside"":false,""outsidePx"":0},{""x"":926.7,""y"":919.3,""t"":94,""outside"":false,""outsidePx"":0},{""x"":956.7,""y"":900.7,""t"":111,""outside"":false,""outsidePx"":0},{""x"":992,""y"":877.3,""t"":127,""outside"":false,""outsidePx"":0},{""x"":1028.7,""y"":856.7,""t"":145,""outside"":false,""outsidePx"":0},{""x"":1065.3,""y"":834,""t"":161,""outside"":false,""outsidePx"":0},{""x"":1104,""y"":809.3,""t"":178,""outside"":false,""outsidePx"":0},{""x"":1146,""y"":786.7,""t"":194,""outside"":false,""outsidePx"":0},{""x"":1186,""y"":764,""t"":211,""outside"":false,""outsidePx"":0},{""x"":1222.7,""y"":744.7,""t"":227,""outside"":false,""outsidePx"":0},{""x"":1259.3,""y"":725.3,""t"":244,""outside"":false,""outsidePx"":0},{""x"":1289.3,""y"":709.3,""t"":261,""outside"":false,""outsidePx"":0},{""x"":1320.7,""y"":692,""t"":278,""outside"":false,""outsidePx"":0},{""x"":1348.7,""y"":676.7,""t"":294,""outside"":false,""outsidePx"":0},{""x"":1374.7,""y"":662.7,""t"":310,""outside"":false,""outsidePx"":0},{""x"":1406.7,""y"":646.7,""t"":327,""outside"":false,""outsidePx"":0},{""x"":1438,""y"":630.7,""t"":344,""outside"":false,""outsidePx"":0},{""x"":1472.7,""y"":613.3,""t"":362,""outside"":false,""outsidePx"":0},{""x"":1500.7,""y"":597.3,""t"":377,""outside"":false,""outsidePx"":0},{""x"":1536,""y"":578.7,""t"":395,""outside"":false,""outsidePx"":0},{""x"":1567.3,""y"":562.7,""t"":411,""outside"":false,""outsidePx"":0},{""x"":1600.7,""y"":543.3,""t"":428,""outside"":false,""outsidePx"":0},{""x"":1632,""y"":522.7,""t"":445,""outside"":false,""outsidePx"":0},{""x"":1656.7,""y"":508.7,""t"":460,""outside"":false,""outsidePx"":0},{""x"":1682.7,""y"":490.7,""t"":477,""outside"":false,""outsidePx"":0},{""x"":1706,""y"":475.3,""t"":494,""outside"":false,""outsidePx"":0},{""x"":1726.7,""y"":459.3,""t"":511,""outside"":false,""outsidePx"":0},{""x"":1746,""y"":447.3,""t"":527,""outside"":false,""outsidePx"":0},{""x"":1763.3,""y"":433.3,""t"":545,""outside"":false,""outsidePx"":0},{""x"":1776,""y"":424.7,""t"":562,""outside"":false,""outsidePx"":0},{""x"":1790,""y"":412,""t"":580,""outside"":false,""outsidePx"":0},{""x"":1794.7,""y"":408.7,""t"":591,""outside"":false,""outsidePx"":0}]"
motoe,main,practice,C1,幅広条件,A固定・W広い,70,675,9.643,1,22,22,22,22,2026-09-29T06:50:47.521Z,2026-09-29T06:50:48.042Z,522,112,407,295,true,true,none,1780.7,415.3,1,false,0,0,0,false,[],"[{""x"":875.3,""y"":956,""t"":0,""outside"":false,""outsidePx"":0},{""x"":876,""y"":956,""t"":15,""outside"":false,""outsidePx"":0},{""x"":880,""y"":954.7,""t"":35,""outside"":false,""outsidePx"":0},{""x"":890,""y"":947.3,""t"":49,""outside"":false,""outsidePx"":0},{""x"":906,""y"":937.3,""t"":66,""outside"":false,""outsidePx"":0},{""x"":930.7,""y"":923.3,""t"":83,""outside"":false,""outsidePx"":0},{""x"":965.3,""y"":904,""t"":99,""outside"":false,""outsidePx"":0},{""x"":996.7,""y"":886.7,""t"":116,""outside"":false,""outsidePx"":0},{""x"":1034,""y"":863.3,""t"":133,""outside"":false,""outsidePx"":0},{""x"":1072,""y"":839.3,""t"":150,""outside"":false,""outsidePx"":0},{""x"":1107.3,""y"":818,""t"":167,""outside"":false,""outsidePx"":0},{""x"":1142,""y"":797.3,""t"":184,""outside"":false,""outsidePx"":0},{""x"":1178.7,""y"":776,""t"":201,""outside"":false,""outsidePx"":0},{""x"":1222.7,""y"":748,""t"":218,""outside"":false,""outsidePx"":0},{""x"":1254,""y"":728.7,""t"":232,""outside"":false,""outsidePx"":0},{""x"":1289.3,""y"":709.3,""t"":249,""outside"":false,""outsidePx"":0},{""x"":1320.7,""y"":690.7,""t"":266,""outside"":false,""outsidePx"":0},{""x"":1354,""y"":671.3,""t"":284,""outside"":false,""outsidePx"":0},{""x"":1382,""y"":657.3,""t"":301,""outside"":false,""outsidePx"":0},{""x"":1402.7,""y"":643.3,""t"":316,""outside"":false,""outsidePx"":0},{""x"":1430.7,""y"":627.3,""t"":335,""outside"":false,""outsidePx"":0},{""x"":1458.7,""y"":611.3,""t"":350,""outside"":false,""outsidePx"":0},{""x"":1485.3,""y"":596,""t"":366,""outside"":false,""outsidePx"":0},{""x"":1520,""y"":574.7,""t"":383,""outside"":false,""outsidePx"":0},{""x"":1552,""y"":555.3,""t"":400,""outside"":false,""outsidePx"":0},{""x"":1588.7,""y"":532.7,""t"":416,""outside"":false,""outsidePx"":0},{""x"":1625.3,""y"":508.7,""t"":433,""outside"":false,""outsidePx"":0},{""x"":1668.7,""y"":480.7,""t"":449,""outside"":false,""outsidePx"":0},{""x"":1710.7,""y"":456,""t"":466,""outside"":false,""outsidePx"":0},{""x"":1744,""y"":436.7,""t"":482,""outside"":false,""outsidePx"":0},{""x"":1768.7,""y"":422.7,""t"":500,""outside"":false,""outsidePx"":0},{""x"":1779.3,""y"":415.3,""t"":516,""outside"":false,""outsidePx"":0},{""x"":1780.7,""y"":415.3,""t"":521,""outside"":false,""outsidePx"":0}]"
motoe,main,practice,C1,幅広条件,A固定・W広い,70,675,9.643,1,23,23,23,23,2026-09-29T06:50:48.626Z,2026-09-29T06:50:49.222Z,596,126,412,286,true,true,none,1854.7,384,1,false,0,0,0,false,[],"[{""x"":812,""y"":964.7,""t"":0,""outside"":false,""outsidePx"":0},{""x"":813.3,""y"":964.7,""t"":1,""outside"":false,""outsidePx"":0},{""x"":816.7,""y"":964.7,""t"":15,""outside"":false,""outsidePx"":0},{""x"":838,""y"":954.7,""t"":45,""outside"":false,""outsidePx"":0},{""x"":876,""y"":933.3,""t"":63,""outside"":false,""outsidePx"":0},{""x"":909.3,""y"":916,""t"":83,""outside"":false,""outsidePx"":0},{""x"":926.7,""y"":905.3,""t"":95,""outside"":false,""outsidePx"":0},{""x"":958.7,""y"":890,""t"":114,""outside"":false,""outsidePx"":0},{""x"":992,""y"":876,""t"":131,""outside"":false,""outsidePx"":0},{""x"":1026.7,""y"":860,""t"":150,""outside"":false,""outsidePx"":0},{""x"":1054.7,""y"":849.3,""t"":164,""outside"":false,""outsidePx"":0},{""x"":1090,""y"":832,""t"":185,""outside"":false,""outsidePx"":0},{""x"":1108.7,""y"":821.3,""t"":194,""outside"":false,""outsidePx"":0},{""x"":1144,""y"":802.7,""t"":212,""outside"":false,""outsidePx"":0},{""x"":1174,""y"":783.3,""t"":229,""outside"":false,""outsidePx"":0},{""x"":1206.7,""y"":762,""t"":247,""outside"":false,""outsidePx"":0},{""x"":1245.3,""y"":739.3,""t"":264,""outside"":false,""outsidePx"":0},{""x"":1270,""y"":723.3,""t"":278,""outside"":false,""outsidePx"":0},{""x"":1303.3,""y"":702.7,""t"":294,""outside"":false,""outsidePx"":0},{""x"":1343.3,""y"":676.7,""t"":315,""outside"":false,""outsidePx"":0},{""x"":1368,""y"":662.7,""t"":334,""outside"":false,""outsidePx"":0},{""x"":1406.7,""y"":639.3,""t"":344,""outside"":false,""outsidePx"":0},{""x"":1454,""y"":613.3,""t"":364,""outside"":false,""outsidePx"":0},{""x"":1502.7,""y"":588.7,""t"":386,""outside"":false,""outsidePx"":0},{""x"":1528.7,""y"":574.7,""t"":395,""outside"":false,""outsidePx"":0},{""x"":1583.3,""y"":543.3,""t"":416,""outside"":false,""outsidePx"":0},{""x"":1616.7,""y"":524,""t"":434,""outside"":false,""outsidePx"":0},{""x"":1644.7,""y"":508.7,""t"":444,""outside"":false,""outsidePx"":0},{""x"":1676,""y"":492.7,""t"":462,""outside"":false,""outsidePx"":0},{""x"":1702,""y"":476.7,""t"":478,""outside"":false,""outsidePx"":0},{""x"":1728.7,""y"":461.3,""t"":495,""outside"":false,""outsidePx"":0},{""x"":1765.3,""y"":438.7,""t"":515,""outside"":false,""outsidePx"":0},{""x"":1788,""y"":424.7,""t"":531,""outside"":false,""outsidePx"":0},{""x"":1810.7,""y"":410.7,""t"":546,""outside"":false,""outsidePx"":0},{""x"":1838.7,""y"":392.7,""t"":566,""outside"":false,""outsidePx"":0},{""x"":1849.3,""y"":387.3,""t"":577,""outside"":false,""outsidePx"":0},{""x"":1854.7,""y"":384,""t"":595,""outside"":false,""outsidePx"":0}]"
motoe,main,practice,C1,幅広条件,A固定・W広い,70,675,9.643,1,24,24,24,24,2026-09-29T06:50:49.795Z,2026-09-29T06:50:50.397Z,602,110,410,300,true,true,none,1838.7,391.3,1,false,0,0,0,false,[],"[{""x"":832.7,""y"":964.7,""t"":0,""outside"":false,""outsidePx"":0},{""x"":832.7,""y"":963.3,""t"":6,""outside"":false,""outsidePx"":0},{""x"":839.3,""y"":960,""t"":22,""outside"":false,""outsidePx"":0},{""x"":853.3,""y"":952.7,""t"":39,""outside"":false,""outsidePx"":0},{""x"":876,""y"":944,""t"":56,""outside"":false,""outsidePx"":0},{""x"":906,""y"":930,""t"":72,""outside"":false,""outsidePx"":0},{""x"":942.7,""y"":914.7,""t"":89,""outside"":false,""outsidePx"":0},{""x"":979.3,""y"":898.7,""t"":106,""outside"":false,""outsidePx"":0},{""x"":1023.3,""y"":879.3,""t"":122,""outside"":false,""outsidePx"":0},{""x"":1068.7,""y"":856.7,""t"":140,""outside"":false,""outsidePx"":0},{""x"":1107.3,""y"":835.3,""t"":156,""outside"":false,""outsidePx"":0},{""x"":1152.7,""y"":809.3,""t"":173,""outside"":false,""outsidePx"":0},{""x"":1192.7,""y"":786.7,""t"":189,""outside"":false,""outsidePx"":0},{""x"":1240,""y"":760.7,""t"":210,""outside"":false,""outsidePx"":0},{""x"":1272,""y"":741.3,""t"":223,""outside"":false,""outsidePx"":0},{""x"":1304.7,""y"":720,""t"":243,""outside"":false,""outsidePx"":0},{""x"":1329.3,""y"":704.7,""t"":257,""outside"":false,""outsidePx"":0},{""x"":1356,""y"":685.3,""t"":276,""outside"":false,""outsidePx"":0},{""x"":1380,""y"":669.3,""t"":291,""outside"":false,""outsidePx"":0},{""x"":1401.3,""y"":655.3,""t"":308,""outside"":false,""outsidePx"":0},{""x"":1426,""y"":641.3,""t"":328,""outside"":false,""outsidePx"":0},{""x"":1452,""y"":625.3,""t"":342,""outside"":false,""outsidePx"":0},{""x"":1478,""y"":611.3,""t"":359,""outside"":false,""outsidePx"":0},{""x"":1504.7,""y"":596,""t"":375,""outside"":false,""outsidePx"":0},{""x"":1538,""y"":576.7,""t"":390,""outside"":false,""outsidePx"":0},{""x"":1569.3,""y"":557.3,""t"":408,""outside"":false,""outsidePx"":0},{""x"":1600.7,""y"":536.7,""t"":424,""outside"":false,""outsidePx"":0},{""x"":1634,""y"":515.3,""t"":442,""outside"":false,""outsidePx"":0},{""x"":1667.3,""y"":494.7,""t"":457,""outside"":false,""outsidePx"":0},{""x"":1704,""y"":473.3,""t"":477,""outside"":false,""outsidePx"":0},{""x"":1732,""y"":456,""t"":491,""outside"":false,""outsidePx"":0},{""x"":1760,""y"":438.7,""t"":507,""outside"":false,""outsidePx"":0},{""x"":1784.7,""y"":422.7,""t"":524,""outside"":false,""outsidePx"":0},{""x"":1805.3,""y"":408.7,""t"":541,""outside"":false,""outsidePx"":0},{""x"":1824.7,""y"":398,""t"":558,""outside"":false,""outsidePx"":0},{""x"":1833.3,""y"":392.7,""t"":575,""outside"":false,""outsidePx"":0},{""x"":1836.7,""y"":391.3,""t"":590,""outside"":false,""outsidePx"":0},{""x"":1838.7,""y"":391.3,""t"":600,""outside"":false,""outsidePx"":0}]"
motoe,main,practice,C1,幅広条件,A固定・W広い,70,675,9.643,1,25,25,25,25,2026-09-29T06:50:51.128Z,2026-09-29T06:50:51.715Z,587,121,432,311,true,true,none,1836.7,405.3,1,false,0,0,0,false,[],"[{""x"":824.7,""y"":954,""t"":0,""outside"":false,""outsidePx"":0},{""x"":834,""y"":952.7,""t"":23,""outside"":false,""outsidePx"":0},{""x"":852,""y"":946,""t"":41,""outside"":false,""outsidePx"":0},{""x"":874.7,""y"":935.3,""t"":58,""outside"":false,""outsidePx"":0},{""x"":897.3,""y"":924.7,""t"":74,""outside"":false,""outsidePx"":0},{""x"":926.7,""y"":910.7,""t"":93,""outside"":false,""outsidePx"":0},{""x"":956.7,""y"":895.3,""t"":108,""outside"":false,""outsidePx"":0},{""x"":990,""y"":877.3,""t"":124,""outside"":false,""outsidePx"":0},{""x"":1046,""y"":846,""t"":148,""outside"":false,""outsidePx"":0},{""x"":1074,""y"":832,""t"":162,""outside"":false,""outsidePx"":0},{""x"":1098.7,""y"":818,""t"":174,""outside"":false,""outsidePx"":0},{""x"":1124.7,""y"":802.7,""t"":191,""outside"":false,""outsidePx"":0},{""x"":1152.7,""y"":786.7,""t"":210,""outside"":false,""outsidePx"":0},{""x"":1174,""y"":772.7,""t"":225,""outside"":false,""outsidePx"":0},{""x"":1202,""y"":753.3,""t"":242,""outside"":false,""outsidePx"":0},{""x"":1230,""y"":736,""t"":257,""outside"":false,""outsidePx"":0},{""x"":1261.3,""y"":714.7,""t"":277,""outside"":false,""outsidePx"":0},{""x"":1287.3,""y"":697.3,""t"":291,""outside"":false,""outsidePx"":0},{""x"":1328,""y"":672.7,""t"":312,""outside"":false,""outsidePx"":0},{""x"":1348.7,""y"":658.7,""t"":325,""outside"":false,""outsidePx"":0},{""x"":1382,""y"":639.3,""t"":343,""outside"":false,""outsidePx"":0},{""x"":1408,""y"":625.3,""t"":359,""outside"":false,""outsidePx"":0},{""x"":1440,""y"":606.7,""t"":375,""outside"":false,""outsidePx"":0},{""x"":1480,""y"":583.3,""t"":392,""outside"":false,""outsidePx"":0},{""x"":1513.3,""y"":564.7,""t"":408,""outside"":false,""outsidePx"":0},{""x"":1548,""y"":546.7,""t"":425,""outside"":false,""outsidePx"":0},{""x"":1584.7,""y"":526,""t"":441,""outside"":false,""outsidePx"":0},{""x"":1623.3,""y"":506.7,""t"":458,""outside"":false,""outsidePx"":0},{""x"":1668.7,""y"":484,""t"":474,""outside"":false,""outsidePx"":0},{""x"":1706,""y"":466.7,""t"":490,""outside"":false,""outsidePx"":0},{""x"":1742.7,""y"":448.7,""t"":507,""outside"":false,""outsidePx"":0},{""x"":1782.7,""y"":429.3,""t"":524,""outside"":false,""outsidePx"":0},{""x"":1808.7,""y"":417.3,""t"":541,""outside"":false,""outsidePx"":0},{""x"":1826.7,""y"":410.7,""t"":559,""outside"":false,""outsidePx"":0},{""x"":1835.3,""y"":405.3,""t"":576,""outside"":false,""outsidePx"":0},{""x"":1836.7,""y"":405.3,""t"":586,""outside"":false,""outsidePx"":0}]"
motoe,main,practice,C1,幅広条件,A固定・W広い,70,675,9.643,1,26,26,26,26,2026-09-29T06:50:52.483Z,2026-09-29T06:50:53.099Z,616,123,423,300,true,true,none,1835.3,380.7,1,false,0,0,0,false,[],"[{""x"":866,""y"":961.3,""t"":0,""outside"":false,""outsidePx"":0},{""x"":870.7,""y"":960,""t"":5,""outside"":false,""outsidePx"":0},{""x"":880,""y"":956.7,""t"":22,""outside"":false,""outsidePx"":0},{""x"":890,""y"":951.3,""t"":39,""outside"":false,""outsidePx"":0},{""x"":898.7,""y"":947.3,""t"":52,""outside"":false,""outsidePx"":0},{""x"":911.3,""y"":940.7,""t"":69,""outside"":false,""outsidePx"":0},{""x"":928.7,""y"":930,""t"":85,""outside"":false,""outsidePx"":0},{""x"":950,""y"":916,""t"":102,""outside"":false,""outsidePx"":0},{""x"":982.7,""y"":898.7,""t"":119,""outside"":false,""outsidePx"":0},{""x"":1018,""y"":879.3,""t"":136,""outside"":false,""outsidePx"":0},{""x"":1056.7,""y"":856.7,""t"":152,""outside"":false,""outsidePx"":0},{""x"":1088,""y"":837.3,""t"":169,""outside"":false,""outsidePx"":0},{""x"":1108.7,""y"":825.3,""t"":185,""outside"":false,""outsidePx"":0},{""x"":1126.7,""y"":812.7,""t"":202,""outside"":false,""outsidePx"":0},{""x"":1144,""y"":802.7,""t"":223,""outside"":false,""outsidePx"":0},{""x"":1160,""y"":793.3,""t"":239,""outside"":false,""outsidePx"":0},{""x"":1180.7,""y"":779.3,""t"":252,""outside"":false,""outsidePx"":0},{""x"":1208.7,""y"":762,""t"":269,""outside"":false,""outsidePx"":0},{""x"":1244,""y"":742.7,""t"":289,""outside"":false,""outsidePx"":0},{""x"":1280.7,""y"":720,""t"":302,""outside"":false,""outsidePx"":0},{""x"":1322.7,""y"":697.3,""t"":319,""outside"":false,""outsidePx"":0},{""x"":1359.3,""y"":676.7,""t"":335,""outside"":false,""outsidePx"":0},{""x"":1402.7,""y"":650,""t"":353,""outside"":false,""outsidePx"":0},{""x"":1438,""y"":629.3,""t"":370,""outside"":false,""outsidePx"":0},{""x"":1482,""y"":601.3,""t"":386,""outside"":false,""outsidePx"":0},{""x"":1524,""y"":573.3,""t"":402,""outside"":false,""outsidePx"":0},{""x"":1560.7,""y"":552,""t"":418,""outside"":false,""outsidePx"":0},{""x"":1600.7,""y"":527.3,""t"":439,""outside"":false,""outsidePx"":0},{""x"":1630.7,""y"":510,""t"":453,""outside"":false,""outsidePx"":0},{""x"":1656.7,""y"":490.7,""t"":469,""outside"":false,""outsidePx"":0},{""x"":1681.3,""y"":473.3,""t"":487,""outside"":false,""outsidePx"":0},{""x"":1706,""y"":457.3,""t"":502,""outside"":false,""outsidePx"":0},{""x"":1723.3,""y"":447.3,""t"":519,""outside"":false,""outsidePx"":0},{""x"":1746,""y"":433.3,""t"":536,""outside"":false,""outsidePx"":0},{""x"":1774,""y"":417.3,""t"":554,""outside"":false,""outsidePx"":0},{""x"":1796.7,""y"":403.3,""t"":570,""outside"":false,""outsidePx"":0},{""x"":1818,""y"":391.3,""t"":585,""outside"":false,""outsidePx"":0},{""x"":1830,""y"":382.7,""t"":602,""outside"":false,""outsidePx"":0},{""x"":1835.3,""y"":380.7,""t"":615,""outside"":false,""outsidePx"":0}]"
motoe,main,practice,C1,幅広条件,A固定・W広い,70,675,9.643,1,27,27,27,27,2026-09-29T06:50:53.632Z,2026-09-29T06:50:54.241Z,609,130,406,276,true,true,deviation,1821.3,420.7,1,true,1,16,0,false,"[{""startMs"":403,""startX"":1583.3,""startY"":585.3,""maxOutsidePx"":0,""endMs"":419,""endX"":1614.7,""endY"":564.7,""durationMs"":16}]","[{""x"":843.3,""y"":962.7,""t"":0,""outside"":false,""outsidePx"":0},{""x"":844.7,""y"":962.7,""t"":25,""outside"":false,""outsidePx"":0},{""x"":848,""y"":962.7,""t"":36,""outside"":false,""outsidePx"":0},{""x"":856.7,""y"":956.7,""t"":54,""outside"":false,""outsidePx"":0},{""x"":872.7,""y"":947.3,""t"":71,""outside"":false,""outsidePx"":0},{""x"":895.3,""y"":935.3,""t"":87,""outside"":false,""outsidePx"":0},{""x"":923.3,""y"":921.3,""t"":103,""outside"":false,""outsidePx"":0},{""x"":960,""y"":902,""t"":120,""outside"":false,""outsidePx"":0},{""x"":1006,""y"":879.3,""t"":137,""outside"":false,""outsidePx"":0},{""x"":1052.7,""y"":860,""t"":154,""outside"":false,""outsidePx"":0},{""x"":1098.7,""y"":839.3,""t"":171,""outside"":false,""outsidePx"":0},{""x"":1147.3,""y"":818,""t"":187,""outside"":false,""outsidePx"":0},{""x"":1188,""y"":798.7,""t"":203,""outside"":false,""outsidePx"":0},{""x"":1226,""y"":779.3,""t"":220,""outside"":false,""outsidePx"":0},{""x"":1258,""y"":762,""t"":236,""outside"":false,""outsidePx"":0},{""x"":1289.3,""y"":744.7,""t"":253,""outside"":false,""outsidePx"":0},{""x"":1318.7,""y"":728.7,""t"":270,""outside"":false,""outsidePx"":0},{""x"":1345.3,""y"":716.7,""t"":287,""outside"":false,""outsidePx"":0},{""x"":1376.7,""y"":700.7,""t"":303,""outside"":false,""outsidePx"":0},{""x"":1410,""y"":681.3,""t"":319,""outside"":false,""outsidePx"":0},{""x"":1440,""y"":666,""t"":336,""outside"":false,""outsidePx"":0},{""x"":1476.7,""y"":646.7,""t"":353,""outside"":false,""outsidePx"":0},{""x"":1514.7,""y"":624,""t"":370,""outside"":false,""outsidePx"":0},{""x"":1548,""y"":604.7,""t"":387,""outside"":false,""outsidePx"":0},{""x"":1583.3,""y"":585.3,""t"":403,""outside"":true,""outsidePx"":0},{""x"":1614.7,""y"":564.7,""t"":419,""outside"":false,""outsidePx"":0},{""x"":1636,""y"":550.7,""t"":436,""outside"":false,""outsidePx"":0},{""x"":1660,""y"":532.7,""t"":453,""outside"":false,""outsidePx"":0},{""x"":1686.7,""y"":515.3,""t"":469,""outside"":false,""outsidePx"":0},{""x"":1712.7,""y"":498,""t"":486,""outside"":false,""outsidePx"":0},{""x"":1742.7,""y"":476.7,""t"":503,""outside"":false,""outsidePx"":0},{""x"":1772,""y"":457.3,""t"":519,""outside"":false,""outsidePx"":0},{""x"":1794.7,""y"":442,""t"":536,""outside"":false,""outsidePx"":0},{""x"":1812.7,""y"":428,""t"":552,""outside"":false,""outsidePx"":0},{""x"":1819.3,""y"":422.7,""t"":569,""outside"":false,""outsidePx"":0},{""x"":1821.3,""y"":420.7,""t"":586,""outside"":false,""outsidePx"":0}]"
motoe,main,practice,C1,幅広条件,A固定・W広い,70,675,9.643,1,28,28,28,28,2026-09-29T06:50:54.728Z,2026-09-29T06:50:55.324Z,596,145,427,282,true,true,none,1852.7,406.7,1,false,0,0,0,false,[],"[{""x"":831.3,""y"":989.3,""t"":0,""outside"":false,""outsidePx"":0},{""x"":826,""y"":990.7,""t"":6,""outside"":false,""outsidePx"":0},{""x"":824.7,""y"":990.7,""t"":23,""outside"":false,""outsidePx"":0},{""x"":825.3,""y"":990.7,""t"":46,""outside"":false,""outsidePx"":0},{""x"":830.7,""y"":989.3,""t"":56,""outside"":false,""outsidePx"":0},{""x"":846.7,""y"":977.3,""t"":73,""outside"":false,""outsidePx"":0},{""x"":869.3,""y"":961.3,""t"":90,""outside"":false,""outsidePx"":0},{""x"":906,""y"":940.7,""t"":107,""outside"":false,""outsidePx"":0},{""x"":939.3,""y"":921.3,""t"":123,""outside"":false,""outsidePx"":0},{""x"":978,""y"":898.7,""t"":140,""outside"":false,""outsidePx"":0},{""x"":1014.7,""y"":877.3,""t"":157,""outside"":false,""outsidePx"":0},{""x"":1052.7,""y"":856.7,""t"":174,""outside"":false,""outsidePx"":0},{""x"":1100,""y"":830.7,""t"":191,""outside"":false,""outsidePx"":0},{""x"":1144,""y"":806,""t"":207,""outside"":false,""outsidePx"":0},{""x"":1189.3,""y"":781.3,""t"":225,""outside"":false,""outsidePx"":0},{""x"":1228,""y"":760.7,""t"":241,""outside"":false,""outsidePx"":0},{""x"":1262.7,""y"":741.3,""t"":258,""outside"":false,""outsidePx"":0},{""x"":1294.7,""y"":727.3,""t"":273,""outside"":false,""outsidePx"":0},{""x"":1324,""y"":711.3,""t"":291,""outside"":false,""outsidePx"":0},{""x"":1354,""y"":697.3,""t"":307,""outside"":false,""outsidePx"":0},{""x"":1385.3,""y"":681.3,""t"":324,""outside"":false,""outsidePx"":0},{""x"":1420.7,""y"":664,""t"":342,""outside"":false,""outsidePx"":0},{""x"":1455.3,""y"":644.7,""t"":359,""outside"":false,""outsidePx"":0},{""x"":1488.7,""y"":625.3,""t"":374,""outside"":false,""outsidePx"":0},{""x"":1520,""y"":608,""t"":391,""outside"":false,""outsidePx"":0},{""x"":1550,""y"":588.7,""t"":407,""outside"":false,""outsidePx"":0},{""x"":1576,""y"":574.7,""t"":424,""outside"":false,""outsidePx"":0},{""x"":1609.3,""y"":555.3,""t"":440,""outside"":false,""outsidePx"":0},{""x"":1644.7,""y"":536.7,""t"":457,""outside"":false,""outsidePx"":0},{""x"":1679.3,""y"":515.3,""t"":473,""outside"":false,""outsidePx"":0},{""x"":1720,""y"":494.7,""t"":490,""outside"":false,""outsidePx"":0},{""x"":1758,""y"":471.3,""t"":506,""outside"":false,""outsidePx"":0},{""x"":1790,""y"":452.7,""t"":523,""outside"":false,""outsidePx"":0},{""x"":1818,""y"":434.7,""t"":540,""outside"":false,""outsidePx"":0},{""x"":1835.3,""y"":420.7,""t"":556,""outside"":false,""outsidePx"":0},{""x"":1847.3,""y"":412,""t"":573,""outside"":false,""outsidePx"":0},{""x"":1852.7,""y"":406.7,""t"":590,""outside"":false,""outsidePx"":0}]"
motoe,main,practice,C1,幅広条件,A固定・W広い,70,675,9.643,1,29,29,29,29,2026-09-29T06:50:55.962Z,2026-09-29T06:50:56.592Z,631,142,425,283,true,true,none,1798.7,431.3,1,false,0,0,0,false,[],"[{""x"":814,""y"":976.7,""t"":0,""outside"":false,""outsidePx"":0},{""x"":818.7,""y"":975.3,""t"":55,""outside"":false,""outsidePx"":0},{""x"":830.7,""y"":966.7,""t"":71,""outside"":false,""outsidePx"":0},{""x"":858.7,""y"":951.3,""t"":88,""outside"":false,""outsidePx"":0},{""x"":897.3,""y"":932,""t"":105,""outside"":false,""outsidePx"":0},{""x"":936,""y"":912.7,""t"":122,""outside"":false,""outsidePx"":0},{""x"":978,""y"":891.3,""t"":138,""outside"":false,""outsidePx"":0},{""x"":1018,""y"":868.7,""t"":155,""outside"":false,""outsidePx"":0},{""x"":1058,""y"":848,""t"":172,""outside"":false,""outsidePx"":0},{""x"":1090,""y"":830.7,""t"":188,""outside"":false,""outsidePx"":0},{""x"":1121.3,""y"":814.7,""t"":205,""outside"":false,""outsidePx"":0},{""x"":1149.3,""y"":798.7,""t"":222,""outside"":false,""outsidePx"":0},{""x"":1177.3,""y"":781.3,""t"":238,""outside"":false,""outsidePx"":0},{""x"":1212,""y"":762,""t"":255,""outside"":false,""outsidePx"":0},{""x"":1247.3,""y"":741.3,""t"":271,""outside"":false,""outsidePx"":0},{""x"":1287.3,""y"":718.7,""t"":288,""outside"":false,""outsidePx"":0},{""x"":1324,""y"":699.3,""t"":305,""outside"":false,""outsidePx"":0},{""x"":1362.7,""y"":680,""t"":322,""outside"":false,""outsidePx"":0},{""x"":1398,""y"":662.7,""t"":338,""outside"":false,""outsidePx"":0},{""x"":1427.3,""y"":644.7,""t"":355,""outside"":false,""outsidePx"":0},{""x"":1468,""y"":622,""t"":373,""outside"":false,""outsidePx"":0},{""x"":1504.7,""y"":599.3,""t"":391,""outside"":false,""outsidePx"":0},{""x"":1536,""y"":580,""t"":406,""outside"":false,""outsidePx"":0},{""x"":1572.7,""y"":559.3,""t"":424,""outside"":false,""outsidePx"":0},{""x"":1604,""y"":541.3,""t"":441,""outside"":false,""outsidePx"":0},{""x"":1636,""y"":526,""t"":457,""outside"":false,""outsidePx"":0},{""x"":1665.3,""y"":512,""t"":473,""outside"":false,""outsidePx"":0},{""x"":1692,""y"":496,""t"":490,""outside"":false,""outsidePx"":0},{""x"":1712.7,""y"":485.3,""t"":506,""outside"":false,""outsidePx"":0},{""x"":1732,""y"":475.3,""t"":523,""outside"":false,""outsidePx"":0},{""x"":1746,""y"":466.7,""t"":540,""outside"":false,""outsidePx"":0},{""x"":1752.7,""y"":461.3,""t"":556,""outside"":false,""outsidePx"":0},{""x"":1765.3,""y"":454,""t"":573,""outside"":false,""outsidePx"":0},{""x"":1774,""y"":447.3,""t"":590,""outside"":false,""outsidePx"":0},{""x"":1784.7,""y"":440,""t"":606,""outside"":false,""outsidePx"":0},{""x"":1794.7,""y"":433.3,""t"":623,""outside"":false,""outsidePx"":0},{""x"":1798.7,""y"":431.3,""t"":630,""outside"":false,""outsidePx"":0}]"
motoe,main,practice,C1,幅広条件,A固定・W広い,70,675,9.643,1,30,30,30,30,2026-09-29T06:50:57.241Z,2026-09-29T06:50:57.918Z,677,131,480,349,true,true,none,1884,372,1,false,0,0,0,false,[],"[{""x"":850.7,""y"":975.3,""t"":0,""outside"":false,""outsidePx"":0},{""x"":850.7,""y"":974,""t"":1,""outside"":false,""outsidePx"":0},{""x"":850.7,""y"":972,""t"":15,""outside"":false,""outsidePx"":0},{""x"":852,""y"":970.7,""t"":27,""outside"":false,""outsidePx"":0},{""x"":860.7,""y"":963.3,""t"":46,""outside"":false,""outsidePx"":0},{""x"":874.7,""y"":952.7,""t"":63,""outside"":false,""outsidePx"":0},{""x"":890,""y"":942.7,""t"":77,""outside"":false,""outsidePx"":0},{""x"":916.7,""y"":926.7,""t"":94,""outside"":false,""outsidePx"":0},{""x"":942.7,""y"":912.7,""t"":110,""outside"":false,""outsidePx"":0},{""x"":981.3,""y"":895.3,""t"":127,""outside"":false,""outsidePx"":0},{""x"":1016,""y"":877.3,""t"":145,""outside"":false,""outsidePx"":0},{""x"":1048,""y"":863.3,""t"":162,""outside"":false,""outsidePx"":0},{""x"":1076,""y"":851.3,""t"":178,""outside"":false,""outsidePx"":0},{""x"":1112.7,""y"":834,""t"":193,""outside"":false,""outsidePx"":0},{""x"":1149.3,""y"":816.7,""t"":211,""outside"":false,""outsidePx"":0},{""x"":1182.7,""y"":798.7,""t"":227,""outside"":false,""outsidePx"":0},{""x"":1220.7,""y"":779.3,""t"":244,""outside"":false,""outsidePx"":0},{""x"":1252.7,""y"":764,""t"":261,""outside"":false,""outsidePx"":0},{""x"":1287.3,""y"":746.7,""t"":278,""outside"":false,""outsidePx"":0},{""x"":1318.7,""y"":730.7,""t"":295,""outside"":false,""outsidePx"":0},{""x"":1343.3,""y"":716.7,""t"":312,""outside"":false,""outsidePx"":0},{""x"":1368,""y"":700.7,""t"":328,""outside"":false,""outsidePx"":0},{""x"":1396,""y"":686.7,""t"":344,""outside"":false,""outsidePx"":0},{""x"":1418.7,""y"":672.7,""t"":360,""outside"":false,""outsidePx"":0},{""x"":1441.3,""y"":658.7,""t"":377,""outside"":false,""outsidePx"":0},{""x"":1462.7,""y"":644.7,""t"":393,""outside"":false,""outsidePx"":0},{""x"":1485.3,""y"":630.7,""t"":411,""outside"":false,""outsidePx"":0},{""x"":1508,""y"":616.7,""t"":427,""outside"":false,""outsidePx"":0},{""x"":1527.3,""y"":604.7,""t"":443,""outside"":false,""outsidePx"":0},{""x"":1552,""y"":588.7,""t"":460,""outside"":false,""outsidePx"":0},{""x"":1578,""y"":571.3,""t"":477,""outside"":false,""outsidePx"":0},{""x"":1604,""y"":554,""t"":493,""outside"":false,""outsidePx"":0},{""x"":1632,""y"":536.7,""t"":510,""outside"":false,""outsidePx"":0},{""x"":1662,""y"":515.3,""t"":527,""outside"":false,""outsidePx"":0},{""x"":1693.3,""y"":496,""t"":544,""outside"":false,""outsidePx"":0},{""x"":1726.7,""y"":473.3,""t"":560,""outside"":false,""outsidePx"":0},{""x"":1766.7,""y"":448.7,""t"":577,""outside"":false,""outsidePx"":0},{""x"":1804,""y"":422.7,""t"":594,""outside"":false,""outsidePx"":0},{""x"":1844,""y"":396.7,""t"":610,""outside"":false,""outsidePx"":0},{""x"":1872,""y"":378.7,""t"":627,""outside"":false,""outsidePx"":0},{""x"":1882.7,""y"":372,""t"":643,""outside"":false,""outsidePx"":0},{""x"":1884,""y"":372,""t"":660,""outside"":false,""outsidePx"":0}]"
motoe,main,practice,C2,幅狭条件,A固定・W狭い,70,1350,19.286,2,1,31,31,31,2026-09-29T06:50:58.857Z,2026-09-29T06:50:59.908Z,1052,183,914,731,true,true,none,2060.7,272,1,false,0,0,0,false,[],"[{""x"":506,""y"":1141.3,""t"":0,""outside"":false,""outsidePx"":0},{""x"":506.7,""y"":1141.3,""t"":10,""outside"":false,""outsidePx"":0},{""x"":508.7,""y"":1141.3,""t"":26,""outside"":false,""outsidePx"":0},{""x"":512,""y"":1141.3,""t"":43,""outside"":false,""outsidePx"":0},{""x"":516,""y"":1140,""t"":60,""outside"":false,""outsidePx"":0},{""x"":528,""y"":1133.3,""t"":77,""outside"":false,""outsidePx"":0},{""x"":547.3,""y"":1120.7,""t"":94,""outside"":false,""outsidePx"":0},{""x"":572,""y"":1108.7,""t"":110,""outside"":false,""outsidePx"":0},{""x"":600,""y"":1092.7,""t"":127,""outside"":false,""outsidePx"":0},{""x"":628,""y"":1077.3,""t"":143,""outside"":false,""outsidePx"":0},{""x"":650.7,""y"":1063.3,""t"":160,""outside"":false,""outsidePx"":0},{""x"":678.7,""y"":1049.3,""t"":178,""outside"":false,""outsidePx"":0},{""x"":706.7,""y"":1033.3,""t"":194,""outside"":false,""outsidePx"":0},{""x"":736,""y"":1016,""t"":214,""outside"":false,""outsidePx"":0},{""x"":764,""y"":1002,""t"":227,""outside"":false,""outsidePx"":0},{""x"":796,""y"":982.7,""t"":244,""outside"":false,""outsidePx"":0},{""x"":822,""y"":966.7,""t"":261,""outside"":false,""outsidePx"":0},{""x"":846.7,""y"":952.7,""t"":279,""outside"":false,""outsidePx"":0},{""x"":867.3,""y"":942.7,""t"":294,""outside"":false,""outsidePx"":0},{""x"":886.7,""y"":930,""t"":310,""outside"":false,""outsidePx"":0},{""x"":911.3,""y"":916,""t"":327,""outside"":false,""outsidePx"":0},{""x"":937.3,""y"":896.7,""t"":344,""outside"":false,""outsidePx"":0},{""x"":970.7,""y"":874,""t"":361,""outside"":false,""outsidePx"":0},{""x"":1007.3,""y"":853.3,""t"":377,""outside"":false,""outsidePx"":0},{""x"":1040.7,""y"":834,""t"":394,""outside"":false,""outsidePx"":0},{""x"":1072,""y"":814.7,""t"":411,""outside"":false,""outsidePx"":0},{""x"":1104,""y"":795.3,""t"":428,""outside"":false,""outsidePx"":0},{""x"":1133.3,""y"":776,""t"":444,""outside"":false,""outsidePx"":0},{""x"":1163.3,""y"":756.7,""t"":460,""outside"":false,""outsidePx"":0},{""x"":1200,""y"":734,""t"":481,""outside"":false,""outsidePx"":0},{""x"":1224.7,""y"":722,""t"":497,""outside"":false,""outsidePx"":0},{""x"":1252.7,""y"":706,""t"":512,""outside"":false,""outsidePx"":0},{""x"":1276.7,""y"":694,""t"":529,""outside"":false,""outsidePx"":0},{""x"":1300,""y"":681.3,""t"":547,""outside"":false,""outsidePx"":0},{""x"":1326,""y"":667.3,""t"":562,""outside"":false,""outsidePx"":0},{""x"":1345.3,""y"":658.7,""t"":579,""outside"":false,""outsidePx"":0},{""x"":1374.7,""y"":644.7,""t"":594,""outside"":false,""outsidePx"":0},{""x"":1399.3,""y"":634.7,""t"":610,""outside"":false,""outsidePx"":0},{""x"":1424,""y"":622,""t"":627,""outside"":false,""outsidePx"":0},{""x"":1448.7,""y"":610,""t"":644,""outside"":false,""outsidePx"":0},{""x"":1476.7,""y"":596,""t"":661,""outside"":false,""outsidePx"":0},{""x"":1506,""y"":582,""t"":680,""outside"":false,""outsidePx"":0},{""x"":1528.7,""y"":569.3,""t"":695,""outside"":false,""outsidePx"":0},{""x"":1550,""y"":557.3,""t"":712,""outside"":false,""outsidePx"":0},{""x"":1583.3,""y"":538,""t"":727,""outside"":false,""outsidePx"":0},{""x"":1611.3,""y"":522.7,""t"":746,""outside"":false,""outsidePx"":0},{""x"":1632,""y"":510,""t"":762,""outside"":false,""outsidePx"":0},{""x"":1660,""y"":494.7,""t"":778,""outside"":false,""outsidePx"":0},{""x"":1688,""y"":478.7,""t"":796,""outside"":false,""outsidePx"":0},{""x"":1710.7,""y"":462.7,""t"":813,""outside"":false,""outsidePx"":0},{""x"":1732,""y"":448.7,""t"":830,""outside"":false,""outsidePx"":0},{""x"":1756.7,""y"":433.3,""t"":844,""outside"":false,""outsidePx"":0},{""x"":1780.7,""y"":417.3,""t"":860,""outside"":false,""outsidePx"":0},{""x"":1805.3,""y"":403.3,""t"":878,""outside"":false,""outsidePx"":0},{""x"":1832,""y"":389.3,""t"":894,""outside"":false,""outsidePx"":0},{""x"":1860,""y"":375.3,""t"":914,""outside"":false,""outsidePx"":0},{""x"":1889.3,""y"":361.3,""t"":929,""outside"":false,""outsidePx"":0},{""x"":1924.7,""y"":344,""t"":945,""outside"":false,""outsidePx"":0},{""x"":1958,""y"":328,""t"":960,""outside"":false,""outsidePx"":0},{""x"":1987.3,""y"":314,""t"":978,""outside"":false,""outsidePx"":0},{""x"":2014,""y"":300,""t"":994,""outside"":false,""outsidePx"":0},{""x"":2032.7,""y"":289.3,""t"":1011,""outside"":false,""outsidePx"":0},{""x"":2046.7,""y"":280.7,""t"":1026,""outside"":false,""outsidePx"":0},{""x"":2059.3,""y"":274,""t"":1044,""outside"":false,""outsidePx"":0},{""x"":2060.7,""y"":272,""t"":1051,""outside"":false,""outsidePx"":0}]"
motoe,main,practice,C2,幅狭条件,A固定・W狭い,70,1350,19.286,2,2,32,32,32,2026-09-29T06:51:00.754Z,2026-09-29T06:51:01.785Z,1031,132,868,736,true,true,none,2112,226.7,1,false,0,0,0,false,[],"[{""x"":514.7,""y"":1153.3,""t"":0,""outside"":false,""outsidePx"":0},{""x"":520.7,""y"":1152.7,""t"":31,""outside"":false,""outsidePx"":0},{""x"":540,""y"":1142,""t"":49,""outside"":false,""outsidePx"":0},{""x"":566.7,""y"":1128,""t"":64,""outside"":false,""outsidePx"":0},{""x"":598,""y"":1112,""t"":80,""outside"":false,""outsidePx"":0},{""x"":629.3,""y"":1096.7,""t"":96,""outside"":false,""outsidePx"":0},{""x"":662.7,""y"":1078.7,""t"":113,""outside"":false,""outsidePx"":0},{""x"":692.7,""y"":1063.3,""t"":130,""outside"":false,""outsidePx"":0},{""x"":720.7,""y"":1049.3,""t"":146,""outside"":false,""outsidePx"":0},{""x"":752,""y"":1031.3,""t"":163,""outside"":false,""outsidePx"":0},{""x"":788.7,""y"":1016,""t"":179,""outside"":false,""outsidePx"":0},{""x"":820,""y"":1000,""t"":197,""outside"":false,""outsidePx"":0},{""x"":853.3,""y"":982.7,""t"":212,""outside"":false,""outsidePx"":0},{""x"":878,""y"":970.7,""t"":229,""outside"":false,""outsidePx"":0},{""x"":904,""y"":954.7,""t"":246,""outside"":false,""outsidePx"":0},{""x"":926.7,""y"":940.7,""t"":262,""outside"":false,""outsidePx"":0},{""x"":950,""y"":926.7,""t"":280,""outside"":false,""outsidePx"":0},{""x"":972.7,""y"":914.7,""t"":300,""outside"":false,""outsidePx"":0},{""x"":996.7,""y"":900.7,""t"":315,""outside"":false,""outsidePx"":0},{""x"":1034,""y"":879.3,""t"":332,""outside"":false,""outsidePx"":0},{""x"":1074,""y"":854.7,""t"":353,""outside"":false,""outsidePx"":0},{""x"":1090,""y"":844.7,""t"":364,""outside"":false,""outsidePx"":0},{""x"":1121.3,""y"":825.3,""t"":379,""outside"":false,""outsidePx"":0},{""x"":1149.3,""y"":807.3,""t"":396,""outside"":false,""outsidePx"":0},{""x"":1177.3,""y"":792,""t"":413,""outside"":false,""outsidePx"":0},{""x"":1208.7,""y"":770.7,""t"":432,""outside"":false,""outsidePx"":0},{""x"":1238.7,""y"":751.3,""t"":445,""outside"":false,""outsidePx"":0},{""x"":1270,""y"":732.7,""t"":462,""outside"":false,""outsidePx"":0},{""x"":1300,""y"":713.3,""t"":479,""outside"":false,""outsidePx"":0},{""x"":1326,""y"":697.3,""t"":496,""outside"":false,""outsidePx"":0},{""x"":1352,""y"":680,""t"":512,""outside"":false,""outsidePx"":0},{""x"":1371.3,""y"":667.3,""t"":529,""outside"":false,""outsidePx"":0},{""x"":1394,""y"":653.3,""t"":546,""outside"":false,""outsidePx"":0},{""x"":1413.3,""y"":641.3,""t"":563,""outside"":false,""outsidePx"":0},{""x"":1430.7,""y"":629.3,""t"":579,""outside"":false,""outsidePx"":0},{""x"":1448.7,""y"":618.7,""t"":596,""outside"":false,""outsidePx"":0},{""x"":1469.3,""y"":606.7,""t"":612,""outside"":false,""outsidePx"":0},{""x"":1494,""y"":590.7,""t"":630,""outside"":false,""outsidePx"":0},{""x"":1522,""y"":574.7,""t"":646,""outside"":false,""outsidePx"":0},{""x"":1546.7,""y"":559.3,""t"":662,""outside"":false,""outsidePx"":0},{""x"":1572.7,""y"":543.3,""t"":679,""outside"":false,""outsidePx"":0},{""x"":1597.3,""y"":529.3,""t"":696,""outside"":false,""outsidePx"":0},{""x"":1622,""y"":515.3,""t"":713,""outside"":false,""outsidePx"":0},{""x"":1640.7,""y"":503.3,""t"":730,""outside"":false,""outsidePx"":0},{""x"":1672.7,""y"":487.3,""t"":745,""outside"":false,""outsidePx"":0},{""x"":1696.7,""y"":475.3,""t"":763,""outside"":false,""outsidePx"":0},{""x"":1726.7,""y"":459.3,""t"":779,""outside"":false,""outsidePx"":0},{""x"":1754.7,""y"":443.3,""t"":796,""outside"":false,""outsidePx"":0},{""x"":1782.7,""y"":428,""t"":812,""outside"":false,""outsidePx"":0},{""x"":1808.7,""y"":414,""t"":829,""outside"":false,""outsidePx"":0},{""x"":1832,""y"":400,""t"":845,""outside"":false,""outsidePx"":0},{""x"":1854.7,""y"":387.3,""t"":862,""outside"":false,""outsidePx"":0},{""x"":1882.7,""y"":373.3,""t"":879,""outside"":false,""outsidePx"":0},{""x"":1914,""y"":356,""t"":896,""outside"":false,""outsidePx"":0},{""x"":1948.7,""y"":336.7,""t"":913,""outside"":false,""outsidePx"":0},{""x"":1987.3,""y"":312.7,""t"":929,""outside"":false,""outsidePx"":0},{""x"":2022.7,""y"":289.3,""t"":946,""outside"":false,""outsidePx"":0},{""x"":2050.7,""y"":270.7,""t"":962,""outside"":false,""outsidePx"":0},{""x"":2073.3,""y"":252.7,""t"":979,""outside"":false,""outsidePx"":0},{""x"":2092.7,""y"":238.7,""t"":995,""outside"":false,""outsidePx"":0},{""x"":2106.7,""y"":230,""t"":1012,""outside"":false,""outsidePx"":0},{""x"":2112,""y"":226.7,""t"":1029,""outside"":false,""outsidePx"":0}]"
motoe,main,practice,C2,幅狭条件,A固定・W狭い,70,1350,19.286,2,3,33,33,33,2026-09-29T06:51:02.492Z,2026-09-29T06:51:03.530Z,1038,201,894,693,true,true,none,2092.7,233.3,1,false,0,0,0,false,[],"[{""x"":532,""y"":1168,""t"":0,""outside"":false,""outsidePx"":0},{""x"":534.7,""y"":1164.7,""t"":24,""outside"":false,""outsidePx"":0},{""x"":542,""y"":1161.3,""t"":41,""outside"":false,""outsidePx"":0},{""x"":552.7,""y"":1154,""t"":58,""outside"":false,""outsidePx"":0},{""x"":566.7,""y"":1145.3,""t"":74,""outside"":false,""outsidePx"":0},{""x"":578.7,""y"":1134.7,""t"":91,""outside"":false,""outsidePx"":0},{""x"":596,""y"":1124.7,""t"":109,""outside"":false,""outsidePx"":0},{""x"":614,""y"":1110.7,""t"":124,""outside"":false,""outsidePx"":0},{""x"":628,""y"":1100,""t"":143,""outside"":false,""outsidePx"":0},{""x"":643.3,""y"":1089.3,""t"":160,""outside"":false,""outsidePx"":0},{""x"":660.7,""y"":1078.7,""t"":176,""outside"":false,""outsidePx"":0},{""x"":682,""y"":1064.7,""t"":191,""outside"":false,""outsidePx"":0},{""x"":704.7,""y"":1050.7,""t"":208,""outside"":false,""outsidePx"":0},{""x"":732.7,""y"":1033.3,""t"":224,""outside"":false,""outsidePx"":0},{""x"":757.3,""y"":1019.3,""t"":241,""outside"":false,""outsidePx"":0},{""x"":785.3,""y"":1002,""t"":258,""outside"":false,""outsidePx"":0},{""x"":811.3,""y"":988,""t"":274,""outside"":false,""outsidePx"":0},{""x"":839.3,""y"":972,""t"":291,""outside"":false,""outsidePx"":0},{""x"":867.3,""y"":958,""t"":308,""outside"":false,""outsidePx"":0},{""x"":902.7,""y"":940.7,""t"":325,""outside"":false,""outsidePx"":0},{""x"":936,""y"":924.7,""t"":341,""outside"":false,""outsidePx"":0},{""x"":970.7,""y"":907.3,""t"":358,""outside"":false,""outsidePx"":0},{""x"":1004,""y"":888,""t"":374,""outside"":false,""outsidePx"":0},{""x"":1035.3,""y"":870.7,""t"":391,""outside"":false,""outsidePx"":0},{""x"":1065.3,""y"":854.7,""t"":408,""outside"":false,""outsidePx"":0},{""x"":1096.7,""y"":839.3,""t"":426,""outside"":false,""outsidePx"":0},{""x"":1124.7,""y"":821.3,""t"":441,""outside"":false,""outsidePx"":0},{""x"":1154.7,""y"":804,""t"":458,""outside"":false,""outsidePx"":0},{""x"":1182.7,""y"":790,""t"":474,""outside"":false,""outsidePx"":0},{""x"":1210.7,""y"":772.7,""t"":491,""outside"":false,""outsidePx"":0},{""x"":1242,""y"":753.3,""t"":509,""outside"":false,""outsidePx"":0},{""x"":1272,""y"":736,""t"":525,""outside"":false,""outsidePx"":0},{""x"":1301.3,""y"":716.7,""t"":541,""outside"":false,""outsidePx"":0},{""x"":1328,""y"":697.3,""t"":558,""outside"":false,""outsidePx"":0},{""x"":1356,""y"":678,""t"":574,""outside"":false,""outsidePx"":0},{""x"":1378.7,""y"":664,""t"":591,""outside"":false,""outsidePx"":0},{""x"":1402.7,""y"":648.7,""t"":608,""outside"":false,""outsidePx"":0},{""x"":1429.3,""y"":632.7,""t"":624,""outside"":false,""outsidePx"":0},{""x"":1452,""y"":616.7,""t"":641,""outside"":false,""outsidePx"":0},{""x"":1480,""y"":601.3,""t"":658,""outside"":false,""outsidePx"":0},{""x"":1506,""y"":583.3,""t"":674,""outside"":false,""outsidePx"":0},{""x"":1532.7,""y"":568,""t"":691,""outside"":false,""outsidePx"":0},{""x"":1560.7,""y"":548.7,""t"":708,""outside"":false,""outsidePx"":0},{""x"":1586.7,""y"":531.3,""t"":724,""outside"":false,""outsidePx"":0},{""x"":1618,""y"":513.3,""t"":745,""outside"":false,""outsidePx"":0},{""x"":1639.3,""y"":499.3,""t"":758,""outside"":false,""outsidePx"":0},{""x"":1667.3,""y"":484,""t"":776,""outside"":false,""outsidePx"":0},{""x"":1693.3,""y"":471.3,""t"":791,""outside"":false,""outsidePx"":0},{""x"":1720,""y"":457.3,""t"":808,""outside"":false,""outsidePx"":0},{""x"":1749.3,""y"":440,""t"":825,""outside"":false,""outsidePx"":0},{""x"":1776,""y"":424.7,""t"":841,""outside"":false,""outsidePx"":0},{""x"":1802,""y"":408.7,""t"":858,""outside"":false,""outsidePx"":0},{""x"":1828,""y"":394.7,""t"":875,""outside"":false,""outsidePx"":0},{""x"":1856,""y"":378.7,""t"":891,""outside"":false,""outsidePx"":0},{""x"":1886,""y"":361.3,""t"":908,""outside"":false,""outsidePx"":0},{""x"":1916,""y"":345.3,""t"":926,""outside"":false,""outsidePx"":0},{""x"":1945.3,""y"":328,""t"":944,""outside"":false,""outsidePx"":0},{""x"":1976.7,""y"":310.7,""t"":961,""outside"":false,""outsidePx"":0},{""x"":2010,""y"":291.3,""t"":977,""outside"":false,""outsidePx"":0},{""x"":2040,""y"":270.7,""t"":991,""outside"":false,""outsidePx"":0},{""x"":2068,""y"":251.3,""t"":1008,""outside"":false,""outsidePx"":0},{""x"":2085.3,""y"":238.7,""t"":1024,""outside"":false,""outsidePx"":0},{""x"":2092.7,""y"":233.3,""t"":1036,""outside"":false,""outsidePx"":0}]"
motoe,main,practice,C2,幅狭条件,A固定・W狭い,70,1350,19.286,2,4,34,34,34,2026-09-29T06:51:04.242Z,2026-09-29T06:51:05.244Z,1002,131,860,729,true,true,none,2090.7,254.7,1,false,0,0,0,false,[],"[{""x"":540,""y"":1145.3,""t"":0,""outside"":false,""outsidePx"":0},{""x"":550.7,""y"":1142,""t"":7,""outside"":false,""outsidePx"":0},{""x"":562.7,""y"":1136.7,""t"":24,""outside"":false,""outsidePx"":0},{""x"":575.3,""y"":1129.3,""t"":42,""outside"":false,""outsidePx"":0},{""x"":594.7,""y"":1120.7,""t"":59,""outside"":false,""outsidePx"":0},{""x"":615.3,""y"":1108.7,""t"":74,""outside"":false,""outsidePx"":0},{""x"":636.7,""y"":1096.7,""t"":91,""outside"":false,""outsidePx"":0},{""x"":662.7,""y"":1082.7,""t"":107,""outside"":false,""outsidePx"":0},{""x"":687.3,""y"":1070,""t"":123,""outside"":false,""outsidePx"":0},{""x"":715.3,""y"":1056,""t"":140,""outside"":false,""outsidePx"":0},{""x"":744.7,""y"":1040.7,""t"":157,""outside"":false,""outsidePx"":0},{""x"":769.3,""y"":1026.7,""t"":174,""outside"":false,""outsidePx"":0},{""x"":792,""y"":1016,""t"":190,""outside"":false,""outsidePx"":0},{""x"":811.3,""y"":1005.3,""t"":209,""outside"":false,""outsidePx"":0},{""x"":832.7,""y"":994.7,""t"":228,""outside"":false,""outsidePx"":0},{""x"":856.7,""y"":979.3,""t"":242,""outside"":false,""outsidePx"":0},{""x"":886.7,""y"":963.3,""t"":259,""outside"":false,""outsidePx"":0},{""x"":914.7,""y"":947.3,""t"":274,""outside"":false,""outsidePx"":0},{""x"":946,""y"":932,""t"":290,""outside"":false,""outsidePx"":0},{""x"":981.3,""y"":912.7,""t"":307,""outside"":false,""outsidePx"":0},{""x"":1009.3,""y"":898.7,""t"":323,""outside"":false,""outsidePx"":0},{""x"":1038.7,""y"":882.7,""t"":340,""outside"":false,""outsidePx"":0},{""x"":1070.7,""y"":865.3,""t"":357,""outside"":false,""outsidePx"":0},{""x"":1100,""y"":849.3,""t"":374,""outside"":false,""outsidePx"":0},{""x"":1136.7,""y"":828.7,""t"":391,""outside"":false,""outsidePx"":0},{""x"":1161.3,""y"":814.7,""t"":407,""outside"":false,""outsidePx"":0},{""x"":1191.3,""y"":797.3,""t"":424,""outside"":false,""outsidePx"":0},{""x"":1217.3,""y"":781.3,""t"":440,""outside"":false,""outsidePx"":0},{""x"":1238.7,""y"":769.3,""t"":457,""outside"":false,""outsidePx"":0},{""x"":1261.3,""y"":755.3,""t"":474,""outside"":false,""outsidePx"":0},{""x"":1286,""y"":737.3,""t"":490,""outside"":false,""outsidePx"":0},{""x"":1308.7,""y"":723.3,""t"":507,""outside"":false,""outsidePx"":0},{""x"":1338,""y"":704.7,""t"":524,""outside"":false,""outsidePx"":0},{""x"":1371.3,""y"":683.3,""t"":540,""outside"":false,""outsidePx"":0},{""x"":1402.7,""y"":664,""t"":558,""outside"":false,""outsidePx"":0},{""x"":1432.7,""y"":646.7,""t"":575,""outside"":false,""outsidePx"":0},{""x"":1462.7,""y"":630.7,""t"":590,""outside"":false,""outsidePx"":0},{""x"":1486.7,""y"":616.7,""t"":610,""outside"":false,""outsidePx"":0},{""x"":1513.3,""y"":601.3,""t"":623,""outside"":false,""outsidePx"":0},{""x"":1538,""y"":585.3,""t"":640,""outside"":false,""outsidePx"":0},{""x"":1562,""y"":571.3,""t"":657,""outside"":false,""outsidePx"":0},{""x"":1590,""y"":554,""t"":673,""outside"":false,""outsidePx"":0},{""x"":1616.7,""y"":538,""t"":690,""outside"":false,""outsidePx"":0},{""x"":1640.7,""y"":522.7,""t"":707,""outside"":false,""outsidePx"":0},{""x"":1667.3,""y"":508.7,""t"":723,""outside"":false,""outsidePx"":0},{""x"":1692,""y"":492.7,""t"":741,""outside"":false,""outsidePx"":0},{""x"":1718,""y"":478.7,""t"":757,""outside"":false,""outsidePx"":0},{""x"":1740.7,""y"":464.7,""t"":774,""outside"":false,""outsidePx"":0},{""x"":1765.3,""y"":450.7,""t"":791,""outside"":false,""outsidePx"":0},{""x"":1788,""y"":438.7,""t"":809,""outside"":false,""outsidePx"":0},{""x"":1810.7,""y"":426,""t"":825,""outside"":false,""outsidePx"":0},{""x"":1836.7,""y"":410.7,""t"":841,""outside"":false,""outsidePx"":0},{""x"":1863.3,""y"":392.7,""t"":857,""outside"":false,""outsidePx"":0},{""x"":1891.3,""y"":375.3,""t"":873,""outside"":false,""outsidePx"":0},{""x"":1919.3,""y"":358,""t"":892,""outside"":false,""outsidePx"":0},{""x"":1954,""y"":338.7,""t"":907,""outside"":false,""outsidePx"":0},{""x"":1989.3,""y"":316,""t"":923,""outside"":false,""outsidePx"":0},{""x"":2024,""y"":294.7,""t"":940,""outside"":false,""outsidePx"":0},{""x"":2054,""y"":277.3,""t"":957,""outside"":false,""outsidePx"":0},{""x"":2074.7,""y"":261.3,""t"":974,""outside"":false,""outsidePx"":0},{""x"":2087.3,""y"":254.7,""t"":990,""outside"":false,""outsidePx"":0},{""x"":2090.7,""y"":254.7,""t"":999,""outside"":false,""outsidePx"":0}]"
motoe,main,practice,C2,幅狭条件,A固定・W狭い,70,1350,19.286,2,5,35,35,35,2026-09-29T06:51:05.909Z,2026-09-29T06:51:06.910Z,1001,147,864,717,true,true,none,2068,226.7,1,false,0,0,0,false,[],"[{""x"":556.7,""y"":1132.7,""t"":0,""outside"":false,""outsidePx"":0},{""x"":558,""y"":1132.7,""t"":18,""outside"":false,""outsidePx"":0},{""x"":559.3,""y"":1131.3,""t"":30,""outside"":false,""outsidePx"":0},{""x"":564.7,""y"":1129.3,""t"":43,""outside"":false,""outsidePx"":0},{""x"":572,""y"":1126,""t"":57,""outside"":false,""outsidePx"":0},{""x"":580.7,""y"":1120.7,""t"":74,""outside"":false,""outsidePx"":0},{""x"":598,""y"":1112,""t"":91,""outside"":false,""outsidePx"":0},{""x"":617.3,""y"":1100,""t"":107,""outside"":false,""outsidePx"":0},{""x"":643.3,""y"":1084,""t"":124,""outside"":false,""outsidePx"":0},{""x"":678.7,""y"":1066.7,""t"":140,""outside"":false,""outsidePx"":0},{""x"":716.7,""y"":1045.3,""t"":157,""outside"":false,""outsidePx"":0},{""x"":760.7,""y"":1022.7,""t"":174,""outside"":false,""outsidePx"":0},{""x"":800.7,""y"":1002,""t"":191,""outside"":false,""outsidePx"":0},{""x"":830.7,""y"":986,""t"":207,""outside"":false,""outsidePx"":0},{""x"":858.7,""y"":968.7,""t"":224,""outside"":false,""outsidePx"":0},{""x"":878,""y"":956.7,""t"":240,""outside"":false,""outsidePx"":0},{""x"":904,""y"":940.7,""t"":257,""outside"":false,""outsidePx"":0},{""x"":925.3,""y"":926.7,""t"":274,""outside"":false,""outsidePx"":0},{""x"":944.7,""y"":914.7,""t"":290,""outside"":false,""outsidePx"":0},{""x"":964,""y"":900.7,""t"":307,""outside"":false,""outsidePx"":0},{""x"":984.7,""y"":886.7,""t"":323,""outside"":false,""outsidePx"":0},{""x"":1007.3,""y"":872.7,""t"":340,""outside"":false,""outsidePx"":0},{""x"":1032,""y"":858.7,""t"":357,""outside"":false,""outsidePx"":0},{""x"":1058,""y"":842.7,""t"":374,""outside"":false,""outsidePx"":0},{""x"":1082.7,""y"":826.7,""t"":390,""outside"":false,""outsidePx"":0},{""x"":1108.7,""y"":811.3,""t"":407,""outside"":false,""outsidePx"":0},{""x"":1133.3,""y"":797.3,""t"":424,""outside"":false,""outsidePx"":0},{""x"":1158,""y"":784.7,""t"":440,""outside"":false,""outsidePx"":0},{""x"":1180.7,""y"":772.7,""t"":457,""outside"":false,""outsidePx"":0},{""x"":1203.3,""y"":758.7,""t"":473,""outside"":false,""outsidePx"":0},{""x"":1230,""y"":744.7,""t"":491,""outside"":false,""outsidePx"":0},{""x"":1264.7,""y"":725.3,""t"":508,""outside"":false,""outsidePx"":0},{""x"":1296,""y"":709.3,""t"":524,""outside"":false,""outsidePx"":0},{""x"":1324,""y"":695.3,""t"":541,""outside"":false,""outsidePx"":0},{""x"":1356,""y"":680,""t"":558,""outside"":false,""outsidePx"":0},{""x"":1384,""y"":664,""t"":574,""outside"":false,""outsidePx"":0},{""x"":1408,""y"":652,""t"":590,""outside"":false,""outsidePx"":0},{""x"":1436,""y"":636,""t"":607,""outside"":false,""outsidePx"":0},{""x"":1462.7,""y"":622,""t"":623,""outside"":false,""outsidePx"":0},{""x"":1492,""y"":604.7,""t"":640,""outside"":false,""outsidePx"":0},{""x"":1520,""y"":590.7,""t"":657,""outside"":false,""outsidePx"":0},{""x"":1548,""y"":574.7,""t"":674,""outside"":false,""outsidePx"":0},{""x"":1580,""y"":555.3,""t"":690,""outside"":false,""outsidePx"":0},{""x"":1611.3,""y"":536.7,""t"":707,""outside"":false,""outsidePx"":0},{""x"":1637.3,""y"":518.7,""t"":724,""outside"":false,""outsidePx"":0},{""x"":1665.3,""y"":499.3,""t"":740,""outside"":false,""outsidePx"":0},{""x"":1695.3,""y"":478.7,""t"":757,""outside"":false,""outsidePx"":0},{""x"":1724.7,""y"":459.3,""t"":774,""outside"":false,""outsidePx"":0},{""x"":1754.7,""y"":440,""t"":790,""outside"":false,""outsidePx"":0},{""x"":1782.7,""y"":419.3,""t"":809,""outside"":false,""outsidePx"":0},{""x"":1804,""y"":405.3,""t"":824,""outside"":false,""outsidePx"":0},{""x"":1826.7,""y"":389.3,""t"":841,""outside"":false,""outsidePx"":0},{""x"":1847.3,""y"":375.3,""t"":858,""outside"":false,""outsidePx"":0},{""x"":2068,""y"":226.7,""t"":1001,""outside"":false,""outsidePx"":0}]"
motoe,main,practice,C2,幅狭条件,A固定・W狭い,70,1350,19.286,2,6,36,36,36,2026-09-29T06:51:08.147Z,2026-09-29T06:51:09.138Z,991,120,838,718,true,true,none,2176.7,202,1,false,0,0,0,false,[],"[{""x"":523.3,""y"":1118.7,""t"":0,""outside"":false,""outsidePx"":0},{""x"":524.7,""y"":1118.7,""t"":27,""outside"":false,""outsidePx"":0},{""x"":526,""y"":1117.3,""t"":36,""outside"":false,""outsidePx"":0},{""x"":542,""y"":1112,""t"":51,""outside"":false,""outsidePx"":0},{""x"":564.7,""y"":1100,""t"":67,""outside"":false,""outsidePx"":0},{""x"":601.3,""y"":1086,""t"":84,""outside"":false,""outsidePx"":0},{""x"":640,""y"":1068.7,""t"":102,""outside"":false,""outsidePx"":0},{""x"":685.3,""y"":1050.7,""t"":118,""outside"":false,""outsidePx"":0},{""x"":722,""y"":1036.7,""t"":134,""outside"":false,""outsidePx"":0},{""x"":755.3,""y"":1024.7,""t"":152,""outside"":false,""outsidePx"":0},{""x"":780,""y"":1014,""t"":169,""outside"":false,""outsidePx"":0},{""x"":802.7,""y"":1005.3,""t"":185,""outside"":false,""outsidePx"":0},{""x"":822,""y"":996.7,""t"":201,""outside"":false,""outsidePx"":0},{""x"":848,""y"":980.7,""t"":218,""outside"":false,""outsidePx"":0},{""x"":870.7,""y"":968.7,""t"":234,""outside"":false,""outsidePx"":0},{""x"":888.7,""y"":960,""t"":251,""outside"":false,""outsidePx"":0},{""x"":904,""y"":951.3,""t"":268,""outside"":false,""outsidePx"":0},{""x"":911.3,""y"":946,""t"":284,""outside"":false,""outsidePx"":0},{""x"":923.3,""y"":938.7,""t"":301,""outside"":false,""outsidePx"":0},{""x"":937.3,""y"":930,""t"":318,""outside"":false,""outsidePx"":0},{""x"":962,""y"":916,""t"":335,""outside"":false,""outsidePx"":0},{""x"":996.7,""y"":895.3,""t"":351,""outside"":false,""outsidePx"":0},{""x"":1040.7,""y"":867.3,""t"":368,""outside"":false,""outsidePx"":0},{""x"":1080.7,""y"":844.7,""t"":384,""outside"":false,""outsidePx"":0},{""x"":1116,""y"":821.3,""t"":401,""outside"":false,""outsidePx"":0},{""x"":1149.3,""y"":798.7,""t"":417,""outside"":false,""outsidePx"":0},{""x"":1177.3,""y"":778,""t"":435,""outside"":false,""outsidePx"":0},{""x"":1210.7,""y"":756.7,""t"":451,""outside"":false,""outsidePx"":0},{""x"":1240,""y"":734,""t"":468,""outside"":false,""outsidePx"":0},{""x"":1272,""y"":711.3,""t"":486,""outside"":false,""outsidePx"":0},{""x"":1306.7,""y"":686.7,""t"":504,""outside"":false,""outsidePx"":0},{""x"":1334.7,""y"":669.3,""t"":517,""outside"":false,""outsidePx"":0},{""x"":1359.3,""y"":652,""t"":534,""outside"":false,""outsidePx"":0},{""x"":1387.3,""y"":634.7,""t"":551,""outside"":false,""outsidePx"":0},{""x"":1410,""y"":618.7,""t"":568,""outside"":false,""outsidePx"":0},{""x"":1438,""y"":601.3,""t"":584,""outside"":false,""outsidePx"":0},{""x"":1466,""y"":585.3,""t"":601,""outside"":false,""outsidePx"":0},{""x"":1490.7,""y"":568,""t"":617,""outside"":false,""outsidePx"":0},{""x"":1514.7,""y"":554,""t"":635,""outside"":false,""outsidePx"":0},{""x"":1538,""y"":541.3,""t"":651,""outside"":false,""outsidePx"":0},{""x"":1560.7,""y"":529.3,""t"":668,""outside"":false,""outsidePx"":0},{""x"":1588.7,""y"":513.3,""t"":685,""outside"":false,""outsidePx"":0},{""x"":1611.3,""y"":501.3,""t"":701,""outside"":false,""outsidePx"":0},{""x"":1640.7,""y"":485.3,""t"":718,""outside"":false,""outsidePx"":0},{""x"":1670.7,""y"":470,""t"":734,""outside"":false,""outsidePx"":0},{""x"":1704,""y"":452.7,""t"":751,""outside"":false,""outsidePx"":0},{""x"":1737.3,""y"":434.7,""t"":769,""outside"":false,""outsidePx"":0},{""x"":1765.3,""y"":419.3,""t"":784,""outside"":false,""outsidePx"":0},{""x"":1796.7,""y"":401.3,""t"":802,""outside"":false,""outsidePx"":0},{""x"":1824.7,""y"":387.3,""t"":820,""outside"":false,""outsidePx"":0},{""x"":1856,""y"":372,""t"":838,""outside"":false,""outsidePx"":0},{""x"":1886,""y"":356,""t"":851,""outside"":false,""outsidePx"":0},{""x"":1924.7,""y"":335.3,""t"":868,""outside"":false,""outsidePx"":0},{""x"":1966.7,""y"":314,""t"":884,""outside"":false,""outsidePx"":0},{""x"":2017.3,""y"":291.3,""t"":901,""outside"":false,""outsidePx"":0},{""x"":2066,""y"":268.7,""t"":917,""outside"":false,""outsidePx"":0},{""x"":2110,""y"":246,""t"":934,""outside"":false,""outsidePx"":0},{""x"":2143.3,""y"":224.7,""t"":951,""outside"":false,""outsidePx"":0},{""x"":2162.7,""y"":210.7,""t"":968,""outside"":false,""outsidePx"":0},{""x"":2174.7,""y"":202,""t"":984,""outside"":false,""outsidePx"":0},{""x"":2176.7,""y"":202,""t"":990,""outside"":false,""outsidePx"":0}]"
motoe,main,practice,C2,幅狭条件,A固定・W狭い,70,1350,19.286,2,7,37,37,37,2026-09-29T06:51:09.773Z,2026-09-29T06:51:10.707Z,934,139,713,574,true,true,none,2160.7,191.3,1,false,0,0,0,false,[],"[{""x"":539.3,""y"":1150,""t"":0,""outside"":false,""outsidePx"":0},{""x"":542,""y"":1147.3,""t"":25,""outside"":false,""outsidePx"":0},{""x"":552.7,""y"":1142,""t"":42,""outside"":false,""outsidePx"":0},{""x"":568,""y"":1133.3,""t"":59,""outside"":false,""outsidePx"":0},{""x"":586,""y"":1122.7,""t"":75,""outside"":false,""outsidePx"":0},{""x"":608.7,""y"":1112,""t"":94,""outside"":false,""outsidePx"":0},{""x"":642,""y"":1092.7,""t"":110,""outside"":false,""outsidePx"":0},{""x"":671.3,""y"":1075.3,""t"":126,""outside"":false,""outsidePx"":0},{""x"":715.3,""y"":1052.7,""t"":147,""outside"":false,""outsidePx"":0},{""x"":748.7,""y"":1035.3,""t"":163,""outside"":false,""outsidePx"":0},{""x"":774.7,""y"":1022.7,""t"":176,""outside"":false,""outsidePx"":0},{""x"":806,""y"":1007.3,""t"":192,""outside"":false,""outsidePx"":0},{""x"":836,""y"":993.3,""t"":208,""outside"":false,""outsidePx"":0},{""x"":866,""y"":979.3,""t"":225,""outside"":false,""outsidePx"":0},{""x"":898.7,""y"":960,""t"":242,""outside"":false,""outsidePx"":0},{""x"":934,""y"":938.7,""t"":258,""outside"":false,""outsidePx"":0},{""x"":968.7,""y"":921.3,""t"":275,""outside"":false,""outsidePx"":0},{""x"":1006,""y"":900.7,""t"":293,""outside"":false,""outsidePx"":0},{""x"":1042.7,""y"":879.3,""t"":309,""outside"":false,""outsidePx"":0},{""x"":1082.7,""y"":856.7,""t"":328,""outside"":false,""outsidePx"":0},{""x"":1114,""y"":840.7,""t"":342,""outside"":false,""outsidePx"":0},{""x"":1147.3,""y"":820,""t"":358,""outside"":false,""outsidePx"":0},{""x"":1184,""y"":800.7,""t"":375,""outside"":false,""outsidePx"":0},{""x"":1222.7,""y"":778,""t"":392,""outside"":false,""outsidePx"":0},{""x"":1259.3,""y"":756.7,""t"":408,""outside"":false,""outsidePx"":0},{""x"":1298,""y"":736,""t"":425,""outside"":false,""outsidePx"":0},{""x"":1338,""y"":711.3,""t"":442,""outside"":false,""outsidePx"":0},{""x"":1368,""y"":694,""t"":459,""outside"":false,""outsidePx"":0},{""x"":1406.7,""y"":672.7,""t"":475,""outside"":false,""outsidePx"":0},{""x"":1444.7,""y"":653.3,""t"":491,""outside"":false,""outsidePx"":0},{""x"":1478,""y"":636,""t"":509,""outside"":false,""outsidePx"":0},{""x"":1511.3,""y"":618.7,""t"":525,""outside"":false,""outsidePx"":0},{""x"":1541.3,""y"":602.7,""t"":542,""outside"":false,""outsidePx"":0},{""x"":1574.7,""y"":585.3,""t"":558,""outside"":false,""outsidePx"":0},{""x"":1608,""y"":566,""t"":578,""outside"":false,""outsidePx"":0},{""x"":1639.3,""y"":548.7,""t"":592,""outside"":false,""outsidePx"":0},{""x"":1670.7,""y"":529.3,""t"":609,""outside"":false,""outsidePx"":0},{""x"":1707.3,""y"":508.7,""t"":630,""outside"":false,""outsidePx"":0},{""x"":1740.7,""y"":487.3,""t"":643,""outside"":false,""outsidePx"":0},{""x"":1768.7,""y"":470,""t"":659,""outside"":false,""outsidePx"":0},{""x"":1805.3,""y"":445.3,""t"":676,""outside"":false,""outsidePx"":0},{""x"":1835.3,""y"":426,""t"":692,""outside"":false,""outsidePx"":0},{""x"":1870,""y"":403.3,""t"":710,""outside"":false,""outsidePx"":0},{""x"":1894.7,""y"":387.3,""t"":725,""outside"":false,""outsidePx"":0},{""x"":1920.7,""y"":368.7,""t"":741,""outside"":false,""outsidePx"":0},{""x"":1944,""y"":350.7,""t"":758,""outside"":false,""outsidePx"":0},{""x"":1964.7,""y"":335.3,""t"":775,""outside"":false,""outsidePx"":0},{""x"":1982,""y"":322.7,""t"":792,""outside"":false,""outsidePx"":0},{""x"":2000,""y"":308.7,""t"":809,""outside"":false,""outsidePx"":0},{""x"":2029.3,""y"":288,""t"":825,""outside"":false,""outsidePx"":0},{""x"":2059.3,""y"":268.7,""t"":842,""outside"":false,""outsidePx"":0},{""x"":2092.7,""y"":246,""t"":858,""outside"":false,""outsidePx"":0},{""x"":2120.7,""y"":224.7,""t"":875,""outside"":false,""outsidePx"":0},{""x"":2143.3,""y"":205.3,""t"":892,""outside"":false,""outsidePx"":0},{""x"":2158.7,""y"":191.3,""t"":911,""outside"":false,""outsidePx"":0},{""x"":2160.7,""y"":191.3,""t"":926,""outside"":false,""outsidePx"":0}]"
motoe,main,practice,C2,幅狭条件,A固定・W狭い,70,1350,19.286,2,8,38,38,38,2026-09-29T06:51:11.392Z,2026-09-29T06:51:12.259Z,867,125,739,614,true,true,none,2096,212.7,1,false,0,0,0,false,[],"[{""x"":502.7,""y"":1139.3,""t"":0,""outside"":false,""outsidePx"":0},{""x"":503.3,""y"":1139.3,""t"":24,""outside"":false,""outsidePx"":0},{""x"":510.7,""y"":1136.7,""t"":39,""outside"":false,""outsidePx"":0},{""x"":526,""y"":1128,""t"":56,""outside"":false,""outsidePx"":0},{""x"":556,""y"":1112,""t"":73,""outside"":false,""outsidePx"":0},{""x"":598,""y"":1094.7,""t"":89,""outside"":false,""outsidePx"":0},{""x"":643.3,""y"":1075.3,""t"":106,""outside"":false,""outsidePx"":0},{""x"":687.3,""y"":1056,""t"":122,""outside"":false,""outsidePx"":0},{""x"":730.7,""y"":1036.7,""t"":139,""outside"":false,""outsidePx"":0},{""x"":778,""y"":1014,""t"":156,""outside"":false,""outsidePx"":0},{""x"":818.7,""y"":993.3,""t"":172,""outside"":false,""outsidePx"":0},{""x"":862,""y"":970.7,""t"":190,""outside"":false,""outsidePx"":0},{""x"":906,""y"":946,""t"":206,""outside"":false,""outsidePx"":0},{""x"":946,""y"":924.7,""t"":222,""outside"":false,""outsidePx"":0},{""x"":978,""y"":907.3,""t"":239,""outside"":false,""outsidePx"":0},{""x"":1012.7,""y"":888,""t"":256,""outside"":false,""outsidePx"":0},{""x"":1040.7,""y"":870.7,""t"":272,""outside"":false,""outsidePx"":0},{""x"":1068.7,""y"":853.3,""t"":289,""outside"":false,""outsidePx"":0},{""x"":1094.7,""y"":835.3,""t"":306,""outside"":false,""outsidePx"":0},{""x"":1122.7,""y"":818,""t"":323,""outside"":false,""outsidePx"":0},{""x"":1163.3,""y"":793.3,""t"":339,""outside"":false,""outsidePx"":0},{""x"":1202,""y"":769.3,""t"":356,""outside"":false,""outsidePx"":0},{""x"":1238.7,""y"":748,""t"":374,""outside"":false,""outsidePx"":0},{""x"":1275.3,""y"":727.3,""t"":390,""outside"":false,""outsidePx"":0},{""x"":1312,""y"":706,""t"":406,""outside"":false,""outsidePx"":0},{""x"":1342,""y"":686.7,""t"":423,""outside"":false,""outsidePx"":0},{""x"":1373.3,""y"":667.3,""t"":439,""outside"":false,""outsidePx"":0},{""x"":1404.7,""y"":646.7,""t"":456,""outside"":false,""outsidePx"":0},{""x"":1430.7,""y"":627.3,""t"":472,""outside"":false,""outsidePx"":0},{""x"":1458.7,""y"":608,""t"":489,""outside"":false,""outsidePx"":0},{""x"":1483.3,""y"":592.7,""t"":505,""outside"":false,""outsidePx"":0},{""x"":1504.7,""y"":578.7,""t"":522,""outside"":false,""outsidePx"":0},{""x"":1528.7,""y"":560.7,""t"":539,""outside"":false,""outsidePx"":0},{""x"":1555.3,""y"":543.3,""t"":557,""outside"":false,""outsidePx"":0},{""x"":1578,""y"":529.3,""t"":572,""outside"":false,""outsidePx"":0},{""x"":1606,""y"":512,""t"":589,""outside"":false,""outsidePx"":0},{""x"":1634,""y"":494.7,""t"":606,""outside"":false,""outsidePx"":0},{""x"":1658.7,""y"":478.7,""t"":623,""outside"":false,""outsidePx"":0},{""x"":1682.7,""y"":464.7,""t"":639,""outside"":false,""outsidePx"":0},{""x"":1707.3,""y"":450.7,""t"":656,""outside"":false,""outsidePx"":0},{""x"":1730,""y"":438.7,""t"":672,""outside"":false,""outsidePx"":0},{""x"":1760,""y"":422.7,""t"":689,""outside"":false,""outsidePx"":0},{""x"":1791.3,""y"":403.3,""t"":710,""outside"":false,""outsidePx"":0},{""x"":1830,""y"":380.7,""t"":728,""outside"":false,""outsidePx"":0},{""x"":1861.3,""y"":361.3,""t"":742,""outside"":false,""outsidePx"":0},{""x"":1888,""y"":344,""t"":756,""outside"":false,""outsidePx"":0},{""x"":1926,""y"":319.3,""t"":773,""outside"":false,""outsidePx"":0},{""x"":1958,""y"":298.7,""t"":789,""outside"":false,""outsidePx"":0},{""x"":1992.7,""y"":277.3,""t"":806,""outside"":false,""outsidePx"":0},{""x"":2028,""y"":254.7,""t"":823,""outside"":false,""outsidePx"":0},{""x"":2060.7,""y"":233.3,""t"":839,""outside"":false,""outsidePx"":0},{""x"":2085.3,""y"":218,""t"":855,""outside"":false,""outsidePx"":0},{""x"":2096,""y"":212.7,""t"":865,""outside"":false,""outsidePx"":0}]"
motoe,main,practice,C2,幅狭条件,A固定・W狭い,70,1350,19.286,2,9,39,39,39,2026-09-29T06:51:12.948Z,2026-09-29T06:51:13.882Z,933,152,761,609,true,true,none,2118.7,209.3,1,false,0,0,0,false,[],"[{""x"":530.7,""y"":1134,""t"":0,""outside"":false,""outsidePx"":0},{""x"":528.7,""y"":1136,""t"":20,""outside"":false,""outsidePx"":0},{""x"":530,""y"":1136,""t"":46,""outside"":false,""outsidePx"":0},{""x"":531.3,""y"":1134.7,""t"":59,""outside"":false,""outsidePx"":0},{""x"":552.7,""y"":1124.7,""t"":76,""outside"":false,""outsidePx"":0},{""x"":562.7,""y"":1119.3,""t"":84,""outside"":false,""outsidePx"":0},{""x"":589.3,""y"":1105.3,""t"":100,""outside"":false,""outsidePx"":0},{""x"":618.7,""y"":1087.3,""t"":117,""outside"":false,""outsidePx"":0},{""x"":654,""y"":1070,""t"":134,""outside"":false,""outsidePx"":0},{""x"":685.3,""y"":1050.7,""t"":150,""outside"":false,""outsidePx"":0},{""x"":724,""y"":1028,""t"":167,""outside"":false,""outsidePx"":0},{""x"":764,""y"":1007.3,""t"":184,""outside"":false,""outsidePx"":0},{""x"":796,""y"":989.3,""t"":200,""outside"":false,""outsidePx"":0},{""x"":832.7,""y"":970.7,""t"":217,""outside"":false,""outsidePx"":0},{""x"":866,""y"":952.7,""t"":233,""outside"":false,""outsidePx"":0},{""x"":904,""y"":930,""t"":252,""outside"":false,""outsidePx"":0},{""x"":934,""y"":912.7,""t"":268,""outside"":false,""outsidePx"":0},{""x"":972.7,""y"":890,""t"":284,""outside"":false,""outsidePx"":0},{""x"":1006,""y"":870.7,""t"":300,""outside"":false,""outsidePx"":0},{""x"":1042.7,""y"":849.3,""t"":316,""outside"":false,""outsidePx"":0},{""x"":1077.3,""y"":830.7,""t"":333,""outside"":false,""outsidePx"":0},{""x"":1110.7,""y"":812.7,""t"":350,""outside"":false,""outsidePx"":0},{""x"":1142,""y"":795.3,""t"":366,""outside"":false,""outsidePx"":0},{""x"":1174,""y"":778,""t"":383,""outside"":false,""outsidePx"":0},{""x"":1206.7,""y"":758.7,""t"":400,""outside"":false,""outsidePx"":0},{""x"":1244,""y"":737.3,""t"":421,""outside"":false,""outsidePx"":0},{""x"":1280.7,""y"":716.7,""t"":434,""outside"":false,""outsidePx"":0},{""x"":1315.3,""y"":697.3,""t"":450,""outside"":false,""outsidePx"":0},{""x"":1354,""y"":678,""t"":467,""outside"":false,""outsidePx"":0},{""x"":1385.3,""y"":662.7,""t"":483,""outside"":false,""outsidePx"":0},{""x"":1416.7,""y"":644.7,""t"":500,""outside"":false,""outsidePx"":0},{""x"":1444.7,""y"":630.7,""t"":516,""outside"":false,""outsidePx"":0},{""x"":1471.3,""y"":616.7,""t"":533,""outside"":false,""outsidePx"":0},{""x"":1499.3,""y"":601.3,""t"":550,""outside"":false,""outsidePx"":0},{""x"":1532.7,""y"":580,""t"":571,""outside"":false,""outsidePx"":0},{""x"":1556.7,""y"":566,""t"":584,""outside"":false,""outsidePx"":0},{""x"":1586.7,""y"":548.7,""t"":600,""outside"":false,""outsidePx"":0},{""x"":1618,""y"":527.3,""t"":621,""outside"":false,""outsidePx"":0},{""x"":1644.7,""y"":512,""t"":636,""outside"":false,""outsidePx"":0},{""x"":1665.3,""y"":498,""t"":650,""outside"":false,""outsidePx"":0},{""x"":1688,""y"":482,""t"":667,""outside"":false,""outsidePx"":0},{""x"":1710.7,""y"":466.7,""t"":683,""outside"":false,""outsidePx"":0},{""x"":1738.7,""y"":448.7,""t"":700,""outside"":false,""outsidePx"":0},{""x"":1766.7,""y"":431.3,""t"":716,""outside"":false,""outsidePx"":0},{""x"":1800,""y"":410.7,""t"":733,""outside"":false,""outsidePx"":0},{""x"":1835.3,""y"":387.3,""t"":750,""outside"":false,""outsidePx"":0},{""x"":1868.7,""y"":364.7,""t"":767,""outside"":false,""outsidePx"":0},{""x"":1902,""y"":345.3,""t"":784,""outside"":false,""outsidePx"":0},{""x"":1933.3,""y"":324.7,""t"":800,""outside"":false,""outsidePx"":0},{""x"":1973.3,""y"":298.7,""t"":817,""outside"":false,""outsidePx"":0},{""x"":2003.3,""y"":279.3,""t"":833,""outside"":false,""outsidePx"":0},{""x"":2031.3,""y"":258,""t"":850,""outside"":false,""outsidePx"":0},{""x"":2056,""y"":244,""t"":866,""outside"":false,""outsidePx"":0},{""x"":2073.3,""y"":232,""t"":883,""outside"":false,""outsidePx"":0},{""x"":2092.7,""y"":221.3,""t"":900,""outside"":false,""outsidePx"":0},{""x"":2108,""y"":214.7,""t"":917,""outside"":false,""outsidePx"":0},{""x"":2118.7,""y"":209.3,""t"":932,""outside"":false,""outsidePx"":0}]"
motoe,main,practice,C2,幅狭条件,A固定・W狭い,70,1350,19.286,2,10,40,40,40,2026-09-29T06:51:14.769Z,2026-09-29T06:51:15.690Z,921,157,730,573,true,true,none,2183.3,212.7,1,false,0,0,0,false,[],"[{""x"":522.7,""y"":1139.3,""t"":0,""outside"":false,""outsidePx"":0},{""x"":528,""y"":1138.7,""t"":12,""outside"":false,""outsidePx"":0},{""x"":536.7,""y"":1136.7,""t"":29,""outside"":false,""outsidePx"":0},{""x"":545.3,""y"":1133.3,""t"":46,""outside"":false,""outsidePx"":0},{""x"":556,""y"":1129.3,""t"":62,""outside"":false,""outsidePx"":0},{""x"":570,""y"":1122.7,""t"":78,""outside"":false,""outsidePx"":0},{""x"":589.3,""y"":1114,""t"":96,""outside"":false,""outsidePx"":0},{""x"":614,""y"":1101.3,""t"":112,""outside"":false,""outsidePx"":0},{""x"":643.3,""y"":1086,""t"":128,""outside"":false,""outsidePx"":0},{""x"":671.3,""y"":1070,""t"":145,""outside"":false,""outsidePx"":0},{""x"":704.7,""y"":1050.7,""t"":162,""outside"":false,""outsidePx"":0},{""x"":743.3,""y"":1031.3,""t"":178,""outside"":false,""outsidePx"":0},{""x"":782,""y"":1008.7,""t"":195,""outside"":false,""outsidePx"":0},{""x"":813.3,""y"":989.3,""t"":212,""outside"":false,""outsidePx"":0},{""x"":844.7,""y"":968.7,""t"":228,""outside"":false,""outsidePx"":0},{""x"":872.7,""y"":947.3,""t"":245,""outside"":false,""outsidePx"":0},{""x"":898.7,""y"":930,""t"":261,""outside"":false,""outsidePx"":0},{""x"":932,""y"":907.3,""t"":279,""outside"":false,""outsidePx"":0},{""x"":967.3,""y"":884.7,""t"":295,""outside"":false,""outsidePx"":0},{""x"":1002,""y"":860,""t"":312,""outside"":false,""outsidePx"":0},{""x"":1038.7,""y"":835.3,""t"":328,""outside"":false,""outsidePx"":0},{""x"":1079.3,""y"":809.3,""t"":345,""outside"":false,""outsidePx"":0},{""x"":1112.7,""y"":790,""t"":363,""outside"":false,""outsidePx"":0},{""x"":1152.7,""y"":764,""t"":379,""outside"":false,""outsidePx"":0},{""x"":1192.7,""y"":739.3,""t"":395,""outside"":false,""outsidePx"":0},{""x"":1230,""y"":718.7,""t"":412,""outside"":false,""outsidePx"":0},{""x"":1268,""y"":695.3,""t"":428,""outside"":false,""outsidePx"":0},{""x"":1301.3,""y"":674.7,""t"":445,""outside"":false,""outsidePx"":0},{""x"":1332.7,""y"":657.3,""t"":461,""outside"":false,""outsidePx"":0},{""x"":1366,""y"":639.3,""t"":478,""outside"":false,""outsidePx"":0},{""x"":1399.3,""y"":622,""t"":495,""outside"":false,""outsidePx"":0},{""x"":1429.3,""y"":606.7,""t"":511,""outside"":false,""outsidePx"":0},{""x"":1462.7,""y"":588.7,""t"":528,""outside"":false,""outsidePx"":0},{""x"":1494,""y"":573.3,""t"":545,""outside"":false,""outsidePx"":0},{""x"":1525.3,""y"":559.3,""t"":562,""outside"":false,""outsidePx"":0},{""x"":1555.3,""y"":545.3,""t"":579,""outside"":false,""outsidePx"":0},{""x"":1586.7,""y"":532.7,""t"":595,""outside"":false,""outsidePx"":0},{""x"":1625.3,""y"":517.3,""t"":611,""outside"":false,""outsidePx"":0},{""x"":1658.7,""y"":501.3,""t"":629,""outside"":false,""outsidePx"":0},{""x"":1695.3,""y"":484,""t"":649,""outside"":false,""outsidePx"":0},{""x"":1726.7,""y"":468,""t"":662,""outside"":false,""outsidePx"":0},{""x"":1766.7,""y"":450.7,""t"":679,""outside"":false,""outsidePx"":0},{""x"":1802,""y"":433.3,""t"":695,""outside"":false,""outsidePx"":0},{""x"":1836.7,""y"":415.3,""t"":712,""outside"":false,""outsidePx"":0},{""x"":1870,""y"":400,""t"":728,""outside"":false,""outsidePx"":0},{""x"":1902,""y"":382.7,""t"":745,""outside"":false,""outsidePx"":0},{""x"":1931.3,""y"":364.7,""t"":762,""outside"":false,""outsidePx"":0},{""x"":1954,""y"":350.7,""t"":778,""outside"":false,""outsidePx"":0},{""x"":1989.3,""y"":330,""t"":795,""outside"":false,""outsidePx"":0},{""x"":2018.7,""y"":308.7,""t"":812,""outside"":false,""outsidePx"":0},{""x"":2052,""y"":286,""t"":830,""outside"":false,""outsidePx"":0},{""x"":2076.7,""y"":268.7,""t"":845,""outside"":false,""outsidePx"":0},{""x"":2106.7,""y"":251.3,""t"":862,""outside"":false,""outsidePx"":0},{""x"":2140,""y"":233.3,""t"":880,""outside"":false,""outsidePx"":0},{""x"":2160.7,""y"":223.3,""t"":895,""outside"":false,""outsidePx"":0},{""x"":2180,""y"":214.7,""t"":911,""outside"":false,""outsidePx"":0},{""x"":2183.3,""y"":212.7,""t"":920,""outside"":false,""outsidePx"":0}]"
motoe,main,practice,C2,幅狭条件,A固定・W狭い,70,1350,19.286,2,11,41,41,41,2026-09-29T06:51:16.399Z,2026-09-29T06:51:17.299Z,900,134,700,566,true,true,none,2192,228.7,1,false,0,0,0,false,[],"[{""x"":532,""y"":1142,""t"":0,""outside"":false,""outsidePx"":0},{""x"":538.7,""y"":1136.7,""t"":32,""outside"":false,""outsidePx"":0},{""x"":552.7,""y"":1129.3,""t"":48,""outside"":false,""outsidePx"":0},{""x"":573.3,""y"":1119.3,""t"":65,""outside"":false,""outsidePx"":0},{""x"":596,""y"":1108.7,""t"":82,""outside"":false,""outsidePx"":0},{""x"":626,""y"":1092.7,""t"":98,""outside"":false,""outsidePx"":0},{""x"":656,""y"":1078.7,""t"":116,""outside"":false,""outsidePx"":0},{""x"":692.7,""y"":1059.3,""t"":133,""outside"":false,""outsidePx"":0},{""x"":732.7,""y"":1036.7,""t"":148,""outside"":false,""outsidePx"":0},{""x"":778,""y"":1008.7,""t"":166,""outside"":false,""outsidePx"":0},{""x"":818.7,""y"":986,""t"":182,""outside"":false,""outsidePx"":0},{""x"":860.7,""y"":961.3,""t"":199,""outside"":false,""outsidePx"":0},{""x"":904,""y"":933.3,""t"":215,""outside"":false,""outsidePx"":0},{""x"":940.7,""y"":909.3,""t"":232,""outside"":false,""outsidePx"":0},{""x"":976,""y"":886.7,""t"":248,""outside"":false,""outsidePx"":0},{""x"":1010.7,""y"":863.3,""t"":265,""outside"":false,""outsidePx"":0},{""x"":1040.7,""y"":844.7,""t"":282,""outside"":false,""outsidePx"":0},{""x"":1066.7,""y"":826.7,""t"":299,""outside"":false,""outsidePx"":0},{""x"":1098.7,""y"":806,""t"":315,""outside"":false,""outsidePx"":0},{""x"":1132,""y"":784.7,""t"":334,""outside"":false,""outsidePx"":0},{""x"":1158,""y"":767.3,""t"":348,""outside"":false,""outsidePx"":0},{""x"":1194.7,""y"":742.7,""t"":365,""outside"":false,""outsidePx"":0},{""x"":1226,""y"":722,""t"":382,""outside"":false,""outsidePx"":0},{""x"":1262.7,""y"":699.3,""t"":399,""outside"":false,""outsidePx"":0},{""x"":1298,""y"":680,""t"":417,""outside"":false,""outsidePx"":0},{""x"":1331.3,""y"":660.7,""t"":432,""outside"":false,""outsidePx"":0},{""x"":1364.7,""y"":644.7,""t"":448,""outside"":false,""outsidePx"":0},{""x"":1396,""y"":627.3,""t"":465,""outside"":false,""outsidePx"":0},{""x"":1432.7,""y"":610,""t"":483,""outside"":false,""outsidePx"":0},{""x"":1466,""y"":596,""t"":498,""outside"":false,""outsidePx"":0},{""x"":1504.7,""y"":580,""t"":515,""outside"":false,""outsidePx"":0},{""x"":1536,""y"":566,""t"":533,""outside"":false,""outsidePx"":0},{""x"":1572.7,""y"":548.7,""t"":549,""outside"":false,""outsidePx"":0},{""x"":1608,""y"":534.7,""t"":565,""outside"":false,""outsidePx"":0},{""x"":1650,""y"":515.3,""t"":584,""outside"":false,""outsidePx"":0},{""x"":1684.7,""y"":499.3,""t"":598,""outside"":false,""outsidePx"":0},{""x"":1723.3,""y"":482,""t"":615,""outside"":false,""outsidePx"":0},{""x"":1758,""y"":466.7,""t"":632,""outside"":false,""outsidePx"":0},{""x"":1796.7,""y"":447.3,""t"":649,""outside"":false,""outsidePx"":0},{""x"":1828,""y"":433.3,""t"":666,""outside"":false,""outsidePx"":0},{""x"":1854.7,""y"":419.3,""t"":682,""outside"":false,""outsidePx"":0},{""x"":1877.3,""y"":405.3,""t"":699,""outside"":false,""outsidePx"":0},{""x"":1894.7,""y"":396.7,""t"":716,""outside"":false,""outsidePx"":0},{""x"":1914,""y"":382.7,""t"":733,""outside"":false,""outsidePx"":0},{""x"":1942,""y"":366.7,""t"":748,""outside"":false,""outsidePx"":0},{""x"":1968,""y"":349.3,""t"":765,""outside"":false,""outsidePx"":0},{""x"":2004.7,""y"":328,""t"":782,""outside"":false,""outsidePx"":0},{""x"":2048.7,""y"":303.3,""t"":798,""outside"":false,""outsidePx"":0},{""x"":2087.3,""y"":282.7,""t"":815,""outside"":false,""outsidePx"":0},{""x"":2129.3,""y"":261.3,""t"":832,""outside"":false,""outsidePx"":0},{""x"":2162.7,""y"":244,""t"":848,""outside"":false,""outsidePx"":0},{""x"":2182,""y"":232,""t"":865,""outside"":false,""outsidePx"":0},{""x"":2190.7,""y"":228.7,""t"":882,""outside"":false,""outsidePx"":0},{""x"":2192,""y"":228.7,""t"":899,""outside"":false,""outsidePx"":0}]"
motoe,main,practice,C2,幅狭条件,A固定・W狭い,70,1350,19.286,2,12,42,42,42,2026-09-29T06:51:18.106Z,2026-09-29T06:51:19.114Z,1008,174,839,665,true,true,none,2134.7,219.3,1,false,0,0,0,false,[],"[{""x"":483.3,""y"":1171.3,""t"":0,""outside"":false,""outsidePx"":0},{""x"":483.3,""y"":1170,""t"":2,""outside"":false,""outsidePx"":0},{""x"":484,""y"":1170,""t"":12,""outside"":false,""outsidePx"":0},{""x"":492.7,""y"":1164.7,""t"":26,""outside"":false,""outsidePx"":0},{""x"":503.3,""y"":1157.3,""t"":40,""outside"":false,""outsidePx"":0},{""x"":524.7,""y"":1145.3,""t"":58,""outside"":false,""outsidePx"":0},{""x"":545.3,""y"":1133.3,""t"":74,""outside"":false,""outsidePx"":0},{""x"":570,""y"":1119.3,""t"":91,""outside"":false,""outsidePx"":0},{""x"":596,""y"":1106.7,""t"":108,""outside"":false,""outsidePx"":0},{""x"":622.7,""y"":1094.7,""t"":125,""outside"":false,""outsidePx"":0},{""x"":646.7,""y"":1082.7,""t"":142,""outside"":false,""outsidePx"":0},{""x"":670,""y"":1072,""t"":157,""outside"":false,""outsidePx"":0},{""x"":696,""y"":1059.3,""t"":174,""outside"":false,""outsidePx"":0},{""x"":720.7,""y"":1049.3,""t"":190,""outside"":false,""outsidePx"":0},{""x"":746.7,""y"":1035.3,""t"":207,""outside"":false,""outsidePx"":0},{""x"":776.7,""y"":1019.3,""t"":224,""outside"":false,""outsidePx"":0},{""x"":802.7,""y"":1003.3,""t"":241,""outside"":false,""outsidePx"":0},{""x"":838,""y"":984.7,""t"":257,""outside"":false,""outsidePx"":0},{""x"":867.3,""y"":966.7,""t"":275,""outside"":false,""outsidePx"":0},{""x"":909.3,""y"":944,""t"":293,""outside"":false,""outsidePx"":0},{""x"":954.7,""y"":918,""t"":309,""outside"":false,""outsidePx"":0},{""x"":990,""y"":896.7,""t"":324,""outside"":false,""outsidePx"":0},{""x"":1023.3,""y"":876,""t"":340,""outside"":false,""outsidePx"":0},{""x"":1054.7,""y"":856.7,""t"":357,""outside"":false,""outsidePx"":0},{""x"":1088,""y"":834,""t"":374,""outside"":false,""outsidePx"":0},{""x"":1122.7,""y"":812.7,""t"":391,""outside"":false,""outsidePx"":0},{""x"":1160,""y"":788.7,""t"":407,""outside"":false,""outsidePx"":0},{""x"":1200,""y"":765.3,""t"":425,""outside"":false,""outsidePx"":0},{""x"":1233.3,""y"":746.7,""t"":441,""outside"":false,""outsidePx"":0},{""x"":1259.3,""y"":730.7,""t"":458,""outside"":false,""outsidePx"":0},{""x"":1284,""y"":716.7,""t"":474,""outside"":false,""outsidePx"":0},{""x"":1306.7,""y"":702.7,""t"":491,""outside"":false,""outsidePx"":0},{""x"":1332.7,""y"":688.7,""t"":510,""outside"":false,""outsidePx"":0},{""x"":1354,""y"":676.7,""t"":524,""outside"":false,""outsidePx"":0},{""x"":1380,""y"":664,""t"":541,""outside"":false,""outsidePx"":0},{""x"":1408,""y"":650,""t"":558,""outside"":false,""outsidePx"":0},{""x"":1432.7,""y"":639.3,""t"":574,""outside"":false,""outsidePx"":0},{""x"":1471.3,""y"":624,""t"":591,""outside"":false,""outsidePx"":0},{""x"":1502.7,""y"":610,""t"":608,""outside"":false,""outsidePx"":0},{""x"":1541.3,""y"":592.7,""t"":624,""outside"":false,""outsidePx"":0},{""x"":1576,""y"":576.7,""t"":642,""outside"":false,""outsidePx"":0},{""x"":1612.7,""y"":559.3,""t"":659,""outside"":false,""outsidePx"":0},{""x"":1639.3,""y"":546.7,""t"":674,""outside"":false,""outsidePx"":0},{""x"":1672.7,""y"":529.3,""t"":690,""outside"":false,""outsidePx"":0},{""x"":1700.7,""y"":515.3,""t"":708,""outside"":false,""outsidePx"":0},{""x"":1726.7,""y"":499.3,""t"":724,""outside"":false,""outsidePx"":0},{""x"":1751.3,""y"":484,""t"":741,""outside"":false,""outsidePx"":0},{""x"":1776,""y"":470,""t"":757,""outside"":false,""outsidePx"":0},{""x"":1796.7,""y"":456,""t"":774,""outside"":false,""outsidePx"":0},{""x"":1818,""y"":442,""t"":791,""outside"":false,""outsidePx"":0},{""x"":1836.7,""y"":428,""t"":808,""outside"":false,""outsidePx"":0},{""x"":1858,""y"":414,""t"":824,""outside"":false,""outsidePx"":0},{""x"":1877.3,""y"":400,""t"":841,""outside"":false,""outsidePx"":0},{""x"":1905.3,""y"":380.7,""t"":858,""outside"":false,""outsidePx"":0},{""x"":1934.7,""y"":359.3,""t"":874,""outside"":false,""outsidePx"":0},{""x"":1970,""y"":336.7,""t"":890,""outside"":false,""outsidePx"":0},{""x"":2004.7,""y"":312.7,""t"":907,""outside"":false,""outsidePx"":0},{""x"":2032.7,""y"":291.3,""t"":924,""outside"":false,""outsidePx"":0},{""x"":2064.7,""y"":270.7,""t"":941,""outside"":false,""outsidePx"":0},{""x"":2087.3,""y"":252.7,""t"":958,""outside"":false,""outsidePx"":0},{""x"":2108,""y"":238.7,""t"":974,""outside"":false,""outsidePx"":0},{""x"":2122,""y"":228.7,""t"":990,""outside"":false,""outsidePx"":0},{""x"":2134.7,""y"":219.3,""t"":1007,""outside"":false,""outsidePx"":0}]"
motoe,main,practice,C2,幅狭条件,A固定・W狭い,70,1350,19.286,2,13,43,43,43,2026-09-29T06:51:19.930Z,2026-09-29T06:51:20.861Z,931,205,812,607,true,true,deviation,2211.3,176,1,true,1,50,0.4,false,"[{""startMs"":350,""startX"":934,""startY"":879.3,""maxOutsidePx"":0.4,""endMs"":400,""endX"":1030,""endY"":828.7,""durationMs"":50}]","[{""x"":577.3,""y"":1154,""t"":0,""outside"":false,""outsidePx"":0},{""x"":576,""y"":1154,""t"":2,""outside"":false,""outsidePx"":0},{""x"":574,""y"":1154,""t"":20,""outside"":false,""outsidePx"":0},{""x"":574,""y"":1152.7,""t"":33,""outside"":false,""outsidePx"":0},{""x"":574,""y"":1150.7,""t"":50,""outside"":false,""outsidePx"":0},{""x"":574,""y"":1148.7,""t"":67,""outside"":false,""outsidePx"":0},{""x"":576.7,""y"":1145.3,""t"":83,""outside"":false,""outsidePx"":0},{""x"":580.7,""y"":1143.3,""t"":101,""outside"":false,""outsidePx"":0},{""x"":587.3,""y"":1138.7,""t"":117,""outside"":false,""outsidePx"":0},{""x"":601.3,""y"":1126,""t"":133,""outside"":false,""outsidePx"":0},{""x"":617.3,""y"":1112,""t"":150,""outside"":false,""outsidePx"":0},{""x"":636.7,""y"":1094.7,""t"":167,""outside"":false,""outsidePx"":0},{""x"":657.3,""y"":1075.3,""t"":184,""outside"":false,""outsidePx"":0},{""x"":684,""y"":1054.7,""t"":200,""outside"":false,""outsidePx"":0},{""x"":706.7,""y"":1036.7,""t"":216,""outside"":false,""outsidePx"":0},{""x"":727.3,""y"":1021.3,""t"":234,""outside"":false,""outsidePx"":0},{""x"":752,""y"":1005.3,""t"":250,""outside"":false,""outsidePx"":0},{""x"":778,""y"":988,""t"":266,""outside"":false,""outsidePx"":0},{""x"":802.7,""y"":970.7,""t"":283,""outside"":false,""outsidePx"":0},{""x"":838,""y"":946,""t"":300,""outside"":false,""outsidePx"":0},{""x"":869.3,""y"":923.3,""t"":316,""outside"":false,""outsidePx"":0},{""x"":904,""y"":900.7,""t"":333,""outside"":false,""outsidePx"":0},{""x"":934,""y"":879.3,""t"":350,""outside"":true,""outsidePx"":0},{""x"":967.3,""y"":860,""t"":366,""outside"":true,""outsidePx"":0.1},{""x"":996.7,""y"":842.7,""t"":383,""outside"":true,""outsidePx"":0.4},{""x"":1030,""y"":828.7,""t"":400,""outside"":false,""outsidePx"":0},{""x"":1063.3,""y"":812.7,""t"":416,""outside"":false,""outsidePx"":0},{""x"":1096.7,""y"":798.7,""t"":433,""outside"":false,""outsidePx"":0},{""x"":1135.3,""y"":781.3,""t"":449,""outside"":false,""outsidePx"":0},{""x"":1168.7,""y"":767.3,""t"":466,""outside"":false,""outsidePx"":0},{""x"":1203.3,""y"":751.3,""t"":483,""outside"":false,""outsidePx"":0},{""x"":1234.7,""y"":737.3,""t"":501,""outside"":false,""outsidePx"":0},{""x"":1273.3,""y"":722,""t"":517,""outside"":false,""outsidePx"":0},{""x"":1308.7,""y"":706,""t"":533,""outside"":false,""outsidePx"":0},{""x"":1352,""y"":685.3,""t"":550,""outside"":false,""outsidePx"":0},{""x"":1385.3,""y"":667.3,""t"":566,""outside"":false,""outsidePx"":0},{""x"":1418.7,""y"":650,""t"":583,""outside"":false,""outsidePx"":0},{""x"":1448.7,""y"":630.7,""t"":600,""outside"":false,""outsidePx"":0},{""x"":1480,""y"":611.3,""t"":617,""outside"":false,""outsidePx"":0},{""x"":1506,""y"":596,""t"":634,""outside"":false,""outsidePx"":0},{""x"":1534,""y"":576.7,""t"":649,""outside"":false,""outsidePx"":0},{""x"":1558.7,""y"":560.7,""t"":667,""outside"":false,""outsidePx"":0},{""x"":1590,""y"":540,""t"":683,""outside"":false,""outsidePx"":0},{""x"":1618,""y"":520.7,""t"":700,""outside"":false,""outsidePx"":0},{""x"":1650,""y"":498,""t"":716,""outside"":false,""outsidePx"":0},{""x"":1678,""y"":478.7,""t"":733,""outside"":false,""outsidePx"":0},{""x"":1709.3,""y"":457.3,""t"":749,""outside"":false,""outsidePx"":0},{""x"":1742.7,""y"":438.7,""t"":766,""outside"":false,""outsidePx"":0},{""x"":1777.3,""y"":417.3,""t"":783,""outside"":false,""outsidePx"":0},{""x"":1822.7,""y"":392.7,""t"":799,""outside"":false,""outsidePx"":0},{""x"":1870,""y"":370,""t"":816,""outside"":false,""outsidePx"":0},{""x"":1917.3,""y"":345.3,""t"":833,""outside"":false,""outsidePx"":0},{""x"":1968,""y"":319.3,""t"":849,""outside"":false,""outsidePx"":0},{""x"":2029.3,""y"":286,""t"":866,""outside"":false,""outsidePx"":0},{""x"":2087.3,""y"":254.7,""t"":883,""outside"":false,""outsidePx"":0},{""x"":2141.3,""y"":221.3,""t"":899,""outside"":false,""outsidePx"":0},{""x"":2185.3,""y"":193.3,""t"":916,""outside"":false,""outsidePx"":0},{""x"":2211.3,""y"":176,""t"":930,""outside"":false,""outsidePx"":0}]"
motoe,main,practice,C2,幅狭条件,A固定・W狭い,70,1350,19.286,2,14,44,44,44,2026-09-29T06:51:21.505Z,2026-09-29T06:51:22.432Z,927,147,769,622,true,true,none,2197.3,174,1,false,0,0,0,false,[],"[{""x"":488,""y"":1139.3,""t"":0,""outside"":false,""outsidePx"":0},{""x"":494.7,""y"":1139.3,""t"":10,""outside"":false,""outsidePx"":0},{""x"":505.3,""y"":1138.7,""t"":27,""outside"":false,""outsidePx"":0},{""x"":520.7,""y"":1133.3,""t"":41,""outside"":false,""outsidePx"":0},{""x"":542,""y"":1126,""t"":58,""outside"":false,""outsidePx"":0},{""x"":562.7,""y"":1119.3,""t"":75,""outside"":false,""outsidePx"":0},{""x"":587.3,""y"":1112,""t"":91,""outside"":false,""outsidePx"":0},{""x"":618.7,""y"":1100,""t"":108,""outside"":false,""outsidePx"":0},{""x"":652,""y"":1086,""t"":127,""outside"":false,""outsidePx"":0},{""x"":692.7,""y"":1070,""t"":143,""outside"":false,""outsidePx"":0},{""x"":729.3,""y"":1054.7,""t"":161,""outside"":false,""outsidePx"":0},{""x"":760.7,""y"":1042,""t"":175,""outside"":false,""outsidePx"":0},{""x"":788.7,""y"":1028,""t"":191,""outside"":false,""outsidePx"":0},{""x"":811.3,""y"":1012.7,""t"":208,""outside"":false,""outsidePx"":0},{""x"":832.7,""y"":998.7,""t"":225,""outside"":false,""outsidePx"":0},{""x"":853.3,""y"":984.7,""t"":242,""outside"":false,""outsidePx"":0},{""x"":874.7,""y"":970.7,""t"":259,""outside"":false,""outsidePx"":0},{""x"":904,""y"":951.3,""t"":275,""outside"":false,""outsidePx"":0},{""x"":930.7,""y"":932,""t"":293,""outside"":false,""outsidePx"":0},{""x"":965.3,""y"":907.3,""t"":310,""outside"":false,""outsidePx"":0},{""x"":996.7,""y"":886.7,""t"":327,""outside"":false,""outsidePx"":0},{""x"":1032,""y"":863.3,""t"":341,""outside"":false,""outsidePx"":0},{""x"":1063.3,""y"":844.7,""t"":358,""outside"":false,""outsidePx"":0},{""x"":1096.7,""y"":823.3,""t"":375,""outside"":false,""outsidePx"":0},{""x"":1130,""y"":804,""t"":393,""outside"":false,""outsidePx"":0},{""x"":1164.7,""y"":781.3,""t"":408,""outside"":false,""outsidePx"":0},{""x"":1196.7,""y"":760.7,""t"":427,""outside"":false,""outsidePx"":0},{""x"":1230,""y"":741.3,""t"":443,""outside"":false,""outsidePx"":0},{""x"":1259.3,""y"":722,""t"":460,""outside"":false,""outsidePx"":0},{""x"":1290.7,""y"":702.7,""t"":475,""outside"":false,""outsidePx"":0},{""x"":1326,""y"":683.3,""t"":491,""outside"":false,""outsidePx"":0},{""x"":1360.7,""y"":666,""t"":510,""outside"":false,""outsidePx"":0},{""x"":1398,""y"":646.7,""t"":525,""outside"":false,""outsidePx"":0},{""x"":1438,""y"":625.3,""t"":542,""outside"":false,""outsidePx"":0},{""x"":1471.3,""y"":608,""t"":558,""outside"":false,""outsidePx"":0},{""x"":1500.7,""y"":592.7,""t"":577,""outside"":false,""outsidePx"":0},{""x"":1539.3,""y"":571.3,""t"":594,""outside"":false,""outsidePx"":0},{""x"":1566,""y"":559.3,""t"":609,""outside"":false,""outsidePx"":0},{""x"":1597.3,""y"":541.3,""t"":625,""outside"":false,""outsidePx"":0},{""x"":1630.7,""y"":524,""t"":641,""outside"":false,""outsidePx"":0},{""x"":1660,""y"":506.7,""t"":658,""outside"":false,""outsidePx"":0},{""x"":1690,""y"":489.3,""t"":675,""outside"":false,""outsidePx"":0},{""x"":1720,""y"":471.3,""t"":692,""outside"":false,""outsidePx"":0},{""x"":1751.3,""y"":454,""t"":708,""outside"":false,""outsidePx"":0},{""x"":1782.7,""y"":434.7,""t"":725,""outside"":false,""outsidePx"":0},{""x"":1814,""y"":415.3,""t"":744,""outside"":false,""outsidePx"":0},{""x"":1846,""y"":396.7,""t"":759,""outside"":false,""outsidePx"":0},{""x"":1880.7,""y"":373.3,""t"":776,""outside"":false,""outsidePx"":0},{""x"":1917.3,""y"":347.3,""t"":791,""outside"":false,""outsidePx"":0},{""x"":1952.7,""y"":322.7,""t"":808,""outside"":false,""outsidePx"":0},{""x"":1989.3,""y"":298.7,""t"":825,""outside"":false,""outsidePx"":0},{""x"":2022.7,""y"":277.3,""t"":843,""outside"":false,""outsidePx"":0},{""x"":2054,""y"":256.7,""t"":858,""outside"":false,""outsidePx"":0},{""x"":2090.7,""y"":233.3,""t"":875,""outside"":false,""outsidePx"":0},{""x"":2134.7,""y"":210.7,""t"":894,""outside"":false,""outsidePx"":0},{""x"":2169.3,""y"":191.3,""t"":910,""outside"":false,""outsidePx"":0},{""x"":2197.3,""y"":174,""t"":926,""outside"":false,""outsidePx"":0}]"
motoe,main,practice,C2,幅狭条件,A固定・W狭い,70,1350,19.286,2,15,45,45,45,2026-09-29T06:51:23.129Z,2026-09-29T06:51:24.141Z,1013,166,853,687,true,true,none,2174.7,186.7,1,false,0,0,0,false,[],"[{""x"":503.3,""y"":1157.3,""t"":0,""outside"":false,""outsidePx"":0},{""x"":506.7,""y"":1157.3,""t"":6,""outside"":false,""outsidePx"":0},{""x"":514,""y"":1157.3,""t"":22,""outside"":false,""outsidePx"":0},{""x"":517.3,""y"":1156,""t"":35,""outside"":false,""outsidePx"":0},{""x"":530,""y"":1152.7,""t"":51,""outside"":false,""outsidePx"":0},{""x"":540,""y"":1147.3,""t"":69,""outside"":false,""outsidePx"":0},{""x"":564.7,""y"":1134.7,""t"":84,""outside"":false,""outsidePx"":0},{""x"":587.3,""y"":1122.7,""t"":101,""outside"":false,""outsidePx"":0},{""x"":617.3,""y"":1105.3,""t"":119,""outside"":false,""outsidePx"":0},{""x"":645.3,""y"":1091.3,""t"":136,""outside"":false,""outsidePx"":0},{""x"":670,""y"":1075.3,""t"":152,""outside"":false,""outsidePx"":0},{""x"":698,""y"":1058,""t"":167,""outside"":false,""outsidePx"":0},{""x"":724,""y"":1042,""t"":184,""outside"":false,""outsidePx"":0},{""x"":746.7,""y"":1030,""t"":202,""outside"":false,""outsidePx"":0},{""x"":771.3,""y"":1016,""t"":217,""outside"":false,""outsidePx"":0},{""x"":794,""y"":1003.3,""t"":234,""outside"":false,""outsidePx"":0},{""x"":816.7,""y"":989.3,""t"":252,""outside"":false,""outsidePx"":0},{""x"":841.3,""y"":975.3,""t"":269,""outside"":false,""outsidePx"":0},{""x"":864,""y"":961.3,""t"":284,""outside"":false,""outsidePx"":0},{""x"":892,""y"":946,""t"":301,""outside"":false,""outsidePx"":0},{""x"":918,""y"":932,""t"":317,""outside"":false,""outsidePx"":0},{""x"":944.7,""y"":918,""t"":334,""outside"":false,""outsidePx"":0},{""x"":968.7,""y"":904,""t"":351,""outside"":false,""outsidePx"":0},{""x"":996.7,""y"":888,""t"":370,""outside"":false,""outsidePx"":0},{""x"":1026.7,""y"":872.7,""t"":386,""outside"":false,""outsidePx"":0},{""x"":1062,""y"":853.3,""t"":403,""outside"":false,""outsidePx"":0},{""x"":1098.7,""y"":832,""t"":417,""outside"":false,""outsidePx"":0},{""x"":1138.7,""y"":811.3,""t"":436,""outside"":false,""outsidePx"":0},{""x"":1170,""y"":795.3,""t"":451,""outside"":false,""outsidePx"":0},{""x"":1203.3,""y"":778,""t"":468,""outside"":false,""outsidePx"":0},{""x"":1231.3,""y"":762,""t"":485,""outside"":false,""outsidePx"":0},{""x"":1266.7,""y"":742.7,""t"":503,""outside"":false,""outsidePx"":0},{""x"":1306.7,""y"":722,""t"":520,""outside"":false,""outsidePx"":0},{""x"":1338,""y"":704.7,""t"":535,""outside"":false,""outsidePx"":0},{""x"":1378.7,""y"":680,""t"":551,""outside"":false,""outsidePx"":0},{""x"":1415.3,""y"":658.7,""t"":567,""outside"":false,""outsidePx"":0},{""x"":1441.3,""y"":644.7,""t"":585,""outside"":false,""outsidePx"":0},{""x"":1468,""y"":629.3,""t"":602,""outside"":false,""outsidePx"":0},{""x"":1490.7,""y"":615.3,""t"":618,""outside"":false,""outsidePx"":0},{""x"":1514.7,""y"":601.3,""t"":634,""outside"":false,""outsidePx"":0},{""x"":1541.3,""y"":585.3,""t"":653,""outside"":false,""outsidePx"":0},{""x"":1567.3,""y"":569.3,""t"":670,""outside"":false,""outsidePx"":0},{""x"":1595.3,""y"":554,""t"":686,""outside"":false,""outsidePx"":0},{""x"":1623.3,""y"":534.7,""t"":701,""outside"":false,""outsidePx"":0},{""x"":1650,""y"":518.7,""t"":718,""outside"":false,""outsidePx"":0},{""x"":1670.7,""y"":503.3,""t"":735,""outside"":false,""outsidePx"":0},{""x"":1693.3,""y"":487.3,""t"":752,""outside"":false,""outsidePx"":0},{""x"":1716,""y"":471.3,""t"":767,""outside"":false,""outsidePx"":0},{""x"":1748,""y"":450.7,""t"":785,""outside"":false,""outsidePx"":0},{""x"":1777.3,""y"":431.3,""t"":803,""outside"":false,""outsidePx"":0},{""x"":1805.3,""y"":414,""t"":820,""outside"":false,""outsidePx"":0},{""x"":1830,""y"":398,""t"":835,""outside"":false,""outsidePx"":0},{""x"":1858,""y"":380.7,""t"":851,""outside"":false,""outsidePx"":0},{""x"":1886,""y"":363.3,""t"":867,""outside"":false,""outsidePx"":0},{""x"":1917.3,""y"":345.3,""t"":884,""outside"":false,""outsidePx"":0},{""x"":1950.7,""y"":324.7,""t"":902,""outside"":false,""outsidePx"":0},{""x"":1990.7,""y"":300,""t"":918,""outside"":false,""outsidePx"":0},{""x"":2028,""y"":275.3,""t"":936,""outside"":false,""outsidePx"":0},{""x"":2073.3,""y"":247.3,""t"":951,""outside"":false,""outsidePx"":0},{""x"":2115.3,""y"":219.3,""t"":971,""outside"":false,""outsidePx"":0},{""x"":2152,""y"":198.7,""t"":986,""outside"":false,""outsidePx"":0},{""x"":2172.7,""y"":186.7,""t"":1001,""outside"":false,""outsidePx"":0},{""x"":2174.7,""y"":186.7,""t"":1011,""outside"":false,""outsidePx"":0}]"
motoe,main,practice,C2,幅狭条件,A固定・W狭い,70,1350,19.286,2,16,46,46,46,2026-09-29T06:51:24.928Z,2026-09-29T06:51:25.824Z,896,116,729,613,true,true,none,2180,200.7,1,false,0,0,0,false,[],"[{""x"":549.3,""y"":1132.7,""t"":0,""outside"":false,""outsidePx"":0},{""x"":550.7,""y"":1132.7,""t"":20,""outside"":false,""outsidePx"":0},{""x"":562.7,""y"":1128,""t"":37,""outside"":false,""outsidePx"":0},{""x"":590.7,""y"":1115.3,""t"":54,""outside"":false,""outsidePx"":0},{""x"":618.7,""y"":1105.3,""t"":70,""outside"":false,""outsidePx"":0},{""x"":646.7,""y"":1092.7,""t"":85,""outside"":false,""outsidePx"":0},{""x"":678.7,""y"":1077.3,""t"":104,""outside"":false,""outsidePx"":0},{""x"":704.7,""y"":1063.3,""t"":118,""outside"":false,""outsidePx"":0},{""x"":732.7,""y"":1045.3,""t"":137,""outside"":false,""outsidePx"":0},{""x"":768,""y"":1026.7,""t"":153,""outside"":false,""outsidePx"":0},{""x"":808,""y"":1003.3,""t"":170,""outside"":false,""outsidePx"":0},{""x"":848,""y"":982.7,""t"":185,""outside"":false,""outsidePx"":0},{""x"":884.7,""y"":960,""t"":204,""outside"":false,""outsidePx"":0},{""x"":918,""y"":940.7,""t"":220,""outside"":false,""outsidePx"":0},{""x"":944.7,""y"":923.3,""t"":235,""outside"":false,""outsidePx"":0},{""x"":967.3,""y"":907.3,""t"":253,""outside"":false,""outsidePx"":0},{""x"":988,""y"":893.3,""t"":268,""outside"":false,""outsidePx"":0},{""x"":1014.7,""y"":876,""t"":284,""outside"":false,""outsidePx"":0},{""x"":1049.3,""y"":854.7,""t"":304,""outside"":false,""outsidePx"":0},{""x"":1084.7,""y"":834,""t"":318,""outside"":false,""outsidePx"":0},{""x"":1122.7,""y"":809.3,""t"":336,""outside"":false,""outsidePx"":0},{""x"":1160,""y"":788.7,""t"":351,""outside"":false,""outsidePx"":0},{""x"":1194.7,""y"":767.3,""t"":370,""outside"":false,""outsidePx"":0},{""x"":1230,""y"":746.7,""t"":388,""outside"":false,""outsidePx"":0},{""x"":1258,""y"":730.7,""t"":402,""outside"":false,""outsidePx"":0},{""x"":1282,""y"":716.7,""t"":418,""outside"":false,""outsidePx"":0},{""x"":1315.3,""y"":695.3,""t"":434,""outside"":false,""outsidePx"":0},{""x"":1346.7,""y"":676.7,""t"":452,""outside"":false,""outsidePx"":0},{""x"":1382,""y"":655.3,""t"":469,""outside"":false,""outsidePx"":0},{""x"":1416.7,""y"":636,""t"":486,""outside"":false,""outsidePx"":0},{""x"":1444.7,""y"":620.7,""t"":502,""outside"":false,""outsidePx"":0},{""x"":1476.7,""y"":604.7,""t"":520,""outside"":false,""outsidePx"":0},{""x"":1510,""y"":588.7,""t"":536,""outside"":false,""outsidePx"":0},{""x"":1538,""y"":573.3,""t"":552,""outside"":false,""outsidePx"":0},{""x"":1569.3,""y"":555.3,""t"":571,""outside"":false,""outsidePx"":0},{""x"":1594,""y"":543.3,""t"":585,""outside"":false,""outsidePx"":0},{""x"":1632,""y"":520.7,""t"":604,""outside"":false,""outsidePx"":0},{""x"":1667.3,""y"":499.3,""t"":621,""outside"":false,""outsidePx"":0},{""x"":1696.7,""y"":482,""t"":636,""outside"":false,""outsidePx"":0},{""x"":1730,""y"":461.3,""t"":654,""outside"":false,""outsidePx"":0},{""x"":1756.7,""y"":445.3,""t"":671,""outside"":false,""outsidePx"":0},{""x"":1791.3,""y"":422.7,""t"":688,""outside"":false,""outsidePx"":0},{""x"":1821.3,""y"":405.3,""t"":704,""outside"":false,""outsidePx"":0},{""x"":1844,""y"":391.3,""t"":718,""outside"":false,""outsidePx"":0},{""x"":1874,""y"":372,""t"":735,""outside"":false,""outsidePx"":0},{""x"":1906.7,""y"":352.7,""t"":751,""outside"":false,""outsidePx"":0},{""x"":1936.7,""y"":335.3,""t"":768,""outside"":false,""outsidePx"":0},{""x"":1972,""y"":314,""t"":787,""outside"":false,""outsidePx"":0},{""x"":2012,""y"":293.3,""t"":803,""outside"":false,""outsidePx"":0},{""x"":2054,""y"":272,""t"":819,""outside"":false,""outsidePx"":0},{""x"":2090.7,""y"":252.7,""t"":835,""outside"":false,""outsidePx"":0},{""x"":2126,""y"":233.3,""t"":851,""outside"":false,""outsidePx"":0},{""x"":2154,""y"":218,""t"":869,""outside"":false,""outsidePx"":0},{""x"":2172.7,""y"":205.3,""t"":884,""outside"":false,""outsidePx"":0},{""x"":2180,""y"":200.7,""t"":894,""outside"":false,""outsidePx"":0}]"
motoe,main,practice,C2,幅狭条件,A固定・W狭い,70,1350,19.286,2,17,47,47,47,2026-09-29T06:51:26.514Z,2026-09-29T06:51:27.398Z,884,121,739,618,true,true,deviation,2227.3,177.3,1,true,1,67,1.4,false,"[{""startMs"":349,""startX"":1105.3,""startY"":862,""maxOutsidePx"":1.4,""endMs"":416,""endX"":1216,""endY"":795.3,""durationMs"":67}]","[{""x"":548,""y"":1129.3,""t"":0,""outside"":false,""outsidePx"":0},{""x"":548.7,""y"":1129.3,""t"":17,""outside"":false,""outsidePx"":0},{""x"":556,""y"":1126,""t"":32,""outside"":false,""outsidePx"":0},{""x"":578.7,""y"":1117.3,""t"":51,""outside"":false,""outsidePx"":0},{""x"":600,""y"":1106.7,""t"":67,""outside"":false,""outsidePx"":0},{""x"":628,""y"":1096.7,""t"":84,""outside"":false,""outsidePx"":0},{""x"":657.3,""y"":1084,""t"":99,""outside"":false,""outsidePx"":0},{""x"":690.7,""y"":1068.7,""t"":117,""outside"":false,""outsidePx"":0},{""x"":724,""y"":1052.7,""t"":132,""outside"":false,""outsidePx"":0},{""x"":758.7,""y"":1036.7,""t"":150,""outside"":false,""outsidePx"":0},{""x"":800.7,""y"":1019.3,""t"":166,""outside"":false,""outsidePx"":0},{""x"":834,""y"":1002,""t"":183,""outside"":false,""outsidePx"":0},{""x"":869.3,""y"":984.7,""t"":199,""outside"":false,""outsidePx"":0},{""x"":902.7,""y"":968.7,""t"":216,""outside"":false,""outsidePx"":0},{""x"":925.3,""y"":958,""t"":231,""outside"":false,""outsidePx"":0},{""x"":948,""y"":946,""t"":249,""outside"":false,""outsidePx"":0},{""x"":964,""y"":937.3,""t"":265,""outside"":false,""outsidePx"":0},{""x"":984.7,""y"":926.7,""t"":282,""outside"":false,""outsidePx"":0},{""x"":1012.7,""y"":910.7,""t"":298,""outside"":false,""outsidePx"":0},{""x"":1040.7,""y"":896.7,""t"":315,""outside"":false,""outsidePx"":0},{""x"":1076,""y"":877.3,""t"":332,""outside"":false,""outsidePx"":0},{""x"":1105.3,""y"":862,""t"":349,""outside"":true,""outsidePx"":0.6},{""x"":1136.7,""y"":844.7,""t"":365,""outside"":true,""outsidePx"":1.3},{""x"":1164.7,""y"":828.7,""t"":382,""outside"":true,""outsidePx"":1.4},{""x"":1188,""y"":814.7,""t"":399,""outside"":true,""outsidePx"":1},{""x"":1216,""y"":795.3,""t"":416,""outside"":false,""outsidePx"":0},{""x"":1242,""y"":779.3,""t"":433,""outside"":false,""outsidePx"":0},{""x"":1272,""y"":760.7,""t"":451,""outside"":false,""outsidePx"":0},{""x"":1303.3,""y"":741.3,""t"":467,""outside"":false,""outsidePx"":0},{""x"":1329.3,""y"":723.3,""t"":483,""outside"":false,""outsidePx"":0},{""x"":1354,""y"":708,""t"":498,""outside"":false,""outsidePx"":0},{""x"":1380,""y"":690.7,""t"":515,""outside"":false,""outsidePx"":0},{""x"":1408,""y"":669.3,""t"":531,""outside"":false,""outsidePx"":0},{""x"":1432.7,""y"":650,""t"":549,""outside"":false,""outsidePx"":0},{""x"":1455.3,""y"":632.7,""t"":565,""outside"":false,""outsidePx"":0},{""x"":1476.7,""y"":616.7,""t"":583,""outside"":false,""outsidePx"":0},{""x"":1497.3,""y"":601.3,""t"":599,""outside"":false,""outsidePx"":0},{""x"":1525.3,""y"":580,""t"":615,""outside"":false,""outsidePx"":0},{""x"":1555.3,""y"":559.3,""t"":632,""outside"":false,""outsidePx"":0},{""x"":1592,""y"":534.7,""t"":649,""outside"":false,""outsidePx"":0},{""x"":1628.7,""y"":512,""t"":665,""outside"":false,""outsidePx"":0},{""x"":1684.7,""y"":476.7,""t"":685,""outside"":false,""outsidePx"":0},{""x"":1726.7,""y"":454,""t"":700,""outside"":false,""outsidePx"":0},{""x"":1788,""y"":419.3,""t"":717,""outside"":false,""outsidePx"":0},{""x"":1842,""y"":391.3,""t"":733,""outside"":false,""outsidePx"":0},{""x"":1902,""y"":359.3,""t"":749,""outside"":false,""outsidePx"":0},{""x"":1964.7,""y"":322.7,""t"":765,""outside"":false,""outsidePx"":0},{""x"":2017.3,""y"":293.3,""t"":782,""outside"":false,""outsidePx"":0},{""x"":2064.7,""y"":266.7,""t"":799,""outside"":false,""outsidePx"":0},{""x"":2102.7,""y"":246,""t"":815,""outside"":false,""outsidePx"":0},{""x"":2138,""y"":228.7,""t"":832,""outside"":false,""outsidePx"":0},{""x"":2176.7,""y"":207.3,""t"":849,""outside"":false,""outsidePx"":0},{""x"":2208,""y"":190,""t"":865,""outside"":false,""outsidePx"":0},{""x"":2225.3,""y"":179.3,""t"":882,""outside"":false,""outsidePx"":0},{""x"":2227.3,""y"":177.3,""t"":883,""outside"":false,""outsidePx"":0}]"
motoe,main,practice,C2,幅狭条件,A固定・W狭い,70,1350,19.286,2,18,48,48,48,2026-09-29T06:51:28.132Z,2026-09-29T06:51:29.090Z,959,155,788,633,true,true,none,2188.7,198.7,1,false,0,0,0,false,[],"[{""x"":478.7,""y"":1175.3,""t"":0,""outside"":false,""outsidePx"":0},{""x"":492.7,""y"":1166.7,""t"":15,""outside"":false,""outsidePx"":0},{""x"":502,""y"":1159.3,""t"":31,""outside"":false,""outsidePx"":0},{""x"":512,""y"":1152.7,""t"":48,""outside"":false,""outsidePx"":0},{""x"":530,""y"":1143.3,""t"":72,""outside"":false,""outsidePx"":0},{""x"":542,""y"":1136.7,""t"":85,""outside"":false,""outsidePx"":0},{""x"":562.7,""y"":1124.7,""t"":100,""outside"":false,""outsidePx"":0},{""x"":592.7,""y"":1110.7,""t"":116,""outside"":false,""outsidePx"":0},{""x"":634.7,""y"":1089.3,""t"":134,""outside"":false,""outsidePx"":0},{""x"":690.7,""y"":1063.3,""t"":153,""outside"":false,""outsidePx"":0},{""x"":729.3,""y"":1045.3,""t"":165,""outside"":false,""outsidePx"":0},{""x"":774.7,""y"":1028,""t"":181,""outside"":false,""outsidePx"":0},{""x"":816.7,""y"":1008.7,""t"":198,""outside"":false,""outsidePx"":0},{""x"":848,""y"":993.3,""t"":214,""outside"":false,""outsidePx"":0},{""x"":883.3,""y"":974,""t"":233,""outside"":false,""outsidePx"":0},{""x"":914.7,""y"":954.7,""t"":248,""outside"":false,""outsidePx"":0},{""x"":954.7,""y"":932,""t"":267,""outside"":false,""outsidePx"":0},{""x"":995.3,""y"":909.3,""t"":282,""outside"":false,""outsidePx"":0},{""x"":1024.7,""y"":890,""t"":299,""outside"":false,""outsidePx"":0},{""x"":1062,""y"":870.7,""t"":315,""outside"":false,""outsidePx"":0},{""x"":1086,""y"":856.7,""t"":332,""outside"":false,""outsidePx"":0},{""x"":1116,""y"":837.3,""t"":349,""outside"":false,""outsidePx"":0},{""x"":1147.3,""y"":814.7,""t"":366,""outside"":false,""outsidePx"":0},{""x"":1178.7,""y"":793.3,""t"":385,""outside"":false,""outsidePx"":0},{""x"":1198,""y"":779.3,""t"":397,""outside"":false,""outsidePx"":0},{""x"":1222.7,""y"":764,""t"":415,""outside"":false,""outsidePx"":0},{""x"":1245.3,""y"":746.7,""t"":432,""outside"":false,""outsidePx"":0},{""x"":1268,""y"":732.7,""t"":449,""outside"":false,""outsidePx"":0},{""x"":1289.3,""y"":716.7,""t"":464,""outside"":false,""outsidePx"":0},{""x"":1314,""y"":699.3,""t"":481,""outside"":false,""outsidePx"":0},{""x"":1338,""y"":681.3,""t"":500,""outside"":false,""outsidePx"":0},{""x"":1359.3,""y"":667.3,""t"":515,""outside"":false,""outsidePx"":0},{""x"":1378.7,""y"":655.3,""t"":532,""outside"":false,""outsidePx"":0},{""x"":1406.7,""y"":638,""t"":548,""outside"":false,""outsidePx"":0},{""x"":1440,""y"":620.7,""t"":568,""outside"":false,""outsidePx"":0},{""x"":1469.3,""y"":604.7,""t"":586,""outside"":false,""outsidePx"":0},{""x"":1497.3,""y"":590.7,""t"":600,""outside"":false,""outsidePx"":0},{""x"":1524,""y"":576.7,""t"":614,""outside"":false,""outsidePx"":0},{""x"":1552,""y"":560.7,""t"":631,""outside"":false,""outsidePx"":0},{""x"":1586.7,""y"":541.3,""t"":649,""outside"":false,""outsidePx"":0},{""x"":1618,""y"":524,""t"":665,""outside"":false,""outsidePx"":0},{""x"":1650,""y"":506.7,""t"":682,""outside"":false,""outsidePx"":0},{""x"":1684.7,""y"":489.3,""t"":700,""outside"":false,""outsidePx"":0},{""x"":1728.7,""y"":464.7,""t"":719,""outside"":false,""outsidePx"":0},{""x"":1758,""y"":448.7,""t"":731,""outside"":false,""outsidePx"":0},{""x"":1794.7,""y"":429.3,""t"":748,""outside"":false,""outsidePx"":0},{""x"":1828,""y"":410.7,""t"":766,""outside"":false,""outsidePx"":0},{""x"":1856,""y"":394.7,""t"":782,""outside"":false,""outsidePx"":0},{""x"":1886,""y"":378.7,""t"":798,""outside"":false,""outsidePx"":0},{""x"":1922.7,""y"":358,""t"":817,""outside"":false,""outsidePx"":0},{""x"":1944,""y"":345.3,""t"":832,""outside"":false,""outsidePx"":0},{""x"":1976.7,""y"":326.7,""t"":850,""outside"":false,""outsidePx"":0},{""x"":2010,""y"":307.3,""t"":867,""outside"":false,""outsidePx"":0},{""x"":2045.3,""y"":284.7,""t"":881,""outside"":false,""outsidePx"":0},{""x"":2090.7,""y"":256.7,""t"":902,""outside"":false,""outsidePx"":0},{""x"":2115.3,""y"":242.7,""t"":915,""outside"":false,""outsidePx"":0},{""x"":2160.7,""y"":216,""t"":936,""outside"":false,""outsidePx"":0},{""x"":2182,""y"":202,""t"":950,""outside"":false,""outsidePx"":0},{""x"":2188.7,""y"":198.7,""t"":957,""outside"":false,""outsidePx"":0}]"
motoe,main,practice,C2,幅狭条件,A固定・W狭い,70,1350,19.286,2,19,49,49,49,2026-09-29T06:51:29.758Z,2026-09-29T06:51:30.762Z,1004,163,823,660,true,true,none,2238,174,1,false,0,0,0,false,[],"[{""x"":568,""y"":1152,""t"":0,""outside"":false,""outsidePx"":0},{""x"":570,""y"":1152,""t"":5,""outside"":false,""outsidePx"":0},{""x"":570,""y"":1150.7,""t"":24,""outside"":false,""outsidePx"":0},{""x"":573.3,""y"":1148.7,""t"":37,""outside"":false,""outsidePx"":0},{""x"":578.7,""y"":1145.3,""t"":55,""outside"":false,""outsidePx"":0},{""x"":586,""y"":1140,""t"":70,""outside"":false,""outsidePx"":0},{""x"":592.7,""y"":1134.7,""t"":89,""outside"":false,""outsidePx"":0},{""x"":604.7,""y"":1126,""t"":104,""outside"":false,""outsidePx"":0},{""x"":624,""y"":1110.7,""t"":121,""outside"":false,""outsidePx"":0},{""x"":645.3,""y"":1096.7,""t"":137,""outside"":false,""outsidePx"":0},{""x"":682,""y"":1073.3,""t"":156,""outside"":false,""outsidePx"":0},{""x"":716.7,""y"":1050.7,""t"":172,""outside"":false,""outsidePx"":0},{""x"":752,""y"":1031.3,""t"":189,""outside"":false,""outsidePx"":0},{""x"":797.3,""y"":1007.3,""t"":205,""outside"":false,""outsidePx"":0},{""x"":830.7,""y"":989.3,""t"":223,""outside"":false,""outsidePx"":0},{""x"":858.7,""y"":975.3,""t"":238,""outside"":false,""outsidePx"":0},{""x"":888.7,""y"":960,""t"":256,""outside"":false,""outsidePx"":0},{""x"":916.7,""y"":942.7,""t"":273,""outside"":false,""outsidePx"":0},{""x"":944.7,""y"":926.7,""t"":288,""outside"":false,""outsidePx"":0},{""x"":982.7,""y"":905.3,""t"":305,""outside"":false,""outsidePx"":0},{""x"":1014.7,""y"":888,""t"":323,""outside"":false,""outsidePx"":0},{""x"":1046,""y"":872.7,""t"":340,""outside"":false,""outsidePx"":0},{""x"":1072,""y"":856.7,""t"":356,""outside"":false,""outsidePx"":0},{""x"":1100,""y"":840.7,""t"":372,""outside"":false,""outsidePx"":0},{""x"":1121.3,""y"":826.7,""t"":388,""outside"":false,""outsidePx"":0},{""x"":1146,""y"":812.7,""t"":406,""outside"":false,""outsidePx"":0},{""x"":1168.7,""y"":798.7,""t"":423,""outside"":false,""outsidePx"":0},{""x"":1194.7,""y"":783.3,""t"":437,""outside"":false,""outsidePx"":0},{""x"":1226,""y"":762,""t"":456,""outside"":false,""outsidePx"":0},{""x"":1256,""y"":746.7,""t"":472,""outside"":false,""outsidePx"":0},{""x"":1282,""y"":728.7,""t"":488,""outside"":false,""outsidePx"":0},{""x"":1306.7,""y"":713.3,""t"":506,""outside"":false,""outsidePx"":0},{""x"":1328,""y"":699.3,""t"":521,""outside"":false,""outsidePx"":0},{""x"":1356,""y"":681.3,""t"":538,""outside"":false,""outsidePx"":0},{""x"":1385.3,""y"":664,""t"":557,""outside"":false,""outsidePx"":0},{""x"":1412,""y"":648.7,""t"":572,""outside"":false,""outsidePx"":0},{""x"":1440,""y"":632.7,""t"":587,""outside"":false,""outsidePx"":0},{""x"":1464,""y"":618.7,""t"":605,""outside"":false,""outsidePx"":0},{""x"":1494,""y"":601.3,""t"":622,""outside"":false,""outsidePx"":0},{""x"":1530.7,""y"":583.3,""t"":640,""outside"":false,""outsidePx"":0},{""x"":1564,""y"":566,""t"":656,""outside"":false,""outsidePx"":0},{""x"":1597.3,""y"":550.7,""t"":672,""outside"":false,""outsidePx"":0},{""x"":1637.3,""y"":531.3,""t"":690,""outside"":false,""outsidePx"":0},{""x"":1672.7,""y"":513.3,""t"":705,""outside"":false,""outsidePx"":0},{""x"":1704,""y"":498,""t"":723,""outside"":false,""outsidePx"":0},{""x"":1732,""y"":482,""t"":739,""outside"":false,""outsidePx"":0},{""x"":1760,""y"":468,""t"":754,""outside"":false,""outsidePx"":0},{""x"":1786,""y"":454,""t"":771,""outside"":false,""outsidePx"":0},{""x"":1822.7,""y"":434.7,""t"":789,""outside"":false,""outsidePx"":0},{""x"":1850.7,""y"":419.3,""t"":806,""outside"":false,""outsidePx"":0},{""x"":1875.3,""y"":405.3,""t"":822,""outside"":false,""outsidePx"":0},{""x"":1903.3,""y"":387.3,""t"":838,""outside"":false,""outsidePx"":0},{""x"":1931.3,""y"":368.7,""t"":854,""outside"":false,""outsidePx"":0},{""x"":1959.3,""y"":349.3,""t"":872,""outside"":false,""outsidePx"":0},{""x"":1994.7,""y"":328,""t"":889,""outside"":false,""outsidePx"":0},{""x"":2038,""y"":300,""t"":904,""outside"":false,""outsidePx"":0},{""x"":2085.3,""y"":270.7,""t"":923,""outside"":false,""outsidePx"":0},{""x"":2134.7,""y"":238.7,""t"":937,""outside"":false,""outsidePx"":0},{""x"":2180,""y"":210.7,""t"":955,""outside"":false,""outsidePx"":0},{""x"":2210,""y"":191.3,""t"":971,""outside"":false,""outsidePx"":0},{""x"":2232.7,""y"":176,""t"":990,""outside"":false,""outsidePx"":0},{""x"":2238,""y"":174,""t"":1002,""outside"":false,""outsidePx"":0}]"
motoe,main,practice,C2,幅狭条件,A固定・W狭い,70,1350,19.286,2,20,50,50,50,2026-09-29T06:51:31.529Z,2026-09-29T06:51:32.448Z,919,128,776,648,true,true,none,2148.7,209.3,1,false,0,0,0,false,[],"[{""x"":554.7,""y"":1141.3,""t"":0,""outside"":false,""outsidePx"":0},{""x"":559.3,""y"":1140,""t"":19,""outside"":false,""outsidePx"":0},{""x"":568,""y"":1134.7,""t"":36,""outside"":false,""outsidePx"":0},{""x"":586,""y"":1122.7,""t"":53,""outside"":false,""outsidePx"":0},{""x"":600,""y"":1114,""t"":66,""outside"":false,""outsidePx"":0},{""x"":618.7,""y"":1101.3,""t"":83,""outside"":false,""outsidePx"":0},{""x"":640,""y"":1087.3,""t"":101,""outside"":false,""outsidePx"":0},{""x"":670,""y"":1068.7,""t"":118,""outside"":false,""outsidePx"":0},{""x"":708,""y"":1045.3,""t"":134,""outside"":false,""outsidePx"":0},{""x"":757.3,""y"":1019.3,""t"":152,""outside"":false,""outsidePx"":0},{""x"":786.7,""y"":1002,""t"":166,""outside"":false,""outsidePx"":0},{""x"":825.3,""y"":980.7,""t"":186,""outside"":false,""outsidePx"":0},{""x"":848,""y"":966.7,""t"":201,""outside"":false,""outsidePx"":0},{""x"":874.7,""y"":952.7,""t"":219,""outside"":false,""outsidePx"":0},{""x"":895.3,""y"":940.7,""t"":235,""outside"":false,""outsidePx"":0},{""x"":918,""y"":926.7,""t"":250,""outside"":false,""outsidePx"":0},{""x"":953.3,""y"":907.3,""t"":266,""outside"":false,""outsidePx"":0},{""x"":982.7,""y"":890,""t"":287,""outside"":false,""outsidePx"":0},{""x"":1016,""y"":870.7,""t"":301,""outside"":false,""outsidePx"":0},{""x"":1048,""y"":851.3,""t"":316,""outside"":false,""outsidePx"":0},{""x"":1070.7,""y"":837.3,""t"":333,""outside"":false,""outsidePx"":0},{""x"":1104,""y"":814.7,""t"":351,""outside"":false,""outsidePx"":0},{""x"":1135.3,""y"":795.3,""t"":368,""outside"":false,""outsidePx"":0},{""x"":1161.3,""y"":778,""t"":385,""outside"":false,""outsidePx"":0},{""x"":1200,""y"":755.3,""t"":403,""outside"":false,""outsidePx"":0},{""x"":1228,""y"":737.3,""t"":417,""outside"":false,""outsidePx"":0},{""x"":1258,""y"":722,""t"":433,""outside"":false,""outsidePx"":0},{""x"":1284,""y"":708,""t"":449,""outside"":false,""outsidePx"":0},{""x"":1314,""y"":690.7,""t"":468,""outside"":false,""outsidePx"":0},{""x"":1342,""y"":674.7,""t"":484,""outside"":false,""outsidePx"":0},{""x"":1366,""y"":658.7,""t"":500,""outside"":false,""outsidePx"":0},{""x"":1392.7,""y"":644.7,""t"":516,""outside"":false,""outsidePx"":0},{""x"":1424,""y"":627.3,""t"":532,""outside"":false,""outsidePx"":0},{""x"":1455.3,""y"":610,""t"":552,""outside"":false,""outsidePx"":0},{""x"":1482,""y"":596,""t"":568,""outside"":false,""outsidePx"":0},{""x"":1508,""y"":582,""t"":583,""outside"":false,""outsidePx"":0},{""x"":1530.7,""y"":569.3,""t"":600,""outside"":false,""outsidePx"":0},{""x"":1555.3,""y"":555.3,""t"":617,""outside"":false,""outsidePx"":0},{""x"":1584.7,""y"":540,""t"":634,""outside"":false,""outsidePx"":0},{""x"":1611.3,""y"":526,""t"":650,""outside"":false,""outsidePx"":0},{""x"":1648,""y"":506.7,""t"":670,""outside"":false,""outsidePx"":0},{""x"":1676,""y"":489.3,""t"":683,""outside"":false,""outsidePx"":0},{""x"":1706,""y"":471.3,""t"":701,""outside"":false,""outsidePx"":0},{""x"":1737.3,""y"":452.7,""t"":719,""outside"":false,""outsidePx"":0},{""x"":1770.7,""y"":433.3,""t"":736,""outside"":false,""outsidePx"":0},{""x"":1804,""y"":412,""t"":750,""outside"":false,""outsidePx"":0},{""x"":1836.7,""y"":392.7,""t"":767,""outside"":false,""outsidePx"":0},{""x"":1882.7,""y"":366.7,""t"":783,""outside"":false,""outsidePx"":0},{""x"":1924.7,""y"":342,""t"":801,""outside"":false,""outsidePx"":0},{""x"":1968,""y"":316,""t"":817,""outside"":false,""outsidePx"":0},{""x"":2006.7,""y"":291.3,""t"":835,""outside"":false,""outsidePx"":0},{""x"":2059.3,""y"":261.3,""t"":854,""outside"":false,""outsidePx"":0},{""x"":2088.7,""y"":244,""t"":869,""outside"":false,""outsidePx"":0},{""x"":2122,""y"":224.7,""t"":886,""outside"":false,""outsidePx"":0},{""x"":2141.3,""y"":214.7,""t"":900,""outside"":false,""outsidePx"":0},{""x"":2148.7,""y"":209.3,""t"":915,""outside"":false,""outsidePx"":0}]"
motoe,main,practice,C2,幅狭条件,A固定・W狭い,70,1350,19.286,2,21,51,51,51,2026-09-29T06:51:33.164Z,2026-09-29T06:51:34.029Z,866,94,717,623,true,true,none,2160.7,207.3,1,false,0,0,0,false,[],"[{""x"":560,""y"":1122,""t"":0,""outside"":false,""outsidePx"":0},{""x"":560,""y"":1124,""t"":2,""outside"":false,""outsidePx"":0},{""x"":561.3,""y"":1124,""t"":24,""outside"":false,""outsidePx"":0},{""x"":568,""y"":1119.3,""t"":32,""outside"":false,""outsidePx"":0},{""x"":587.3,""y"":1106.7,""t"":48,""outside"":false,""outsidePx"":0},{""x"":615.3,""y"":1089.3,""t"":65,""outside"":false,""outsidePx"":0},{""x"":659.3,""y"":1064.7,""t"":82,""outside"":false,""outsidePx"":0},{""x"":702.7,""y"":1045.3,""t"":98,""outside"":false,""outsidePx"":0},{""x"":743.3,""y"":1030,""t"":114,""outside"":false,""outsidePx"":0},{""x"":776.7,""y"":1014,""t"":131,""outside"":false,""outsidePx"":0},{""x"":800.7,""y"":998.7,""t"":150,""outside"":false,""outsidePx"":0},{""x"":824,""y"":984.7,""t"":165,""outside"":false,""outsidePx"":0},{""x"":839.3,""y"":974,""t"":181,""outside"":false,""outsidePx"":0},{""x"":866,""y"":954.7,""t"":201,""outside"":false,""outsidePx"":0},{""x"":886.7,""y"":938.7,""t"":218,""outside"":false,""outsidePx"":0},{""x"":912.7,""y"":921.3,""t"":233,""outside"":false,""outsidePx"":0},{""x"":944.7,""y"":900.7,""t"":248,""outside"":false,""outsidePx"":0},{""x"":968.7,""y"":882.7,""t"":264,""outside"":false,""outsidePx"":0},{""x"":992,""y"":867.3,""t"":281,""outside"":false,""outsidePx"":0},{""x"":1012.7,""y"":853.3,""t"":299,""outside"":false,""outsidePx"":0},{""x"":1035.3,""y"":839.3,""t"":314,""outside"":false,""outsidePx"":0},{""x"":1058,""y"":825.3,""t"":333,""outside"":false,""outsidePx"":0},{""x"":1088,""y"":807.3,""t"":348,""outside"":false,""outsidePx"":0},{""x"":1121.3,""y"":788.7,""t"":365,""outside"":false,""outsidePx"":0},{""x"":1158,""y"":767.3,""t"":381,""outside"":false,""outsidePx"":0},{""x"":1194.7,""y"":746.7,""t"":400,""outside"":false,""outsidePx"":0},{""x"":1224.7,""y"":730.7,""t"":416,""outside"":false,""outsidePx"":0},{""x"":1256,""y"":713.3,""t"":432,""outside"":false,""outsidePx"":0},{""x"":1287.3,""y"":697.3,""t"":451,""outside"":false,""outsidePx"":0},{""x"":1317.3,""y"":681.3,""t"":464,""outside"":false,""outsidePx"":0},{""x"":1350.7,""y"":666,""t"":481,""outside"":false,""outsidePx"":0},{""x"":1385.3,""y"":650,""t"":500,""outside"":false,""outsidePx"":0},{""x"":1415.3,""y"":636,""t"":515,""outside"":false,""outsidePx"":0},{""x"":1446.7,""y"":620.7,""t"":532,""outside"":false,""outsidePx"":0},{""x"":1476.7,""y"":604.7,""t"":548,""outside"":false,""outsidePx"":0},{""x"":1499.3,""y"":592.7,""t"":565,""outside"":false,""outsidePx"":0},{""x"":1590,""y"":545.3,""t"":605,""outside"":false,""outsidePx"":0},{""x"":1628.7,""y"":524,""t"":617,""outside"":false,""outsidePx"":0},{""x"":1667.3,""y"":501.3,""t"":632,""outside"":false,""outsidePx"":0},{""x"":1712.7,""y"":475.3,""t"":649,""outside"":false,""outsidePx"":0},{""x"":1746,""y"":454,""t"":665,""outside"":false,""outsidePx"":0},{""x"":1786,""y"":428,""t"":682,""outside"":false,""outsidePx"":0},{""x"":1819.3,""y"":406.7,""t"":698,""outside"":false,""outsidePx"":0},{""x"":1860,""y"":380.7,""t"":716,""outside"":false,""outsidePx"":0},{""x"":1902,""y"":356,""t"":733,""outside"":false,""outsidePx"":0},{""x"":1944,""y"":330,""t"":748,""outside"":false,""outsidePx"":0},{""x"":1980.7,""y"":307.3,""t"":764,""outside"":false,""outsidePx"":0},{""x"":2015.3,""y"":288,""t"":781,""outside"":false,""outsidePx"":0},{""x"":2045.3,""y"":272,""t"":798,""outside"":false,""outsidePx"":0},{""x"":2082,""y"":252.7,""t"":815,""outside"":false,""outsidePx"":0},{""x"":2122,""y"":230,""t"":834,""outside"":false,""outsidePx"":0},{""x"":2143.3,""y"":218,""t"":849,""outside"":false,""outsidePx"":0},{""x"":2160.7,""y"":207.3,""t"":865,""outside"":false,""outsidePx"":0}]"
motoe,main,practice,C2,幅狭条件,A固定・W狭い,70,1350,19.286,2,22,52,52,52,2026-09-29T06:51:34.758Z,2026-09-29T06:51:35.853Z,1095,160,783,623,true,true,deviation,2148.7,245.3,1,true,1,200,6.8,false,"[{""startMs"":689,""startX"":1684.7,""startY"":527.3,""maxOutsidePx"":6.8,""endMs"":889,""endX"":2087.3,""endY"":293.3,""durationMs"":200}]","[{""x"":525.3,""y"":1152,""t"":0,""outside"":false,""outsidePx"":0},{""x"":526,""y"":1150.7,""t"":20,""outside"":false,""outsidePx"":0},{""x"":534.7,""y"":1145.3,""t"":35,""outside"":false,""outsidePx"":0},{""x"":552.7,""y"":1134.7,""t"":52,""outside"":false,""outsidePx"":0},{""x"":572,""y"":1120.7,""t"":69,""outside"":false,""outsidePx"":0},{""x"":600,""y"":1105.3,""t"":88,""outside"":false,""outsidePx"":0},{""x"":624,""y"":1091.3,""t"":104,""outside"":false,""outsidePx"":0},{""x"":642,""y"":1080.7,""t"":120,""outside"":false,""outsidePx"":0},{""x"":664.7,""y"":1068.7,""t"":136,""outside"":false,""outsidePx"":0},{""x"":680,""y"":1058,""t"":154,""outside"":false,""outsidePx"":0},{""x"":713.3,""y"":1040.7,""t"":171,""outside"":false,""outsidePx"":0},{""x"":741.3,""y"":1024.7,""t"":188,""outside"":false,""outsidePx"":0},{""x"":771.3,""y"":1008.7,""t"":204,""outside"":false,""outsidePx"":0},{""x"":800.7,""y"":993.3,""t"":220,""outside"":false,""outsidePx"":0},{""x"":825.3,""y"":980.7,""t"":236,""outside"":false,""outsidePx"":0},{""x"":855.3,""y"":966.7,""t"":256,""outside"":false,""outsidePx"":0},{""x"":884.7,""y"":952.7,""t"":273,""outside"":false,""outsidePx"":0},{""x"":911.3,""y"":938.7,""t"":286,""outside"":false,""outsidePx"":0},{""x"":940.7,""y"":923.3,""t"":304,""outside"":false,""outsidePx"":0},{""x"":974,""y"":902,""t"":322,""outside"":false,""outsidePx"":0},{""x"":1006,""y"":884.7,""t"":338,""outside"":false,""outsidePx"":0},{""x"":1037.3,""y"":868.7,""t"":354,""outside"":false,""outsidePx"":0},{""x"":1068.7,""y"":851.3,""t"":374,""outside"":false,""outsidePx"":0},{""x"":1102,""y"":834,""t"":388,""outside"":false,""outsidePx"":0},{""x"":1132,""y"":818,""t"":404,""outside"":false,""outsidePx"":0},{""x"":1160,""y"":802.7,""t"":420,""outside"":false,""outsidePx"":0},{""x"":1182.7,""y"":790,""t"":437,""outside"":false,""outsidePx"":0},{""x"":1212,""y"":772.7,""t"":454,""outside"":false,""outsidePx"":0},{""x"":1238.7,""y"":760.7,""t"":471,""outside"":false,""outsidePx"":0},{""x"":1273.3,""y"":741.3,""t"":490,""outside"":false,""outsidePx"":0},{""x"":1315.3,""y"":718.7,""t"":513,""outside"":false,""outsidePx"":0},{""x"":1370,""y"":690.7,""t"":536,""outside"":false,""outsidePx"":0},{""x"":1406.7,""y"":672.7,""t"":553,""outside"":false,""outsidePx"":0},{""x"":1441.3,""y"":655.3,""t"":569,""outside"":false,""outsidePx"":0},{""x"":1474.7,""y"":639.3,""t"":586,""outside"":false,""outsidePx"":0},{""x"":1514.7,""y"":620.7,""t"":605,""outside"":false,""outsidePx"":0},{""x"":1555.3,""y"":599.3,""t"":625,""outside"":false,""outsidePx"":0},{""x"":1576,""y"":587.3,""t"":636,""outside"":false,""outsidePx"":0},{""x"":1616.7,""y"":564.7,""t"":656,""outside"":false,""outsidePx"":0},{""x"":1650,""y"":546.7,""t"":672,""outside"":false,""outsidePx"":0},{""x"":1684.7,""y"":527.3,""t"":689,""outside"":true,""outsidePx"":0.5},{""x"":1726.7,""y"":506.7,""t"":706,""outside"":true,""outsidePx"":3.6},{""x"":1766.7,""y"":485.3,""t"":725,""outside"":true,""outsidePx"":5.1},{""x"":1793.3,""y"":470,""t"":740,""outside"":true,""outsidePx"":5.2},{""x"":1821.3,""y"":454,""t"":754,""outside"":true,""outsidePx"":5.3},{""x"":1860,""y"":431.3,""t"":770,""outside"":true,""outsidePx"":5},{""x"":1891.3,""y"":415.3,""t"":787,""outside"":true,""outsidePx"":6.8},{""x"":1926,""y"":394.7,""t"":803,""outside"":true,""outsidePx"":6.3},{""x"":1961.3,""y"":373.3,""t"":821,""outside"":true,""outsidePx"":5.4},{""x"":1987.3,""y"":358,""t"":837,""outside"":true,""outsidePx"":5.2},{""x"":2022.7,""y"":336.7,""t"":854,""outside"":true,""outsidePx"":4.4},{""x"":2060.7,""y"":312.7,""t"":872,""outside"":true,""outsidePx"":2.6},{""x"":2087.3,""y"":293.3,""t"":889,""outside"":false,""outsidePx"":0},{""x"":2102.7,""y"":280.7,""t"":904,""outside"":false,""outsidePx"":0},{""x"":2113.3,""y"":270.7,""t"":920,""outside"":false,""outsidePx"":0},{""x"":2120.7,""y"":263.3,""t"":938,""outside"":false,""outsidePx"":0},{""x"":2124,""y"":261.3,""t"":954,""outside"":false,""outsidePx"":0},{""x"":2126,""y"":260,""t"":975,""outside"":false,""outsidePx"":0},{""x"":2129.3,""y"":258,""t"":986,""outside"":false,""outsidePx"":0},{""x"":2136,""y"":252.7,""t"":1004,""outside"":false,""outsidePx"":0},{""x"":2143.3,""y"":247.3,""t"":1022,""outside"":false,""outsidePx"":0},{""x"":2146.7,""y"":244,""t"":1038,""outside"":false,""outsidePx"":0},{""x"":2148.7,""y"":244,""t"":1054,""outside"":false,""outsidePx"":0},{""x"":2148.7,""y"":245.3,""t"":1094,""outside"":false,""outsidePx"":0}]"
motoe,main,practice,C2,幅狭条件,A固定・W狭い,70,1350,19.286,2,23,53,53,53,2026-09-29T06:51:36.755Z,2026-09-29T06:51:37.728Z,973,143,790,647,true,true,none,2197.3,223.3,1,false,0,0,0,false,[],"[{""x"":528,""y"":1157.3,""t"":0,""outside"":false,""outsidePx"":0},{""x"":545.3,""y"":1148.7,""t"":2,""outside"":false,""outsidePx"":0},{""x"":548.7,""y"":1147.3,""t"":6,""outside"":false,""outsidePx"":0},{""x"":568,""y"":1140,""t"":28,""outside"":false,""outsidePx"":0},{""x"":582,""y"":1134.7,""t"":42,""outside"":false,""outsidePx"":0},{""x"":592.7,""y"":1129.3,""t"":57,""outside"":false,""outsidePx"":0},{""x"":612,""y"":1119.3,""t"":74,""outside"":false,""outsidePx"":0},{""x"":631.3,""y"":1108.7,""t"":92,""outside"":false,""outsidePx"":0},{""x"":652,""y"":1100,""t"":108,""outside"":false,""outsidePx"":0},{""x"":671.3,""y"":1089.3,""t"":123,""outside"":false,""outsidePx"":0},{""x"":699.3,""y"":1073.3,""t"":141,""outside"":false,""outsidePx"":0},{""x"":729.3,""y"":1056,""t"":158,""outside"":false,""outsidePx"":0},{""x"":758.7,""y"":1036.7,""t"":175,""outside"":false,""outsidePx"":0},{""x"":788.7,""y"":1016,""t"":191,""outside"":false,""outsidePx"":0},{""x"":816.7,""y"":996.7,""t"":207,""outside"":false,""outsidePx"":0},{""x"":839.3,""y"":979.3,""t"":223,""outside"":false,""outsidePx"":0},{""x"":876,""y"":951.3,""t"":288,""outside"":false,""outsidePx"":0},{""x"":906,""y"":928.7,""t"":305,""outside"":false,""outsidePx"":0},{""x"":1012.7,""y"":849.3,""t"":323,""outside"":false,""outsidePx"":0},{""x"":1048,""y"":823.3,""t"":341,""outside"":false,""outsidePx"":0},{""x"":1074,""y"":806,""t"":357,""outside"":false,""outsidePx"":0},{""x"":1098.7,""y"":790,""t"":373,""outside"":false,""outsidePx"":0},{""x"":1124.7,""y"":774.7,""t"":390,""outside"":false,""outsidePx"":0},{""x"":1156,""y"":755.3,""t"":409,""outside"":false,""outsidePx"":0},{""x"":1177.3,""y"":744.7,""t"":424,""outside"":false,""outsidePx"":0},{""x"":1212,""y"":725.3,""t"":443,""outside"":false,""outsidePx"":0},{""x"":1233.3,""y"":713.3,""t"":458,""outside"":false,""outsidePx"":0},{""x"":1264.7,""y"":697.3,""t"":476,""outside"":false,""outsidePx"":0},{""x"":1298,""y"":683.3,""t"":490,""outside"":false,""outsidePx"":0},{""x"":1332.7,""y"":667.3,""t"":510,""outside"":false,""outsidePx"":0},{""x"":1350.7,""y"":660.7,""t"":524,""outside"":false,""outsidePx"":0},{""x"":1385.3,""y"":646.7,""t"":542,""outside"":false,""outsidePx"":0},{""x"":1441.3,""y"":624,""t"":573,""outside"":false,""outsidePx"":0},{""x"":1474.7,""y"":610,""t"":590,""outside"":false,""outsidePx"":0},{""x"":1502.7,""y"":597.3,""t"":607,""outside"":false,""outsidePx"":0},{""x"":1539.3,""y"":582,""t"":622,""outside"":false,""outsidePx"":0},{""x"":1570.7,""y"":569.3,""t"":640,""outside"":false,""outsidePx"":0},{""x"":1602.7,""y"":555.3,""t"":657,""outside"":false,""outsidePx"":0},{""x"":1637.3,""y"":540,""t"":674,""outside"":false,""outsidePx"":0},{""x"":1670.7,""y"":524,""t"":694,""outside"":false,""outsidePx"":0},{""x"":1707.3,""y"":504.7,""t"":709,""outside"":false,""outsidePx"":0},{""x"":1738.7,""y"":487.3,""t"":726,""outside"":false,""outsidePx"":0},{""x"":1766.7,""y"":471.3,""t"":740,""outside"":false,""outsidePx"":0},{""x"":1800,""y"":452.7,""t"":756,""outside"":false,""outsidePx"":0},{""x"":1836.7,""y"":433.3,""t"":773,""outside"":false,""outsidePx"":0},{""x"":1878.7,""y"":408.7,""t"":790,""outside"":false,""outsidePx"":0},{""x"":1912,""y"":387.3,""t"":805,""outside"":false,""outsidePx"":0},{""x"":1958,""y"":361.3,""t"":823,""outside"":false,""outsidePx"":0},{""x"":1996,""y"":338.7,""t"":840,""outside"":false,""outsidePx"":0},{""x"":2045.3,""y"":312.7,""t"":859,""outside"":false,""outsidePx"":0},{""x"":2074.7,""y"":296.7,""t"":874,""outside"":false,""outsidePx"":0},{""x"":2118.7,""y"":272,""t"":892,""outside"":false,""outsidePx"":0},{""x"":2154,""y"":252.7,""t"":905,""outside"":false,""outsidePx"":0},{""x"":2174.7,""y"":238.7,""t"":923,""outside"":false,""outsidePx"":0},{""x"":2190.7,""y"":228.7,""t"":940,""outside"":false,""outsidePx"":0},{""x"":2196,""y"":223.3,""t"":957,""outside"":false,""outsidePx"":0},{""x"":2197.3,""y"":223.3,""t"":970,""outside"":false,""outsidePx"":0}]"
motoe,main,practice,C2,幅狭条件,A固定・W狭い,70,1350,19.286,2,24,54,54,54,2026-09-29T06:51:38.384Z,2026-09-29T06:51:39.343Z,959,125,776,651,true,true,none,2225.3,174,1,false,0,0,0,false,[],"[{""x"":551.3,""y"":1150,""t"":0,""outside"":false,""outsidePx"":0},{""x"":556,""y"":1148.7,""t"":43,""outside"":false,""outsidePx"":0},{""x"":573.3,""y"":1138.7,""t"":60,""outside"":false,""outsidePx"":0},{""x"":600,""y"":1119.3,""t"":76,""outside"":false,""outsidePx"":0},{""x"":634.7,""y"":1096.7,""t"":93,""outside"":false,""outsidePx"":0},{""x"":668,""y"":1078.7,""t"":110,""outside"":false,""outsidePx"":0},{""x"":701.3,""y"":1059.3,""t"":127,""outside"":false,""outsidePx"":0},{""x"":726,""y"":1045.3,""t"":144,""outside"":false,""outsidePx"":0},{""x"":750,""y"":1030,""t"":162,""outside"":false,""outsidePx"":0},{""x"":776.7,""y"":1014,""t"":176,""outside"":false,""outsidePx"":0},{""x"":802.7,""y"":996.7,""t"":193,""outside"":false,""outsidePx"":0},{""x"":838,""y"":979.3,""t"":210,""outside"":false,""outsidePx"":0},{""x"":870.7,""y"":961.3,""t"":226,""outside"":false,""outsidePx"":0},{""x"":902.7,""y"":947.3,""t"":243,""outside"":false,""outsidePx"":0},{""x"":932,""y"":932,""t"":260,""outside"":false,""outsidePx"":0},{""x"":956.7,""y"":919.3,""t"":276,""outside"":false,""outsidePx"":0},{""x"":976,""y"":910.7,""t"":293,""outside"":false,""outsidePx"":0},{""x"":996.7,""y"":900.7,""t"":311,""outside"":false,""outsidePx"":0},{""x"":1020,""y"":890,""t"":327,""outside"":false,""outsidePx"":0},{""x"":1046,""y"":876,""t"":344,""outside"":false,""outsidePx"":0},{""x"":1072,""y"":862,""t"":359,""outside"":false,""outsidePx"":0},{""x"":1104,""y"":842.7,""t"":378,""outside"":false,""outsidePx"":0},{""x"":1130,""y"":828.7,""t"":393,""outside"":false,""outsidePx"":0},{""x"":1166.7,""y"":807.3,""t"":411,""outside"":false,""outsidePx"":0},{""x"":1200,""y"":790,""t"":428,""outside"":false,""outsidePx"":0},{""x"":1231.3,""y"":772.7,""t"":447,""outside"":false,""outsidePx"":0},{""x"":1250.7,""y"":762,""t"":460,""outside"":false,""outsidePx"":0},{""x"":1278.7,""y"":744.7,""t"":479,""outside"":false,""outsidePx"":0},{""x"":1308.7,""y"":727.3,""t"":496,""outside"":false,""outsidePx"":0},{""x"":1343.3,""y"":706,""t"":512,""outside"":false,""outsidePx"":0},{""x"":1373.3,""y"":688.7,""t"":527,""outside"":false,""outsidePx"":0},{""x"":1404.7,""y"":669.3,""t"":543,""outside"":false,""outsidePx"":0},{""x"":1440,""y"":650,""t"":560,""outside"":false,""outsidePx"":0},{""x"":1468,""y"":632.7,""t"":576,""outside"":false,""outsidePx"":0},{""x"":1504.7,""y"":611.3,""t"":593,""outside"":false,""outsidePx"":0},{""x"":1539.3,""y"":590.7,""t"":610,""outside"":false,""outsidePx"":0},{""x"":1567.3,""y"":573.3,""t"":626,""outside"":false,""outsidePx"":0},{""x"":1598.7,""y"":555.3,""t"":643,""outside"":false,""outsidePx"":0},{""x"":1626.7,""y"":538,""t"":659,""outside"":false,""outsidePx"":0},{""x"":1651.3,""y"":522.7,""t"":677,""outside"":false,""outsidePx"":0},{""x"":1686.7,""y"":501.3,""t"":693,""outside"":false,""outsidePx"":0},{""x"":1726.7,""y"":476.7,""t"":712,""outside"":false,""outsidePx"":0},{""x"":1762,""y"":456,""t"":726,""outside"":false,""outsidePx"":0},{""x"":1800,""y"":433.3,""t"":744,""outside"":false,""outsidePx"":0},{""x"":1840.7,""y"":408.7,""t"":760,""outside"":false,""outsidePx"":0},{""x"":1870,""y"":389.3,""t"":777,""outside"":false,""outsidePx"":0},{""x"":1903.3,""y"":368.7,""t"":793,""outside"":false,""outsidePx"":0},{""x"":1933.3,""y"":349.3,""t"":811,""outside"":false,""outsidePx"":0},{""x"":1956,""y"":333.3,""t"":826,""outside"":false,""outsidePx"":0},{""x"":1992.7,""y"":312.7,""t"":843,""outside"":false,""outsidePx"":0},{""x"":2026,""y"":293.3,""t"":860,""outside"":false,""outsidePx"":0},{""x"":2064.7,""y"":270.7,""t"":877,""outside"":false,""outsidePx"":0},{""x"":2113.3,""y"":244,""t"":894,""outside"":false,""outsidePx"":0},{""x"":2158.7,""y"":219.3,""t"":909,""outside"":false,""outsidePx"":0},{""x"":2190.7,""y"":198.7,""t"":926,""outside"":false,""outsidePx"":0},{""x"":2213.3,""y"":182.7,""t"":943,""outside"":false,""outsidePx"":0},{""x"":2225.3,""y"":174,""t"":959,""outside"":false,""outsidePx"":0}]"
motoe,main,practice,C2,幅狭条件,A固定・W狭い,70,1350,19.286,2,25,55,55,55,2026-09-29T06:51:40.062Z,2026-09-29T06:51:40.958Z,896,148,784,636,true,true,none,2006.7,268.7,1,false,0,0,0,false,[],"[{""x"":542.7,""y"":1124,""t"":0,""outside"":false,""outsidePx"":0},{""x"":545.3,""y"":1122.7,""t"":49,""outside"":false,""outsidePx"":0},{""x"":554,""y"":1117.3,""t"":65,""outside"":false,""outsidePx"":0},{""x"":572,""y"":1106.7,""t"":81,""outside"":false,""outsidePx"":0},{""x"":596,""y"":1094.7,""t"":98,""outside"":false,""outsidePx"":0},{""x"":624,""y"":1078.7,""t"":115,""outside"":false,""outsidePx"":0},{""x"":654,""y"":1063.3,""t"":131,""outside"":false,""outsidePx"":0},{""x"":688.7,""y"":1044,""t"":148,""outside"":false,""outsidePx"":0},{""x"":724,""y"":1028,""t"":165,""outside"":false,""outsidePx"":0},{""x"":755.3,""y"":1012.7,""t"":181,""outside"":false,""outsidePx"":0},{""x"":786.7,""y"":998.7,""t"":198,""outside"":false,""outsidePx"":0},{""x"":813.3,""y"":984.7,""t"":215,""outside"":false,""outsidePx"":0},{""x"":841.3,""y"":970.7,""t"":232,""outside"":false,""outsidePx"":0},{""x"":870.7,""y"":952.7,""t"":248,""outside"":false,""outsidePx"":0},{""x"":904,""y"":935.3,""t"":265,""outside"":false,""outsidePx"":0},{""x"":937.3,""y"":919.3,""t"":281,""outside"":false,""outsidePx"":0},{""x"":968.7,""y"":900.7,""t"":298,""outside"":false,""outsidePx"":0},{""x"":996.7,""y"":884.7,""t"":315,""outside"":false,""outsidePx"":0},{""x"":1028.7,""y"":865.3,""t"":331,""outside"":false,""outsidePx"":0},{""x"":1060,""y"":848,""t"":348,""outside"":false,""outsidePx"":0},{""x"":1082.7,""y"":834,""t"":365,""outside"":false,""outsidePx"":0},{""x"":1107.3,""y"":820,""t"":382,""outside"":false,""outsidePx"":0},{""x"":1130,""y"":804,""t"":398,""outside"":false,""outsidePx"":0},{""x"":1154.7,""y"":790,""t"":415,""outside"":false,""outsidePx"":0},{""x"":1177.3,""y"":774.7,""t"":431,""outside"":false,""outsidePx"":0},{""x"":1203.3,""y"":756.7,""t"":448,""outside"":false,""outsidePx"":0},{""x"":1231.3,""y"":739.3,""t"":465,""outside"":false,""outsidePx"":0},{""x"":1258,""y"":723.3,""t"":481,""outside"":false,""outsidePx"":0},{""x"":1287.3,""y"":706,""t"":498,""outside"":false,""outsidePx"":0},{""x"":1314,""y"":692,""t"":515,""outside"":false,""outsidePx"":0},{""x"":1343.3,""y"":674.7,""t"":531,""outside"":false,""outsidePx"":0},{""x"":1374.7,""y"":657.3,""t"":548,""outside"":false,""outsidePx"":0},{""x"":1402.7,""y"":641.3,""t"":565,""outside"":false,""outsidePx"":0},{""x"":1438,""y"":624,""t"":581,""outside"":false,""outsidePx"":0},{""x"":1469.3,""y"":608,""t"":598,""outside"":false,""outsidePx"":0},{""x"":1492,""y"":594,""t"":615,""outside"":false,""outsidePx"":0},{""x"":1516.7,""y"":582,""t"":631,""outside"":false,""outsidePx"":0},{""x"":1546.7,""y"":566,""t"":648,""outside"":false,""outsidePx"":0},{""x"":1574.7,""y"":552,""t"":665,""outside"":false,""outsidePx"":0},{""x"":1614.7,""y"":532.7,""t"":682,""outside"":false,""outsidePx"":0},{""x"":1664,""y"":512,""t"":698,""outside"":false,""outsidePx"":0},{""x"":1707.3,""y"":489.3,""t"":715,""outside"":false,""outsidePx"":0},{""x"":1749.3,""y"":466.7,""t"":731,""outside"":false,""outsidePx"":0},{""x"":1790,""y"":440,""t"":748,""outside"":false,""outsidePx"":0},{""x"":1826.7,""y"":417.3,""t"":765,""outside"":false,""outsidePx"":0},{""x"":1863.3,""y"":392.7,""t"":781,""outside"":false,""outsidePx"":0},{""x"":1898,""y"":368.7,""t"":798,""outside"":false,""outsidePx"":0},{""x"":1924.7,""y"":347.3,""t"":815,""outside"":false,""outsidePx"":0},{""x"":1948.7,""y"":326.7,""t"":831,""outside"":false,""outsidePx"":0},{""x"":1976.7,""y"":302,""t"":848,""outside"":false,""outsidePx"":0},{""x"":1992.7,""y"":284.7,""t"":865,""outside"":false,""outsidePx"":0},{""x"":2001.3,""y"":274,""t"":882,""outside"":false,""outsidePx"":0},{""x"":2006.7,""y"":268.7,""t"":896,""outside"":false,""outsidePx"":0}]"
motoe,main,practice,C2,幅狭条件,A固定・W狭い,70,1350,19.286,2,26,56,56,56,2026-09-29T06:51:41.815Z,2026-09-29T06:51:42.930Z,1115,152,955,803,true,true,deviation,2182,235.3,1,true,1,117,5.1,false,"[{""startMs"":963,""startX"":1900,""startY"":405.3,""maxOutsidePx"":5.1,""endMs"":1080,""endX"":2146.7,""endY"":260,""durationMs"":117}]","[{""x"":531.3,""y"":1150.7,""t"":0,""outside"":false,""outsidePx"":0},{""x"":536.7,""y"":1148.7,""t"":13,""outside"":false,""outsidePx"":0},{""x"":548.7,""y"":1145.3,""t"":32,""outside"":false,""outsidePx"":0},{""x"":561.3,""y"":1142,""t"":46,""outside"":false,""outsidePx"":0},{""x"":582,""y"":1136.7,""t"":62,""outside"":false,""outsidePx"":0},{""x"":608.7,""y"":1126,""t"":79,""outside"":false,""outsidePx"":0},{""x"":631.3,""y"":1117.3,""t"":95,""outside"":false,""outsidePx"":0},{""x"":656,""y"":1108.7,""t"":113,""outside"":false,""outsidePx"":0},{""x"":682,""y"":1096.7,""t"":130,""outside"":false,""outsidePx"":0},{""x"":702.7,""y"":1086,""t"":147,""outside"":false,""outsidePx"":0},{""x"":724,""y"":1072,""t"":164,""outside"":false,""outsidePx"":0},{""x"":752,""y"":1052.7,""t"":181,""outside"":false,""outsidePx"":0},{""x"":776.7,""y"":1036.7,""t"":196,""outside"":false,""outsidePx"":0},{""x"":799.3,""y"":1021.3,""t"":213,""outside"":false,""outsidePx"":0},{""x"":820,""y"":1005.3,""t"":229,""outside"":false,""outsidePx"":0},{""x"":841.3,""y"":989.3,""t"":246,""outside"":false,""outsidePx"":0},{""x"":862,""y"":974,""t"":263,""outside"":false,""outsidePx"":0},{""x"":880,""y"":960,""t"":280,""outside"":false,""outsidePx"":0},{""x"":906,""y"":938.7,""t"":296,""outside"":false,""outsidePx"":0},{""x"":928.7,""y"":919.3,""t"":313,""outside"":false,""outsidePx"":0},{""x"":948,""y"":904,""t"":330,""outside"":false,""outsidePx"":0},{""x"":970.7,""y"":886.7,""t"":347,""outside"":false,""outsidePx"":0},{""x"":990,""y"":870.7,""t"":363,""outside"":false,""outsidePx"":0},{""x"":1004,""y"":860,""t"":380,""outside"":false,""outsidePx"":0},{""x"":1023.3,""y"":842.7,""t"":397,""outside"":false,""outsidePx"":0},{""x"":1042.7,""y"":828.7,""t"":414,""outside"":false,""outsidePx"":0},{""x"":1058,""y"":816.7,""t"":431,""outside"":false,""outsidePx"":0},{""x"":1077.3,""y"":802.7,""t"":449,""outside"":false,""outsidePx"":0},{""x"":1093.3,""y"":792,""t"":465,""outside"":false,""outsidePx"":0},{""x"":1110.7,""y"":783.3,""t"":482,""outside"":false,""outsidePx"":0},{""x"":1132,""y"":772.7,""t"":497,""outside"":false,""outsidePx"":0},{""x"":1152.7,""y"":764,""t"":514,""outside"":false,""outsidePx"":0},{""x"":1184,""y"":750,""t"":531,""outside"":false,""outsidePx"":0},{""x"":1214,""y"":739.3,""t"":547,""outside"":false,""outsidePx"":0},{""x"":1244,""y"":727.3,""t"":565,""outside"":false,""outsidePx"":0},{""x"":1268,""y"":716.7,""t"":580,""outside"":false,""outsidePx"":0},{""x"":1298,""y"":706,""t"":598,""outside"":false,""outsidePx"":0},{""x"":1322.7,""y"":695.3,""t"":616,""outside"":false,""outsidePx"":0},{""x"":1354,""y"":683.3,""t"":630,""outside"":false,""outsidePx"":0},{""x"":1380,""y"":671.3,""t"":648,""outside"":false,""outsidePx"":0},{""x"":1410,""y"":657.3,""t"":664,""outside"":false,""outsidePx"":0},{""x"":1434.7,""y"":646.7,""t"":683,""outside"":false,""outsidePx"":0},{""x"":1464,""y"":630.7,""t"":698,""outside"":false,""outsidePx"":0},{""x"":1490.7,""y"":618.7,""t"":716,""outside"":false,""outsidePx"":0},{""x"":1513.3,""y"":606.7,""t"":729,""outside"":false,""outsidePx"":0},{""x"":1534,""y"":596,""t"":748,""outside"":false,""outsidePx"":0},{""x"":1558.7,""y"":582,""t"":763,""outside"":false,""outsidePx"":0},{""x"":1584.7,""y"":568,""t"":782,""outside"":false,""outsidePx"":0},{""x"":1606,""y"":557.3,""t"":797,""outside"":false,""outsidePx"":0},{""x"":1630.7,""y"":543.3,""t"":814,""outside"":false,""outsidePx"":0},{""x"":1656.7,""y"":529.3,""t"":831,""outside"":false,""outsidePx"":0},{""x"":1693.3,""y"":510,""t"":846,""outside"":false,""outsidePx"":0},{""x"":1721.3,""y"":496,""t"":862,""outside"":false,""outsidePx"":0},{""x"":1751.3,""y"":480.7,""t"":883,""outside"":false,""outsidePx"":0},{""x"":1774,""y"":468,""t"":896,""outside"":false,""outsidePx"":0},{""x"":1805.3,""y"":450.7,""t"":913,""outside"":false,""outsidePx"":0},{""x"":1833.3,""y"":436.7,""t"":931,""outside"":false,""outsidePx"":0},{""x"":1866.7,""y"":420.7,""t"":947,""outside"":false,""outsidePx"":0},{""x"":1900,""y"":405.3,""t"":963,""outside"":true,""outsidePx"":2.5},{""x"":1938.7,""y"":386,""t"":980,""outside"":true,""outsidePx"":5.1},{""x"":1976.7,""y"":363.3,""t"":997,""outside"":true,""outsidePx"":4.5},{""x"":2017.3,""y"":338.7,""t"":1012,""outside"":true,""outsidePx"":3.4},{""x"":2057.3,""y"":314,""t"":1030,""outside"":true,""outsidePx"":2.1},{""x"":2099.3,""y"":289.3,""t"":1051,""outside"":true,""outsidePx"":1.7},{""x"":2126,""y"":274,""t"":1064,""outside"":true,""outsidePx"":1.8},{""x"":2146.7,""y"":260,""t"":1080,""outside"":false,""outsidePx"":0},{""x"":2171.3,""y"":244,""t"":1098,""outside"":false,""outsidePx"":0},{""x"":2182,""y"":235.3,""t"":1114,""outside"":false,""outsidePx"":0}]"
motoe,main,practice,C2,幅狭条件,A固定・W狭い,70,1350,19.286,2,27,57,57,57,2026-09-29T06:51:43.681Z,2026-09-29T06:51:44.540Z,859,142,701,559,true,true,none,2124,219.3,1,false,0,0,0,false,[],"[{""x"":528.7,""y"":1153.3,""t"":0,""outside"":false,""outsidePx"":0},{""x"":530,""y"":1153.3,""t"":29,""outside"":false,""outsidePx"":0},{""x"":536.7,""y"":1150.7,""t"":46,""outside"":false,""outsidePx"":0},{""x"":550.7,""y"":1143.3,""t"":63,""outside"":false,""outsidePx"":0},{""x"":575.3,""y"":1129.3,""t"":81,""outside"":false,""outsidePx"":0},{""x"":608.7,""y"":1114,""t"":96,""outside"":false,""outsidePx"":0},{""x"":640,""y"":1100,""t"":112,""outside"":false,""outsidePx"":0},{""x"":671.3,""y"":1082.7,""t"":129,""outside"":false,""outsidePx"":0},{""x"":712,""y"":1063.3,""t"":146,""outside"":false,""outsidePx"":0},{""x"":750,""y"":1042,""t"":163,""outside"":false,""outsidePx"":0},{""x"":790.7,""y"":1021.3,""t"":181,""outside"":false,""outsidePx"":0},{""x"":834,""y"":998.7,""t"":197,""outside"":false,""outsidePx"":0},{""x"":881.3,""y"":974,""t"":215,""outside"":false,""outsidePx"":0},{""x"":926.7,""y"":949.3,""t"":231,""outside"":false,""outsidePx"":0},{""x"":962,""y"":932,""t"":247,""outside"":false,""outsidePx"":0},{""x"":992,""y"":914.7,""t"":262,""outside"":false,""outsidePx"":0},{""x"":1023.3,""y"":895.3,""t"":281,""outside"":false,""outsidePx"":0},{""x"":1048,""y"":881.3,""t"":297,""outside"":false,""outsidePx"":0},{""x"":1079.3,""y"":862,""t"":314,""outside"":false,""outsidePx"":0},{""x"":1114,""y"":840.7,""t"":331,""outside"":false,""outsidePx"":0},{""x"":1147.3,""y"":821.3,""t"":347,""outside"":false,""outsidePx"":0},{""x"":1182.7,""y"":800.7,""t"":362,""outside"":false,""outsidePx"":0},{""x"":1220.7,""y"":776,""t"":382,""outside"":false,""outsidePx"":0},{""x"":1254,""y"":756.7,""t"":397,""outside"":false,""outsidePx"":0},{""x"":1289.3,""y"":734,""t"":414,""outside"":false,""outsidePx"":0},{""x"":1326,""y"":709.3,""t"":429,""outside"":false,""outsidePx"":0},{""x"":1366,""y"":685.3,""t"":446,""outside"":false,""outsidePx"":0},{""x"":1401.3,""y"":666,""t"":463,""outside"":false,""outsidePx"":0},{""x"":1440,""y"":643.3,""t"":481,""outside"":false,""outsidePx"":0},{""x"":1469.3,""y"":625.3,""t"":497,""outside"":false,""outsidePx"":0},{""x"":1502.7,""y"":606.7,""t"":513,""outside"":false,""outsidePx"":0},{""x"":1530.7,""y"":590.7,""t"":531,""outside"":false,""outsidePx"":0},{""x"":1555.3,""y"":576.7,""t"":547,""outside"":false,""outsidePx"":0},{""x"":1583.3,""y"":559.3,""t"":563,""outside"":false,""outsidePx"":0},{""x"":1614.7,""y"":540,""t"":579,""outside"":false,""outsidePx"":0},{""x"":1646,""y"":522.7,""t"":596,""outside"":false,""outsidePx"":0},{""x"":1676,""y"":504.7,""t"":614,""outside"":false,""outsidePx"":0},{""x"":1712.7,""y"":482,""t"":631,""outside"":false,""outsidePx"":0},{""x"":1746,""y"":464.7,""t"":649,""outside"":false,""outsidePx"":0},{""x"":1782.7,""y"":442,""t"":665,""outside"":false,""outsidePx"":0},{""x"":1821.3,""y"":419.3,""t"":679,""outside"":false,""outsidePx"":0},{""x"":1861.3,""y"":396.7,""t"":698,""outside"":false,""outsidePx"":0},{""x"":1903.3,""y"":372,""t"":714,""outside"":false,""outsidePx"":0},{""x"":1945.3,""y"":345.3,""t"":731,""outside"":false,""outsidePx"":0},{""x"":1989.3,""y"":316,""t"":746,""outside"":false,""outsidePx"":0},{""x"":2026,""y"":288,""t"":762,""outside"":false,""outsidePx"":0},{""x"":2059.3,""y"":265.3,""t"":780,""outside"":false,""outsidePx"":0},{""x"":2085.3,""y"":244,""t"":798,""outside"":false,""outsidePx"":0},{""x"":2108,""y"":230,""t"":814,""outside"":false,""outsidePx"":0},{""x"":2122,""y"":221.3,""t"":830,""outside"":false,""outsidePx"":0},{""x"":2124,""y"":219.3,""t"":846,""outside"":false,""outsidePx"":0}]"
motoe,main,practice,C2,幅狭条件,A固定・W狭い,70,1350,19.286,2,28,58,58,58,2026-09-29T06:51:45.288Z,2026-09-29T06:51:46.202Z,914,123,756,633,true,true,none,2155.3,188,1,false,0,0,0,false,[],"[{""x"":582,""y"":1136,""t"":0,""outside"":false,""outsidePx"":0},{""x"":584,""y"":1136,""t"":39,""outside"":false,""outsidePx"":0},{""x"":590.7,""y"":1131.3,""t"":55,""outside"":false,""outsidePx"":0},{""x"":604.7,""y"":1119.3,""t"":71,""outside"":false,""outsidePx"":0},{""x"":631.3,""y"":1101.3,""t"":89,""outside"":false,""outsidePx"":0},{""x"":664.7,""y"":1080.7,""t"":107,""outside"":false,""outsidePx"":0},{""x"":699.3,""y"":1059.3,""t"":124,""outside"":false,""outsidePx"":0},{""x"":744.7,""y"":1035.3,""t"":140,""outside"":false,""outsidePx"":0},{""x"":783.3,""y"":1012.7,""t"":156,""outside"":false,""outsidePx"":0},{""x"":820,""y"":991.3,""t"":173,""outside"":false,""outsidePx"":0},{""x"":850,""y"":970.7,""t"":191,""outside"":false,""outsidePx"":0},{""x"":874.7,""y"":952.7,""t"":208,""outside"":false,""outsidePx"":0},{""x"":898.7,""y"":935.3,""t"":224,""outside"":false,""outsidePx"":0},{""x"":920,""y"":919.3,""t"":240,""outside"":false,""outsidePx"":0},{""x"":946,""y"":902,""t"":257,""outside"":false,""outsidePx"":0},{""x"":970.7,""y"":884.7,""t"":273,""outside"":false,""outsidePx"":0},{""x"":995.3,""y"":867.3,""t"":291,""outside"":false,""outsidePx"":0},{""x"":1023.3,""y"":848,""t"":306,""outside"":false,""outsidePx"":0},{""x"":1048,""y"":832,""t"":326,""outside"":false,""outsidePx"":0},{""x"":1074,""y"":814.7,""t"":343,""outside"":false,""outsidePx"":0},{""x"":1094.7,""y"":802.7,""t"":357,""outside"":false,""outsidePx"":0},{""x"":1119.3,""y"":786.7,""t"":374,""outside"":false,""outsidePx"":0},{""x"":1146,""y"":772.7,""t"":390,""outside"":false,""outsidePx"":0},{""x"":1174,""y"":758.7,""t"":407,""outside"":false,""outsidePx"":0},{""x"":1212,""y"":737.3,""t"":426,""outside"":false,""outsidePx"":0},{""x"":1238.7,""y"":725.3,""t"":440,""outside"":false,""outsidePx"":0},{""x"":1272,""y"":706,""t"":457,""outside"":false,""outsidePx"":0},{""x"":1303.3,""y"":688.7,""t"":472,""outside"":false,""outsidePx"":0},{""x"":1338,""y"":669.3,""t"":490,""outside"":false,""outsidePx"":0},{""x"":1371.3,""y"":652,""t"":506,""outside"":false,""outsidePx"":0},{""x"":1399.3,""y"":638,""t"":525,""outside"":false,""outsidePx"":0},{""x"":1432.7,""y"":622,""t"":541,""outside"":false,""outsidePx"":0},{""x"":1472.7,""y"":602.7,""t"":558,""outside"":false,""outsidePx"":0},{""x"":1500.7,""y"":590.7,""t"":576,""outside"":false,""outsidePx"":0},{""x"":1530.7,""y"":576.7,""t"":590,""outside"":false,""outsidePx"":0},{""x"":1562,""y"":557.3,""t"":608,""outside"":false,""outsidePx"":0},{""x"":1595.3,""y"":540,""t"":624,""outside"":false,""outsidePx"":0},{""x"":1628.7,""y"":520.7,""t"":640,""outside"":false,""outsidePx"":0},{""x"":1662,""y"":501.3,""t"":655,""outside"":false,""outsidePx"":0},{""x"":1695.3,""y"":480.7,""t"":672,""outside"":false,""outsidePx"":0},{""x"":1726.7,""y"":461.3,""t"":691,""outside"":false,""outsidePx"":0},{""x"":1762,""y"":440,""t"":708,""outside"":false,""outsidePx"":0},{""x"":1790,""y"":422.7,""t"":724,""outside"":false,""outsidePx"":0},{""x"":1826.7,""y"":400,""t"":739,""outside"":false,""outsidePx"":0},{""x"":1861.3,""y"":377.3,""t"":756,""outside"":false,""outsidePx"":0},{""x"":1898,""y"":354.7,""t"":772,""outside"":false,""outsidePx"":0},{""x"":1930,""y"":333.3,""t"":789,""outside"":false,""outsidePx"":0},{""x"":1961.3,""y"":312.7,""t"":806,""outside"":false,""outsidePx"":0},{""x"":1996,""y"":289.3,""t"":824,""outside"":false,""outsidePx"":0},{""x"":2038,""y"":265.3,""t"":841,""outside"":false,""outsidePx"":0},{""x"":2084,""y"":237.3,""t"":859,""outside"":false,""outsidePx"":0},{""x"":2116.7,""y"":216,""t"":872,""outside"":false,""outsidePx"":0},{""x"":2144.7,""y"":196.7,""t"":889,""outside"":false,""outsidePx"":0},{""x"":2155.3,""y"":188,""t"":905,""outside"":false,""outsidePx"":0}]"
motoe,main,practice,C2,幅狭条件,A固定・W狭い,70,1350,19.286,2,29,59,59,59,2026-09-29T06:51:46.902Z,2026-09-29T06:51:47.848Z,946,143,785,642,true,true,none,2090.7,240.7,1,false,0,0,0,false,[],"[{""x"":539.3,""y"":1132.7,""t"":0,""outside"":false,""outsidePx"":0},{""x"":540,""y"":1132.7,""t"":36,""outside"":false,""outsidePx"":0},{""x"":544,""y"":1132.7,""t"":40,""outside"":false,""outsidePx"":0},{""x"":556,""y"":1128,""t"":58,""outside"":false,""outsidePx"":0},{""x"":575.3,""y"":1117.3,""t"":74,""outside"":false,""outsidePx"":0},{""x"":601.3,""y"":1103.3,""t"":95,""outside"":false,""outsidePx"":0},{""x"":624,""y"":1091.3,""t"":109,""outside"":false,""outsidePx"":0},{""x"":650.7,""y"":1072,""t"":124,""outside"":false,""outsidePx"":0},{""x"":687.3,""y"":1049.3,""t"":141,""outside"":false,""outsidePx"":0},{""x"":720.7,""y"":1026.7,""t"":159,""outside"":false,""outsidePx"":0},{""x"":754,""y"":1003.3,""t"":175,""outside"":false,""outsidePx"":0},{""x"":792,""y"":977.3,""t"":191,""outside"":false,""outsidePx"":0},{""x"":818.7,""y"":961.3,""t"":208,""outside"":false,""outsidePx"":0},{""x"":842.7,""y"":944,""t"":224,""outside"":false,""outsidePx"":0},{""x"":864,""y"":932,""t"":242,""outside"":false,""outsidePx"":0},{""x"":886.7,""y"":919.3,""t"":259,""outside"":false,""outsidePx"":0},{""x"":908,""y"":905.3,""t"":275,""outside"":false,""outsidePx"":0},{""x"":930.7,""y"":893.3,""t"":291,""outside"":false,""outsidePx"":0},{""x"":953.3,""y"":881.3,""t"":310,""outside"":false,""outsidePx"":0},{""x"":979.3,""y"":867.3,""t"":326,""outside"":false,""outsidePx"":0},{""x"":1004,""y"":853.3,""t"":342,""outside"":false,""outsidePx"":0},{""x"":1032,""y"":840.7,""t"":358,""outside"":false,""outsidePx"":0},{""x"":1060,""y"":826.7,""t"":374,""outside"":false,""outsidePx"":0},{""x"":1094.7,""y"":811.3,""t"":390,""outside"":false,""outsidePx"":0},{""x"":1132,""y"":793.3,""t"":408,""outside"":false,""outsidePx"":0},{""x"":1168.7,""y"":778,""t"":426,""outside"":false,""outsidePx"":0},{""x"":1202,""y"":762,""t"":442,""outside"":false,""outsidePx"":0},{""x"":1231.3,""y"":744.7,""t"":461,""outside"":false,""outsidePx"":0},{""x"":1258,""y"":730.7,""t"":474,""outside"":false,""outsidePx"":0},{""x"":1286,""y"":714.7,""t"":491,""outside"":false,""outsidePx"":0},{""x"":1314,""y"":697.3,""t"":508,""outside"":false,""outsidePx"":0},{""x"":1348.7,""y"":678,""t"":525,""outside"":false,""outsidePx"":0},{""x"":1376.7,""y"":662.7,""t"":541,""outside"":false,""outsidePx"":0},{""x"":1416.7,""y"":639.3,""t"":557,""outside"":false,""outsidePx"":0},{""x"":1450,""y"":618.7,""t"":576,""outside"":false,""outsidePx"":0},{""x"":1483.3,""y"":599.3,""t"":594,""outside"":false,""outsidePx"":0},{""x"":1516.7,""y"":582,""t"":609,""outside"":false,""outsidePx"":0},{""x"":1548,""y"":564.7,""t"":628,""outside"":false,""outsidePx"":0},{""x"":1578,""y"":548.7,""t"":641,""outside"":false,""outsidePx"":0},{""x"":1608,""y"":531.3,""t"":659,""outside"":false,""outsidePx"":0},{""x"":1637.3,""y"":515.3,""t"":675,""outside"":false,""outsidePx"":0},{""x"":1670.7,""y"":496,""t"":691,""outside"":false,""outsidePx"":0},{""x"":1709.3,""y"":476.7,""t"":708,""outside"":false,""outsidePx"":0},{""x"":1744,""y"":457.3,""t"":726,""outside"":false,""outsidePx"":0},{""x"":1782.7,""y"":438.7,""t"":742,""outside"":false,""outsidePx"":0},{""x"":1819.3,""y"":419.3,""t"":757,""outside"":false,""outsidePx"":0},{""x"":1852.7,""y"":403.3,""t"":777,""outside"":false,""outsidePx"":0},{""x"":1889.3,""y"":384,""t"":793,""outside"":false,""outsidePx"":0},{""x"":1926,""y"":363.3,""t"":809,""outside"":false,""outsidePx"":0},{""x"":1966.7,""y"":336.7,""t"":825,""outside"":false,""outsidePx"":0},{""x"":2003.3,""y"":310.7,""t"":840,""outside"":false,""outsidePx"":0},{""x"":2032.7,""y"":286,""t"":859,""outside"":false,""outsidePx"":0},{""x"":2052,""y"":270.7,""t"":876,""outside"":false,""outsidePx"":0},{""x"":2068,""y"":258,""t"":892,""outside"":false,""outsidePx"":0},{""x"":2078.7,""y"":249.3,""t"":907,""outside"":false,""outsidePx"":0},{""x"":2084,""y"":246,""t"":923,""outside"":false,""outsidePx"":0},{""x"":2090.7,""y"":240.7,""t"":944,""outside"":false,""outsidePx"":0}]"
motoe,main,practice,C2,幅狭条件,A固定・W狭い,70,1350,19.286,2,30,60,60,60,2026-09-29T06:51:48.574Z,2026-09-29T06:51:49.578Z,1004,140,822,682,true,true,none,2143.3,209.3,1,false,0,0,0,false,[],"[{""x"":539.3,""y"":1141.3,""t"":0,""outside"":false,""outsidePx"":0},{""x"":540,""y"":1141.3,""t"":22,""outside"":false,""outsidePx"":0},{""x"":545.3,""y"":1138.7,""t"":37,""outside"":false,""outsidePx"":0},{""x"":562.7,""y"":1129.3,""t"":53,""outside"":false,""outsidePx"":0},{""x"":586,""y"":1119.3,""t"":70,""outside"":false,""outsidePx"":0},{""x"":608.7,""y"":1106.7,""t"":85,""outside"":false,""outsidePx"":0},{""x"":636.7,""y"":1092.7,""t"":104,""outside"":false,""outsidePx"":0},{""x"":664.7,""y"":1077.3,""t"":122,""outside"":false,""outsidePx"":0},{""x"":688.7,""y"":1064.7,""t"":137,""outside"":false,""outsidePx"":0},{""x"":724,""y"":1045.3,""t"":152,""outside"":false,""outsidePx"":0},{""x"":760.7,""y"":1024.7,""t"":170,""outside"":false,""outsidePx"":0},{""x"":800.7,""y"":1005.3,""t"":185,""outside"":false,""outsidePx"":0},{""x"":841.3,""y"":984.7,""t"":203,""outside"":false,""outsidePx"":0},{""x"":876,""y"":965.3,""t"":221,""outside"":false,""outsidePx"":0},{""x"":906,""y"":949.3,""t"":236,""outside"":false,""outsidePx"":0},{""x"":934,""y"":933.3,""t"":254,""outside"":false,""outsidePx"":0},{""x"":950,""y"":923.3,""t"":272,""outside"":false,""outsidePx"":0},{""x"":976,""y"":907.3,""t"":288,""outside"":false,""outsidePx"":0},{""x"":1006,""y"":890,""t"":304,""outside"":false,""outsidePx"":0},{""x"":1040.7,""y"":868.7,""t"":318,""outside"":false,""outsidePx"":0},{""x"":1072,""y"":851.3,""t"":336,""outside"":false,""outsidePx"":0},{""x"":1102,""y"":832,""t"":356,""outside"":false,""outsidePx"":0},{""x"":1133.3,""y"":812.7,""t"":370,""outside"":false,""outsidePx"":0},{""x"":1163.3,""y"":793.3,""t"":385,""outside"":false,""outsidePx"":0},{""x"":1196.7,""y"":774.7,""t"":404,""outside"":false,""outsidePx"":0},{""x"":1220.7,""y"":760.7,""t"":420,""outside"":false,""outsidePx"":0},{""x"":1252.7,""y"":741.3,""t"":437,""outside"":false,""outsidePx"":0},{""x"":1280.7,""y"":723.3,""t"":454,""outside"":false,""outsidePx"":0},{""x"":1304.7,""y"":709.3,""t"":468,""outside"":false,""outsidePx"":0},{""x"":1329.3,""y"":695.3,""t"":486,""outside"":false,""outsidePx"":0},{""x"":1357.3,""y"":678,""t"":503,""outside"":false,""outsidePx"":0},{""x"":1382,""y"":666,""t"":518,""outside"":false,""outsidePx"":0},{""x"":1410,""y"":650,""t"":537,""outside"":false,""outsidePx"":0},{""x"":1441.3,""y"":632.7,""t"":555,""outside"":false,""outsidePx"":0},{""x"":1474.7,""y"":611.3,""t"":570,""outside"":false,""outsidePx"":0},{""x"":1511.3,""y"":592.7,""t"":586,""outside"":false,""outsidePx"":0},{""x"":1546.7,""y"":571.3,""t"":602,""outside"":false,""outsidePx"":0},{""x"":1574.7,""y"":554,""t"":620,""outside"":false,""outsidePx"":0},{""x"":1606,""y"":538,""t"":637,""outside"":false,""outsidePx"":0},{""x"":1634,""y"":522.7,""t"":654,""outside"":false,""outsidePx"":0},{""x"":1660,""y"":508.7,""t"":669,""outside"":false,""outsidePx"":0},{""x"":1682.7,""y"":498,""t"":685,""outside"":false,""outsidePx"":0},{""x"":1706,""y"":487.3,""t"":702,""outside"":false,""outsidePx"":0},{""x"":1728.7,""y"":475.3,""t"":721,""outside"":false,""outsidePx"":0},{""x"":1749.3,""y"":464.7,""t"":737,""outside"":false,""outsidePx"":0},{""x"":1776,""y"":452.7,""t"":753,""outside"":false,""outsidePx"":0},{""x"":1796.7,""y"":440,""t"":770,""outside"":false,""outsidePx"":0},{""x"":1821.3,""y"":426,""t"":786,""outside"":false,""outsidePx"":0},{""x"":1844,""y"":412,""t"":802,""outside"":false,""outsidePx"":0},{""x"":1866.7,""y"":396.7,""t"":819,""outside"":false,""outsidePx"":0},{""x"":1891.3,""y"":382.7,""t"":836,""outside"":false,""outsidePx"":0},{""x"":1928,""y"":359.3,""t"":854,""outside"":false,""outsidePx"":0},{""x"":1961.3,""y"":338.7,""t"":869,""outside"":false,""outsidePx"":0},{""x"":2000,""y"":312.7,""t"":885,""outside"":false,""outsidePx"":0},{""x"":2040,""y"":284.7,""t"":902,""outside"":false,""outsidePx"":0},{""x"":2073.3,""y"":261.3,""t"":918,""outside"":false,""outsidePx"":0},{""x"":2099.3,""y"":240.7,""t"":936,""outside"":false,""outsidePx"":0},{""x"":2118.7,""y"":226.7,""t"":953,""outside"":false,""outsidePx"":0},{""x"":2132.7,""y"":218,""t"":971,""outside"":false,""outsidePx"":0},{""x"":2138,""y"":212.7,""t"":986,""outside"":false,""outsidePx"":0},{""x"":2143.3,""y"":209.3,""t"":1003,""outside"":false,""outsidePx"":0}]"
motoe,main,practice,C3,距離大条件,W固定・A長い,35,675,19.286,3,1,61,61,61,2026-09-29T06:51:50.473Z,2026-09-29T06:51:51.738Z,1265,338,1084,746,true,true,deviation,1812.7,417.3,1,true,3,305,4.3,false,"[{""startMs"":404,""startX"":1016,""startY"":851.3,""maxOutsidePx"":4.3,""endMs"":656,""endX"":1175.3,""endY"":760.7,""durationMs"":252},{""startMs"":736,""startX"":1231.3,""startY"":727.3,""maxOutsidePx"":0.5,""endMs"":754,""endX"":1245.3,""endY"":720,""durationMs"":18},{""startMs"":769,""startX"":1261.3,""startY"":709.3,""maxOutsidePx"":1.1,""endMs"":804,""endX"":1298,""endY"":690.7,""durationMs"":35}]","[{""x"":670,""y"":1066.7,""t"":0,""outside"":false,""outsidePx"":0},{""x"":680,""y"":1059.3,""t"":4,""outside"":false,""outsidePx"":0},{""x"":687.3,""y"":1054.7,""t"":21,""outside"":false,""outsidePx"":0},{""x"":698,""y"":1049.3,""t"":35,""outside"":false,""outsidePx"":0},{""x"":706.7,""y"":1044,""t"":54,""outside"":false,""outsidePx"":0},{""x"":718.7,""y"":1036.7,""t"":70,""outside"":false,""outsidePx"":0},{""x"":736,""y"":1026.7,""t"":89,""outside"":false,""outsidePx"":0},{""x"":750,""y"":1017.3,""t"":104,""outside"":false,""outsidePx"":0},{""x"":769.3,""y"":1007.3,""t"":121,""outside"":false,""outsidePx"":0},{""x"":786.7,""y"":996.7,""t"":135,""outside"":false,""outsidePx"":0},{""x"":802.7,""y"":988,""t"":152,""outside"":false,""outsidePx"":0},{""x"":820,""y"":979.3,""t"":170,""outside"":false,""outsidePx"":0},{""x"":838,""y"":970.7,""t"":188,""outside"":false,""outsidePx"":0},{""x"":852,""y"":961.3,""t"":203,""outside"":false,""outsidePx"":0},{""x"":866,""y"":952.7,""t"":219,""outside"":false,""outsidePx"":0},{""x"":881.3,""y"":944,""t"":236,""outside"":false,""outsidePx"":0},{""x"":897.3,""y"":933.3,""t"":252,""outside"":false,""outsidePx"":0},{""x"":912.7,""y"":923.3,""t"":269,""outside"":false,""outsidePx"":0},{""x"":930.7,""y"":910.7,""t"":286,""outside"":false,""outsidePx"":0},{""x"":946,""y"":898.7,""t"":303,""outside"":false,""outsidePx"":0},{""x"":964,""y"":886.7,""t"":321,""outside"":false,""outsidePx"":0},{""x"":979.3,""y"":876,""t"":337,""outside"":false,""outsidePx"":0},{""x"":990,""y"":868.7,""t"":353,""outside"":false,""outsidePx"":0},{""x"":1000.7,""y"":863.3,""t"":369,""outside"":false,""outsidePx"":0},{""x"":1009.3,""y"":856.7,""t"":388,""outside"":false,""outsidePx"":0},{""x"":1016,""y"":851.3,""t"":404,""outside"":true,""outsidePx"":0.8},{""x"":1024.7,""y"":846,""t"":421,""outside"":true,""outsidePx"":1},{""x"":1035.3,""y"":837.3,""t"":436,""outside"":true,""outsidePx"":3.2},{""x"":1046,""y"":832,""t"":452,""outside"":true,""outsidePx"":2.5},{""x"":1056.7,""y"":825.3,""t"":471,""outside"":true,""outsidePx"":2.9},{""x"":1066.7,""y"":818,""t"":488,""outside"":true,""outsidePx"":4.3},{""x"":1077.3,""y"":812.7,""t"":504,""outside"":true,""outsidePx"":3.6},{""x"":1084.7,""y"":809.3,""t"":519,""outside"":true,""outsidePx"":2.8},{""x"":1094.7,""y"":804,""t"":536,""outside"":true,""outsidePx"":2.4},{""x"":1105.3,""y"":798.7,""t"":554,""outside"":true,""outsidePx"":1.7},{""x"":1118,""y"":792,""t"":570,""outside"":true,""outsidePx"":1.1},{""x"":1130,""y"":784.7,""t"":585,""outside"":true,""outsidePx"":1.5},{""x"":1142,""y"":778,""t"":602,""outside"":true,""outsidePx"":1.3},{""x"":1154.7,""y"":770.7,""t"":620,""outside"":true,""outsidePx"":1.3},{""x"":1164.7,""y"":765.3,""t"":636,""outside"":true,""outsidePx"":0.9},{""x"":1175.3,""y"":760.7,""t"":656,""outside"":false,""outsidePx"":0},{""x"":1184,""y"":755.3,""t"":670,""outside"":false,""outsidePx"":0},{""x"":1196.7,""y"":748,""t"":685,""outside"":false,""outsidePx"":0},{""x"":1206.7,""y"":742.7,""t"":703,""outside"":false,""outsidePx"":0},{""x"":1219.3,""y"":736,""t"":720,""outside"":false,""outsidePx"":0},{""x"":1231.3,""y"":727.3,""t"":736,""outside"":true,""outsidePx"":0.5},{""x"":1245.3,""y"":720,""t"":754,""outside"":false,""outsidePx"":0},{""x"":1261.3,""y"":709.3,""t"":769,""outside"":true,""outsidePx"":1.1},{""x"":1280.7,""y"":699.3,""t"":786,""outside"":true,""outsidePx"":0.1},{""x"":1298,""y"":690.7,""t"":804,""outside"":false,""outsidePx"":0},{""x"":1312,""y"":683.3,""t"":822,""outside"":false,""outsidePx"":0},{""x"":1328,""y"":674.7,""t"":836,""outside"":false,""outsidePx"":0},{""x"":1340,""y"":666,""t"":854,""outside"":false,""outsidePx"":0},{""x"":1356,""y"":658.7,""t"":869,""outside"":false,""outsidePx"":0},{""x"":1376.7,""y"":646.7,""t"":890,""outside"":false,""outsidePx"":0},{""x"":1394,""y"":638,""t"":904,""outside"":false,""outsidePx"":0},{""x"":1408,""y"":630.7,""t"":921,""outside"":false,""outsidePx"":0},{""x"":1422,""y"":624,""t"":936,""outside"":false,""outsidePx"":0},{""x"":1438,""y"":615.3,""t"":952,""outside"":false,""outsidePx"":0},{""x"":1454,""y"":608,""t"":969,""outside"":false,""outsidePx"":0},{""x"":1468,""y"":599.3,""t"":987,""outside"":false,""outsidePx"":0},{""x"":1485.3,""y"":590.7,""t"":1003,""outside"":false,""outsidePx"":0},{""x"":1502.7,""y"":582,""t"":1020,""outside"":false,""outsidePx"":0},{""x"":1520,""y"":573.3,""t"":1037,""outside"":false,""outsidePx"":0},{""x"":1539.3,""y"":564.7,""t"":1054,""outside"":false,""outsidePx"":0},{""x"":1555.3,""y"":557.3,""t"":1069,""outside"":false,""outsidePx"":0},{""x"":1572.7,""y"":548.7,""t"":1085,""outside"":false,""outsidePx"":0},{""x"":1592,""y"":540,""t"":1103,""outside"":false,""outsidePx"":0},{""x"":1611.3,""y"":531.3,""t"":1119,""outside"":false,""outsidePx"":0},{""x"":1626.7,""y"":522.7,""t"":1137,""outside"":false,""outsidePx"":0},{""x"":1646,""y"":513.3,""t"":1155,""outside"":false,""outsidePx"":0},{""x"":1665.3,""y"":501.3,""t"":1168,""outside"":false,""outsidePx"":0},{""x"":1688,""y"":489.3,""t"":1188,""outside"":false,""outsidePx"":0},{""x"":1716,""y"":473.3,""t"":1202,""outside"":false,""outsidePx"":0},{""x"":1749.3,""y"":456,""t"":1220,""outside"":false,""outsidePx"":0},{""x"":1780.7,""y"":438.7,""t"":1235,""outside"":false,""outsidePx"":0},{""x"":1805.3,""y"":422.7,""t"":1255,""outside"":false,""outsidePx"":0},{""x"":1812.7,""y"":417.3,""t"":1263,""outside"":false,""outsidePx"":0}]"
motoe,main,practice,C3,距離大条件,W固定・A長い,35,675,19.286,3,2,62,62,62,2026-09-29T06:51:52.395Z,2026-09-29T06:51:53.432Z,1037,302,865,563,false,true,near_goal_pointerup,1852.7,429.3,1,true,1,106,17.1,false,"[{""startMs"":931,""startX"":1700.7,""startY"":499.3,""maxOutsidePx"":17.1,""endMs"":1037,""endX"":1852.7,""endY"":429.3,""durationMs"":106}]","[{""x"":830.7,""y"":984.7,""t"":0,""outside"":false,""outsidePx"":0},{""x"":834,""y"":980.7,""t"":14,""outside"":false,""outsidePx"":0},{""x"":838,""y"":977.3,""t"":31,""outside"":false,""outsidePx"":0},{""x"":844.7,""y"":972,""t"":48,""outside"":false,""outsidePx"":0},{""x"":850,""y"":970.7,""t"":65,""outside"":false,""outsidePx"":0},{""x"":856.7,""y"":966.7,""t"":80,""outside"":false,""outsidePx"":0},{""x"":864,""y"":961.3,""t"":98,""outside"":false,""outsidePx"":0},{""x"":872.7,""y"":958,""t"":114,""outside"":false,""outsidePx"":0},{""x"":883.3,""y"":951.3,""t"":131,""outside"":false,""outsidePx"":0},{""x"":892,""y"":946,""t"":148,""outside"":false,""outsidePx"":0},{""x"":904,""y"":937.3,""t"":165,""outside"":false,""outsidePx"":0},{""x"":911.3,""y"":933.3,""t"":182,""outside"":false,""outsidePx"":0},{""x"":920,""y"":926.7,""t"":198,""outside"":false,""outsidePx"":0},{""x"":928.7,""y"":921.3,""t"":213,""outside"":false,""outsidePx"":0},{""x"":937.3,""y"":914.7,""t"":231,""outside"":false,""outsidePx"":0},{""x"":950,""y"":907.3,""t"":248,""outside"":false,""outsidePx"":0},{""x"":960,""y"":900.7,""t"":265,""outside"":false,""outsidePx"":0},{""x"":970.7,""y"":893.3,""t"":281,""outside"":false,""outsidePx"":0},{""x"":982.7,""y"":886.7,""t"":299,""outside"":false,""outsidePx"":0},{""x"":996.7,""y"":876,""t"":315,""outside"":false,""outsidePx"":0},{""x"":1014.7,""y"":865.3,""t"":332,""outside"":false,""outsidePx"":0},{""x"":1028.7,""y"":854.7,""t"":348,""outside"":false,""outsidePx"":0},{""x"":1046,""y"":844.7,""t"":364,""outside"":false,""outsidePx"":0},{""x"":1062,""y"":835.3,""t"":381,""outside"":false,""outsidePx"":0},{""x"":1074,""y"":828.7,""t"":399,""outside"":false,""outsidePx"":0},{""x"":1086,""y"":820,""t"":415,""outside"":false,""outsidePx"":0},{""x"":1100,""y"":812.7,""t"":432,""outside"":false,""outsidePx"":0},{""x"":1114,""y"":804,""t"":448,""outside"":false,""outsidePx"":0},{""x"":1135.3,""y"":792,""t"":468,""outside"":false,""outsidePx"":0},{""x"":1154.7,""y"":783.3,""t"":484,""outside"":false,""outsidePx"":0},{""x"":1172,""y"":772.7,""t"":498,""outside"":false,""outsidePx"":0},{""x"":1191.3,""y"":764,""t"":515,""outside"":false,""outsidePx"":0},{""x"":1205.3,""y"":756.7,""t"":530,""outside"":false,""outsidePx"":0},{""x"":1219.3,""y"":750,""t"":550,""outside"":false,""outsidePx"":0},{""x"":1230,""y"":744.7,""t"":565,""outside"":false,""outsidePx"":0},{""x"":1242,""y"":737.3,""t"":580,""outside"":false,""outsidePx"":0},{""x"":1256,""y"":728.7,""t"":599,""outside"":false,""outsidePx"":0},{""x"":1273.3,""y"":720,""t"":615,""outside"":false,""outsidePx"":0},{""x"":1296,""y"":708,""t"":634,""outside"":false,""outsidePx"":0},{""x"":1317.3,""y"":695.3,""t"":647,""outside"":false,""outsidePx"":0},{""x"":1340,""y"":681.3,""t"":664,""outside"":false,""outsidePx"":0},{""x"":1356,""y"":672.7,""t"":680,""outside"":false,""outsidePx"":0},{""x"":1370,""y"":664,""t"":697,""outside"":false,""outsidePx"":0},{""x"":1380,""y"":657.3,""t"":713,""outside"":false,""outsidePx"":0},{""x"":1394,""y"":648.7,""t"":731,""outside"":false,""outsidePx"":0},{""x"":1408,""y"":639.3,""t"":747,""outside"":false,""outsidePx"":0},{""x"":1426,""y"":629.3,""t"":764,""outside"":false,""outsidePx"":0},{""x"":1448.7,""y"":615.3,""t"":781,""outside"":false,""outsidePx"":0},{""x"":1471.3,""y"":604.7,""t"":798,""outside"":false,""outsidePx"":0},{""x"":1496,""y"":592.7,""t"":814,""outside"":false,""outsidePx"":0},{""x"":1520,""y"":580,""t"":832,""outside"":false,""outsidePx"":0},{""x"":1544.7,""y"":568,""t"":848,""outside"":false,""outsidePx"":0},{""x"":1574.7,""y"":554,""t"":866,""outside"":false,""outsidePx"":0},{""x"":1600.7,""y"":541.3,""t"":882,""outside"":false,""outsidePx"":0},{""x"":1636,""y"":526,""t"":900,""outside"":false,""outsidePx"":0},{""x"":1665.3,""y"":513.3,""t"":913,""outside"":false,""outsidePx"":0},{""x"":1700.7,""y"":499.3,""t"":931,""outside"":true,""outsidePx"":1.7},{""x"":1737.3,""y"":484,""t"":951,""outside"":true,""outsidePx"":6.8},{""x"":1760,""y"":473.3,""t"":963,""outside"":true,""outsidePx"":8.9},{""x"":1788,""y"":461.3,""t"":983,""outside"":true,""outsidePx"":12.5},{""x"":1814,""y"":448.7,""t"":997,""outside"":true,""outsidePx"":14.5},{""x"":1835.3,""y"":438.7,""t"":1014,""outside"":true,""outsidePx"":16.5},{""x"":1850.7,""y"":429.3,""t"":1030,""outside"":true,""outsidePx"":16.1},{""x"":1852.7,""y"":429.3,""t"":1036,""outside"":true,""outsidePx"":17.1}]"
motoe,main,practice,C3,距離大条件,W固定・A長い,35,675,19.286,3,3,63,63,63,2026-09-29T06:51:54.058Z,2026-09-29T06:51:55.185Z,1127,279,879,600,true,true,none,1791.3,444.7,1,false,0,0,0,false,[],"[{""x"":828,""y"":975.3,""t"":0,""outside"":false,""outsidePx"":0},{""x"":828.7,""y"":974,""t"":2,""outside"":false,""outsidePx"":0},{""x"":832.7,""y"":970.7,""t"":18,""outside"":false,""outsidePx"":0},{""x"":839.3,""y"":965.3,""t"":33,""outside"":false,""outsidePx"":0},{""x"":846.7,""y"":961.3,""t"":53,""outside"":false,""outsidePx"":0},{""x"":855.3,""y"":954.7,""t"":67,""outside"":false,""outsidePx"":0},{""x"":864,""y"":949.3,""t"":85,""outside"":false,""outsidePx"":0},{""x"":874.7,""y"":944,""t"":100,""outside"":false,""outsidePx"":0},{""x"":881.3,""y"":940.7,""t"":117,""outside"":false,""outsidePx"":0},{""x"":892,""y"":935.3,""t"":136,""outside"":false,""outsidePx"":0},{""x"":900.7,""y"":932,""t"":150,""outside"":false,""outsidePx"":0},{""x"":911.3,""y"":926.7,""t"":167,""outside"":false,""outsidePx"":0},{""x"":923.3,""y"":921.3,""t"":187,""outside"":false,""outsidePx"":0},{""x"":936,""y"":916,""t"":201,""outside"":false,""outsidePx"":0},{""x"":946,""y"":909.3,""t"":219,""outside"":false,""outsidePx"":0},{""x"":956.7,""y"":904,""t"":236,""outside"":false,""outsidePx"":0},{""x"":967.3,""y"":898.7,""t"":251,""outside"":false,""outsidePx"":0},{""x"":978,""y"":891.3,""t"":270,""outside"":false,""outsidePx"":0},{""x"":992,""y"":886.7,""t"":284,""outside"":false,""outsidePx"":0},{""x"":1007.3,""y"":877.3,""t"":301,""outside"":false,""outsidePx"":0},{""x"":1021.3,""y"":868.7,""t"":319,""outside"":false,""outsidePx"":0},{""x"":1038.7,""y"":860,""t"":335,""outside"":false,""outsidePx"":0},{""x"":1056.7,""y"":849.3,""t"":352,""outside"":false,""outsidePx"":0},{""x"":1074,""y"":840.7,""t"":367,""outside"":false,""outsidePx"":0},{""x"":1091.3,""y"":830.7,""t"":384,""outside"":false,""outsidePx"":0},{""x"":1107.3,""y"":821.3,""t"":401,""outside"":false,""outsidePx"":0},{""x"":1122.7,""y"":811.3,""t"":418,""outside"":false,""outsidePx"":0},{""x"":1140.7,""y"":800.7,""t"":434,""outside"":false,""outsidePx"":0},{""x"":1158,""y"":790,""t"":451,""outside"":false,""outsidePx"":0},{""x"":1175.3,""y"":781.3,""t"":467,""outside"":false,""outsidePx"":0},{""x"":1189.3,""y"":774.7,""t"":484,""outside"":false,""outsidePx"":0},{""x"":1202,""y"":765.3,""t"":500,""outside"":false,""outsidePx"":0},{""x"":1216,""y"":756.7,""t"":518,""outside"":false,""outsidePx"":0},{""x"":1228,""y"":750,""t"":533,""outside"":false,""outsidePx"":0},{""x"":1244,""y"":739.3,""t"":551,""outside"":false,""outsidePx"":0},{""x"":1256,""y"":732.7,""t"":567,""outside"":false,""outsidePx"":0},{""x"":1272,""y"":723.3,""t"":585,""outside"":false,""outsidePx"":0},{""x"":1286,""y"":716.7,""t"":600,""outside"":false,""outsidePx"":0},{""x"":1298,""y"":709.3,""t"":619,""outside"":false,""outsidePx"":0},{""x"":1312,""y"":700.7,""t"":634,""outside"":false,""outsidePx"":0},{""x"":1328,""y"":690.7,""t"":652,""outside"":false,""outsidePx"":0},{""x"":1342,""y"":681.3,""t"":668,""outside"":false,""outsidePx"":0},{""x"":1360.7,""y"":671.3,""t"":684,""outside"":false,""outsidePx"":0},{""x"":1378.7,""y"":660.7,""t"":702,""outside"":false,""outsidePx"":0},{""x"":1390.7,""y"":653.3,""t"":717,""outside"":false,""outsidePx"":0},{""x"":1402.7,""y"":646.7,""t"":734,""outside"":false,""outsidePx"":0},{""x"":1418.7,""y"":639.3,""t"":752,""outside"":false,""outsidePx"":0},{""x"":1429.3,""y"":634.7,""t"":766,""outside"":false,""outsidePx"":0},{""x"":1448.7,""y"":625.3,""t"":785,""outside"":false,""outsidePx"":0},{""x"":1472.7,""y"":615.3,""t"":800,""outside"":false,""outsidePx"":0},{""x"":1494,""y"":604.7,""t"":819,""outside"":false,""outsidePx"":0},{""x"":1520,""y"":590.7,""t"":835,""outside"":false,""outsidePx"":0},{""x"":1542.7,""y"":578.7,""t"":851,""outside"":false,""outsidePx"":0},{""x"":1564,""y"":566,""t"":867,""outside"":false,""outsidePx"":0},{""x"":1583.3,""y"":555.3,""t"":886,""outside"":false,""outsidePx"":0},{""x"":1598.7,""y"":546.7,""t"":901,""outside"":false,""outsidePx"":0},{""x"":1614.7,""y"":538,""t"":917,""outside"":false,""outsidePx"":0},{""x"":1632,""y"":529.3,""t"":934,""outside"":false,""outsidePx"":0},{""x"":1660,""y"":515.3,""t"":953,""outside"":false,""outsidePx"":0},{""x"":1679.3,""y"":504.7,""t"":970,""outside"":false,""outsidePx"":0},{""x"":1706,""y"":492.7,""t"":986,""outside"":false,""outsidePx"":0},{""x"":1728.7,""y"":480.7,""t"":1000,""outside"":false,""outsidePx"":0},{""x"":1751.3,""y"":466.7,""t"":1018,""outside"":false,""outsidePx"":0},{""x"":1772,""y"":456,""t"":1034,""outside"":false,""outsidePx"":0},{""x"":1782.7,""y"":448.7,""t"":1052,""outside"":false,""outsidePx"":0},{""x"":1790,""y"":445.3,""t"":1067,""outside"":false,""outsidePx"":0},{""x"":1791.3,""y"":443.3,""t"":1085,""outside"":false,""outsidePx"":0},{""x"":1791.3,""y"":444.7,""t"":1126,""outside"":false,""outsidePx"":0}]"
motoe,main,practice,C3,距離大条件,W固定・A長い,35,675,19.286,3,4,64,64,64,2026-09-29T06:51:55.831Z,2026-09-29T06:51:56.914Z,1083,261,893,632,false,true,near_goal_pointerup,1842,419.3,1,true,2,204,3.6,false,"[{""startMs"":245,""startX"":964,""startY"":881.3,""maxOutsidePx"":3.4,""endMs"":360,""endX"":1070.7,""endY"":821.3,""durationMs"":115},{""startMs"":994,""startX"":1746,""startY"":471.3,""maxOutsidePx"":3.6,""endMs"":1083,""endX"":1842,""endY"":419.3,""durationMs"":89}]","[{""x"":832.7,""y"":972,""t"":0,""outside"":false,""outsidePx"":0},{""x"":838,""y"":970.7,""t"":11,""outside"":false,""outsidePx"":0},{""x"":844.7,""y"":966.7,""t"":28,""outside"":false,""outsidePx"":0},{""x"":852,""y"":961.3,""t"":45,""outside"":false,""outsidePx"":0},{""x"":860.7,""y"":956.7,""t"":61,""outside"":false,""outsidePx"":0},{""x"":867.3,""y"":951.3,""t"":78,""outside"":false,""outsidePx"":0},{""x"":876,""y"":946,""t"":93,""outside"":false,""outsidePx"":0},{""x"":884.7,""y"":940.7,""t"":111,""outside"":false,""outsidePx"":0},{""x"":895.3,""y"":932,""t"":127,""outside"":false,""outsidePx"":0},{""x"":906,""y"":924.7,""t"":144,""outside"":false,""outsidePx"":0},{""x"":912.7,""y"":919.3,""t"":160,""outside"":false,""outsidePx"":0},{""x"":922,""y"":912.7,""t"":178,""outside"":false,""outsidePx"":0},{""x"":930.7,""y"":905.3,""t"":194,""outside"":false,""outsidePx"":0},{""x"":940.7,""y"":898.7,""t"":213,""outside"":false,""outsidePx"":0},{""x"":950,""y"":891.3,""t"":228,""outside"":false,""outsidePx"":0},{""x"":964,""y"":881.3,""t"":245,""outside"":true,""outsidePx"":0.8},{""x"":978,""y"":872.7,""t"":261,""outside"":true,""outsidePx"":1.3},{""x"":998.7,""y"":860,""t"":278,""outside"":true,""outsidePx"":1.9},{""x"":1007.3,""y"":853.3,""t"":295,""outside"":true,""outsidePx"":3.4},{""x"":1028.7,""y"":842.7,""t"":311,""outside"":true,""outsidePx"":1.9},{""x"":1046,""y"":834,""t"":328,""outside"":true,""outsidePx"":0.8},{""x"":1060,""y"":826.7,""t"":344,""outside"":true,""outsidePx"":0.1},{""x"":1070.7,""y"":821.3,""t"":360,""outside"":false,""outsidePx"":0},{""x"":1080.7,""y"":816.7,""t"":378,""outside"":false,""outsidePx"":0},{""x"":1094.7,""y"":811.3,""t"":394,""outside"":false,""outsidePx"":0},{""x"":1107.3,""y"":804,""t"":411,""outside"":false,""outsidePx"":0},{""x"":1122.7,""y"":795.3,""t"":429,""outside"":false,""outsidePx"":0},{""x"":1138.7,""y"":790,""t"":446,""outside"":false,""outsidePx"":0},{""x"":1152.7,""y"":783.3,""t"":462,""outside"":false,""outsidePx"":0},{""x"":1164.7,""y"":776,""t"":479,""outside"":false,""outsidePx"":0},{""x"":1178.7,""y"":769.3,""t"":495,""outside"":false,""outsidePx"":0},{""x"":1192.7,""y"":762,""t"":512,""outside"":false,""outsidePx"":0},{""x"":1206.7,""y"":755.3,""t"":528,""outside"":false,""outsidePx"":0},{""x"":1220.7,""y"":748,""t"":545,""outside"":false,""outsidePx"":0},{""x"":1231.3,""y"":742.7,""t"":561,""outside"":false,""outsidePx"":0},{""x"":1244,""y"":737.3,""t"":579,""outside"":false,""outsidePx"":0},{""x"":1256,""y"":730.7,""t"":594,""outside"":false,""outsidePx"":0},{""x"":1276.7,""y"":720,""t"":612,""outside"":false,""outsidePx"":0},{""x"":1296,""y"":711.3,""t"":628,""outside"":false,""outsidePx"":0},{""x"":1314,""y"":700.7,""t"":645,""outside"":false,""outsidePx"":0},{""x"":1329.3,""y"":694,""t"":660,""outside"":false,""outsidePx"":0},{""x"":1343.3,""y"":685.3,""t"":677,""outside"":false,""outsidePx"":0},{""x"":1357.3,""y"":676.7,""t"":694,""outside"":false,""outsidePx"":0},{""x"":1373.3,""y"":667.3,""t"":711,""outside"":false,""outsidePx"":0},{""x"":1394,""y"":657.3,""t"":728,""outside"":false,""outsidePx"":0},{""x"":1412,""y"":646.7,""t"":745,""outside"":false,""outsidePx"":0},{""x"":1430.7,""y"":636,""t"":760,""outside"":false,""outsidePx"":0},{""x"":1450,""y"":627.3,""t"":779,""outside"":false,""outsidePx"":0},{""x"":1469.3,""y"":618.7,""t"":796,""outside"":false,""outsidePx"":0},{""x"":1492,""y"":608,""t"":815,""outside"":false,""outsidePx"":0},{""x"":1504.7,""y"":602.7,""t"":827,""outside"":false,""outsidePx"":0},{""x"":1527.3,""y"":592.7,""t"":847,""outside"":false,""outsidePx"":0},{""x"":1544.7,""y"":582,""t"":860,""outside"":false,""outsidePx"":0},{""x"":1562,""y"":573.3,""t"":878,""outside"":false,""outsidePx"":0},{""x"":1583.3,""y"":560.7,""t"":896,""outside"":false,""outsidePx"":0},{""x"":1604,""y"":548.7,""t"":913,""outside"":false,""outsidePx"":0},{""x"":1623.3,""y"":538,""t"":929,""outside"":false,""outsidePx"":0},{""x"":1653.3,""y"":522.7,""t"":947,""outside"":false,""outsidePx"":0},{""x"":1679.3,""y"":506.7,""t"":961,""outside"":false,""outsidePx"":0},{""x"":1716,""y"":487.3,""t"":978,""outside"":false,""outsidePx"":0},{""x"":1746,""y"":471.3,""t"":994,""outside"":true,""outsidePx"":0.1},{""x"":1774,""y"":456,""t"":1011,""outside"":true,""outsidePx"":0.9},{""x"":1804,""y"":440,""t"":1030,""outside"":true,""outsidePx"":2},{""x"":1828,""y"":426,""t"":1047,""outside"":true,""outsidePx"":1.9},{""x"":1840.7,""y"":420.7,""t"":1061,""outside"":true,""outsidePx"":3.6},{""x"":1842,""y"":419.3,""t"":1078,""outside"":true,""outsidePx"":3.1}]"
motoe,main,practice,C3,距離大条件,W固定・A長い,35,675,19.286,3,5,65,65,65,2026-09-29T06:51:57.544Z,2026-09-29T06:51:58.548Z,1004,214,794,580,true,true,none,1814,428,1,false,0,0,0,false,[],"[{""x"":856,""y"":964.7,""t"":0,""outside"":false,""outsidePx"":0},{""x"":858.7,""y"":964.7,""t"":31,""outside"":false,""outsidePx"":0},{""x"":869.3,""y"":960,""t"":50,""outside"":false,""outsidePx"":0},{""x"":880,""y"":954.7,""t"":65,""outside"":false,""outsidePx"":0},{""x"":890,""y"":949.3,""t"":80,""outside"":false,""outsidePx"":0},{""x"":904,""y"":940.7,""t"":98,""outside"":false,""outsidePx"":0},{""x"":916.7,""y"":933.3,""t"":114,""outside"":false,""outsidePx"":0},{""x"":928.7,""y"":924.7,""t"":131,""outside"":false,""outsidePx"":0},{""x"":940.7,""y"":914.7,""t"":147,""outside"":false,""outsidePx"":0},{""x"":953.3,""y"":907.3,""t"":164,""outside"":false,""outsidePx"":0},{""x"":965.3,""y"":898.7,""t"":181,""outside"":false,""outsidePx"":0},{""x"":976,""y"":891.3,""t"":198,""outside"":false,""outsidePx"":0},{""x"":986.7,""y"":884.7,""t"":216,""outside"":false,""outsidePx"":0},{""x"":995.3,""y"":879.3,""t"":231,""outside"":false,""outsidePx"":0},{""x"":1002,""y"":874,""t"":247,""outside"":false,""outsidePx"":0},{""x"":1012.7,""y"":867.3,""t"":264,""outside"":false,""outsidePx"":0},{""x"":1024.7,""y"":860,""t"":281,""outside"":false,""outsidePx"":0},{""x"":1035.3,""y"":853.3,""t"":298,""outside"":false,""outsidePx"":0},{""x"":1052.7,""y"":842.7,""t"":314,""outside"":false,""outsidePx"":0},{""x"":1070.7,""y"":830.7,""t"":331,""outside"":false,""outsidePx"":0},{""x"":1091.3,""y"":820,""t"":349,""outside"":false,""outsidePx"":0},{""x"":1108.7,""y"":809.3,""t"":365,""outside"":false,""outsidePx"":0},{""x"":1126.7,""y"":800.7,""t"":381,""outside"":false,""outsidePx"":0},{""x"":1142,""y"":790,""t"":398,""outside"":false,""outsidePx"":0},{""x"":1158,""y"":781.3,""t"":415,""outside"":false,""outsidePx"":0},{""x"":1170,""y"":774.7,""t"":431,""outside"":false,""outsidePx"":0},{""x"":1184,""y"":765.3,""t"":447,""outside"":false,""outsidePx"":0},{""x"":1202,""y"":756.7,""t"":464,""outside"":false,""outsidePx"":0},{""x"":1216,""y"":748,""t"":481,""outside"":false,""outsidePx"":0},{""x"":1231.3,""y"":739.3,""t"":497,""outside"":false,""outsidePx"":0},{""x"":1245.3,""y"":732.7,""t"":513,""outside"":false,""outsidePx"":0},{""x"":1261.3,""y"":723.3,""t"":533,""outside"":false,""outsidePx"":0},{""x"":1275.3,""y"":716.7,""t"":548,""outside"":false,""outsidePx"":0},{""x"":1290.7,""y"":708,""t"":564,""outside"":false,""outsidePx"":0},{""x"":1312,""y"":695.3,""t"":581,""outside"":false,""outsidePx"":0},{""x"":1332.7,""y"":685.3,""t"":598,""outside"":false,""outsidePx"":0},{""x"":1352,""y"":674.7,""t"":615,""outside"":false,""outsidePx"":0},{""x"":1373.3,""y"":664,""t"":632,""outside"":false,""outsidePx"":0},{""x"":1392.7,""y"":653.3,""t"":647,""outside"":false,""outsidePx"":0},{""x"":1412,""y"":644.7,""t"":664,""outside"":false,""outsidePx"":0},{""x"":1429.3,""y"":634.7,""t"":680,""outside"":false,""outsidePx"":0},{""x"":1450,""y"":624,""t"":698,""outside"":false,""outsidePx"":0},{""x"":1469.3,""y"":615.3,""t"":713,""outside"":false,""outsidePx"":0},{""x"":1494,""y"":601.3,""t"":731,""outside"":false,""outsidePx"":0},{""x"":1514.7,""y"":592.7,""t"":747,""outside"":false,""outsidePx"":0},{""x"":1539.3,""y"":578.7,""t"":764,""outside"":false,""outsidePx"":0},{""x"":1562,""y"":566,""t"":782,""outside"":false,""outsidePx"":0},{""x"":1581.3,""y"":554,""t"":798,""outside"":false,""outsidePx"":0},{""x"":1600.7,""y"":543.3,""t"":815,""outside"":false,""outsidePx"":0},{""x"":1620,""y"":532.7,""t"":831,""outside"":false,""outsidePx"":0},{""x"":1639.3,""y"":522.7,""t"":847,""outside"":false,""outsidePx"":0},{""x"":1656.7,""y"":512,""t"":864,""outside"":false,""outsidePx"":0},{""x"":1681.3,""y"":499.3,""t"":881,""outside"":false,""outsidePx"":0},{""x"":1704,""y"":487.3,""t"":900,""outside"":false,""outsidePx"":0},{""x"":1728.7,""y"":473.3,""t"":915,""outside"":false,""outsidePx"":0},{""x"":1751.3,""y"":461.3,""t"":934,""outside"":false,""outsidePx"":0},{""x"":1776,""y"":448.7,""t"":949,""outside"":false,""outsidePx"":0},{""x"":1798.7,""y"":436.7,""t"":965,""outside"":false,""outsidePx"":0},{""x"":1812.7,""y"":429.3,""t"":981,""outside"":false,""outsidePx"":0},{""x"":1814,""y"":428,""t"":998,""outside"":false,""outsidePx"":0}]"
motoe,main,practice,C3,距離大条件,W固定・A長い,35,675,19.286,3,6,66,66,66,2026-09-29T06:51:59.229Z,2026-09-29T06:52:00.340Z,1112,176,895,719,true,true,none,1782.7,447.3,1,false,0,0,0,false,[],"[{""x"":878.7,""y"":957.3,""t"":0,""outside"":false,""outsidePx"":0},{""x"":880,""y"":957.3,""t"":67,""outside"":false,""outsidePx"":0},{""x"":886.7,""y"":952.7,""t"":82,""outside"":false,""outsidePx"":0},{""x"":902.7,""y"":944,""t"":98,""outside"":false,""outsidePx"":0},{""x"":923.3,""y"":932,""t"":113,""outside"":false,""outsidePx"":0},{""x"":944.7,""y"":919.3,""t"":128,""outside"":false,""outsidePx"":0},{""x"":965.3,""y"":907.3,""t"":146,""outside"":false,""outsidePx"":0},{""x"":978,""y"":898.7,""t"":163,""outside"":false,""outsidePx"":0},{""x"":992,""y"":890,""t"":179,""outside"":false,""outsidePx"":0},{""x"":1006,""y"":879.3,""t"":196,""outside"":false,""outsidePx"":0},{""x"":1018,""y"":872.7,""t"":212,""outside"":false,""outsidePx"":0},{""x"":1034,""y"":860,""t"":230,""outside"":false,""outsidePx"":0},{""x"":1046,""y"":851.3,""t"":246,""outside"":false,""outsidePx"":0},{""x"":1056.7,""y"":846,""t"":263,""outside"":false,""outsidePx"":0},{""x"":1065.3,""y"":839.3,""t"":281,""outside"":false,""outsidePx"":0},{""x"":1074,""y"":834,""t"":297,""outside"":false,""outsidePx"":0},{""x"":1079.3,""y"":830.7,""t"":313,""outside"":false,""outsidePx"":0},{""x"":1086,""y"":825.3,""t"":330,""outside"":false,""outsidePx"":0},{""x"":1096.7,""y"":820,""t"":346,""outside"":false,""outsidePx"":0},{""x"":1108.7,""y"":812.7,""t"":364,""outside"":false,""outsidePx"":0},{""x"":1121.3,""y"":806,""t"":381,""outside"":false,""outsidePx"":0},{""x"":1133.3,""y"":798.7,""t"":397,""outside"":false,""outsidePx"":0},{""x"":1147.3,""y"":792,""t"":414,""outside"":false,""outsidePx"":0},{""x"":1161.3,""y"":781.3,""t"":430,""outside"":false,""outsidePx"":0},{""x"":1170,""y"":776,""t"":446,""outside"":false,""outsidePx"":0},{""x"":1180.7,""y"":770.7,""t"":463,""outside"":false,""outsidePx"":0},{""x"":1192.7,""y"":764,""t"":480,""outside"":false,""outsidePx"":0},{""x"":1205.3,""y"":756.7,""t"":495,""outside"":false,""outsidePx"":0},{""x"":1220.7,""y"":748,""t"":513,""outside"":false,""outsidePx"":0},{""x"":1238.7,""y"":739.3,""t"":530,""outside"":false,""outsidePx"":0},{""x"":1256,""y"":728.7,""t"":548,""outside"":false,""outsidePx"":0},{""x"":1270,""y"":720,""t"":563,""outside"":false,""outsidePx"":0},{""x"":1282,""y"":713.3,""t"":580,""outside"":false,""outsidePx"":0},{""x"":1294.7,""y"":708,""t"":597,""outside"":false,""outsidePx"":0},{""x"":1306.7,""y"":699.3,""t"":612,""outside"":false,""outsidePx"":0},{""x"":1320.7,""y"":692,""t"":629,""outside"":false,""outsidePx"":0},{""x"":1332.7,""y"":683.3,""t"":646,""outside"":false,""outsidePx"":0},{""x"":1345.3,""y"":676.7,""t"":662,""outside"":false,""outsidePx"":0},{""x"":1359.3,""y"":667.3,""t"":679,""outside"":false,""outsidePx"":0},{""x"":1371.3,""y"":660.7,""t"":696,""outside"":false,""outsidePx"":0},{""x"":1387.3,""y"":652,""t"":714,""outside"":false,""outsidePx"":0},{""x"":1402.7,""y"":641.3,""t"":730,""outside"":false,""outsidePx"":0},{""x"":1416.7,""y"":630.7,""t"":747,""outside"":false,""outsidePx"":0},{""x"":1438,""y"":618.7,""t"":763,""outside"":false,""outsidePx"":0},{""x"":1454,""y"":610,""t"":780,""outside"":false,""outsidePx"":0},{""x"":1468,""y"":601.3,""t"":796,""outside"":false,""outsidePx"":0},{""x"":1485.3,""y"":592.7,""t"":813,""outside"":false,""outsidePx"":0},{""x"":1502.7,""y"":583.3,""t"":829,""outside"":false,""outsidePx"":0},{""x"":1520,""y"":574.7,""t"":847,""outside"":false,""outsidePx"":0},{""x"":1538,""y"":564.7,""t"":862,""outside"":false,""outsidePx"":0},{""x"":1556.7,""y"":555.3,""t"":880,""outside"":false,""outsidePx"":0},{""x"":1570.7,""y"":548.7,""t"":895,""outside"":false,""outsidePx"":0},{""x"":1584.7,""y"":540,""t"":912,""outside"":false,""outsidePx"":0},{""x"":1597.3,""y"":532.7,""t"":928,""outside"":false,""outsidePx"":0},{""x"":1612.7,""y"":526,""t"":945,""outside"":false,""outsidePx"":0},{""x"":1630.7,""y"":515.3,""t"":962,""outside"":false,""outsidePx"":0},{""x"":1650,""y"":506.7,""t"":980,""outside"":false,""outsidePx"":0},{""x"":1667.3,""y"":498,""t"":995,""outside"":false,""outsidePx"":0},{""x"":1690,""y"":489.3,""t"":1011,""outside"":false,""outsidePx"":0},{""x"":1716,""y"":478.7,""t"":1028,""outside"":false,""outsidePx"":0},{""x"":1737.3,""y"":470,""t"":1046,""outside"":false,""outsidePx"":0},{""x"":1756.7,""y"":461.3,""t"":1062,""outside"":false,""outsidePx"":0},{""x"":1770.7,""y"":454,""t"":1078,""outside"":false,""outsidePx"":0},{""x"":1779.3,""y"":448.7,""t"":1095,""outside"":false,""outsidePx"":0},{""x"":1782.7,""y"":447.3,""t"":1110,""outside"":false,""outsidePx"":0}]"
motoe,main,practice,C3,距離大条件,W固定・A長い,35,675,19.286,3,7,67,67,67,2026-09-29T06:52:01.026Z,2026-09-29T06:52:02.060Z,1034,171,748,577,false,true,near_goal_pointerup,1772,464.7,1,true,2,437,16.5,false,"[{""startMs"":580,""startX"":1378.7,""startY"":683.3,""maxOutsidePx"":0.1,""endMs"":597,""endX"":1392.7,""endY"":674.7,""durationMs"":17},{""startMs"":614,""startX"":1408,""startY"":667.3,""maxOutsidePx"":16.5,""endMs"":1034,""endX"":1772,""endY"":464.7,""durationMs"":420}]","[{""x"":866.7,""y"":964.7,""t"":0,""outside"":false,""outsidePx"":0},{""x"":874.7,""y"":960,""t"":48,""outside"":false,""outsidePx"":0},{""x"":884.7,""y"":952.7,""t"":63,""outside"":false,""outsidePx"":0},{""x"":902.7,""y"":946,""t"":80,""outside"":false,""outsidePx"":0},{""x"":923.3,""y"":937.3,""t"":97,""outside"":false,""outsidePx"":0},{""x"":944.7,""y"":926.7,""t"":113,""outside"":false,""outsidePx"":0},{""x"":960,""y"":918,""t"":130,""outside"":false,""outsidePx"":0},{""x"":976,""y"":909.3,""t"":147,""outside"":false,""outsidePx"":0},{""x"":990,""y"":902,""t"":163,""outside"":false,""outsidePx"":0},{""x"":998.7,""y"":896.7,""t"":180,""outside"":false,""outsidePx"":0},{""x"":1009.3,""y"":890,""t"":197,""outside"":false,""outsidePx"":0},{""x"":1021.3,""y"":881.3,""t"":213,""outside"":false,""outsidePx"":0},{""x"":1034,""y"":874,""t"":230,""outside"":false,""outsidePx"":0},{""x"":1049.3,""y"":863.3,""t"":247,""outside"":false,""outsidePx"":0},{""x"":1062,""y"":856.7,""t"":263,""outside"":false,""outsidePx"":0},{""x"":1076,""y"":846,""t"":281,""outside"":false,""outsidePx"":0},{""x"":1088,""y"":839.3,""t"":297,""outside"":false,""outsidePx"":0},{""x"":1100,""y"":832,""t"":313,""outside"":false,""outsidePx"":0},{""x"":1114,""y"":823.3,""t"":330,""outside"":false,""outsidePx"":0},{""x"":1133.3,""y"":811.3,""t"":347,""outside"":false,""outsidePx"":0},{""x"":1152.7,""y"":800.7,""t"":363,""outside"":false,""outsidePx"":0},{""x"":1175.3,""y"":786.7,""t"":380,""outside"":false,""outsidePx"":0},{""x"":1194.7,""y"":776,""t"":397,""outside"":false,""outsidePx"":0},{""x"":1212,""y"":765.3,""t"":413,""outside"":false,""outsidePx"":0},{""x"":1231.3,""y"":755.3,""t"":430,""outside"":false,""outsidePx"":0},{""x"":1248.7,""y"":744.7,""t"":446,""outside"":false,""outsidePx"":0},{""x"":1266.7,""y"":736,""t"":463,""outside"":false,""outsidePx"":0},{""x"":1284,""y"":727.3,""t"":480,""outside"":false,""outsidePx"":0},{""x"":1301.3,""y"":720,""t"":497,""outside"":false,""outsidePx"":0},{""x"":1317.3,""y"":713.3,""t"":513,""outside"":false,""outsidePx"":0},{""x"":1332.7,""y"":706,""t"":530,""outside"":false,""outsidePx"":0},{""x"":1346.7,""y"":699.3,""t"":547,""outside"":false,""outsidePx"":0},{""x"":1362.7,""y"":692,""t"":563,""outside"":false,""outsidePx"":0},{""x"":1378.7,""y"":683.3,""t"":580,""outside"":true,""outsidePx"":0.1},{""x"":1392.7,""y"":674.7,""t"":597,""outside"":false,""outsidePx"":0},{""x"":1408,""y"":667.3,""t"":614,""outside"":true,""outsidePx"":0.9},{""x"":1424,""y"":658.7,""t"":630,""outside"":true,""outsidePx"":1.4},{""x"":1446.7,""y"":646.7,""t"":648,""outside"":true,""outsidePx"":2.3},{""x"":1466,""y"":636,""t"":664,""outside"":true,""outsidePx"":2.8},{""x"":1490.7,""y"":622,""t"":682,""outside"":true,""outsidePx"":3},{""x"":1511.3,""y"":611.3,""t"":697,""outside"":true,""outsidePx"":4.1},{""x"":1536,""y"":599.3,""t"":714,""outside"":true,""outsidePx"":6},{""x"":1564,""y"":585.3,""t"":732,""outside"":true,""outsidePx"":7.9},{""x"":1586.7,""y"":574.7,""t"":748,""outside"":true,""outsidePx"":10},{""x"":1608,""y"":564.7,""t"":764,""outside"":true,""outsidePx"":12},{""x"":1628.7,""y"":554,""t"":781,""outside"":true,""outsidePx"":13.1},{""x"":1650,""y"":543.3,""t"":798,""outside"":true,""outsidePx"":14.5},{""x"":1668.7,""y"":534.7,""t"":815,""outside"":true,""outsidePx"":16.3},{""x"":1686.7,""y"":524,""t"":831,""outside"":true,""outsidePx"":16.1},{""x"":1696.7,""y"":518.7,""t"":849,""outside"":true,""outsidePx"":16.5},{""x"":1704,""y"":513.3,""t"":865,""outside"":true,""outsidePx"":15.5},{""x"":1709.3,""y"":510,""t"":881,""outside"":true,""outsidePx"":15.3},{""x"":1714.7,""y"":506.7,""t"":898,""outside"":true,""outsidePx"":15.1},{""x"":1721.3,""y"":501.3,""t"":915,""outside"":true,""outsidePx"":13.8},{""x"":1730,""y"":498,""t"":931,""outside"":true,""outsidePx"":15.2},{""x"":1740.7,""y"":490.7,""t"":947,""outside"":true,""outsidePx"":14.2},{""x"":1751.3,""y"":482,""t"":964,""outside"":true,""outsidePx"":12.1},{""x"":1762,""y"":475.3,""t"":981,""outside"":true,""outsidePx"":11.6},{""x"":1768.7,""y"":470,""t"":998,""outside"":true,""outsidePx"":10.3},{""x"":1772,""y"":464.7,""t"":1014,""outside"":true,""outsidePx"":7.4}]"
motoe,main,practice,C3,距離大条件,W固定・A長い,35,675,19.286,3,8,68,68,68,2026-09-29T06:52:02.632Z,2026-09-29T06:52:03.628Z,995,164,751,587,false,true,near_goal_pointerup,1776,457.3,1,true,1,86,3.8,false,"[{""startMs"":909,""startX"":1730,""startY"":480.7,""maxOutsidePx"":3.8,""endMs"":995,""endX"":1776,""endY"":457.3,""durationMs"":86}]","[{""x"":859.3,""y"":962.7,""t"":0,""outside"":false,""outsidePx"":0},{""x"":864,""y"":961.3,""t"":41,""outside"":false,""outsidePx"":0},{""x"":880,""y"":951.3,""t"":58,""outside"":false,""outsidePx"":0},{""x"":897.3,""y"":940.7,""t"":75,""outside"":false,""outsidePx"":0},{""x"":916.7,""y"":928.7,""t"":93,""outside"":false,""outsidePx"":0},{""x"":934,""y"":916,""t"":108,""outside"":false,""outsidePx"":0},{""x"":950,""y"":905.3,""t"":126,""outside"":false,""outsidePx"":0},{""x"":964,""y"":896.7,""t"":141,""outside"":false,""outsidePx"":0},{""x"":981.3,""y"":886.7,""t"":160,""outside"":false,""outsidePx"":0},{""x"":996.7,""y"":877.3,""t"":176,""outside"":false,""outsidePx"":0},{""x"":1014.7,""y"":865.3,""t"":195,""outside"":false,""outsidePx"":0},{""x"":1030,""y"":856.7,""t"":210,""outside"":false,""outsidePx"":0},{""x"":1044,""y"":846,""t"":226,""outside"":false,""outsidePx"":0},{""x"":1056.7,""y"":839.3,""t"":244,""outside"":false,""outsidePx"":0},{""x"":1068.7,""y"":830.7,""t"":260,""outside"":false,""outsidePx"":0},{""x"":1080.7,""y"":823.3,""t"":275,""outside"":false,""outsidePx"":0},{""x"":1096.7,""y"":814.7,""t"":292,""outside"":false,""outsidePx"":0},{""x"":1114,""y"":804,""t"":309,""outside"":false,""outsidePx"":0},{""x"":1132,""y"":795.3,""t"":326,""outside"":false,""outsidePx"":0},{""x"":1147.3,""y"":786.7,""t"":342,""outside"":false,""outsidePx"":0},{""x"":1166.7,""y"":776,""t"":359,""outside"":false,""outsidePx"":0},{""x"":1189.3,""y"":765.3,""t"":376,""outside"":false,""outsidePx"":0},{""x"":1208.7,""y"":756.7,""t"":392,""outside"":false,""outsidePx"":0},{""x"":1226,""y"":748,""t"":408,""outside"":false,""outsidePx"":0},{""x"":1244,""y"":739.3,""t"":426,""outside"":false,""outsidePx"":0},{""x"":1256,""y"":734,""t"":443,""outside"":false,""outsidePx"":0},{""x"":1273.3,""y"":725.3,""t"":461,""outside"":false,""outsidePx"":0},{""x"":1289.3,""y"":716.7,""t"":478,""outside"":false,""outsidePx"":0},{""x"":1301.3,""y"":709.3,""t"":493,""outside"":false,""outsidePx"":0},{""x"":1312,""y"":704.7,""t"":508,""outside"":false,""outsidePx"":0},{""x"":1320.7,""y"":697.3,""t"":526,""outside"":false,""outsidePx"":0},{""x"":1334.7,""y"":688.7,""t"":542,""outside"":false,""outsidePx"":0},{""x"":1346.7,""y"":681.3,""t"":559,""outside"":false,""outsidePx"":0},{""x"":1360.7,""y"":674.7,""t"":575,""outside"":false,""outsidePx"":0},{""x"":1374.7,""y"":664,""t"":592,""outside"":false,""outsidePx"":0},{""x"":1394,""y"":653.3,""t"":608,""outside"":false,""outsidePx"":0},{""x"":1415.3,""y"":639.3,""t"":625,""outside"":false,""outsidePx"":0},{""x"":1436,""y"":629.3,""t"":641,""outside"":false,""outsidePx"":0},{""x"":1460.7,""y"":616.7,""t"":659,""outside"":false,""outsidePx"":0},{""x"":1482,""y"":604.7,""t"":675,""outside"":false,""outsidePx"":0},{""x"":1506,""y"":592.7,""t"":694,""outside"":false,""outsidePx"":0},{""x"":1530.7,""y"":580,""t"":711,""outside"":false,""outsidePx"":0},{""x"":1552,""y"":569.3,""t"":727,""outside"":false,""outsidePx"":0},{""x"":1567.3,""y"":560.7,""t"":742,""outside"":false,""outsidePx"":0},{""x"":1583.3,""y"":554,""t"":759,""outside"":false,""outsidePx"":0},{""x"":1595.3,""y"":546.7,""t"":776,""outside"":false,""outsidePx"":0},{""x"":1609.3,""y"":538,""t"":793,""outside"":false,""outsidePx"":0},{""x"":1623.3,""y"":531.3,""t"":809,""outside"":false,""outsidePx"":0},{""x"":1639.3,""y"":524,""t"":826,""outside"":false,""outsidePx"":0},{""x"":1656.7,""y"":515.3,""t"":841,""outside"":false,""outsidePx"":0},{""x"":1678,""y"":504.7,""t"":859,""outside"":false,""outsidePx"":0},{""x"":1695.3,""y"":496,""t"":874,""outside"":false,""outsidePx"":0},{""x"":1710.7,""y"":489.3,""t"":892,""outside"":false,""outsidePx"":0},{""x"":1730,""y"":480.7,""t"":909,""outside"":true,""outsidePx"":0.2},{""x"":1749.3,""y"":470,""t"":927,""outside"":true,""outsidePx"":0.7},{""x"":1762,""y"":464.7,""t"":943,""outside"":true,""outsidePx"":2.4},{""x"":1774,""y"":459.3,""t"":961,""outside"":true,""outsidePx"":3.8},{""x"":1776,""y"":457.3,""t"":979,""outside"":true,""outsidePx"":3}]"
motoe,main,practice,C3,距離大条件,W固定・A長い,35,675,19.286,3,9,69,69,69,2026-09-29T06:52:04.333Z,2026-09-29T06:52:05.426Z,1093,234,889,655,true,true,deviation,1777.3,434.7,1,true,1,416,8.7,false,"[{""startMs"":274,""startX"":1009.3,""startY"":854.7,""maxOutsidePx"":8.7,""endMs"":690,""endX"":1357.3,""endY"":655.3,""durationMs"":416}]","[{""x"":856,""y"":948.7,""t"":0,""outside"":false,""outsidePx"":0},{""x"":856.7,""y"":948.7,""t"":8,""outside"":false,""outsidePx"":0},{""x"":858.7,""y"":948.7,""t"":23,""outside"":false,""outsidePx"":0},{""x"":866,""y"":947.3,""t"":41,""outside"":false,""outsidePx"":0},{""x"":872.7,""y"":944,""t"":57,""outside"":false,""outsidePx"":0},{""x"":881.3,""y"":940.7,""t"":74,""outside"":false,""outsidePx"":0},{""x"":892,""y"":935.3,""t"":91,""outside"":false,""outsidePx"":0},{""x"":904,""y"":928.7,""t"":107,""outside"":false,""outsidePx"":0},{""x"":918,""y"":921.3,""t"":123,""outside"":false,""outsidePx"":0},{""x"":932,""y"":912.7,""t"":140,""outside"":false,""outsidePx"":0},{""x"":944.7,""y"":905.3,""t"":158,""outside"":false,""outsidePx"":0},{""x"":951.3,""y"":900.7,""t"":174,""outside"":false,""outsidePx"":0},{""x"":960,""y"":893.3,""t"":191,""outside"":false,""outsidePx"":0},{""x"":968.7,""y"":888,""t"":208,""outside"":false,""outsidePx"":0},{""x"":976,""y"":882.7,""t"":224,""outside"":false,""outsidePx"":0},{""x"":984.7,""y"":874,""t"":241,""outside"":false,""outsidePx"":0},{""x"":996.7,""y"":865.3,""t"":257,""outside"":false,""outsidePx"":0},{""x"":1009.3,""y"":854.7,""t"":274,""outside"":true,""outsidePx"":1.2},{""x"":1021.3,""y"":846,""t"":290,""outside"":true,""outsidePx"":2.7},{""x"":1035.3,""y"":835.3,""t"":307,""outside"":true,""outsidePx"":5},{""x"":1049.3,""y"":826.7,""t"":324,""outside"":true,""outsidePx"":5.5},{""x"":1063.3,""y"":816.7,""t"":340,""outside"":true,""outsidePx"":7.1},{""x"":1079.3,""y"":806,""t"":358,""outside"":true,""outsidePx"":8.4},{""x"":1091.3,""y"":798.7,""t"":374,""outside"":true,""outsidePx"":8.7},{""x"":1108.7,""y"":788.7,""t"":391,""outside"":true,""outsidePx"":8.7},{""x"":1126.7,""y"":779.3,""t"":408,""outside"":true,""outsidePx"":7.8},{""x"":1138.7,""y"":774.7,""t"":424,""outside"":true,""outsidePx"":5.8},{""x"":1150.7,""y"":765.3,""t"":441,""outside"":true,""outsidePx"":7.9},{""x"":1163.3,""y"":758.7,""t"":457,""outside"":true,""outsidePx"":7.3},{""x"":1177.3,""y"":751.3,""t"":474,""outside"":true,""outsidePx"":6.7},{""x"":1192.7,""y"":742.7,""t"":490,""outside"":true,""outsidePx"":6.5},{""x"":1205.3,""y"":736,""t"":507,""outside"":true,""outsidePx"":6},{""x"":1217.3,""y"":728.7,""t"":524,""outside"":true,""outsidePx"":6.3},{""x"":1226,""y"":725.3,""t"":541,""outside"":true,""outsidePx"":4.9},{""x"":1231.3,""y"":722,""t"":557,""outside"":true,""outsidePx"":5.1},{""x"":1236.7,""y"":718.7,""t"":574,""outside"":true,""outsidePx"":5.3},{""x"":1247.3,""y"":713.3,""t"":591,""outside"":true,""outsidePx"":4.6},{""x"":1258,""y"":708,""t"":607,""outside"":true,""outsidePx"":3.9},{""x"":1270,""y"":700.7,""t"":624,""outside"":true,""outsidePx"":4.2},{""x"":1290.7,""y"":690.7,""t"":641,""outside"":true,""outsidePx"":2.6},{""x"":1312,""y"":678,""t"":657,""outside"":true,""outsidePx"":2.9},{""x"":1334.7,""y"":666,""t"":674,""outside"":true,""outsidePx"":1.9},{""x"":1357.3,""y"":655.3,""t"":690,""outside"":false,""outsidePx"":0},{""x"":1382,""y"":643.3,""t"":708,""outside"":false,""outsidePx"":0},{""x"":1402.7,""y"":632.7,""t"":724,""outside"":false,""outsidePx"":0},{""x"":1426,""y"":620.7,""t"":741,""outside"":false,""outsidePx"":0},{""x"":1443.3,""y"":610,""t"":758,""outside"":false,""outsidePx"":0},{""x"":1464,""y"":599.3,""t"":774,""outside"":false,""outsidePx"":0},{""x"":1482,""y"":588.7,""t"":791,""outside"":false,""outsidePx"":0},{""x"":1504.7,""y"":576.7,""t"":817,""outside"":false,""outsidePx"":0},{""x"":1514.7,""y"":573.3,""t"":825,""outside"":false,""outsidePx"":0},{""x"":1528.7,""y"":564.7,""t"":841,""outside"":false,""outsidePx"":0},{""x"":1544.7,""y"":557.3,""t"":858,""outside"":false,""outsidePx"":0},{""x"":1556.7,""y"":550.7,""t"":879,""outside"":false,""outsidePx"":0},{""x"":1572.7,""y"":541.3,""t"":893,""outside"":false,""outsidePx"":0},{""x"":1590,""y"":532.7,""t"":911,""outside"":false,""outsidePx"":0},{""x"":1604,""y"":526,""t"":924,""outside"":false,""outsidePx"":0},{""x"":1622,""y"":517.3,""t"":941,""outside"":false,""outsidePx"":0},{""x"":1636,""y"":508.7,""t"":957,""outside"":false,""outsidePx"":0},{""x"":1653.3,""y"":499.3,""t"":975,""outside"":false,""outsidePx"":0},{""x"":1672.7,""y"":489.3,""t"":994,""outside"":false,""outsidePx"":0},{""x"":1693.3,""y"":476.7,""t"":1010,""outside"":false,""outsidePx"":0},{""x"":1720,""y"":464.7,""t"":1028,""outside"":false,""outsidePx"":0},{""x"":1749.3,""y"":448.7,""t"":1044,""outside"":false,""outsidePx"":0},{""x"":1766.7,""y"":440,""t"":1058,""outside"":false,""outsidePx"":0},{""x"":1777.3,""y"":434.7,""t"":1074,""outside"":false,""outsidePx"":0}]"
motoe,main,practice,C3,距離大条件,W固定・A長い,35,675,19.286,3,10,70,70,70,2026-09-29T06:52:06.093Z,2026-09-29T06:52:07.265Z,1172,175,903,728,true,true,none,1770.7,428,1,false,0,0,0,false,[],"[{""x"":859.3,""y"":957.3,""t"":0,""outside"":false,""outsidePx"":0},{""x"":860.7,""y"":957.3,""t"":13,""outside"":false,""outsidePx"":0},{""x"":866,""y"":956.7,""t"":30,""outside"":false,""outsidePx"":0},{""x"":874.7,""y"":951.3,""t"":46,""outside"":false,""outsidePx"":0},{""x"":886.7,""y"":944,""t"":63,""outside"":false,""outsidePx"":0},{""x"":902.7,""y"":935.3,""t"":80,""outside"":false,""outsidePx"":0},{""x"":922,""y"":924.7,""t"":96,""outside"":false,""outsidePx"":0},{""x"":946,""y"":912.7,""t"":113,""outside"":false,""outsidePx"":0},{""x"":962,""y"":905.3,""t"":130,""outside"":false,""outsidePx"":0},{""x"":974,""y"":896.7,""t"":147,""outside"":false,""outsidePx"":0},{""x"":982.7,""y"":893.3,""t"":163,""outside"":false,""outsidePx"":0},{""x"":990,""y"":888,""t"":180,""outside"":false,""outsidePx"":0},{""x"":998.7,""y"":882.7,""t"":197,""outside"":false,""outsidePx"":0},{""x"":1007.3,""y"":876,""t"":213,""outside"":false,""outsidePx"":0},{""x"":1018,""y"":870.7,""t"":230,""outside"":false,""outsidePx"":0},{""x"":1032,""y"":862,""t"":247,""outside"":false,""outsidePx"":0},{""x"":1048,""y"":851.3,""t"":263,""outside"":false,""outsidePx"":0},{""x"":1060,""y"":842.7,""t"":279,""outside"":false,""outsidePx"":0},{""x"":1074,""y"":832,""t"":296,""outside"":false,""outsidePx"":0},{""x"":1086,""y"":825.3,""t"":314,""outside"":false,""outsidePx"":0},{""x"":1098.7,""y"":818,""t"":330,""outside"":false,""outsidePx"":0},{""x"":1112.7,""y"":809.3,""t"":347,""outside"":false,""outsidePx"":0},{""x"":1130,""y"":800.7,""t"":364,""outside"":false,""outsidePx"":0},{""x"":1147.3,""y"":792,""t"":381,""outside"":false,""outsidePx"":0},{""x"":1166.7,""y"":781.3,""t"":397,""outside"":false,""outsidePx"":0},{""x"":1184,""y"":772.7,""t"":414,""outside"":false,""outsidePx"":0},{""x"":1200,""y"":764,""t"":431,""outside"":false,""outsidePx"":0},{""x"":1217.3,""y"":755.3,""t"":449,""outside"":false,""outsidePx"":0},{""x"":1230,""y"":748,""t"":463,""outside"":false,""outsidePx"":0},{""x"":1245.3,""y"":739.3,""t"":481,""outside"":false,""outsidePx"":0},{""x"":1261.3,""y"":730.7,""t"":498,""outside"":false,""outsidePx"":0},{""x"":1275.3,""y"":723.3,""t"":515,""outside"":false,""outsidePx"":0},{""x"":1287.3,""y"":714.7,""t"":531,""outside"":false,""outsidePx"":0},{""x"":1300,""y"":708,""t"":547,""outside"":false,""outsidePx"":0},{""x"":1317.3,""y"":697.3,""t"":564,""outside"":false,""outsidePx"":0},{""x"":1329.3,""y"":690.7,""t"":581,""outside"":false,""outsidePx"":0},{""x"":1348.7,""y"":680,""t"":597,""outside"":false,""outsidePx"":0},{""x"":1366,""y"":671.3,""t"":615,""outside"":false,""outsidePx"":0},{""x"":1382,""y"":662.7,""t"":631,""outside"":false,""outsidePx"":0},{""x"":1399.3,""y"":653.3,""t"":647,""outside"":false,""outsidePx"":0},{""x"":1416.7,""y"":643.3,""t"":666,""outside"":false,""outsidePx"":0},{""x"":1436,""y"":632.7,""t"":684,""outside"":false,""outsidePx"":0},{""x"":1448.7,""y"":627.3,""t"":698,""outside"":false,""outsidePx"":0},{""x"":1462.7,""y"":620.7,""t"":714,""outside"":false,""outsidePx"":0},{""x"":1472.7,""y"":615.3,""t"":732,""outside"":false,""outsidePx"":0},{""x"":1483.3,""y"":610,""t"":748,""outside"":false,""outsidePx"":0},{""x"":1496,""y"":602.7,""t"":764,""outside"":false,""outsidePx"":0},{""x"":1510,""y"":596,""t"":781,""outside"":false,""outsidePx"":0},{""x"":1522,""y"":590.7,""t"":797,""outside"":false,""outsidePx"":0},{""x"":1530.7,""y"":585.3,""t"":813,""outside"":false,""outsidePx"":0},{""x"":1538,""y"":582,""t"":830,""outside"":false,""outsidePx"":0},{""x"":1552,""y"":574.7,""t"":847,""outside"":false,""outsidePx"":0},{""x"":1558.7,""y"":571.3,""t"":864,""outside"":false,""outsidePx"":0},{""x"":1569.3,""y"":564.7,""t"":881,""outside"":false,""outsidePx"":0},{""x"":1572.7,""y"":562.7,""t"":897,""outside"":false,""outsidePx"":0},{""x"":1586.7,""y"":554,""t"":914,""outside"":false,""outsidePx"":0},{""x"":1597.3,""y"":546.7,""t"":931,""outside"":false,""outsidePx"":0},{""x"":1609.3,""y"":540,""t"":947,""outside"":false,""outsidePx"":0},{""x"":1622,""y"":531.3,""t"":963,""outside"":false,""outsidePx"":0},{""x"":1637.3,""y"":520.7,""t"":980,""outside"":false,""outsidePx"":0},{""x"":1650,""y"":512,""t"":997,""outside"":false,""outsidePx"":0},{""x"":1662,""y"":501.3,""t"":1014,""outside"":false,""outsidePx"":0},{""x"":1676,""y"":492.7,""t"":1031,""outside"":false,""outsidePx"":0},{""x"":1684.7,""y"":484,""t"":1048,""outside"":false,""outsidePx"":0},{""x"":1696.7,""y"":475.3,""t"":1064,""outside"":false,""outsidePx"":0},{""x"":1709.3,""y"":466.7,""t"":1081,""outside"":false,""outsidePx"":0},{""x"":1723.3,""y"":457.3,""t"":1097,""outside"":false,""outsidePx"":0},{""x"":1742.7,""y"":447.3,""t"":1113,""outside"":false,""outsidePx"":0},{""x"":1758,""y"":436.7,""t"":1130,""outside"":false,""outsidePx"":0},{""x"":1766.7,""y"":431.3,""t"":1147,""outside"":false,""outsidePx"":0},{""x"":1770.7,""y"":428,""t"":1164,""outside"":false,""outsidePx"":0}]"
motoe,main,practice,C3,距離大条件,W固定・A長い,35,675,19.286,3,11,71,71,71,2026-09-29T06:52:08.042Z,2026-09-29T06:52:09.145Z,1103,180,905,725,true,true,none,1779.3,445.3,1,false,0,0,0,false,[],"[{""x"":862.7,""y"":950.7,""t"":0,""outside"":false,""outsidePx"":0},{""x"":864,""y"":950.7,""t"":14,""outside"":false,""outsidePx"":0},{""x"":870.7,""y"":949.3,""t"":32,""outside"":false,""outsidePx"":0},{""x"":880,""y"":944,""t"":48,""outside"":false,""outsidePx"":0},{""x"":892,""y"":938.7,""t"":66,""outside"":false,""outsidePx"":0},{""x"":902.7,""y"":933.3,""t"":81,""outside"":false,""outsidePx"":0},{""x"":914.7,""y"":926.7,""t"":99,""outside"":false,""outsidePx"":0},{""x"":926.7,""y"":919.3,""t"":115,""outside"":false,""outsidePx"":0},{""x"":942.7,""y"":909.3,""t"":131,""outside"":false,""outsidePx"":0},{""x"":958.7,""y"":902,""t"":148,""outside"":false,""outsidePx"":0},{""x"":972.7,""y"":893.3,""t"":165,""outside"":false,""outsidePx"":0},{""x"":986.7,""y"":884.7,""t"":181,""outside"":false,""outsidePx"":0},{""x"":996.7,""y"":877.3,""t"":198,""outside"":false,""outsidePx"":0},{""x"":1007.3,""y"":870.7,""t"":215,""outside"":false,""outsidePx"":0},{""x"":1014.7,""y"":863.3,""t"":232,""outside"":false,""outsidePx"":0},{""x"":1026.7,""y"":856.7,""t"":248,""outside"":false,""outsidePx"":0},{""x"":1040.7,""y"":848,""t"":265,""outside"":false,""outsidePx"":0},{""x"":1058,""y"":837.3,""t"":282,""outside"":false,""outsidePx"":0},{""x"":1072,""y"":826.7,""t"":299,""outside"":false,""outsidePx"":0},{""x"":1086,""y"":818,""t"":316,""outside"":false,""outsidePx"":0},{""x"":1102,""y"":811.3,""t"":332,""outside"":false,""outsidePx"":0},{""x"":1121.3,""y"":800.7,""t"":349,""outside"":false,""outsidePx"":0},{""x"":1133.3,""y"":793.3,""t"":365,""outside"":false,""outsidePx"":0},{""x"":1146,""y"":786.7,""t"":382,""outside"":false,""outsidePx"":0},{""x"":1164.7,""y"":778,""t"":398,""outside"":false,""outsidePx"":0},{""x"":1180.7,""y"":769.3,""t"":415,""outside"":false,""outsidePx"":0},{""x"":1194.7,""y"":762,""t"":430,""outside"":false,""outsidePx"":0},{""x"":1205.3,""y"":756.7,""t"":448,""outside"":false,""outsidePx"":0},{""x"":1216,""y"":751.3,""t"":465,""outside"":false,""outsidePx"":0},{""x"":1228,""y"":744.7,""t"":481,""outside"":false,""outsidePx"":0},{""x"":1238.7,""y"":737.3,""t"":498,""outside"":false,""outsidePx"":0},{""x"":1248.7,""y"":732.7,""t"":515,""outside"":false,""outsidePx"":0},{""x"":1259.3,""y"":725.3,""t"":532,""outside"":false,""outsidePx"":0},{""x"":1270,""y"":720,""t"":549,""outside"":false,""outsidePx"":0},{""x"":1276.7,""y"":716.7,""t"":565,""outside"":false,""outsidePx"":0},{""x"":1287.3,""y"":711.3,""t"":581,""outside"":false,""outsidePx"":0},{""x"":1296,""y"":706,""t"":598,""outside"":false,""outsidePx"":0},{""x"":1308.7,""y"":699.3,""t"":615,""outside"":false,""outsidePx"":0},{""x"":1320.7,""y"":692,""t"":631,""outside"":false,""outsidePx"":0},{""x"":1334.7,""y"":685.3,""t"":647,""outside"":false,""outsidePx"":0},{""x"":1352,""y"":676.7,""t"":664,""outside"":false,""outsidePx"":0},{""x"":1368,""y"":666,""t"":682,""outside"":false,""outsidePx"":0},{""x"":1384,""y"":658.7,""t"":698,""outside"":false,""outsidePx"":0},{""x"":1398,""y"":650,""t"":715,""outside"":false,""outsidePx"":0},{""x"":1413.3,""y"":643.3,""t"":731,""outside"":false,""outsidePx"":0},{""x"":1429.3,""y"":636,""t"":748,""outside"":false,""outsidePx"":0},{""x"":1443.3,""y"":627.3,""t"":764,""outside"":false,""outsidePx"":0},{""x"":1460.7,""y"":618.7,""t"":781,""outside"":false,""outsidePx"":0},{""x"":1474.7,""y"":611.3,""t"":798,""outside"":false,""outsidePx"":0},{""x"":1490.7,""y"":602.7,""t"":815,""outside"":false,""outsidePx"":0},{""x"":1508,""y"":594,""t"":832,""outside"":false,""outsidePx"":0},{""x"":1524,""y"":585.3,""t"":848,""outside"":false,""outsidePx"":0},{""x"":1538,""y"":578.7,""t"":865,""outside"":false,""outsidePx"":0},{""x"":1555.3,""y"":568,""t"":882,""outside"":false,""outsidePx"":0},{""x"":1569.3,""y"":560.7,""t"":898,""outside"":false,""outsidePx"":0},{""x"":1583.3,""y"":552,""t"":915,""outside"":false,""outsidePx"":0},{""x"":1600.7,""y"":541.3,""t"":932,""outside"":false,""outsidePx"":0},{""x"":1618,""y"":532.7,""t"":948,""outside"":false,""outsidePx"":0},{""x"":1639.3,""y"":520.7,""t"":964,""outside"":false,""outsidePx"":0},{""x"":1667.3,""y"":504.7,""t"":981,""outside"":false,""outsidePx"":0},{""x"":1704,""y"":487.3,""t"":1000,""outside"":false,""outsidePx"":0},{""x"":1728.7,""y"":475.3,""t"":1015,""outside"":false,""outsidePx"":0},{""x"":1754.7,""y"":461.3,""t"":1032,""outside"":false,""outsidePx"":0},{""x"":1766.7,""y"":452.7,""t"":1049,""outside"":false,""outsidePx"":0},{""x"":1777.3,""y"":448.7,""t"":1065,""outside"":false,""outsidePx"":0},{""x"":1779.3,""y"":445.3,""t"":1081,""outside"":false,""outsidePx"":0}]"
motoe,main,practice,C3,距離大条件,W固定・A長い,35,675,19.286,3,12,72,72,72,2026-09-29T06:52:09.897Z,2026-09-29T06:52:11.079Z,1183,232,963,731,false,true,near_goal_pointerup,1802,440,1,true,3,187,2.2,false,"[{""startMs"":278,""startX"":1002,""startY"":860,""maxOutsidePx"":0.3,""endMs"":294,""endX"":1009.3,""endY"":856.7,""durationMs"":16},{""startMs"":311,""startX"":1020,""startY"":849.3,""maxOutsidePx"":2.2,""endMs"":360,""endX"":1063.3,""endY"":825.3,""durationMs"":49},{""startMs"":1061,""startX"":1700.7,""startY"":498,""maxOutsidePx"":1.9,""endMs"":1183,""endX"":1802,""endY"":440,""durationMs"":122}]","[{""x"":854,""y"":957.3,""t"":0,""outside"":false,""outsidePx"":0},{""x"":855.3,""y"":956.7,""t"":42,""outside"":false,""outsidePx"":0},{""x"":869.3,""y"":949.3,""t"":59,""outside"":false,""outsidePx"":0},{""x"":886.7,""y"":940.7,""t"":77,""outside"":false,""outsidePx"":0},{""x"":908,""y"":930,""t"":93,""outside"":false,""outsidePx"":0},{""x"":922,""y"":921.3,""t"":110,""outside"":false,""outsidePx"":0},{""x"":937.3,""y"":910.7,""t"":126,""outside"":false,""outsidePx"":0},{""x"":946,""y"":904,""t"":143,""outside"":false,""outsidePx"":0},{""x"":954.7,""y"":898.7,""t"":162,""outside"":false,""outsidePx"":0},{""x"":958.7,""y"":895.3,""t"":178,""outside"":false,""outsidePx"":0},{""x"":964,""y"":890,""t"":193,""outside"":false,""outsidePx"":0},{""x"":970.7,""y"":884.7,""t"":210,""outside"":false,""outsidePx"":0},{""x"":979.3,""y"":879.3,""t"":228,""outside"":false,""outsidePx"":0},{""x"":988,""y"":872.7,""t"":246,""outside"":false,""outsidePx"":0},{""x"":993.3,""y"":868.7,""t"":260,""outside"":false,""outsidePx"":0},{""x"":1002,""y"":860,""t"":278,""outside"":true,""outsidePx"":0.3},{""x"":1009.3,""y"":856.7,""t"":294,""outside"":false,""outsidePx"":0},{""x"":1020,""y"":849.3,""t"":311,""outside"":true,""outsidePx"":0.5},{""x"":1034,""y"":839.3,""t"":327,""outside"":true,""outsidePx"":2.2},{""x"":1048,""y"":832,""t"":344,""outside"":true,""outsidePx"":1.5},{""x"":1063.3,""y"":825.3,""t"":360,""outside"":false,""outsidePx"":0},{""x"":1079.3,""y"":818,""t"":377,""outside"":false,""outsidePx"":0},{""x"":1093.3,""y"":811.3,""t"":394,""outside"":false,""outsidePx"":0},{""x"":1105.3,""y"":804,""t"":410,""outside"":false,""outsidePx"":0},{""x"":1118,""y"":798.7,""t"":426,""outside"":false,""outsidePx"":0},{""x"":1130,""y"":792,""t"":444,""outside"":false,""outsidePx"":0},{""x"":1140.7,""y"":786.7,""t"":461,""outside"":false,""outsidePx"":0},{""x"":1152.7,""y"":779.3,""t"":478,""outside"":false,""outsidePx"":0},{""x"":1161.3,""y"":776,""t"":494,""outside"":false,""outsidePx"":0},{""x"":1174,""y"":769.3,""t"":510,""outside"":false,""outsidePx"":0},{""x"":1188,""y"":762,""t"":528,""outside"":false,""outsidePx"":0},{""x"":1196.7,""y"":756.7,""t"":544,""outside"":false,""outsidePx"":0},{""x"":1212,""y"":750,""t"":561,""outside"":false,""outsidePx"":0},{""x"":1224.7,""y"":742.7,""t"":578,""outside"":false,""outsidePx"":0},{""x"":1240,""y"":734,""t"":595,""outside"":false,""outsidePx"":0},{""x"":1248.7,""y"":728.7,""t"":612,""outside"":false,""outsidePx"":0},{""x"":1266.7,""y"":718.7,""t"":630,""outside"":false,""outsidePx"":0},{""x"":1276.7,""y"":713.3,""t"":644,""outside"":false,""outsidePx"":0},{""x"":1289.3,""y"":706,""t"":660,""outside"":false,""outsidePx"":0},{""x"":1308.7,""y"":695.3,""t"":677,""outside"":false,""outsidePx"":0},{""x"":1326,""y"":686.7,""t"":693,""outside"":false,""outsidePx"":0},{""x"":1346.7,""y"":676.7,""t"":710,""outside"":false,""outsidePx"":0},{""x"":1368,""y"":664,""t"":727,""outside"":false,""outsidePx"":0},{""x"":1388.7,""y"":655.3,""t"":744,""outside"":false,""outsidePx"":0},{""x"":1408,""y"":646.7,""t"":761,""outside"":false,""outsidePx"":0},{""x"":1426,""y"":638,""t"":777,""outside"":false,""outsidePx"":0},{""x"":1446.7,""y"":629.3,""t"":793,""outside"":false,""outsidePx"":0},{""x"":1469.3,""y"":620.7,""t"":810,""outside"":false,""outsidePx"":0},{""x"":1485.3,""y"":613.3,""t"":827,""outside"":false,""outsidePx"":0},{""x"":1497.3,""y"":608,""t"":844,""outside"":false,""outsidePx"":0},{""x"":1510,""y"":601.3,""t"":861,""outside"":false,""outsidePx"":0},{""x"":1520,""y"":597.3,""t"":877,""outside"":false,""outsidePx"":0},{""x"":1530.7,""y"":592.7,""t"":894,""outside"":false,""outsidePx"":0},{""x"":1541.3,""y"":587.3,""t"":910,""outside"":false,""outsidePx"":0},{""x"":1552,""y"":580,""t"":927,""outside"":false,""outsidePx"":0},{""x"":1564,""y"":573.3,""t"":943,""outside"":false,""outsidePx"":0},{""x"":1576,""y"":566,""t"":959,""outside"":false,""outsidePx"":0},{""x"":1592,""y"":557.3,""t"":977,""outside"":false,""outsidePx"":0},{""x"":1606,""y"":548.7,""t"":993,""outside"":false,""outsidePx"":0},{""x"":1625.3,""y"":538,""t"":1010,""outside"":false,""outsidePx"":0},{""x"":1648,""y"":526,""t"":1026,""outside"":false,""outsidePx"":0},{""x"":1672.7,""y"":512,""t"":1045,""outside"":false,""outsidePx"":0},{""x"":1700.7,""y"":498,""t"":1061,""outside"":true,""outsidePx"":0.6},{""x"":1728.7,""y"":482,""t"":1076,""outside"":true,""outsidePx"":0.7},{""x"":1754.7,""y"":468,""t"":1093,""outside"":true,""outsidePx"":1.6},{""x"":1776,""y"":456,""t"":1110,""outside"":true,""outsidePx"":1.9},{""x"":1788,""y"":448.7,""t"":1127,""outside"":true,""outsidePx"":1.5},{""x"":1798.7,""y"":442,""t"":1144,""outside"":true,""outsidePx"":1.1},{""x"":1802,""y"":440,""t"":1160,""outside"":true,""outsidePx"":1}]"
motoe,main,practice,C3,距離大条件,W固定・A長い,35,675,19.286,3,13,73,73,73,2026-09-29T06:52:11.711Z,2026-09-29T06:52:12.846Z,1135,197,899,702,true,true,none,1770.7,428,1,false,0,0,0,false,[],"[{""x"":856,""y"":957.3,""t"":0,""outside"":false,""outsidePx"":0},{""x"":856.7,""y"":957.3,""t"":45,""outside"":false,""outsidePx"":0},{""x"":862,""y"":957.3,""t"":62,""outside"":false,""outsidePx"":0},{""x"":870.7,""y"":952.7,""t"":79,""outside"":false,""outsidePx"":0},{""x"":883.3,""y"":946,""t"":95,""outside"":false,""outsidePx"":0},{""x"":898.7,""y"":938.7,""t"":112,""outside"":false,""outsidePx"":0},{""x"":918,""y"":926.7,""t"":129,""outside"":false,""outsidePx"":0},{""x"":936,""y"":916,""t"":145,""outside"":false,""outsidePx"":0},{""x"":953.3,""y"":905.3,""t"":161,""outside"":false,""outsidePx"":0},{""x"":970.7,""y"":893.3,""t"":179,""outside"":false,""outsidePx"":0},{""x"":984.7,""y"":884.7,""t"":196,""outside"":false,""outsidePx"":0},{""x"":995.3,""y"":877.3,""t"":212,""outside"":false,""outsidePx"":0},{""x"":1007.3,""y"":868.7,""t"":229,""outside"":false,""outsidePx"":0},{""x"":1020,""y"":860,""t"":247,""outside"":false,""outsidePx"":0},{""x"":1034,""y"":851.3,""t"":262,""outside"":false,""outsidePx"":0},{""x"":1046,""y"":842.7,""t"":278,""outside"":false,""outsidePx"":0},{""x"":1058,""y"":835.3,""t"":295,""outside"":false,""outsidePx"":0},{""x"":1072,""y"":825.3,""t"":312,""outside"":false,""outsidePx"":0},{""x"":1084.7,""y"":818,""t"":329,""outside"":false,""outsidePx"":0},{""x"":1096.7,""y"":809.3,""t"":345,""outside"":false,""outsidePx"":0},{""x"":1110.7,""y"":800.7,""t"":362,""outside"":false,""outsidePx"":0},{""x"":1126.7,""y"":792,""t"":379,""outside"":false,""outsidePx"":0},{""x"":1142,""y"":783.3,""t"":396,""outside"":false,""outsidePx"":0},{""x"":1158,""y"":776,""t"":412,""outside"":false,""outsidePx"":0},{""x"":1170,""y"":769.3,""t"":429,""outside"":false,""outsidePx"":0},{""x"":1186,""y"":760.7,""t"":446,""outside"":false,""outsidePx"":0},{""x"":1200,""y"":753.3,""t"":462,""outside"":false,""outsidePx"":0},{""x"":1212,""y"":748,""t"":480,""outside"":false,""outsidePx"":0},{""x"":1226,""y"":739.3,""t"":495,""outside"":false,""outsidePx"":0},{""x"":1242,""y"":730.7,""t"":513,""outside"":false,""outsidePx"":0},{""x"":1258,""y"":722,""t"":528,""outside"":false,""outsidePx"":0},{""x"":1272,""y"":713.3,""t"":545,""outside"":false,""outsidePx"":0},{""x"":1289.3,""y"":704.7,""t"":563,""outside"":false,""outsidePx"":0},{""x"":1304.7,""y"":697.3,""t"":579,""outside"":false,""outsidePx"":0},{""x"":1320.7,""y"":688.7,""t"":595,""outside"":false,""outsidePx"":0},{""x"":1331.3,""y"":683.3,""t"":612,""outside"":false,""outsidePx"":0},{""x"":1343.3,""y"":676.7,""t"":629,""outside"":false,""outsidePx"":0},{""x"":1359.3,""y"":669.3,""t"":645,""outside"":false,""outsidePx"":0},{""x"":1376.7,""y"":660.7,""t"":662,""outside"":false,""outsidePx"":0},{""x"":1396,""y"":650,""t"":679,""outside"":false,""outsidePx"":0},{""x"":1418.7,""y"":639.3,""t"":697,""outside"":false,""outsidePx"":0},{""x"":1438,""y"":629.3,""t"":713,""outside"":false,""outsidePx"":0},{""x"":1455.3,""y"":620.7,""t"":729,""outside"":false,""outsidePx"":0},{""x"":1468,""y"":613.3,""t"":746,""outside"":false,""outsidePx"":0},{""x"":1483.3,""y"":604.7,""t"":762,""outside"":false,""outsidePx"":0},{""x"":1499.3,""y"":597.3,""t"":778,""outside"":false,""outsidePx"":0},{""x"":1513.3,""y"":588.7,""t"":795,""outside"":false,""outsidePx"":0},{""x"":1525.3,""y"":582,""t"":812,""outside"":false,""outsidePx"":0},{""x"":1538,""y"":576.7,""t"":828,""outside"":false,""outsidePx"":0},{""x"":1548,""y"":571.3,""t"":845,""outside"":false,""outsidePx"":0},{""x"":1555.3,""y"":566,""t"":861,""outside"":false,""outsidePx"":0},{""x"":1562,""y"":562.7,""t"":878,""outside"":false,""outsidePx"":0},{""x"":1572.7,""y"":555.3,""t"":896,""outside"":false,""outsidePx"":0},{""x"":1581.3,""y"":550.7,""t"":913,""outside"":false,""outsidePx"":0},{""x"":1590,""y"":545.3,""t"":928,""outside"":false,""outsidePx"":0},{""x"":1604,""y"":536.7,""t"":945,""outside"":false,""outsidePx"":0},{""x"":1620,""y"":526,""t"":961,""outside"":false,""outsidePx"":0},{""x"":1636,""y"":517.3,""t"":979,""outside"":false,""outsidePx"":0},{""x"":1653.3,""y"":504.7,""t"":995,""outside"":false,""outsidePx"":0},{""x"":1670.7,""y"":492.7,""t"":1012,""outside"":false,""outsidePx"":0},{""x"":1688,""y"":480.7,""t"":1029,""outside"":false,""outsidePx"":0},{""x"":1706,""y"":468,""t"":1046,""outside"":false,""outsidePx"":0},{""x"":1721.3,""y"":457.3,""t"":1062,""outside"":false,""outsidePx"":0},{""x"":1738.7,""y"":447.3,""t"":1079,""outside"":false,""outsidePx"":0},{""x"":1756.7,""y"":436.7,""t"":1095,""outside"":false,""outsidePx"":0},{""x"":1770.7,""y"":428,""t"":1113,""outside"":false,""outsidePx"":0}]"
motoe,main,practice,C3,距離大条件,W固定・A長い,35,675,19.286,3,14,74,74,74,2026-09-29T06:52:13.466Z,2026-09-29T06:52:14.651Z,1185,171,947,776,true,true,none,1782.7,428,1,false,0,0,0,false,[],"[{""x"":857.3,""y"":961.3,""t"":0,""outside"":false,""outsidePx"":0},{""x"":862,""y"":960,""t"":56,""outside"":false,""outsidePx"":0},{""x"":872.7,""y"":954.7,""t"":72,""outside"":false,""outsidePx"":0},{""x"":892,""y"":944,""t"":90,""outside"":false,""outsidePx"":0},{""x"":916.7,""y"":932,""t"":107,""outside"":false,""outsidePx"":0},{""x"":940.7,""y"":919.3,""t"":123,""outside"":false,""outsidePx"":0},{""x"":962,""y"":909.3,""t"":140,""outside"":false,""outsidePx"":0},{""x"":979.3,""y"":900.7,""t"":156,""outside"":false,""outsidePx"":0},{""x"":993.3,""y"":891.3,""t"":175,""outside"":false,""outsidePx"":0},{""x"":1000.7,""y"":888,""t"":190,""outside"":false,""outsidePx"":0},{""x"":1010.7,""y"":881.3,""t"":208,""outside"":false,""outsidePx"":0},{""x"":1020,""y"":876,""t"":223,""outside"":false,""outsidePx"":0},{""x"":1034,""y"":867.3,""t"":240,""outside"":false,""outsidePx"":0},{""x"":1046,""y"":858.7,""t"":257,""outside"":false,""outsidePx"":0},{""x"":1060,""y"":849.3,""t"":273,""outside"":false,""outsidePx"":0},{""x"":1072,""y"":842.7,""t"":289,""outside"":false,""outsidePx"":0},{""x"":1082.7,""y"":835.3,""t"":306,""outside"":false,""outsidePx"":0},{""x"":1093.3,""y"":828.7,""t"":323,""outside"":false,""outsidePx"":0},{""x"":1102,""y"":821.3,""t"":340,""outside"":false,""outsidePx"":0},{""x"":1112.7,""y"":816.7,""t"":356,""outside"":false,""outsidePx"":0},{""x"":1124.7,""y"":807.3,""t"":373,""outside"":false,""outsidePx"":0},{""x"":1138.7,""y"":798.7,""t"":390,""outside"":false,""outsidePx"":0},{""x"":1158,""y"":788.7,""t"":408,""outside"":false,""outsidePx"":0},{""x"":1172,""y"":781.3,""t"":423,""outside"":false,""outsidePx"":0},{""x"":1186,""y"":774.7,""t"":439,""outside"":false,""outsidePx"":0},{""x"":1198,""y"":767.3,""t"":456,""outside"":false,""outsidePx"":0},{""x"":1212,""y"":758.7,""t"":473,""outside"":false,""outsidePx"":0},{""x"":1228,""y"":750,""t"":492,""outside"":false,""outsidePx"":0},{""x"":1240,""y"":741.3,""t"":507,""outside"":false,""outsidePx"":0},{""x"":1256,""y"":730.7,""t"":524,""outside"":false,""outsidePx"":0},{""x"":1272,""y"":722,""t"":540,""outside"":false,""outsidePx"":0},{""x"":1289.3,""y"":713.3,""t"":558,""outside"":false,""outsidePx"":0},{""x"":1301.3,""y"":708,""t"":575,""outside"":false,""outsidePx"":0},{""x"":1310,""y"":702.7,""t"":590,""outside"":false,""outsidePx"":0},{""x"":1320.7,""y"":697.3,""t"":606,""outside"":false,""outsidePx"":0},{""x"":1331.3,""y"":690.7,""t"":623,""outside"":false,""outsidePx"":0},{""x"":1343.3,""y"":685.3,""t"":640,""outside"":false,""outsidePx"":0},{""x"":1354,""y"":678,""t"":657,""outside"":false,""outsidePx"":0},{""x"":1364.7,""y"":671.3,""t"":673,""outside"":false,""outsidePx"":0},{""x"":1374.7,""y"":666,""t"":689,""outside"":false,""outsidePx"":0},{""x"":1385.3,""y"":658.7,""t"":707,""outside"":false,""outsidePx"":0},{""x"":1392.7,""y"":653.3,""t"":723,""outside"":false,""outsidePx"":0},{""x"":1402.7,""y"":646.7,""t"":741,""outside"":false,""outsidePx"":0},{""x"":1412,""y"":641.3,""t"":756,""outside"":false,""outsidePx"":0},{""x"":1420.7,""y"":636,""t"":773,""outside"":false,""outsidePx"":0},{""x"":1430.7,""y"":629.3,""t"":795,""outside"":false,""outsidePx"":0},{""x"":1444.7,""y"":620.7,""t"":807,""outside"":false,""outsidePx"":0},{""x"":1458.7,""y"":611.3,""t"":824,""outside"":false,""outsidePx"":0},{""x"":1474.7,""y"":601.3,""t"":840,""outside"":false,""outsidePx"":0},{""x"":1488.7,""y"":590.7,""t"":857,""outside"":false,""outsidePx"":0},{""x"":1500.7,""y"":583.3,""t"":874,""outside"":false,""outsidePx"":0},{""x"":1516.7,""y"":573.3,""t"":890,""outside"":false,""outsidePx"":0},{""x"":1532.7,""y"":562.7,""t"":907,""outside"":false,""outsidePx"":0},{""x"":1546.7,""y"":555.3,""t"":923,""outside"":false,""outsidePx"":0},{""x"":1560.7,""y"":546.7,""t"":940,""outside"":false,""outsidePx"":0},{""x"":1576,""y"":540,""t"":956,""outside"":false,""outsidePx"":0},{""x"":1588.7,""y"":532.7,""t"":973,""outside"":false,""outsidePx"":0},{""x"":1598.7,""y"":526,""t"":990,""outside"":false,""outsidePx"":0},{""x"":1611.3,""y"":518.7,""t"":1007,""outside"":false,""outsidePx"":0},{""x"":1623.3,""y"":513.3,""t"":1023,""outside"":false,""outsidePx"":0},{""x"":1637.3,""y"":504.7,""t"":1040,""outside"":false,""outsidePx"":0},{""x"":1654.7,""y"":494.7,""t"":1057,""outside"":false,""outsidePx"":0},{""x"":1672.7,""y"":485.3,""t"":1072,""outside"":false,""outsidePx"":0},{""x"":1693.3,""y"":475.3,""t"":1089,""outside"":false,""outsidePx"":0},{""x"":1710.7,""y"":464.7,""t"":1106,""outside"":false,""outsidePx"":0},{""x"":1734,""y"":454,""t"":1123,""outside"":false,""outsidePx"":0},{""x"":1752.7,""y"":443.3,""t"":1140,""outside"":false,""outsidePx"":0},{""x"":1770.7,""y"":434.7,""t"":1157,""outside"":false,""outsidePx"":0},{""x"":1779.3,""y"":429.3,""t"":1173,""outside"":false,""outsidePx"":0},{""x"":1782.7,""y"":428,""t"":1184,""outside"":false,""outsidePx"":0}]"
motoe,main,practice,C3,距離大条件,W固定・A長い,35,675,19.286,3,15,75,75,75,2026-09-29T06:52:15.358Z,2026-09-29T06:52:16.364Z,1006,138,781,643,false,true,near_goal_pointerup,1834,428,1,true,1,91,7.4,false,"[{""startMs"":915,""startX"":1762,""startY"":466.7,""maxOutsidePx"":7.4,""endMs"":1006,""endX"":1834,""endY"":428,""durationMs"":91}]","[{""x"":885.3,""y"":947.3,""t"":0,""outside"":false,""outsidePx"":0},{""x"":890,""y"":946,""t"":29,""outside"":false,""outsidePx"":0},{""x"":900.7,""y"":940.7,""t"":47,""outside"":false,""outsidePx"":0},{""x"":912.7,""y"":935.3,""t"":63,""outside"":false,""outsidePx"":0},{""x"":925.3,""y"":928.7,""t"":80,""outside"":false,""outsidePx"":0},{""x"":944.7,""y"":919.3,""t"":98,""outside"":false,""outsidePx"":0},{""x"":965.3,""y"":909.3,""t"":115,""outside"":false,""outsidePx"":0},{""x"":984.7,""y"":898.7,""t"":132,""outside"":false,""outsidePx"":0},{""x"":1002,""y"":888,""t"":148,""outside"":false,""outsidePx"":0},{""x"":1021.3,""y"":877.3,""t"":164,""outside"":false,""outsidePx"":0},{""x"":1037.3,""y"":867.3,""t"":181,""outside"":false,""outsidePx"":0},{""x"":1051.3,""y"":856.7,""t"":197,""outside"":false,""outsidePx"":0},{""x"":1063.3,""y"":849.3,""t"":213,""outside"":false,""outsidePx"":0},{""x"":1074,""y"":842.7,""t"":230,""outside"":false,""outsidePx"":0},{""x"":1084.7,""y"":834,""t"":248,""outside"":false,""outsidePx"":0},{""x"":1093.3,""y"":828.7,""t"":264,""outside"":false,""outsidePx"":0},{""x"":1102,""y"":823.3,""t"":282,""outside"":false,""outsidePx"":0},{""x"":1112.7,""y"":816.7,""t"":297,""outside"":false,""outsidePx"":0},{""x"":1126.7,""y"":807.3,""t"":314,""outside"":false,""outsidePx"":0},{""x"":1140.7,""y"":800.7,""t"":330,""outside"":false,""outsidePx"":0},{""x"":1156,""y"":792,""t"":347,""outside"":false,""outsidePx"":0},{""x"":1175.3,""y"":781.3,""t"":363,""outside"":false,""outsidePx"":0},{""x"":1196.7,""y"":770.7,""t"":381,""outside"":false,""outsidePx"":0},{""x"":1216,""y"":760.7,""t"":398,""outside"":false,""outsidePx"":0},{""x"":1234.7,""y"":751.3,""t"":417,""outside"":false,""outsidePx"":0},{""x"":1247.3,""y"":744.7,""t"":431,""outside"":false,""outsidePx"":0},{""x"":1262.7,""y"":736,""t"":447,""outside"":false,""outsidePx"":0},{""x"":1275.3,""y"":728.7,""t"":465,""outside"":false,""outsidePx"":0},{""x"":1292.7,""y"":718.7,""t"":482,""outside"":false,""outsidePx"":0},{""x"":1306.7,""y"":711.3,""t"":498,""outside"":false,""outsidePx"":0},{""x"":1317.3,""y"":706,""t"":514,""outside"":false,""outsidePx"":0},{""x"":1328,""y"":700.7,""t"":532,""outside"":false,""outsidePx"":0},{""x"":1338,""y"":694,""t"":548,""outside"":false,""outsidePx"":0},{""x"":1352,""y"":686.7,""t"":565,""outside"":false,""outsidePx"":0},{""x"":1362.7,""y"":680,""t"":580,""outside"":false,""outsidePx"":0},{""x"":1378.7,""y"":671.3,""t"":598,""outside"":false,""outsidePx"":0},{""x"":1390.7,""y"":664,""t"":614,""outside"":false,""outsidePx"":0},{""x"":1402.7,""y"":657.3,""t"":632,""outside"":false,""outsidePx"":0},{""x"":1415.3,""y"":648.7,""t"":647,""outside"":false,""outsidePx"":0},{""x"":1429.3,""y"":639.3,""t"":664,""outside"":false,""outsidePx"":0},{""x"":1446.7,""y"":627.3,""t"":682,""outside"":false,""outsidePx"":0},{""x"":1464,""y"":618.7,""t"":699,""outside"":false,""outsidePx"":0},{""x"":1485.3,""y"":606.7,""t"":715,""outside"":false,""outsidePx"":0},{""x"":1504.7,""y"":594,""t"":731,""outside"":false,""outsidePx"":0},{""x"":1528.7,""y"":580,""t"":749,""outside"":false,""outsidePx"":0},{""x"":1556.7,""y"":564.7,""t"":767,""outside"":false,""outsidePx"":0},{""x"":1574.7,""y"":554,""t"":782,""outside"":false,""outsidePx"":0},{""x"":1594,""y"":541.3,""t"":798,""outside"":false,""outsidePx"":0},{""x"":1611.3,""y"":532.7,""t"":816,""outside"":false,""outsidePx"":0},{""x"":1630.7,""y"":522.7,""t"":832,""outside"":false,""outsidePx"":0},{""x"":1648,""y"":513.3,""t"":848,""outside"":false,""outsidePx"":0},{""x"":1670.7,""y"":503.3,""t"":866,""outside"":false,""outsidePx"":0},{""x"":1693.3,""y"":492.7,""t"":883,""outside"":false,""outsidePx"":0},{""x"":1726.7,""y"":480.7,""t"":898,""outside"":false,""outsidePx"":0},{""x"":1762,""y"":466.7,""t"":915,""outside"":true,""outsidePx"":4.1},{""x"":1793.3,""y"":450.7,""t"":930,""outside"":true,""outsidePx"":5.9},{""x"":1819.3,""y"":436.7,""t"":947,""outside"":true,""outsidePx"":6.8},{""x"":1833.3,""y"":429.3,""t"":963,""outside"":true,""outsidePx"":7.4},{""x"":1835.3,""y"":428,""t"":981,""outside"":true,""outsidePx"":7.3},{""x"":1834,""y"":428,""t"":1004,""outside"":true,""outsidePx"":6.6}]"
motoe,main,practice,C3,距離大条件,W固定・A長い,35,675,19.286,3,16,76,76,76,2026-09-29T06:52:17.842Z,2026-09-29T06:52:19.092Z,1250,216,1025,809,true,true,none,1780.7,428,1,false,0,0,0,false,[],"[{""x"":876,""y"":957.3,""t"":0,""outside"":false,""outsidePx"":0},{""x"":886.7,""y"":952.7,""t"":13,""outside"":false,""outsidePx"":0},{""x"":898.7,""y"":944,""t"":30,""outside"":false,""outsidePx"":0},{""x"":908,""y"":938.7,""t"":47,""outside"":false,""outsidePx"":0},{""x"":911.3,""y"":935.3,""t"":63,""outside"":false,""outsidePx"":0},{""x"":916.7,""y"":932,""t"":81,""outside"":false,""outsidePx"":0},{""x"":923.3,""y"":924.7,""t"":98,""outside"":false,""outsidePx"":0},{""x"":930.7,""y"":921.3,""t"":114,""outside"":false,""outsidePx"":0},{""x"":940.7,""y"":914.7,""t"":130,""outside"":false,""outsidePx"":0},{""x"":950,""y"":907.3,""t"":146,""outside"":false,""outsidePx"":0},{""x"":956.7,""y"":902,""t"":165,""outside"":false,""outsidePx"":0},{""x"":967.3,""y"":893.3,""t"":181,""outside"":false,""outsidePx"":0},{""x"":978,""y"":886.7,""t"":197,""outside"":false,""outsidePx"":0},{""x"":982.7,""y"":881.3,""t"":215,""outside"":false,""outsidePx"":0},{""x"":990,""y"":876,""t"":231,""outside"":false,""outsidePx"":0},{""x"":998.7,""y"":870.7,""t"":249,""outside"":false,""outsidePx"":0},{""x"":1004,""y"":865.3,""t"":265,""outside"":false,""outsidePx"":0},{""x"":1012.7,""y"":860,""t"":281,""outside"":false,""outsidePx"":0},{""x"":1021.3,""y"":853.3,""t"":298,""outside"":false,""outsidePx"":0},{""x"":1028.7,""y"":849.3,""t"":314,""outside"":false,""outsidePx"":0},{""x"":1038.7,""y"":842.7,""t"":331,""outside"":false,""outsidePx"":0},{""x"":1046,""y"":839.3,""t"":346,""outside"":false,""outsidePx"":0},{""x"":1056.7,""y"":832,""t"":363,""outside"":false,""outsidePx"":0},{""x"":1066.7,""y"":826.7,""t"":380,""outside"":false,""outsidePx"":0},{""x"":1079.3,""y"":820,""t"":397,""outside"":false,""outsidePx"":0},{""x"":1090,""y"":814.7,""t"":415,""outside"":false,""outsidePx"":0},{""x"":1100,""y"":809.3,""t"":431,""outside"":false,""outsidePx"":0},{""x"":1108.7,""y"":806,""t"":448,""outside"":false,""outsidePx"":0},{""x"":1116,""y"":802.7,""t"":465,""outside"":false,""outsidePx"":0},{""x"":1122.7,""y"":798.7,""t"":481,""outside"":false,""outsidePx"":0},{""x"":1133.3,""y"":793.3,""t"":499,""outside"":false,""outsidePx"":0},{""x"":1140.7,""y"":790,""t"":514,""outside"":false,""outsidePx"":0},{""x"":1152.7,""y"":784.7,""t"":530,""outside"":false,""outsidePx"":0},{""x"":1164.7,""y"":778,""t"":547,""outside"":false,""outsidePx"":0},{""x"":1177.3,""y"":770.7,""t"":564,""outside"":false,""outsidePx"":0},{""x"":1191.3,""y"":764,""t"":579,""outside"":false,""outsidePx"":0},{""x"":1203.3,""y"":758.7,""t"":597,""outside"":false,""outsidePx"":0},{""x"":1217.3,""y"":751.3,""t"":613,""outside"":false,""outsidePx"":0},{""x"":1231.3,""y"":744.7,""t"":631,""outside"":false,""outsidePx"":0},{""x"":1244,""y"":737.3,""t"":647,""outside"":false,""outsidePx"":0},{""x"":1261.3,""y"":730.7,""t"":664,""outside"":false,""outsidePx"":0},{""x"":1280.7,""y"":722,""t"":681,""outside"":false,""outsidePx"":0},{""x"":1292.7,""y"":714.7,""t"":697,""outside"":false,""outsidePx"":0},{""x"":1308.7,""y"":708,""t"":712,""outside"":false,""outsidePx"":0},{""x"":1318.7,""y"":702.7,""t"":730,""outside"":false,""outsidePx"":0},{""x"":1331.3,""y"":695.3,""t"":747,""outside"":false,""outsidePx"":0},{""x"":1346.7,""y"":686.7,""t"":766,""outside"":false,""outsidePx"":0},{""x"":1362.7,""y"":678,""t"":780,""outside"":false,""outsidePx"":0},{""x"":1376.7,""y"":671.3,""t"":797,""outside"":false,""outsidePx"":0},{""x"":1401.3,""y"":657.3,""t"":814,""outside"":false,""outsidePx"":0},{""x"":1420.7,""y"":648.7,""t"":829,""outside"":false,""outsidePx"":0},{""x"":1440,""y"":638,""t"":846,""outside"":false,""outsidePx"":0},{""x"":1462.7,""y"":625.3,""t"":864,""outside"":false,""outsidePx"":0},{""x"":1482,""y"":615.3,""t"":881,""outside"":false,""outsidePx"":0},{""x"":1497.3,""y"":606.7,""t"":897,""outside"":false,""outsidePx"":0},{""x"":1508,""y"":599.3,""t"":913,""outside"":false,""outsidePx"":0},{""x"":1520,""y"":592.7,""t"":930,""outside"":false,""outsidePx"":0},{""x"":1530.7,""y"":585.3,""t"":947,""outside"":false,""outsidePx"":0},{""x"":1541.3,""y"":578.7,""t"":964,""outside"":false,""outsidePx"":0},{""x"":1550,""y"":573.3,""t"":980,""outside"":false,""outsidePx"":0},{""x"":1558.7,""y"":568,""t"":998,""outside"":false,""outsidePx"":0},{""x"":1567.3,""y"":560.7,""t"":1013,""outside"":false,""outsidePx"":0},{""x"":1578,""y"":554,""t"":1030,""outside"":false,""outsidePx"":0},{""x"":1584.7,""y"":548.7,""t"":1047,""outside"":false,""outsidePx"":0},{""x"":1597.3,""y"":541.3,""t"":1065,""outside"":false,""outsidePx"":0},{""x"":1611.3,""y"":532.7,""t"":1081,""outside"":false,""outsidePx"":0},{""x"":1626.7,""y"":522.7,""t"":1097,""outside"":false,""outsidePx"":0},{""x"":1653.3,""y"":508.7,""t"":1113,""outside"":false,""outsidePx"":0},{""x"":1678,""y"":492.7,""t"":1130,""outside"":false,""outsidePx"":0},{""x"":1702,""y"":476.7,""t"":1147,""outside"":false,""outsidePx"":0},{""x"":1730,""y"":459.3,""t"":1163,""outside"":false,""outsidePx"":0},{""x"":1754.7,""y"":443.3,""t"":1182,""outside"":false,""outsidePx"":0},{""x"":1765.3,""y"":438.7,""t"":1198,""outside"":false,""outsidePx"":0},{""x"":1777.3,""y"":431.3,""t"":1214,""outside"":false,""outsidePx"":0},{""x"":1780.7,""y"":428,""t"":1230,""outside"":false,""outsidePx"":0}]"
motoe,main,practice,C3,距離大条件,W固定・A長い,35,675,19.286,3,17,77,77,77,2026-09-29T06:52:19.829Z,2026-09-29T06:52:20.876Z,1047,157,814,657,true,true,none,1766.7,443.3,1,false,0,0,0,false,[],"[{""x"":866.7,""y"":959.3,""t"":0,""outside"":false,""outsidePx"":0},{""x"":867.3,""y"":959.3,""t"":11,""outside"":false,""outsidePx"":0},{""x"":874.7,""y"":959.3,""t"":27,""outside"":false,""outsidePx"":0},{""x"":883.3,""y"":954.7,""t"":43,""outside"":false,""outsidePx"":0},{""x"":895.3,""y"":947.3,""t"":60,""outside"":false,""outsidePx"":0},{""x"":908,""y"":940.7,""t"":75,""outside"":false,""outsidePx"":0},{""x"":925.3,""y"":930,""t"":94,""outside"":false,""outsidePx"":0},{""x"":942.7,""y"":919.3,""t"":108,""outside"":false,""outsidePx"":0},{""x"":960,""y"":909.3,""t"":125,""outside"":false,""outsidePx"":0},{""x"":976,""y"":898.7,""t"":142,""outside"":false,""outsidePx"":0},{""x"":992,""y"":888,""t"":161,""outside"":false,""outsidePx"":0},{""x"":1004,""y"":881.3,""t"":176,""outside"":false,""outsidePx"":0},{""x"":1010.7,""y"":876,""t"":194,""outside"":false,""outsidePx"":0},{""x"":1023.3,""y"":867.3,""t"":210,""outside"":false,""outsidePx"":0},{""x"":1032,""y"":860,""t"":227,""outside"":false,""outsidePx"":0},{""x"":1040.7,""y"":853.3,""t"":244,""outside"":false,""outsidePx"":0},{""x"":1049.3,""y"":848,""t"":262,""outside"":false,""outsidePx"":0},{""x"":1060,""y"":840.7,""t"":276,""outside"":false,""outsidePx"":0},{""x"":1070.7,""y"":834,""t"":293,""outside"":false,""outsidePx"":0},{""x"":1084.7,""y"":825.3,""t"":310,""outside"":false,""outsidePx"":0},{""x"":1100,""y"":816.7,""t"":327,""outside"":false,""outsidePx"":0},{""x"":1116,""y"":809.3,""t"":344,""outside"":false,""outsidePx"":0},{""x"":1130,""y"":800.7,""t"":360,""outside"":false,""outsidePx"":0},{""x"":1150.7,""y"":792,""t"":377,""outside"":false,""outsidePx"":0},{""x"":1170,""y"":781.3,""t"":393,""outside"":false,""outsidePx"":0},{""x"":1188,""y"":772.7,""t"":410,""outside"":false,""outsidePx"":0},{""x"":1202,""y"":765.3,""t"":426,""outside"":false,""outsidePx"":0},{""x"":1212,""y"":758.7,""t"":443,""outside"":false,""outsidePx"":0},{""x"":1224.7,""y"":751.3,""t"":460,""outside"":false,""outsidePx"":0},{""x"":1238.7,""y"":742.7,""t"":477,""outside"":false,""outsidePx"":0},{""x"":1248.7,""y"":736,""t"":492,""outside"":false,""outsidePx"":0},{""x"":1262.7,""y"":728.7,""t"":510,""outside"":false,""outsidePx"":0},{""x"":1278.7,""y"":720,""t"":526,""outside"":false,""outsidePx"":0},{""x"":1292.7,""y"":711.3,""t"":544,""outside"":false,""outsidePx"":0},{""x"":1310,""y"":702.7,""t"":561,""outside"":false,""outsidePx"":0},{""x"":1326,""y"":694,""t"":578,""outside"":false,""outsidePx"":0},{""x"":1346.7,""y"":683.3,""t"":592,""outside"":false,""outsidePx"":0},{""x"":1371.3,""y"":671.3,""t"":609,""outside"":false,""outsidePx"":0},{""x"":1392.7,""y"":658.7,""t"":626,""outside"":false,""outsidePx"":0},{""x"":1413.3,""y"":648.7,""t"":643,""outside"":false,""outsidePx"":0},{""x"":1436,""y"":636,""t"":660,""outside"":false,""outsidePx"":0},{""x"":1454,""y"":629.3,""t"":676,""outside"":false,""outsidePx"":0},{""x"":1472.7,""y"":616.7,""t"":693,""outside"":false,""outsidePx"":0},{""x"":1485.3,""y"":611.3,""t"":709,""outside"":false,""outsidePx"":0},{""x"":1499.3,""y"":604.7,""t"":727,""outside"":false,""outsidePx"":0},{""x"":1513.3,""y"":597.3,""t"":745,""outside"":false,""outsidePx"":0},{""x"":1525.3,""y"":590.7,""t"":761,""outside"":false,""outsidePx"":0},{""x"":1544.7,""y"":580,""t"":777,""outside"":false,""outsidePx"":0},{""x"":1562,""y"":571.3,""t"":792,""outside"":false,""outsidePx"":0},{""x"":1576,""y"":562.7,""t"":810,""outside"":false,""outsidePx"":0},{""x"":1586.7,""y"":557.3,""t"":827,""outside"":false,""outsidePx"":0},{""x"":1595.3,""y"":550.7,""t"":843,""outside"":false,""outsidePx"":0},{""x"":1604,""y"":545.3,""t"":860,""outside"":false,""outsidePx"":0},{""x"":1614.7,""y"":538,""t"":876,""outside"":false,""outsidePx"":0},{""x"":1626.7,""y"":529.3,""t"":892,""outside"":false,""outsidePx"":0},{""x"":1642.7,""y"":517.3,""t"":910,""outside"":false,""outsidePx"":0},{""x"":1656.7,""y"":508.7,""t"":926,""outside"":false,""outsidePx"":0},{""x"":1678,""y"":494.7,""t"":944,""outside"":false,""outsidePx"":0},{""x"":1696.7,""y"":482,""t"":961,""outside"":false,""outsidePx"":0},{""x"":1721.3,""y"":471.3,""t"":978,""outside"":false,""outsidePx"":0},{""x"":1740.7,""y"":461.3,""t"":992,""outside"":false,""outsidePx"":0},{""x"":1754.7,""y"":452.7,""t"":1010,""outside"":false,""outsidePx"":0},{""x"":1763.3,""y"":447.3,""t"":1026,""outside"":false,""outsidePx"":0},{""x"":1766.7,""y"":443.3,""t"":1043,""outside"":false,""outsidePx"":0}]"
motoe,main,practice,C3,距離大条件,W固定・A長い,35,675,19.286,3,18,78,78,78,2026-09-29T06:52:21.627Z,2026-09-29T06:52:22.796Z,1169,173,916,743,true,true,deviation,1749.3,450.7,1,true,1,132,3.7,false,"[{""startMs"":763,""startX"":1422,""startY"":616.7,""maxOutsidePx"":3.7,""endMs"":895,""endX"":1542.7,""endY"":548.7,""durationMs"":132}]","[{""x"":864.7,""y"":957.3,""t"":0,""outside"":false,""outsidePx"":0},{""x"":866,""y"":957.3,""t"":17,""outside"":false,""outsidePx"":0},{""x"":869.3,""y"":956.7,""t"":28,""outside"":false,""outsidePx"":0},{""x"":878,""y"":951.3,""t"":45,""outside"":false,""outsidePx"":0},{""x"":888.7,""y"":944,""t"":62,""outside"":false,""outsidePx"":0},{""x"":906,""y"":933.3,""t"":79,""outside"":false,""outsidePx"":0},{""x"":926.7,""y"":921.3,""t"":98,""outside"":false,""outsidePx"":0},{""x"":942.7,""y"":910.7,""t"":112,""outside"":false,""outsidePx"":0},{""x"":956.7,""y"":904,""t"":128,""outside"":false,""outsidePx"":0},{""x"":968.7,""y"":895.3,""t"":145,""outside"":false,""outsidePx"":0},{""x"":979.3,""y"":888,""t"":162,""outside"":false,""outsidePx"":0},{""x"":988,""y"":882.7,""t"":179,""outside"":false,""outsidePx"":0},{""x"":996.7,""y"":877.3,""t"":195,""outside"":false,""outsidePx"":0},{""x"":1007.3,""y"":868.7,""t"":212,""outside"":false,""outsidePx"":0},{""x"":1016,""y"":863.3,""t"":228,""outside"":false,""outsidePx"":0},{""x"":1028.7,""y"":854.7,""t"":245,""outside"":false,""outsidePx"":0},{""x"":1037.3,""y"":848,""t"":261,""outside"":false,""outsidePx"":0},{""x"":1051.3,""y"":840.7,""t"":279,""outside"":false,""outsidePx"":0},{""x"":1066.7,""y"":832,""t"":296,""outside"":false,""outsidePx"":0},{""x"":1080.7,""y"":825.3,""t"":312,""outside"":false,""outsidePx"":0},{""x"":1094.7,""y"":818,""t"":328,""outside"":false,""outsidePx"":0},{""x"":1112.7,""y"":807.3,""t"":345,""outside"":false,""outsidePx"":0},{""x"":1128,""y"":798.7,""t"":362,""outside"":false,""outsidePx"":0},{""x"":1146,""y"":788.7,""t"":378,""outside"":false,""outsidePx"":0},{""x"":1164.7,""y"":778,""t"":394,""outside"":false,""outsidePx"":0},{""x"":1188,""y"":767.3,""t"":412,""outside"":false,""outsidePx"":0},{""x"":1203.3,""y"":760.7,""t"":429,""outside"":false,""outsidePx"":0},{""x"":1217.3,""y"":753.3,""t"":446,""outside"":false,""outsidePx"":0},{""x"":1226,""y"":748,""t"":463,""outside"":false,""outsidePx"":0},{""x"":1231.3,""y"":746.7,""t"":478,""outside"":false,""outsidePx"":0},{""x"":1236.7,""y"":742.7,""t"":494,""outside"":false,""outsidePx"":0},{""x"":1242,""y"":739.3,""t"":512,""outside"":false,""outsidePx"":0},{""x"":1248.7,""y"":736,""t"":529,""outside"":false,""outsidePx"":0},{""x"":1261.3,""y"":728.7,""t"":545,""outside"":false,""outsidePx"":0},{""x"":1272,""y"":722,""t"":562,""outside"":false,""outsidePx"":0},{""x"":1282,""y"":714.7,""t"":578,""outside"":false,""outsidePx"":0},{""x"":1298,""y"":704.7,""t"":597,""outside"":false,""outsidePx"":0},{""x"":1312,""y"":695.3,""t"":612,""outside"":false,""outsidePx"":0},{""x"":1328,""y"":685.3,""t"":630,""outside"":false,""outsidePx"":0},{""x"":1342,""y"":676.7,""t"":646,""outside"":false,""outsidePx"":0},{""x"":1356,""y"":667.3,""t"":663,""outside"":false,""outsidePx"":0},{""x"":1371.3,""y"":655.3,""t"":678,""outside"":false,""outsidePx"":0},{""x"":1384,""y"":644.7,""t"":695,""outside"":false,""outsidePx"":0},{""x"":1394,""y"":638,""t"":711,""outside"":false,""outsidePx"":0},{""x"":1402.7,""y"":630.7,""t"":728,""outside"":false,""outsidePx"":0},{""x"":1410,""y"":625.3,""t"":747,""outside"":false,""outsidePx"":0},{""x"":1422,""y"":616.7,""t"":763,""outside"":true,""outsidePx"":1},{""x"":1432.7,""y"":610,""t"":777,""outside"":true,""outsidePx"":1.4},{""x"":1448.7,""y"":599.3,""t"":795,""outside"":true,""outsidePx"":2.7},{""x"":1462.7,""y"":590.7,""t"":812,""outside"":true,""outsidePx"":3.2},{""x"":1480,""y"":580,""t"":828,""outside"":true,""outsidePx"":3.7},{""x"":1497.3,""y"":571.3,""t"":846,""outside"":true,""outsidePx"":2.6},{""x"":1511.3,""y"":564.7,""t"":861,""outside"":true,""outsidePx"":1.4},{""x"":1527.3,""y"":555.3,""t"":879,""outside"":true,""outsidePx"":1.4},{""x"":1542.7,""y"":548.7,""t"":895,""outside"":false,""outsidePx"":0},{""x"":1560.7,""y"":541.3,""t"":912,""outside"":false,""outsidePx"":0},{""x"":1580,""y"":532.7,""t"":928,""outside"":false,""outsidePx"":0},{""x"":1597.3,""y"":526,""t"":945,""outside"":false,""outsidePx"":0},{""x"":1609.3,""y"":520.7,""t"":961,""outside"":false,""outsidePx"":0},{""x"":1625.3,""y"":513.3,""t"":978,""outside"":false,""outsidePx"":0},{""x"":1644.7,""y"":506.7,""t"":995,""outside"":false,""outsidePx"":0},{""x"":1664,""y"":498,""t"":1013,""outside"":false,""outsidePx"":0},{""x"":1678,""y"":490.7,""t"":1030,""outside"":false,""outsidePx"":0},{""x"":1693.3,""y"":484,""t"":1046,""outside"":false,""outsidePx"":0},{""x"":1706,""y"":476.7,""t"":1062,""outside"":false,""outsidePx"":0},{""x"":1718,""y"":470,""t"":1078,""outside"":false,""outsidePx"":0},{""x"":1732,""y"":461.3,""t"":1095,""outside"":false,""outsidePx"":0},{""x"":1740.7,""y"":456,""t"":1112,""outside"":false,""outsidePx"":0},{""x"":1748,""y"":450.7,""t"":1128,""outside"":false,""outsidePx"":0},{""x"":1749.3,""y"":450.7,""t"":1145,""outside"":false,""outsidePx"":0}]"
motoe,main,practice,C3,距離大条件,W固定・A長い,35,675,19.286,3,19,79,79,79,2026-09-29T06:52:23.434Z,2026-09-29T06:52:24.480Z,1046,177,844,667,true,true,none,1788,429.3,1,false,0,0,0,false,[],"[{""x"":847.3,""y"":961.3,""t"":0,""outside"":false,""outsidePx"":0},{""x"":850,""y"":961.3,""t"":7,""outside"":false,""outsidePx"":0},{""x"":856.7,""y"":958,""t"":22,""outside"":false,""outsidePx"":0},{""x"":870.7,""y"":951.3,""t"":37,""outside"":false,""outsidePx"":0},{""x"":888.7,""y"":944,""t"":53,""outside"":false,""outsidePx"":0},{""x"":904,""y"":937.3,""t"":71,""outside"":false,""outsidePx"":0},{""x"":918,""y"":928.7,""t"":88,""outside"":false,""outsidePx"":0},{""x"":934,""y"":919.3,""t"":104,""outside"":false,""outsidePx"":0},{""x"":948,""y"":912.7,""t"":121,""outside"":false,""outsidePx"":0},{""x"":964,""y"":904,""t"":137,""outside"":false,""outsidePx"":0},{""x"":974,""y"":898.7,""t"":154,""outside"":false,""outsidePx"":0},{""x"":984.7,""y"":891.3,""t"":171,""outside"":false,""outsidePx"":0},{""x"":993.3,""y"":886.7,""t"":188,""outside"":false,""outsidePx"":0},{""x"":1004,""y"":879.3,""t"":206,""outside"":false,""outsidePx"":0},{""x"":1014.7,""y"":872.7,""t"":221,""outside"":false,""outsidePx"":0},{""x"":1024.7,""y"":865.3,""t"":238,""outside"":false,""outsidePx"":0},{""x"":1037.3,""y"":858.7,""t"":254,""outside"":false,""outsidePx"":0},{""x"":1048,""y"":851.3,""t"":271,""outside"":false,""outsidePx"":0},{""x"":1060,""y"":842.7,""t"":287,""outside"":false,""outsidePx"":0},{""x"":1077.3,""y"":832,""t"":303,""outside"":false,""outsidePx"":0},{""x"":1093.3,""y"":823.3,""t"":320,""outside"":false,""outsidePx"":0},{""x"":1112.7,""y"":811.3,""t"":338,""outside"":false,""outsidePx"":0},{""x"":1130,""y"":802.7,""t"":355,""outside"":false,""outsidePx"":0},{""x"":1147.3,""y"":792,""t"":372,""outside"":false,""outsidePx"":0},{""x"":1163.3,""y"":783.3,""t"":388,""outside"":false,""outsidePx"":0},{""x"":1175.3,""y"":776,""t"":404,""outside"":false,""outsidePx"":0},{""x"":1188,""y"":770.7,""t"":420,""outside"":false,""outsidePx"":0},{""x"":1202,""y"":762,""t"":437,""outside"":false,""outsidePx"":0},{""x"":1217.3,""y"":751.3,""t"":455,""outside"":false,""outsidePx"":0},{""x"":1236.7,""y"":742.7,""t"":474,""outside"":false,""outsidePx"":0},{""x"":1250.7,""y"":734,""t"":491,""outside"":false,""outsidePx"":0},{""x"":1262.7,""y"":727.3,""t"":505,""outside"":false,""outsidePx"":0},{""x"":1278.7,""y"":718.7,""t"":521,""outside"":false,""outsidePx"":0},{""x"":1294.7,""y"":709.3,""t"":537,""outside"":false,""outsidePx"":0},{""x"":1312,""y"":702.7,""t"":554,""outside"":false,""outsidePx"":0},{""x"":1328,""y"":694,""t"":570,""outside"":false,""outsidePx"":0},{""x"":1343.3,""y"":686.7,""t"":588,""outside"":false,""outsidePx"":0},{""x"":1357.3,""y"":678,""t"":607,""outside"":false,""outsidePx"":0},{""x"":1364.7,""y"":674.7,""t"":621,""outside"":false,""outsidePx"":0},{""x"":1374.7,""y"":667.3,""t"":637,""outside"":false,""outsidePx"":0},{""x"":1390.7,""y"":658.7,""t"":657,""outside"":false,""outsidePx"":0},{""x"":1406.7,""y"":650,""t"":673,""outside"":false,""outsidePx"":0},{""x"":1418.7,""y"":643.3,""t"":688,""outside"":false,""outsidePx"":0},{""x"":1436,""y"":632.7,""t"":704,""outside"":false,""outsidePx"":0},{""x"":1454,""y"":624,""t"":722,""outside"":false,""outsidePx"":0},{""x"":1469.3,""y"":615.3,""t"":738,""outside"":false,""outsidePx"":0},{""x"":1482,""y"":608,""t"":754,""outside"":false,""outsidePx"":0},{""x"":1494,""y"":601.3,""t"":771,""outside"":false,""outsidePx"":0},{""x"":1508,""y"":592.7,""t"":787,""outside"":false,""outsidePx"":0},{""x"":1527.3,""y"":582,""t"":805,""outside"":false,""outsidePx"":0},{""x"":1546.7,""y"":569.3,""t"":820,""outside"":false,""outsidePx"":0},{""x"":1566,""y"":559.3,""t"":836,""outside"":false,""outsidePx"":0},{""x"":1584.7,""y"":546.7,""t"":854,""outside"":false,""outsidePx"":0},{""x"":1606,""y"":534.7,""t"":870,""outside"":false,""outsidePx"":0},{""x"":1626.7,""y"":524,""t"":888,""outside"":false,""outsidePx"":0},{""x"":1650,""y"":512,""t"":904,""outside"":false,""outsidePx"":0},{""x"":1665.3,""y"":503.3,""t"":921,""outside"":false,""outsidePx"":0},{""x"":1684.7,""y"":492.7,""t"":937,""outside"":false,""outsidePx"":0},{""x"":1700.7,""y"":484,""t"":954,""outside"":false,""outsidePx"":0},{""x"":1716,""y"":473.3,""t"":971,""outside"":false,""outsidePx"":0},{""x"":1737.3,""y"":461.3,""t"":989,""outside"":false,""outsidePx"":0},{""x"":1760,""y"":448.7,""t"":1005,""outside"":false,""outsidePx"":0},{""x"":1776,""y"":438.7,""t"":1021,""outside"":false,""outsidePx"":0},{""x"":1786,""y"":431.3,""t"":1038,""outside"":false,""outsidePx"":0},{""x"":1788,""y"":429.3,""t"":1042,""outside"":false,""outsidePx"":0}]"
motoe,main,practice,C3,距離大条件,W固定・A長い,35,675,19.286,3,20,80,80,80,2026-09-29T06:52:25.279Z,2026-09-29T06:52:26.428Z,1148,218,931,713,false,true,near_goal_pointerup,1814,433.3,1,true,3,218,3.5,false,"[{""startMs"":647,""startX"":1342,""startY"":704.7,""maxOutsidePx"":0.2,""endMs"":661,""endX"":1354,""endY"":697.3,""durationMs"":14},{""startMs"":677,""startX"":1370,""startY"":688.7,""maxOutsidePx"":3.5,""endMs"":841,""endX"":1514.7,""endY"":604.7,""durationMs"":164},{""startMs"":1108,""startX"":1810.7,""startY"":434.7,""maxOutsidePx"":1.2,""endMs"":1148,""endX"":1814,""endY"":433.3,""durationMs"":40}]","[{""x"":868,""y"":959.3,""t"":0,""outside"":false,""outsidePx"":0},{""x"":869.3,""y"":959.3,""t"":40,""outside"":false,""outsidePx"":0},{""x"":874.7,""y"":958,""t"":57,""outside"":false,""outsidePx"":0},{""x"":883.3,""y"":954.7,""t"":75,""outside"":false,""outsidePx"":0},{""x"":894,""y"":949.3,""t"":91,""outside"":false,""outsidePx"":0},{""x"":904,""y"":944,""t"":108,""outside"":false,""outsidePx"":0},{""x"":916.7,""y"":935.3,""t"":125,""outside"":false,""outsidePx"":0},{""x"":926.7,""y"":928.7,""t"":142,""outside"":false,""outsidePx"":0},{""x"":942.7,""y"":918,""t"":159,""outside"":false,""outsidePx"":0},{""x"":954.7,""y"":909.3,""t"":176,""outside"":false,""outsidePx"":0},{""x"":967.3,""y"":900.7,""t"":194,""outside"":false,""outsidePx"":0},{""x"":981.3,""y"":890,""t"":211,""outside"":false,""outsidePx"":0},{""x"":992,""y"":882.7,""t"":226,""outside"":false,""outsidePx"":0},{""x"":996.7,""y"":879.3,""t"":243,""outside"":false,""outsidePx"":0},{""x"":1006,""y"":872.7,""t"":260,""outside"":false,""outsidePx"":0},{""x"":1016,""y"":865.3,""t"":277,""outside"":false,""outsidePx"":0},{""x"":1024.7,""y"":860,""t"":292,""outside"":false,""outsidePx"":0},{""x"":1037.3,""y"":853.3,""t"":309,""outside"":false,""outsidePx"":0},{""x"":1048,""y"":846,""t"":325,""outside"":false,""outsidePx"":0},{""x"":1063.3,""y"":837.3,""t"":341,""outside"":false,""outsidePx"":0},{""x"":1079.3,""y"":828.7,""t"":358,""outside"":false,""outsidePx"":0},{""x"":1094.7,""y"":820,""t"":375,""outside"":false,""outsidePx"":0},{""x"":1110.7,""y"":811.3,""t"":391,""outside"":false,""outsidePx"":0},{""x"":1124.7,""y"":804,""t"":410,""outside"":false,""outsidePx"":0},{""x"":1136.7,""y"":798.7,""t"":426,""outside"":false,""outsidePx"":0},{""x"":1149.3,""y"":793.3,""t"":443,""outside"":false,""outsidePx"":0},{""x"":1163.3,""y"":788.7,""t"":460,""outside"":false,""outsidePx"":0},{""x"":1175.3,""y"":783.3,""t"":475,""outside"":false,""outsidePx"":0},{""x"":1189.3,""y"":778,""t"":493,""outside"":false,""outsidePx"":0},{""x"":1210.7,""y"":767.3,""t"":510,""outside"":false,""outsidePx"":0},{""x"":1230,""y"":760.7,""t"":525,""outside"":false,""outsidePx"":0},{""x"":1247.3,""y"":751.3,""t"":544,""outside"":false,""outsidePx"":0},{""x"":1266.7,""y"":742.7,""t"":558,""outside"":false,""outsidePx"":0},{""x"":1280.7,""y"":736,""t"":576,""outside"":false,""outsidePx"":0},{""x"":1292.7,""y"":728.7,""t"":592,""outside"":false,""outsidePx"":0},{""x"":1303.3,""y"":723.3,""t"":609,""outside"":false,""outsidePx"":0},{""x"":1318.7,""y"":714.7,""t"":625,""outside"":false,""outsidePx"":0},{""x"":1342,""y"":704.7,""t"":647,""outside"":true,""outsidePx"":0.2},{""x"":1354,""y"":697.3,""t"":661,""outside"":false,""outsidePx"":0},{""x"":1370,""y"":688.7,""t"":677,""outside"":true,""outsidePx"":0.4},{""x"":1388.7,""y"":678,""t"":693,""outside"":true,""outsidePx"":0.5},{""x"":1406.7,""y"":669.3,""t"":711,""outside"":true,""outsidePx"":2},{""x"":1422,""y"":660.7,""t"":728,""outside"":true,""outsidePx"":2.1},{""x"":1443.3,""y"":650,""t"":745,""outside"":true,""outsidePx"":3.5},{""x"":1460.7,""y"":639.3,""t"":761,""outside"":true,""outsidePx"":3},{""x"":1472.7,""y"":632.7,""t"":776,""outside"":true,""outsidePx"":3.2},{""x"":1485.3,""y"":624,""t"":792,""outside"":true,""outsidePx"":2},{""x"":1494,""y"":618.7,""t"":811,""outside"":true,""outsidePx"":1.7},{""x"":1504.7,""y"":611.3,""t"":824,""outside"":true,""outsidePx"":0.7},{""x"":1514.7,""y"":604.7,""t"":841,""outside"":false,""outsidePx"":0},{""x"":1522,""y"":599.3,""t"":858,""outside"":false,""outsidePx"":0},{""x"":1532.7,""y"":590.7,""t"":875,""outside"":false,""outsidePx"":0},{""x"":1542.7,""y"":582,""t"":892,""outside"":false,""outsidePx"":0},{""x"":1555.3,""y"":573.3,""t"":908,""outside"":false,""outsidePx"":0},{""x"":1569.3,""y"":562.7,""t"":925,""outside"":false,""outsidePx"":0},{""x"":1588.7,""y"":550.7,""t"":942,""outside"":false,""outsidePx"":0},{""x"":1604,""y"":540,""t"":958,""outside"":false,""outsidePx"":0},{""x"":1626.7,""y"":526,""t"":974,""outside"":false,""outsidePx"":0},{""x"":1653.3,""y"":510,""t"":991,""outside"":false,""outsidePx"":0},{""x"":1679.3,""y"":494.7,""t"":1008,""outside"":false,""outsidePx"":0},{""x"":1710.7,""y"":478.7,""t"":1025,""outside"":false,""outsidePx"":0},{""x"":1735.3,""y"":466.7,""t"":1042,""outside"":false,""outsidePx"":0},{""x"":1763.3,""y"":454,""t"":1059,""outside"":false,""outsidePx"":0},{""x"":1784.7,""y"":447.3,""t"":1075,""outside"":false,""outsidePx"":0},{""x"":1798.7,""y"":440,""t"":1092,""outside"":false,""outsidePx"":0},{""x"":1810.7,""y"":434.7,""t"":1108,""outside"":true,""outsidePx"":0.7},{""x"":1814,""y"":433.3,""t"":1125,""outside"":true,""outsidePx"":1.2}]"
motoe,main,practice,C3,距離大条件,W固定・A長い,35,675,19.286,3,21,81,81,81,2026-09-29T06:52:27.107Z,2026-09-29T06:52:28.278Z,1171,191,939,748,true,true,none,1737.3,454,1,false,0,0,0,false,[],"[{""x"":873.3,""y"":968,""t"":0,""outside"":false,""outsidePx"":0},{""x"":873.3,""y"":966.7,""t"":13,""outside"":false,""outsidePx"":0},{""x"":878,""y"":961.3,""t"":33,""outside"":false,""outsidePx"":0},{""x"":881.3,""y"":956.7,""t"":49,""outside"":false,""outsidePx"":0},{""x"":888.7,""y"":951.3,""t"":64,""outside"":false,""outsidePx"":0},{""x"":897.3,""y"":944,""t"":80,""outside"":false,""outsidePx"":0},{""x"":912.7,""y"":933.3,""t"":99,""outside"":false,""outsidePx"":0},{""x"":928.7,""y"":924.7,""t"":114,""outside"":false,""outsidePx"":0},{""x"":946,""y"":914.7,""t"":132,""outside"":false,""outsidePx"":0},{""x"":962,""y"":905.3,""t"":147,""outside"":false,""outsidePx"":0},{""x"":974,""y"":898.7,""t"":164,""outside"":false,""outsidePx"":0},{""x"":982.7,""y"":891.3,""t"":180,""outside"":false,""outsidePx"":0},{""x"":990,""y"":888,""t"":196,""outside"":false,""outsidePx"":0},{""x"":998.7,""y"":882.7,""t"":218,""outside"":false,""outsidePx"":0},{""x"":1006,""y"":877.3,""t"":233,""outside"":false,""outsidePx"":0},{""x"":1014.7,""y"":870.7,""t"":252,""outside"":false,""outsidePx"":0},{""x"":1016,""y"":870.7,""t"":275,""outside"":false,""outsidePx"":0},{""x"":1035.3,""y"":856.7,""t"":284,""outside"":false,""outsidePx"":0},{""x"":1046,""y"":849.3,""t"":301,""outside"":false,""outsidePx"":0},{""x"":1058,""y"":842.7,""t"":315,""outside"":false,""outsidePx"":0},{""x"":1066.7,""y"":837.3,""t"":331,""outside"":false,""outsidePx"":0},{""x"":1080.7,""y"":828.7,""t"":351,""outside"":false,""outsidePx"":0},{""x"":1093.3,""y"":823.3,""t"":366,""outside"":false,""outsidePx"":0},{""x"":1104,""y"":818,""t"":381,""outside"":false,""outsidePx"":0},{""x"":1118,""y"":811.3,""t"":399,""outside"":false,""outsidePx"":0},{""x"":1130,""y"":806,""t"":415,""outside"":false,""outsidePx"":0},{""x"":1142,""y"":798.7,""t"":432,""outside"":false,""outsidePx"":0},{""x"":1152.7,""y"":792,""t"":448,""outside"":false,""outsidePx"":0},{""x"":1170,""y"":783.3,""t"":468,""outside"":false,""outsidePx"":0},{""x"":1184,""y"":776,""t"":482,""outside"":false,""outsidePx"":0},{""x"":1198,""y"":767.3,""t"":498,""outside"":false,""outsidePx"":0},{""x"":1214,""y"":760.7,""t"":515,""outside"":false,""outsidePx"":0},{""x"":1224.7,""y"":755.3,""t"":531,""outside"":false,""outsidePx"":0},{""x"":1233.3,""y"":750,""t"":549,""outside"":false,""outsidePx"":0},{""x"":1242,""y"":744.7,""t"":563,""outside"":false,""outsidePx"":0},{""x"":1256,""y"":737.3,""t"":584,""outside"":false,""outsidePx"":0},{""x"":1266.7,""y"":732.7,""t"":598,""outside"":false,""outsidePx"":0},{""x"":1282,""y"":723.3,""t"":616,""outside"":false,""outsidePx"":0},{""x"":1294.7,""y"":716.7,""t"":632,""outside"":false,""outsidePx"":0},{""x"":1310,""y"":708,""t"":649,""outside"":false,""outsidePx"":0},{""x"":1318.7,""y"":702.7,""t"":663,""outside"":false,""outsidePx"":0},{""x"":1331.3,""y"":695.3,""t"":682,""outside"":false,""outsidePx"":0},{""x"":1346.7,""y"":685.3,""t"":701,""outside"":false,""outsidePx"":0},{""x"":1360.7,""y"":676.7,""t"":718,""outside"":false,""outsidePx"":0},{""x"":1376.7,""y"":667.3,""t"":733,""outside"":false,""outsidePx"":0},{""x"":1392.7,""y"":658.7,""t"":747,""outside"":false,""outsidePx"":0},{""x"":1408,""y"":648.7,""t"":765,""outside"":false,""outsidePx"":0},{""x"":1422,""y"":641.3,""t"":782,""outside"":false,""outsidePx"":0},{""x"":1440,""y"":630.7,""t"":802,""outside"":false,""outsidePx"":0},{""x"":1452,""y"":624,""t"":817,""outside"":false,""outsidePx"":0},{""x"":1466,""y"":616.7,""t"":834,""outside"":false,""outsidePx"":0},{""x"":1476.7,""y"":610,""t"":849,""outside"":false,""outsidePx"":0},{""x"":1496,""y"":599.3,""t"":864,""outside"":false,""outsidePx"":0},{""x"":1518.7,""y"":585.3,""t"":881,""outside"":false,""outsidePx"":0},{""x"":1538,""y"":573.3,""t"":898,""outside"":false,""outsidePx"":0},{""x"":1552,""y"":564.7,""t"":914,""outside"":false,""outsidePx"":0},{""x"":1566,""y"":555.3,""t"":931,""outside"":false,""outsidePx"":0},{""x"":1580,""y"":546.7,""t"":948,""outside"":false,""outsidePx"":0},{""x"":1590,""y"":540,""t"":965,""outside"":false,""outsidePx"":0},{""x"":1602.7,""y"":532.7,""t"":980,""outside"":false,""outsidePx"":0},{""x"":1618,""y"":524,""t"":998,""outside"":false,""outsidePx"":0},{""x"":1634,""y"":515.3,""t"":1014,""outside"":false,""outsidePx"":0},{""x"":1653.3,""y"":504.7,""t"":1031,""outside"":false,""outsidePx"":0},{""x"":1679.3,""y"":490.7,""t"":1052,""outside"":false,""outsidePx"":0},{""x"":1693.3,""y"":480.7,""t"":1068,""outside"":false,""outsidePx"":0},{""x"":1704,""y"":475.3,""t"":1083,""outside"":false,""outsidePx"":0},{""x"":1710.7,""y"":470,""t"":1097,""outside"":false,""outsidePx"":0},{""x"":1721.3,""y"":464.7,""t"":1115,""outside"":false,""outsidePx"":0},{""x"":1732,""y"":457.3,""t"":1134,""outside"":false,""outsidePx"":0},{""x"":1735.3,""y"":456,""t"":1150,""outside"":false,""outsidePx"":0},{""x"":1737.3,""y"":454,""t"":1167,""outside"":false,""outsidePx"":0}]"
motoe,main,practice,C3,距離大条件,W固定・A長い,35,675,19.286,3,22,82,82,82,2026-09-29T06:52:29.159Z,2026-09-29T06:52:30.291Z,1132,248,936,688,true,true,deviation,1730,459.3,1,true,1,18,0.5,false,"[{""startMs"":694,""startX"":1398,""startY"":672.7,""maxOutsidePx"":0.5,""endMs"":712,""endX"":1408,""endY"":666,""durationMs"":18}]","[{""x"":892,""y"":937.3,""t"":0,""outside"":false,""outsidePx"":0},{""x"":892,""y"":935.3,""t"":19,""outside"":false,""outsidePx"":0},{""x"":894,""y"":935.3,""t"":28,""outside"":false,""outsidePx"":0},{""x"":897.3,""y"":933.3,""t"":43,""outside"":false,""outsidePx"":0},{""x"":900.7,""y"":932,""t"":62,""outside"":false,""outsidePx"":0},{""x"":908,""y"":930,""t"":78,""outside"":false,""outsidePx"":0},{""x"":912.7,""y"":926.7,""t"":94,""outside"":false,""outsidePx"":0},{""x"":918,""y"":923.3,""t"":111,""outside"":false,""outsidePx"":0},{""x"":925.3,""y"":919.3,""t"":127,""outside"":false,""outsidePx"":0},{""x"":930.7,""y"":916,""t"":143,""outside"":false,""outsidePx"":0},{""x"":937.3,""y"":910.7,""t"":160,""outside"":false,""outsidePx"":0},{""x"":948,""y"":905.3,""t"":178,""outside"":false,""outsidePx"":0},{""x"":958.7,""y"":898.7,""t"":195,""outside"":false,""outsidePx"":0},{""x"":967.3,""y"":891.3,""t"":211,""outside"":false,""outsidePx"":0},{""x"":974,""y"":888,""t"":227,""outside"":false,""outsidePx"":0},{""x"":982.7,""y"":882.7,""t"":246,""outside"":false,""outsidePx"":0},{""x"":988,""y"":877.3,""t"":261,""outside"":false,""outsidePx"":0},{""x"":993.3,""y"":874,""t"":278,""outside"":false,""outsidePx"":0},{""x"":1002,""y"":868.7,""t"":294,""outside"":false,""outsidePx"":0},{""x"":1012.7,""y"":862,""t"":311,""outside"":false,""outsidePx"":0},{""x"":1026.7,""y"":854.7,""t"":331,""outside"":false,""outsidePx"":0},{""x"":1040.7,""y"":848,""t"":344,""outside"":false,""outsidePx"":0},{""x"":1052.7,""y"":840.7,""t"":360,""outside"":false,""outsidePx"":0},{""x"":1063.3,""y"":835.3,""t"":378,""outside"":false,""outsidePx"":0},{""x"":1076,""y"":828.7,""t"":394,""outside"":false,""outsidePx"":0},{""x"":1088,""y"":821.3,""t"":410,""outside"":false,""outsidePx"":0},{""x"":1102,""y"":814.7,""t"":427,""outside"":false,""outsidePx"":0},{""x"":1119.3,""y"":806,""t"":444,""outside"":false,""outsidePx"":0},{""x"":1135.3,""y"":798.7,""t"":461,""outside"":false,""outsidePx"":0},{""x"":1152.7,""y"":790,""t"":477,""outside"":false,""outsidePx"":0},{""x"":1172,""y"":781.3,""t"":494,""outside"":false,""outsidePx"":0},{""x"":1191.3,""y"":772.7,""t"":511,""outside"":false,""outsidePx"":0},{""x"":1208.7,""y"":762,""t"":527,""outside"":false,""outsidePx"":0},{""x"":1233.3,""y"":751.3,""t"":545,""outside"":false,""outsidePx"":0},{""x"":1256,""y"":739.3,""t"":561,""outside"":false,""outsidePx"":0},{""x"":1280.7,""y"":728.7,""t"":578,""outside"":false,""outsidePx"":0},{""x"":1304.7,""y"":718.7,""t"":594,""outside"":false,""outsidePx"":0},{""x"":1329.3,""y"":706,""t"":610,""outside"":false,""outsidePx"":0},{""x"":1348.7,""y"":697.3,""t"":627,""outside"":false,""outsidePx"":0},{""x"":1362.7,""y"":690.7,""t"":644,""outside"":false,""outsidePx"":0},{""x"":1374.7,""y"":683.3,""t"":662,""outside"":false,""outsidePx"":0},{""x"":1387.3,""y"":678,""t"":677,""outside"":false,""outsidePx"":0},{""x"":1398,""y"":672.7,""t"":694,""outside"":true,""outsidePx"":0.5},{""x"":1408,""y"":666,""t"":712,""outside"":false,""outsidePx"":0},{""x"":1418.7,""y"":658.7,""t"":728,""outside"":false,""outsidePx"":0},{""x"":1429.3,""y"":653.3,""t"":745,""outside"":false,""outsidePx"":0},{""x"":1438,""y"":646.7,""t"":761,""outside"":false,""outsidePx"":0},{""x"":1448.7,""y"":639.3,""t"":778,""outside"":false,""outsidePx"":0},{""x"":1460.7,""y"":632.7,""t"":794,""outside"":false,""outsidePx"":0},{""x"":1474.7,""y"":624,""t"":811,""outside"":false,""outsidePx"":0},{""x"":1492,""y"":613.3,""t"":828,""outside"":false,""outsidePx"":0},{""x"":1506,""y"":602.7,""t"":844,""outside"":false,""outsidePx"":0},{""x"":1525.3,""y"":592.7,""t"":861,""outside"":false,""outsidePx"":0},{""x"":1538,""y"":583.3,""t"":878,""outside"":false,""outsidePx"":0},{""x"":1548,""y"":576.7,""t"":894,""outside"":false,""outsidePx"":0},{""x"":1562,""y"":568,""t"":913,""outside"":false,""outsidePx"":0},{""x"":1570.7,""y"":562.7,""t"":930,""outside"":false,""outsidePx"":0},{""x"":1584.7,""y"":552,""t"":943,""outside"":false,""outsidePx"":0},{""x"":1604,""y"":541.3,""t"":962,""outside"":false,""outsidePx"":0},{""x"":1618,""y"":531.3,""t"":978,""outside"":false,""outsidePx"":0},{""x"":1637.3,""y"":518.7,""t"":994,""outside"":false,""outsidePx"":0},{""x"":1650,""y"":510,""t"":1010,""outside"":false,""outsidePx"":0},{""x"":1658.7,""y"":503.3,""t"":1029,""outside"":false,""outsidePx"":0},{""x"":1670.7,""y"":496,""t"":1044,""outside"":false,""outsidePx"":0},{""x"":1684.7,""y"":487.3,""t"":1061,""outside"":false,""outsidePx"":0},{""x"":1700.7,""y"":476.7,""t"":1077,""outside"":false,""outsidePx"":0},{""x"":1716,""y"":468,""t"":1095,""outside"":false,""outsidePx"":0},{""x"":1726.7,""y"":461.3,""t"":1111,""outside"":false,""outsidePx"":0},{""x"":1730,""y"":459.3,""t"":1127,""outside"":false,""outsidePx"":0}]"
motoe,main,practice,C3,距離大条件,W固定・A長い,35,675,19.286,3,23,83,83,83,2026-09-29T06:52:30.932Z,2026-09-29T06:52:32.039Z,1107,175,880,705,true,true,deviation,1810.7,420.7,1,true,1,86,1.8,false,"[{""startMs"":670,""startX"":1388.7,""startY"":678,""maxOutsidePx"":1.8,""endMs"":756,""endX"":1454,""endY"":639.3,""durationMs"":86}]","[{""x"":883.3,""y"":958,""t"":0,""outside"":false,""outsidePx"":0},{""x"":884.7,""y"":956.7,""t"":3,""outside"":false,""outsidePx"":0},{""x"":892,""y"":951.3,""t"":21,""outside"":false,""outsidePx"":0},{""x"":902.7,""y"":944,""t"":37,""outside"":false,""outsidePx"":0},{""x"":916.7,""y"":933.3,""t"":54,""outside"":false,""outsidePx"":0},{""x"":930.7,""y"":924.7,""t"":70,""outside"":false,""outsidePx"":0},{""x"":946,""y"":914.7,""t"":87,""outside"":false,""outsidePx"":0},{""x"":956.7,""y"":905.3,""t"":104,""outside"":false,""outsidePx"":0},{""x"":965.3,""y"":900.7,""t"":121,""outside"":false,""outsidePx"":0},{""x"":970.7,""y"":895.3,""t"":138,""outside"":false,""outsidePx"":0},{""x"":978,""y"":891.3,""t"":154,""outside"":false,""outsidePx"":0},{""x"":982.7,""y"":886.7,""t"":170,""outside"":false,""outsidePx"":0},{""x"":992,""y"":881.3,""t"":187,""outside"":false,""outsidePx"":0},{""x"":1002,""y"":874,""t"":203,""outside"":false,""outsidePx"":0},{""x"":1010.7,""y"":867.3,""t"":221,""outside"":false,""outsidePx"":0},{""x"":1028.7,""y"":856.7,""t"":239,""outside"":false,""outsidePx"":0},{""x"":1042.7,""y"":849.3,""t"":254,""outside"":false,""outsidePx"":0},{""x"":1054.7,""y"":840.7,""t"":270,""outside"":false,""outsidePx"":0},{""x"":1066.7,""y"":834,""t"":287,""outside"":false,""outsidePx"":0},{""x"":1077.3,""y"":828.7,""t"":303,""outside"":false,""outsidePx"":0},{""x"":1091.3,""y"":821.3,""t"":320,""outside"":false,""outsidePx"":0},{""x"":1105.3,""y"":814.7,""t"":337,""outside"":false,""outsidePx"":0},{""x"":1119.3,""y"":806,""t"":353,""outside"":false,""outsidePx"":0},{""x"":1136.7,""y"":798.7,""t"":370,""outside"":false,""outsidePx"":0},{""x"":1152.7,""y"":790,""t"":387,""outside"":false,""outsidePx"":0},{""x"":1166.7,""y"":781.3,""t"":403,""outside"":false,""outsidePx"":0},{""x"":1180.7,""y"":776,""t"":420,""outside"":false,""outsidePx"":0},{""x"":1192.7,""y"":770.7,""t"":437,""outside"":false,""outsidePx"":0},{""x"":1202,""y"":767.3,""t"":454,""outside"":false,""outsidePx"":0},{""x"":1214,""y"":762,""t"":470,""outside"":false,""outsidePx"":0},{""x"":1230,""y"":753.3,""t"":487,""outside"":false,""outsidePx"":0},{""x"":1247.3,""y"":746.7,""t"":503,""outside"":false,""outsidePx"":0},{""x"":1264.7,""y"":737.3,""t"":520,""outside"":false,""outsidePx"":0},{""x"":1280.7,""y"":728.7,""t"":538,""outside"":false,""outsidePx"":0},{""x"":1294.7,""y"":722,""t"":554,""outside"":false,""outsidePx"":0},{""x"":1308.7,""y"":714.7,""t"":570,""outside"":false,""outsidePx"":0},{""x"":1320.7,""y"":709.3,""t"":587,""outside"":false,""outsidePx"":0},{""x"":1331.3,""y"":704.7,""t"":603,""outside"":false,""outsidePx"":0},{""x"":1345.3,""y"":699.3,""t"":620,""outside"":false,""outsidePx"":0},{""x"":1360.7,""y"":690.7,""t"":640,""outside"":false,""outsidePx"":0},{""x"":1373.3,""y"":685.3,""t"":657,""outside"":false,""outsidePx"":0},{""x"":1388.7,""y"":678,""t"":670,""outside"":true,""outsidePx"":0.5},{""x"":1404.7,""y"":669.3,""t"":687,""outside"":true,""outsidePx"":1},{""x"":1416.7,""y"":662.7,""t"":705,""outside"":true,""outsidePx"":1.2},{""x"":1430.7,""y"":655.3,""t"":721,""outside"":true,""outsidePx"":1.8},{""x"":1444.7,""y"":646.7,""t"":740,""outside"":true,""outsidePx"":1.3},{""x"":1454,""y"":639.3,""t"":756,""outside"":false,""outsidePx"":0},{""x"":1466,""y"":632.7,""t"":771,""outside"":false,""outsidePx"":0},{""x"":1480,""y"":622,""t"":789,""outside"":false,""outsidePx"":0},{""x"":1492,""y"":613.3,""t"":804,""outside"":false,""outsidePx"":0},{""x"":1506,""y"":602.7,""t"":821,""outside"":false,""outsidePx"":0},{""x"":1527.3,""y"":588.7,""t"":838,""outside"":false,""outsidePx"":0},{""x"":1544.7,""y"":576.7,""t"":855,""outside"":false,""outsidePx"":0},{""x"":1567.3,""y"":562.7,""t"":873,""outside"":false,""outsidePx"":0},{""x"":1586.7,""y"":550.7,""t"":888,""outside"":false,""outsidePx"":0},{""x"":1606,""y"":536.7,""t"":904,""outside"":false,""outsidePx"":0},{""x"":1625.3,""y"":524,""t"":921,""outside"":false,""outsidePx"":0},{""x"":1648,""y"":512,""t"":938,""outside"":false,""outsidePx"":0},{""x"":1664,""y"":501.3,""t"":954,""outside"":false,""outsidePx"":0},{""x"":1684.7,""y"":490.7,""t"":970,""outside"":false,""outsidePx"":0},{""x"":1706,""y"":478.7,""t"":989,""outside"":false,""outsidePx"":0},{""x"":1723.3,""y"":470,""t"":1006,""outside"":false,""outsidePx"":0},{""x"":1738.7,""y"":462.7,""t"":1021,""outside"":false,""outsidePx"":0},{""x"":1762,""y"":450.7,""t"":1039,""outside"":false,""outsidePx"":0},{""x"":1780.7,""y"":440,""t"":1054,""outside"":false,""outsidePx"":0},{""x"":1798.7,""y"":429.3,""t"":1071,""outside"":false,""outsidePx"":0},{""x"":1807.3,""y"":424.7,""t"":1087,""outside"":false,""outsidePx"":0},{""x"":1810.7,""y"":420.7,""t"":1105,""outside"":false,""outsidePx"":0}]"
motoe,main,practice,C3,距離大条件,W固定・A長い,35,675,19.286,3,24,84,84,84,2026-09-29T06:52:32.615Z,2026-09-29T06:52:33.607Z,992,172,790,618,true,true,none,1800,428,1,false,0,0,0,false,[],"[{""x"":841.3,""y"":968.7,""t"":0,""outside"":false,""outsidePx"":0},{""x"":846.7,""y"":965.3,""t"":8,""outside"":false,""outsidePx"":0},{""x"":853.3,""y"":960,""t"":21,""outside"":false,""outsidePx"":0},{""x"":864,""y"":952.7,""t"":38,""outside"":false,""outsidePx"":0},{""x"":880,""y"":942.7,""t"":55,""outside"":false,""outsidePx"":0},{""x"":895.3,""y"":933.3,""t"":72,""outside"":false,""outsidePx"":0},{""x"":912.7,""y"":923.3,""t"":88,""outside"":false,""outsidePx"":0},{""x"":932,""y"":912.7,""t"":105,""outside"":false,""outsidePx"":0},{""x"":944.7,""y"":907.3,""t"":122,""outside"":false,""outsidePx"":0},{""x"":958.7,""y"":900.7,""t"":138,""outside"":false,""outsidePx"":0},{""x"":968.7,""y"":893.3,""t"":154,""outside"":false,""outsidePx"":0},{""x"":984.7,""y"":884.7,""t"":172,""outside"":false,""outsidePx"":0},{""x"":1002,""y"":874,""t"":188,""outside"":false,""outsidePx"":0},{""x"":1021.3,""y"":863.3,""t"":205,""outside"":false,""outsidePx"":0},{""x"":1035.3,""y"":856.7,""t"":221,""outside"":false,""outsidePx"":0},{""x"":1049.3,""y"":849.3,""t"":238,""outside"":false,""outsidePx"":0},{""x"":1060,""y"":842.7,""t"":254,""outside"":false,""outsidePx"":0},{""x"":1068.7,""y"":837.3,""t"":271,""outside"":false,""outsidePx"":0},{""x"":1080.7,""y"":830.7,""t"":288,""outside"":false,""outsidePx"":0},{""x"":1096.7,""y"":823.3,""t"":305,""outside"":false,""outsidePx"":0},{""x"":1119.3,""y"":812.7,""t"":321,""outside"":false,""outsidePx"":0},{""x"":1136.7,""y"":804,""t"":338,""outside"":false,""outsidePx"":0},{""x"":1160,""y"":793.3,""t"":355,""outside"":false,""outsidePx"":0},{""x"":1180.7,""y"":783.3,""t"":372,""outside"":false,""outsidePx"":0},{""x"":1196.7,""y"":774.7,""t"":388,""outside"":false,""outsidePx"":0},{""x"":1212,""y"":765.3,""t"":406,""outside"":false,""outsidePx"":0},{""x"":1224.7,""y"":758.7,""t"":421,""outside"":false,""outsidePx"":0},{""x"":1240,""y"":750,""t"":438,""outside"":false,""outsidePx"":0},{""x"":1254,""y"":741.3,""t"":455,""outside"":false,""outsidePx"":0},{""x"":1272,""y"":732.7,""t"":472,""outside"":false,""outsidePx"":0},{""x"":1284,""y"":723.3,""t"":488,""outside"":false,""outsidePx"":0},{""x"":1300,""y"":716.7,""t"":507,""outside"":false,""outsidePx"":0},{""x"":1308.7,""y"":709.3,""t"":521,""outside"":false,""outsidePx"":0},{""x"":1320.7,""y"":702.7,""t"":538,""outside"":false,""outsidePx"":0},{""x"":1338,""y"":692,""t"":558,""outside"":false,""outsidePx"":0},{""x"":1350.7,""y"":683.3,""t"":574,""outside"":false,""outsidePx"":0},{""x"":1370,""y"":672.7,""t"":589,""outside"":false,""outsidePx"":0},{""x"":1387.3,""y"":662.7,""t"":606,""outside"":false,""outsidePx"":0},{""x"":1402.7,""y"":653.3,""t"":622,""outside"":false,""outsidePx"":0},{""x"":1416.7,""y"":644.7,""t"":639,""outside"":false,""outsidePx"":0},{""x"":1432.7,""y"":632.7,""t"":655,""outside"":false,""outsidePx"":0},{""x"":1448.7,""y"":624,""t"":672,""outside"":false,""outsidePx"":0},{""x"":1466,""y"":613.3,""t"":688,""outside"":false,""outsidePx"":0},{""x"":1485.3,""y"":602.7,""t"":705,""outside"":false,""outsidePx"":0},{""x"":1504.7,""y"":592.7,""t"":721,""outside"":false,""outsidePx"":0},{""x"":1525.3,""y"":580,""t"":739,""outside"":false,""outsidePx"":0},{""x"":1542.7,""y"":571.3,""t"":754,""outside"":false,""outsidePx"":0},{""x"":1562,""y"":560.7,""t"":771,""outside"":false,""outsidePx"":0},{""x"":1570.7,""y"":555.3,""t"":788,""outside"":false,""outsidePx"":0},{""x"":1611.3,""y"":536.7,""t"":806,""outside"":false,""outsidePx"":0},{""x"":1630.7,""y"":526,""t"":821,""outside"":false,""outsidePx"":0},{""x"":1650,""y"":515.3,""t"":837,""outside"":false,""outsidePx"":0},{""x"":1665.3,""y"":506.7,""t"":854,""outside"":false,""outsidePx"":0},{""x"":1681.3,""y"":498,""t"":873,""outside"":false,""outsidePx"":0},{""x"":1700.7,""y"":487.3,""t"":889,""outside"":false,""outsidePx"":0},{""x"":1718,""y"":476.7,""t"":905,""outside"":false,""outsidePx"":0},{""x"":1748,""y"":461.3,""t"":922,""outside"":false,""outsidePx"":0},{""x"":1774,""y"":445.3,""t"":939,""outside"":false,""outsidePx"":0},{""x"":1790,""y"":436.7,""t"":955,""outside"":false,""outsidePx"":0},{""x"":1798.7,""y"":429.3,""t"":972,""outside"":false,""outsidePx"":0},{""x"":1800,""y"":428,""t"":988,""outside"":false,""outsidePx"":0}]"
motoe,main,practice,C3,距離大条件,W固定・A長い,35,675,19.286,3,25,85,85,85,2026-09-29T06:52:34.249Z,2026-09-29T06:52:35.275Z,1027,173,860,687,true,true,none,1742.7,447.3,1,false,0,0,0,false,[],"[{""x"":870,""y"":956,""t"":0,""outside"":false,""outsidePx"":0},{""x"":870.7,""y"":956,""t"":11,""outside"":false,""outsidePx"":0},{""x"":872.7,""y"":956,""t"":23,""outside"":false,""outsidePx"":0},{""x"":880,""y"":952.7,""t"":38,""outside"":false,""outsidePx"":0},{""x"":888.7,""y"":949.3,""t"":54,""outside"":false,""outsidePx"":0},{""x"":906,""y"":940.7,""t"":71,""outside"":false,""outsidePx"":0},{""x"":922,""y"":933.3,""t"":88,""outside"":false,""outsidePx"":0},{""x"":940.7,""y"":923.3,""t"":105,""outside"":false,""outsidePx"":0},{""x"":956.7,""y"":916,""t"":121,""outside"":false,""outsidePx"":0},{""x"":967.3,""y"":910.7,""t"":137,""outside"":false,""outsidePx"":0},{""x"":981.3,""y"":902,""t"":154,""outside"":false,""outsidePx"":0},{""x"":990,""y"":896.7,""t"":171,""outside"":false,""outsidePx"":0},{""x"":1004,""y"":888,""t"":189,""outside"":false,""outsidePx"":0},{""x"":1016,""y"":881.3,""t"":205,""outside"":false,""outsidePx"":0},{""x"":1032,""y"":870.7,""t"":221,""outside"":false,""outsidePx"":0},{""x"":1044,""y"":863.3,""t"":239,""outside"":false,""outsidePx"":0},{""x"":1052.7,""y"":858.7,""t"":256,""outside"":false,""outsidePx"":0},{""x"":1065.3,""y"":849.3,""t"":273,""outside"":false,""outsidePx"":0},{""x"":1077.3,""y"":844.7,""t"":288,""outside"":false,""outsidePx"":0},{""x"":1091.3,""y"":835.3,""t"":306,""outside"":false,""outsidePx"":0},{""x"":1102,""y"":828.7,""t"":322,""outside"":false,""outsidePx"":0},{""x"":1118,""y"":818,""t"":340,""outside"":false,""outsidePx"":0},{""x"":1135.3,""y"":807.3,""t"":356,""outside"":false,""outsidePx"":0},{""x"":1146,""y"":802.7,""t"":372,""outside"":false,""outsidePx"":0},{""x"":1158,""y"":793.3,""t"":390,""outside"":false,""outsidePx"":0},{""x"":1172,""y"":784.7,""t"":407,""outside"":false,""outsidePx"":0},{""x"":1178.7,""y"":779.3,""t"":422,""outside"":false,""outsidePx"":0},{""x"":1192.7,""y"":770.7,""t"":438,""outside"":false,""outsidePx"":0},{""x"":1203.3,""y"":765.3,""t"":454,""outside"":false,""outsidePx"":0},{""x"":1214,""y"":758.7,""t"":471,""outside"":false,""outsidePx"":0},{""x"":1226,""y"":751.3,""t"":487,""outside"":false,""outsidePx"":0},{""x"":1242,""y"":741.3,""t"":504,""outside"":false,""outsidePx"":0},{""x"":1258,""y"":730.7,""t"":521,""outside"":false,""outsidePx"":0},{""x"":1276.7,""y"":720,""t"":537,""outside"":false,""outsidePx"":0},{""x"":1296,""y"":708,""t"":555,""outside"":false,""outsidePx"":0},{""x"":1312,""y"":699.3,""t"":571,""outside"":false,""outsidePx"":0},{""x"":1328,""y"":688.7,""t"":588,""outside"":false,""outsidePx"":0},{""x"":1343.3,""y"":680,""t"":604,""outside"":false,""outsidePx"":0},{""x"":1356,""y"":672.7,""t"":621,""outside"":false,""outsidePx"":0},{""x"":1370,""y"":664,""t"":638,""outside"":false,""outsidePx"":0},{""x"":1382,""y"":657.3,""t"":655,""outside"":false,""outsidePx"":0},{""x"":1399.3,""y"":646.7,""t"":671,""outside"":false,""outsidePx"":0},{""x"":1415.3,""y"":638,""t"":687,""outside"":false,""outsidePx"":0},{""x"":1429.3,""y"":630.7,""t"":704,""outside"":false,""outsidePx"":0},{""x"":1444.7,""y"":622,""t"":721,""outside"":false,""outsidePx"":0},{""x"":1458.7,""y"":613.3,""t"":738,""outside"":false,""outsidePx"":0},{""x"":1474.7,""y"":604.7,""t"":755,""outside"":false,""outsidePx"":0},{""x"":1490.7,""y"":594,""t"":772,""outside"":false,""outsidePx"":0},{""x"":1502.7,""y"":587.3,""t"":788,""outside"":false,""outsidePx"":0},{""x"":1514.7,""y"":580,""t"":807,""outside"":false,""outsidePx"":0},{""x"":1528.7,""y"":571.3,""t"":821,""outside"":false,""outsidePx"":0},{""x"":1544.7,""y"":562.7,""t"":838,""outside"":false,""outsidePx"":0},{""x"":1564,""y"":552,""t"":853,""outside"":false,""outsidePx"":0},{""x"":1581.3,""y"":541.3,""t"":871,""outside"":false,""outsidePx"":0},{""x"":1598.7,""y"":531.3,""t"":892,""outside"":false,""outsidePx"":0},{""x"":1606,""y"":526,""t"":905,""outside"":false,""outsidePx"":0},{""x"":1623.3,""y"":515.3,""t"":921,""outside"":false,""outsidePx"":0},{""x"":1644.7,""y"":503.3,""t"":938,""outside"":false,""outsidePx"":0},{""x"":1667.3,""y"":489.3,""t"":954,""outside"":false,""outsidePx"":0},{""x"":1695.3,""y"":473.3,""t"":972,""outside"":false,""outsidePx"":0},{""x"":1716,""y"":461.3,""t"":987,""outside"":false,""outsidePx"":0},{""x"":1737.3,""y"":450.7,""t"":1005,""outside"":false,""outsidePx"":0},{""x"":1742.7,""y"":447.3,""t"":1020,""outside"":false,""outsidePx"":0}]"
motoe,main,practice,C3,距離大条件,W固定・A長い,35,675,19.286,3,26,86,86,86,2026-09-29T06:52:36.025Z,2026-09-29T06:52:37.202Z,1177,182,859,677,true,true,deviation,1758.7,450,1,true,1,118,1.2,false,"[{""startMs"":828,""startX"":1555.3,""startY"":582,""maxOutsidePx"":1.2,""endMs"":946,""endX"":1634,""endY"":534.7,""durationMs"":118}]","[{""x"":882,""y"":954,""t"":0,""outside"":false,""outsidePx"":0},{""x"":883.3,""y"":952.7,""t"":60,""outside"":false,""outsidePx"":0},{""x"":888.7,""y"":949.3,""t"":77,""outside"":false,""outsidePx"":0},{""x"":900.7,""y"":942.7,""t"":95,""outside"":false,""outsidePx"":0},{""x"":918,""y"":933.3,""t"":111,""outside"":false,""outsidePx"":0},{""x"":939.3,""y"":921.3,""t"":128,""outside"":false,""outsidePx"":0},{""x"":960,""y"":910.7,""t"":144,""outside"":false,""outsidePx"":0},{""x"":978,""y"":900.7,""t"":160,""outside"":false,""outsidePx"":0},{""x"":988,""y"":893.3,""t"":178,""outside"":false,""outsidePx"":0},{""x"":995.3,""y"":890,""t"":195,""outside"":false,""outsidePx"":0},{""x"":1000.7,""y"":886.7,""t"":211,""outside"":false,""outsidePx"":0},{""x"":1007.3,""y"":881.3,""t"":228,""outside"":false,""outsidePx"":0},{""x"":1018,""y"":874,""t"":245,""outside"":false,""outsidePx"":0},{""x"":1032,""y"":865.3,""t"":262,""outside"":false,""outsidePx"":0},{""x"":1044,""y"":858.7,""t"":279,""outside"":false,""outsidePx"":0},{""x"":1060,""y"":849.3,""t"":297,""outside"":false,""outsidePx"":0},{""x"":1072,""y"":842.7,""t"":312,""outside"":false,""outsidePx"":0},{""x"":1086,""y"":834,""t"":327,""outside"":false,""outsidePx"":0},{""x"":1102,""y"":825.3,""t"":344,""outside"":false,""outsidePx"":0},{""x"":1119.3,""y"":814.7,""t"":361,""outside"":false,""outsidePx"":0},{""x"":1138.7,""y"":804,""t"":377,""outside"":false,""outsidePx"":0},{""x"":1156,""y"":795.3,""t"":395,""outside"":false,""outsidePx"":0},{""x"":1168.7,""y"":788.7,""t"":411,""outside"":false,""outsidePx"":0},{""x"":1178.7,""y"":783.3,""t"":428,""outside"":false,""outsidePx"":0},{""x"":1189.3,""y"":776,""t"":447,""outside"":false,""outsidePx"":0},{""x"":1196.7,""y"":770.7,""t"":461,""outside"":false,""outsidePx"":0},{""x"":1208.7,""y"":764,""t"":480,""outside"":false,""outsidePx"":0},{""x"":1219.3,""y"":756.7,""t"":494,""outside"":false,""outsidePx"":0},{""x"":1231.3,""y"":750,""t"":511,""outside"":false,""outsidePx"":0},{""x"":1245.3,""y"":741.3,""t"":528,""outside"":false,""outsidePx"":0},{""x"":1261.3,""y"":730.7,""t"":544,""outside"":false,""outsidePx"":0},{""x"":1276.7,""y"":722,""t"":563,""outside"":false,""outsidePx"":0},{""x"":1289.3,""y"":714.7,""t"":578,""outside"":false,""outsidePx"":0},{""x"":1300,""y"":709.3,""t"":594,""outside"":false,""outsidePx"":0},{""x"":1312,""y"":702.7,""t"":611,""outside"":false,""outsidePx"":0},{""x"":1326,""y"":694,""t"":630,""outside"":false,""outsidePx"":0},{""x"":1340,""y"":686.7,""t"":644,""outside"":false,""outsidePx"":0},{""x"":1362.7,""y"":674.7,""t"":661,""outside"":false,""outsidePx"":0},{""x"":1384,""y"":664,""t"":678,""outside"":false,""outsidePx"":0},{""x"":1404.7,""y"":655.3,""t"":695,""outside"":false,""outsidePx"":0},{""x"":1420.7,""y"":648.7,""t"":713,""outside"":false,""outsidePx"":0},{""x"":1440,""y"":638,""t"":729,""outside"":false,""outsidePx"":0},{""x"":1452,""y"":630.7,""t"":746,""outside"":false,""outsidePx"":0},{""x"":1468,""y"":624,""t"":761,""outside"":false,""outsidePx"":0},{""x"":1486.7,""y"":615.3,""t"":777,""outside"":false,""outsidePx"":0},{""x"":1510,""y"":604.7,""t"":794,""outside"":false,""outsidePx"":0},{""x"":1534,""y"":592.7,""t"":811,""outside"":false,""outsidePx"":0},{""x"":1555.3,""y"":582,""t"":828,""outside"":true,""outsidePx"":0.7},{""x"":1570.7,""y"":573.3,""t"":844,""outside"":true,""outsidePx"":0.8},{""x"":1583.3,""y"":566,""t"":861,""outside"":true,""outsidePx"":0.8},{""x"":1590,""y"":562.7,""t"":877,""outside"":true,""outsidePx"":1.2},{""x"":1595.3,""y"":559.3,""t"":894,""outside"":true,""outsidePx"":1},{""x"":1604,""y"":554,""t"":912,""outside"":true,""outsidePx"":0.7},{""x"":1618,""y"":545.3,""t"":928,""outside"":true,""outsidePx"":0.2},{""x"":1634,""y"":534.7,""t"":946,""outside"":false,""outsidePx"":0},{""x"":1646,""y"":526,""t"":964,""outside"":false,""outsidePx"":0},{""x"":1654.7,""y"":520.7,""t"":980,""outside"":false,""outsidePx"":0},{""x"":1664,""y"":513.3,""t"":998,""outside"":false,""outsidePx"":0},{""x"":1670.7,""y"":510,""t"":1012,""outside"":false,""outsidePx"":0},{""x"":1678,""y"":504.7,""t"":1028,""outside"":false,""outsidePx"":0},{""x"":1690,""y"":498,""t"":1044,""outside"":false,""outsidePx"":0},{""x"":1700.7,""y"":489.3,""t"":1061,""outside"":false,""outsidePx"":0},{""x"":1714.7,""y"":478.7,""t"":1079,""outside"":false,""outsidePx"":0},{""x"":1730,""y"":466.7,""t"":1095,""outside"":false,""outsidePx"":0},{""x"":1744,""y"":457.3,""t"":1112,""outside"":false,""outsidePx"":0},{""x"":1756.7,""y"":450.7,""t"":1127,""outside"":false,""outsidePx"":0},{""x"":1760,""y"":448.7,""t"":1144,""outside"":false,""outsidePx"":0},{""x"":1758.7,""y"":450,""t"":1176,""outside"":false,""outsidePx"":0}]"
motoe,main,practice,C3,距離大条件,W固定・A長い,35,675,19.286,3,27,87,87,87,2026-09-29T06:52:37.871Z,2026-09-29T06:52:38.873Z,1002,175,792,617,true,true,none,1807.3,429.3,1,false,0,0,0,false,[],"[{""x"":862.7,""y"":948.7,""t"":0,""outside"":false,""outsidePx"":0},{""x"":864,""y"":948.7,""t"":20,""outside"":false,""outsidePx"":0},{""x"":866,""y"":948.7,""t"":30,""outside"":false,""outsidePx"":0},{""x"":876,""y"":944,""t"":51,""outside"":false,""outsidePx"":0},{""x"":888.7,""y"":937.3,""t"":64,""outside"":false,""outsidePx"":0},{""x"":906,""y"":928.7,""t"":82,""outside"":false,""outsidePx"":0},{""x"":920,""y"":919.3,""t"":98,""outside"":false,""outsidePx"":0},{""x"":937.3,""y"":909.3,""t"":115,""outside"":false,""outsidePx"":0},{""x"":951.3,""y"":902,""t"":131,""outside"":false,""outsidePx"":0},{""x"":962,""y"":895.3,""t"":148,""outside"":false,""outsidePx"":0},{""x"":974,""y"":886.7,""t"":164,""outside"":false,""outsidePx"":0},{""x"":988,""y"":877.3,""t"":181,""outside"":false,""outsidePx"":0},{""x"":1000.7,""y"":868.7,""t"":198,""outside"":false,""outsidePx"":0},{""x"":1016,""y"":858.7,""t"":215,""outside"":false,""outsidePx"":0},{""x"":1034,""y"":848,""t"":231,""outside"":false,""outsidePx"":0},{""x"":1046,""y"":839.3,""t"":248,""outside"":false,""outsidePx"":0},{""x"":1058,""y"":832,""t"":266,""outside"":false,""outsidePx"":0},{""x"":1065.3,""y"":828.7,""t"":281,""outside"":false,""outsidePx"":0},{""x"":1074,""y"":823.3,""t"":301,""outside"":false,""outsidePx"":0},{""x"":1086,""y"":814.7,""t"":315,""outside"":false,""outsidePx"":0},{""x"":1100,""y"":806,""t"":331,""outside"":false,""outsidePx"":0},{""x"":1114,""y"":797.3,""t"":350,""outside"":false,""outsidePx"":0},{""x"":1128,""y"":788.7,""t"":366,""outside"":false,""outsidePx"":0},{""x"":1147.3,""y"":778,""t"":382,""outside"":false,""outsidePx"":0},{""x"":1161.3,""y"":770.7,""t"":401,""outside"":false,""outsidePx"":0},{""x"":1186,""y"":758.7,""t"":415,""outside"":false,""outsidePx"":0},{""x"":1205.3,""y"":750,""t"":432,""outside"":false,""outsidePx"":0},{""x"":1224.7,""y"":742.7,""t"":448,""outside"":false,""outsidePx"":0},{""x"":1236.7,""y"":737.3,""t"":464,""outside"":false,""outsidePx"":0},{""x"":1245.3,""y"":734,""t"":483,""outside"":false,""outsidePx"":0},{""x"":1254,""y"":728.7,""t"":499,""outside"":false,""outsidePx"":0},{""x"":1262.7,""y"":725.3,""t"":514,""outside"":false,""outsidePx"":0},{""x"":1273.3,""y"":720,""t"":531,""outside"":false,""outsidePx"":0},{""x"":1287.3,""y"":713.3,""t"":548,""outside"":false,""outsidePx"":0},{""x"":1303.3,""y"":704.7,""t"":564,""outside"":false,""outsidePx"":0},{""x"":1320.7,""y"":695.3,""t"":583,""outside"":false,""outsidePx"":0},{""x"":1336.7,""y"":688.7,""t"":598,""outside"":false,""outsidePx"":0},{""x"":1354,""y"":678,""t"":615,""outside"":false,""outsidePx"":0},{""x"":1370,""y"":669.3,""t"":631,""outside"":false,""outsidePx"":0},{""x"":1387.3,""y"":658.7,""t"":648,""outside"":false,""outsidePx"":0},{""x"":1406.7,""y"":648.7,""t"":664,""outside"":false,""outsidePx"":0},{""x"":1424,""y"":638,""t"":681,""outside"":false,""outsidePx"":0},{""x"":1443.3,""y"":625.3,""t"":698,""outside"":false,""outsidePx"":0},{""x"":1466,""y"":613.3,""t"":714,""outside"":false,""outsidePx"":0},{""x"":1488.7,""y"":601.3,""t"":732,""outside"":false,""outsidePx"":0},{""x"":1510,""y"":588.7,""t"":748,""outside"":false,""outsidePx"":0},{""x"":1536,""y"":573.3,""t"":765,""outside"":false,""outsidePx"":0},{""x"":1558.7,""y"":560.7,""t"":781,""outside"":false,""outsidePx"":0},{""x"":1581.3,""y"":548.7,""t"":799,""outside"":false,""outsidePx"":0},{""x"":1600.7,""y"":536.7,""t"":816,""outside"":false,""outsidePx"":0},{""x"":1620,""y"":526,""t"":832,""outside"":false,""outsidePx"":0},{""x"":1644.7,""y"":513.3,""t"":849,""outside"":false,""outsidePx"":0},{""x"":1668.7,""y"":501.3,""t"":865,""outside"":false,""outsidePx"":0},{""x"":1704,""y"":482,""t"":881,""outside"":false,""outsidePx"":0},{""x"":1737.3,""y"":466.7,""t"":898,""outside"":false,""outsidePx"":0},{""x"":1770.7,""y"":450.7,""t"":915,""outside"":false,""outsidePx"":0},{""x"":1791.3,""y"":440,""t"":931,""outside"":false,""outsidePx"":0},{""x"":1802,""y"":433.3,""t"":948,""outside"":false,""outsidePx"":0},{""x"":1807.3,""y"":429.3,""t"":965,""outside"":false,""outsidePx"":0}]"
motoe,main,practice,C3,距離大条件,W固定・A長い,35,675,19.286,3,28,88,88,88,2026-09-29T06:52:39.533Z,2026-09-29T06:52:40.693Z,1160,247,950,703,true,true,deviation,1752.7,456,1,true,1,216,2.5,false,"[{""startMs"":819,""startX"":1472.7,""startY"":629.3,""maxOutsidePx"":2.5,""endMs"":1035,""endX"":1656.7,""endY"":522.7,""durationMs"":216}]","[{""x"":868,""y"":975.3,""t"":0,""outside"":false,""outsidePx"":0},{""x"":869.3,""y"":972,""t"":51,""outside"":false,""outsidePx"":0},{""x"":876,""y"":968.7,""t"":67,""outside"":false,""outsidePx"":0},{""x"":884.7,""y"":961.3,""t"":85,""outside"":false,""outsidePx"":0},{""x"":894,""y"":954.7,""t"":104,""outside"":false,""outsidePx"":0},{""x"":904,""y"":947.3,""t"":121,""outside"":false,""outsidePx"":0},{""x"":914.7,""y"":940.7,""t"":135,""outside"":false,""outsidePx"":0},{""x"":925.3,""y"":933.3,""t"":152,""outside"":false,""outsidePx"":0},{""x"":937.3,""y"":926.7,""t"":169,""outside"":false,""outsidePx"":0},{""x"":950,""y"":918,""t"":185,""outside"":false,""outsidePx"":0},{""x"":960,""y"":910.7,""t"":202,""outside"":false,""outsidePx"":0},{""x"":972.7,""y"":902,""t"":218,""outside"":false,""outsidePx"":0},{""x"":982.7,""y"":895.3,""t"":235,""outside"":false,""outsidePx"":0},{""x"":992,""y"":890,""t"":252,""outside"":false,""outsidePx"":0},{""x"":1002,""y"":882.7,""t"":271,""outside"":false,""outsidePx"":0},{""x"":1014.7,""y"":876,""t"":287,""outside"":false,""outsidePx"":0},{""x"":1030,""y"":867.3,""t"":302,""outside"":false,""outsidePx"":0},{""x"":1044,""y"":858.7,""t"":321,""outside"":false,""outsidePx"":0},{""x"":1062,""y"":849.3,""t"":337,""outside"":false,""outsidePx"":0},{""x"":1076,""y"":844.7,""t"":353,""outside"":false,""outsidePx"":0},{""x"":1086,""y"":839.3,""t"":370,""outside"":false,""outsidePx"":0},{""x"":1096.7,""y"":834,""t"":386,""outside"":false,""outsidePx"":0},{""x"":1112.7,""y"":826.7,""t"":402,""outside"":false,""outsidePx"":0},{""x"":1128,""y"":820,""t"":419,""outside"":false,""outsidePx"":0},{""x"":1144,""y"":811.3,""t"":437,""outside"":false,""outsidePx"":0},{""x"":1158,""y"":806,""t"":453,""outside"":false,""outsidePx"":0},{""x"":1170,""y"":798.7,""t"":469,""outside"":false,""outsidePx"":0},{""x"":1180.7,""y"":793.3,""t"":485,""outside"":false,""outsidePx"":0},{""x"":1196.7,""y"":784.7,""t"":504,""outside"":false,""outsidePx"":0},{""x"":1206.7,""y"":779.3,""t"":518,""outside"":false,""outsidePx"":0},{""x"":1219.3,""y"":772.7,""t"":537,""outside"":false,""outsidePx"":0},{""x"":1230,""y"":767.3,""t"":552,""outside"":false,""outsidePx"":0},{""x"":1244,""y"":760.7,""t"":568,""outside"":false,""outsidePx"":0},{""x"":1256,""y"":751.3,""t"":585,""outside"":false,""outsidePx"":0},{""x"":1268,""y"":744.7,""t"":601,""outside"":false,""outsidePx"":0},{""x"":1278.7,""y"":737.3,""t"":618,""outside"":false,""outsidePx"":0},{""x"":1294.7,""y"":728.7,""t"":637,""outside"":false,""outsidePx"":0},{""x"":1306.7,""y"":722,""t"":652,""outside"":false,""outsidePx"":0},{""x"":1322.7,""y"":713.3,""t"":669,""outside"":false,""outsidePx"":0},{""x"":1340,""y"":702.7,""t"":687,""outside"":false,""outsidePx"":0},{""x"":1357.3,""y"":692,""t"":702,""outside"":false,""outsidePx"":0},{""x"":1373.3,""y"":683.3,""t"":718,""outside"":false,""outsidePx"":0},{""x"":1387.3,""y"":674.7,""t"":735,""outside"":false,""outsidePx"":0},{""x"":1401.3,""y"":667.3,""t"":752,""outside"":false,""outsidePx"":0},{""x"":1416.7,""y"":658.7,""t"":768,""outside"":false,""outsidePx"":0},{""x"":1432.7,""y"":648.7,""t"":785,""outside"":false,""outsidePx"":0},{""x"":1450,""y"":639.3,""t"":801,""outside"":false,""outsidePx"":0},{""x"":1472.7,""y"":629.3,""t"":819,""outside"":true,""outsidePx"":0.3},{""x"":1490.7,""y"":618.7,""t"":835,""outside"":true,""outsidePx"":0.1},{""x"":1508,""y"":610,""t"":852,""outside"":true,""outsidePx"":1.2},{""x"":1520,""y"":602.7,""t"":868,""outside"":true,""outsidePx"":0.9},{""x"":1534,""y"":596,""t"":885,""outside"":true,""outsidePx"":2.1},{""x"":1544.7,""y"":588.7,""t"":902,""outside"":true,""outsidePx"":1.1},{""x"":1555.3,""y"":583.3,""t"":918,""outside"":true,""outsidePx"":1.8},{""x"":1567.3,""y"":576.7,""t"":936,""outside"":true,""outsidePx"":2},{""x"":1583.3,""y"":568,""t"":951,""outside"":true,""outsidePx"":2.5},{""x"":1600.7,""y"":557.3,""t"":968,""outside"":true,""outsidePx"":2},{""x"":1622,""y"":545.3,""t"":985,""outside"":true,""outsidePx"":2.2},{""x"":1639.3,""y"":534.7,""t"":1002,""outside"":true,""outsidePx"":1.7},{""x"":1650,""y"":527.3,""t"":1018,""outside"":true,""outsidePx"":0.6},{""x"":1656.7,""y"":522.7,""t"":1035,""outside"":false,""outsidePx"":0},{""x"":1665.3,""y"":517.3,""t"":1051,""outside"":false,""outsidePx"":0},{""x"":1676,""y"":510,""t"":1068,""outside"":false,""outsidePx"":0},{""x"":1688,""y"":501.3,""t"":1085,""outside"":false,""outsidePx"":0},{""x"":1706,""y"":490.7,""t"":1101,""outside"":false,""outsidePx"":0},{""x"":1726.7,""y"":476.7,""t"":1118,""outside"":false,""outsidePx"":0},{""x"":1742.7,""y"":464.7,""t"":1135,""outside"":false,""outsidePx"":0},{""x"":1751.3,""y"":456,""t"":1151,""outside"":false,""outsidePx"":0},{""x"":1752.7,""y"":456,""t"":1159,""outside"":false,""outsidePx"":0}]"
motoe,main,practice,C3,距離大条件,W固定・A長い,35,675,19.286,3,29,89,89,89,2026-09-29T06:52:41.317Z,2026-09-29T06:52:42.347Z,1030,155,817,662,true,true,none,1819.3,403.3,1,false,0,0,0,false,[],"[{""x"":871.3,""y"":956,""t"":0,""outside"":false,""outsidePx"":0},{""x"":872.7,""y"":956,""t"":39,""outside"":false,""outsidePx"":0},{""x"":874.7,""y"":954.7,""t"":51,""outside"":false,""outsidePx"":0},{""x"":890,""y"":946,""t"":69,""outside"":false,""outsidePx"":0},{""x"":908,""y"":935.3,""t"":84,""outside"":false,""outsidePx"":0},{""x"":926.7,""y"":924.7,""t"":102,""outside"":false,""outsidePx"":0},{""x"":950,""y"":912.7,""t"":117,""outside"":false,""outsidePx"":0},{""x"":968.7,""y"":904,""t"":133,""outside"":false,""outsidePx"":0},{""x"":986.7,""y"":895.3,""t"":150,""outside"":false,""outsidePx"":0},{""x"":998.7,""y"":886.7,""t"":167,""outside"":false,""outsidePx"":0},{""x"":1009.3,""y"":879.3,""t"":184,""outside"":false,""outsidePx"":0},{""x"":1023.3,""y"":872.7,""t"":201,""outside"":false,""outsidePx"":0},{""x"":1035.3,""y"":865.3,""t"":217,""outside"":false,""outsidePx"":0},{""x"":1049.3,""y"":858.7,""t"":234,""outside"":false,""outsidePx"":0},{""x"":1063.3,""y"":851.3,""t"":251,""outside"":false,""outsidePx"":0},{""x"":1076,""y"":846,""t"":267,""outside"":false,""outsidePx"":0},{""x"":1084.7,""y"":840.7,""t"":284,""outside"":false,""outsidePx"":0},{""x"":1094.7,""y"":835.3,""t"":300,""outside"":false,""outsidePx"":0},{""x"":1104,""y"":830.7,""t"":317,""outside"":false,""outsidePx"":0},{""x"":1116,""y"":823.3,""t"":334,""outside"":false,""outsidePx"":0},{""x"":1132,""y"":814.7,""t"":351,""outside"":false,""outsidePx"":0},{""x"":1147.3,""y"":806,""t"":367,""outside"":false,""outsidePx"":0},{""x"":1166.7,""y"":795.3,""t"":387,""outside"":false,""outsidePx"":0},{""x"":1178.7,""y"":786.7,""t"":401,""outside"":false,""outsidePx"":0},{""x"":1194.7,""y"":778,""t"":417,""outside"":false,""outsidePx"":0},{""x"":1208.7,""y"":769.3,""t"":434,""outside"":false,""outsidePx"":0},{""x"":1222.7,""y"":760.7,""t"":450,""outside"":false,""outsidePx"":0},{""x"":1238.7,""y"":751.3,""t"":467,""outside"":false,""outsidePx"":0},{""x"":1254,""y"":741.3,""t"":485,""outside"":false,""outsidePx"":0},{""x"":1272,""y"":730.7,""t"":501,""outside"":false,""outsidePx"":0},{""x"":1289.3,""y"":720,""t"":518,""outside"":false,""outsidePx"":0},{""x"":1306.7,""y"":709.3,""t"":535,""outside"":false,""outsidePx"":0},{""x"":1324,""y"":699.3,""t"":550,""outside"":false,""outsidePx"":0},{""x"":1342,""y"":688.7,""t"":567,""outside"":false,""outsidePx"":0},{""x"":1360.7,""y"":678,""t"":584,""outside"":false,""outsidePx"":0},{""x"":1378.7,""y"":669.3,""t"":601,""outside"":false,""outsidePx"":0},{""x"":1392.7,""y"":660.7,""t"":617,""outside"":false,""outsidePx"":0},{""x"":1401.3,""y"":655.3,""t"":634,""outside"":false,""outsidePx"":0},{""x"":1412,""y"":648.7,""t"":650,""outside"":false,""outsidePx"":0},{""x"":1422,""y"":641.3,""t"":667,""outside"":false,""outsidePx"":0},{""x"":1432.7,""y"":634.7,""t"":685,""outside"":false,""outsidePx"":0},{""x"":1443.3,""y"":625.3,""t"":701,""outside"":false,""outsidePx"":0},{""x"":1458.7,""y"":616.7,""t"":717,""outside"":false,""outsidePx"":0},{""x"":1478,""y"":606.7,""t"":733,""outside"":false,""outsidePx"":0},{""x"":1499.3,""y"":592.7,""t"":751,""outside"":false,""outsidePx"":0},{""x"":1524,""y"":578.7,""t"":768,""outside"":false,""outsidePx"":0},{""x"":1542.7,""y"":566,""t"":785,""outside"":false,""outsidePx"":0},{""x"":1556.7,""y"":557.3,""t"":800,""outside"":false,""outsidePx"":0},{""x"":1570.7,""y"":546.7,""t"":818,""outside"":false,""outsidePx"":0},{""x"":1583.3,""y"":540,""t"":834,""outside"":false,""outsidePx"":0},{""x"":1598.7,""y"":529.3,""t"":851,""outside"":false,""outsidePx"":0},{""x"":1616.7,""y"":517.3,""t"":867,""outside"":false,""outsidePx"":0},{""x"":1636,""y"":504.7,""t"":884,""outside"":false,""outsidePx"":0},{""x"":1654.7,""y"":492.7,""t"":900,""outside"":false,""outsidePx"":0},{""x"":1676,""y"":480.7,""t"":917,""outside"":false,""outsidePx"":0},{""x"":1700.7,""y"":468,""t"":935,""outside"":false,""outsidePx"":0},{""x"":1728.7,""y"":454,""t"":950,""outside"":false,""outsidePx"":0},{""x"":1754.7,""y"":440,""t"":967,""outside"":false,""outsidePx"":0},{""x"":1784.7,""y"":424.7,""t"":984,""outside"":false,""outsidePx"":0},{""x"":1807.3,""y"":410.7,""t"":1000,""outside"":false,""outsidePx"":0},{""x"":1818,""y"":403.3,""t"":1017,""outside"":false,""outsidePx"":0},{""x"":1819.3,""y"":403.3,""t"":1029,""outside"":false,""outsidePx"":0}]"
motoe,main,practice,C3,距離大条件,W固定・A長い,35,675,19.286,3,30,90,90,90,2026-09-29T06:52:42.994Z,2026-09-29T06:52:44.165Z,1172,237,974,737,true,true,none,1779.3,443.3,1,false,0,0,0,false,[],"[{""x"":862,""y"":961.3,""t"":0,""outside"":false,""outsidePx"":0},{""x"":864,""y"":961.3,""t"":40,""outside"":false,""outsidePx"":0},{""x"":866,""y"":960,""t"":58,""outside"":false,""outsidePx"":0},{""x"":872.7,""y"":954.7,""t"":73,""outside"":false,""outsidePx"":0},{""x"":881.3,""y"":947.3,""t"":89,""outside"":false,""outsidePx"":0},{""x"":894,""y"":940.7,""t"":106,""outside"":false,""outsidePx"":0},{""x"":908,""y"":932,""t"":123,""outside"":false,""outsidePx"":0},{""x"":922,""y"":923.3,""t"":139,""outside"":false,""outsidePx"":0},{""x"":934,""y"":916,""t"":156,""outside"":false,""outsidePx"":0},{""x"":944.7,""y"":910.7,""t"":173,""outside"":false,""outsidePx"":0},{""x"":954.7,""y"":904,""t"":190,""outside"":false,""outsidePx"":0},{""x"":965.3,""y"":896.7,""t"":206,""outside"":false,""outsidePx"":0},{""x"":976,""y"":890,""t"":222,""outside"":false,""outsidePx"":0},{""x"":986.7,""y"":882.7,""t"":240,""outside"":false,""outsidePx"":0},{""x"":998.7,""y"":876,""t"":257,""outside"":false,""outsidePx"":0},{""x"":1009.3,""y"":868.7,""t"":273,""outside"":false,""outsidePx"":0},{""x"":1023.3,""y"":862,""t"":289,""outside"":false,""outsidePx"":0},{""x"":1035.3,""y"":854.7,""t"":306,""outside"":false,""outsidePx"":0},{""x"":1048,""y"":848,""t"":323,""outside"":false,""outsidePx"":0},{""x"":1062,""y"":839.3,""t"":340,""outside"":false,""outsidePx"":0},{""x"":1076,""y"":832,""t"":356,""outside"":false,""outsidePx"":0},{""x"":1090,""y"":825.3,""t"":373,""outside"":false,""outsidePx"":0},{""x"":1104,""y"":818,""t"":389,""outside"":false,""outsidePx"":0},{""x"":1116,""y"":812.7,""t"":406,""outside"":false,""outsidePx"":0},{""x"":1126.7,""y"":807.3,""t"":424,""outside"":false,""outsidePx"":0},{""x"":1138.7,""y"":804,""t"":440,""outside"":false,""outsidePx"":0},{""x"":1147.3,""y"":798.7,""t"":456,""outside"":false,""outsidePx"":0},{""x"":1158,""y"":795.3,""t"":473,""outside"":false,""outsidePx"":0},{""x"":1168.7,""y"":788.7,""t"":489,""outside"":false,""outsidePx"":0},{""x"":1184,""y"":781.3,""t"":506,""outside"":false,""outsidePx"":0},{""x"":1202,""y"":772.7,""t"":523,""outside"":false,""outsidePx"":0},{""x"":1219.3,""y"":764,""t"":540,""outside"":false,""outsidePx"":0},{""x"":1231.3,""y"":758.7,""t"":556,""outside"":false,""outsidePx"":0},{""x"":1245.3,""y"":751.3,""t"":572,""outside"":false,""outsidePx"":0},{""x"":1258,""y"":746.7,""t"":590,""outside"":false,""outsidePx"":0},{""x"":1270,""y"":739.3,""t"":607,""outside"":false,""outsidePx"":0},{""x"":1284,""y"":734,""t"":622,""outside"":false,""outsidePx"":0},{""x"":1296,""y"":727.3,""t"":639,""outside"":false,""outsidePx"":0},{""x"":1306.7,""y"":722,""t"":656,""outside"":false,""outsidePx"":0},{""x"":1317.3,""y"":716.7,""t"":673,""outside"":false,""outsidePx"":0},{""x"":1328,""y"":711.3,""t"":690,""outside"":false,""outsidePx"":0},{""x"":1336.7,""y"":706,""t"":706,""outside"":false,""outsidePx"":0},{""x"":1346.7,""y"":700.7,""t"":723,""outside"":false,""outsidePx"":0},{""x"":1357.3,""y"":694,""t"":739,""outside"":false,""outsidePx"":0},{""x"":1373.3,""y"":685.3,""t"":756,""outside"":false,""outsidePx"":0},{""x"":1387.3,""y"":676.7,""t"":773,""outside"":false,""outsidePx"":0},{""x"":1401.3,""y"":667.3,""t"":789,""outside"":false,""outsidePx"":0},{""x"":1416.7,""y"":657.3,""t"":806,""outside"":false,""outsidePx"":0},{""x"":1430.7,""y"":648.7,""t"":823,""outside"":false,""outsidePx"":0},{""x"":1444.7,""y"":638,""t"":839,""outside"":false,""outsidePx"":0},{""x"":1458.7,""y"":627.3,""t"":856,""outside"":false,""outsidePx"":0},{""x"":1472.7,""y"":616.7,""t"":873,""outside"":false,""outsidePx"":0},{""x"":1488.7,""y"":606.7,""t"":890,""outside"":false,""outsidePx"":0},{""x"":1502.7,""y"":596,""t"":906,""outside"":false,""outsidePx"":0},{""x"":1520,""y"":585.3,""t"":922,""outside"":false,""outsidePx"":0},{""x"":1538,""y"":573.3,""t"":939,""outside"":false,""outsidePx"":0},{""x"":1553.3,""y"":562.7,""t"":957,""outside"":false,""outsidePx"":0},{""x"":1572.7,""y"":550.7,""t"":974,""outside"":false,""outsidePx"":0},{""x"":1590,""y"":540,""t"":990,""outside"":false,""outsidePx"":0},{""x"":1608,""y"":529.3,""t"":1007,""outside"":false,""outsidePx"":0},{""x"":1623.3,""y"":520.7,""t"":1023,""outside"":false,""outsidePx"":0},{""x"":1648,""y"":508.7,""t"":1039,""outside"":false,""outsidePx"":0},{""x"":1672.7,""y"":494.7,""t"":1056,""outside"":false,""outsidePx"":0},{""x"":1700.7,""y"":484,""t"":1072,""outside"":false,""outsidePx"":0},{""x"":1730,""y"":470,""t"":1089,""outside"":false,""outsidePx"":0},{""x"":1751.3,""y"":459.3,""t"":1106,""outside"":false,""outsidePx"":0},{""x"":1766.7,""y"":450.7,""t"":1122,""outside"":false,""outsidePx"":0},{""x"":1776,""y"":445.3,""t"":1139,""outside"":false,""outsidePx"":0},{""x"":1779.3,""y"":443.3,""t"":1156,""outside"":false,""outsidePx"":0}]"
motoe,main,practice,C3,距離大条件,W固定・A長い,35,675,19.286,3,31,91,91,91,2026-09-29T06:52:44.780Z,2026-09-29T06:52:45.858Z,1078,170,849,679,true,true,none,1754.7,442,1,false,0,0,0,false,[],"[{""x"":864.7,""y"":964.7,""t"":0,""outside"":false,""outsidePx"":0},{""x"":869.3,""y"":963.3,""t"":53,""outside"":false,""outsidePx"":0},{""x"":880,""y"":958,""t"":70,""outside"":false,""outsidePx"":0},{""x"":894,""y"":949.3,""t"":86,""outside"":false,""outsidePx"":0},{""x"":914.7,""y"":938.7,""t"":102,""outside"":false,""outsidePx"":0},{""x"":934,""y"":928.7,""t"":119,""outside"":false,""outsidePx"":0},{""x"":956.7,""y"":916,""t"":136,""outside"":false,""outsidePx"":0},{""x"":972.7,""y"":907.3,""t"":153,""outside"":false,""outsidePx"":0},{""x"":992,""y"":895.3,""t"":171,""outside"":false,""outsidePx"":0},{""x"":1009.3,""y"":882.7,""t"":186,""outside"":false,""outsidePx"":0},{""x"":1023.3,""y"":874,""t"":202,""outside"":false,""outsidePx"":0},{""x"":1037.3,""y"":865.3,""t"":220,""outside"":false,""outsidePx"":0},{""x"":1049.3,""y"":858.7,""t"":236,""outside"":false,""outsidePx"":0},{""x"":1063.3,""y"":849.3,""t"":252,""outside"":false,""outsidePx"":0},{""x"":1076,""y"":842.7,""t"":269,""outside"":false,""outsidePx"":0},{""x"":1091.3,""y"":832,""t"":286,""outside"":false,""outsidePx"":0},{""x"":1107.3,""y"":823.3,""t"":303,""outside"":false,""outsidePx"":0},{""x"":1122.7,""y"":812.7,""t"":319,""outside"":false,""outsidePx"":0},{""x"":1136.7,""y"":804,""t"":336,""outside"":false,""outsidePx"":0},{""x"":1150.7,""y"":795.3,""t"":353,""outside"":false,""outsidePx"":0},{""x"":1166.7,""y"":784.7,""t"":369,""outside"":false,""outsidePx"":0},{""x"":1186,""y"":776,""t"":386,""outside"":false,""outsidePx"":0},{""x"":1203.3,""y"":765.3,""t"":402,""outside"":false,""outsidePx"":0},{""x"":1220.7,""y"":753.3,""t"":419,""outside"":false,""outsidePx"":0},{""x"":1238.7,""y"":744.7,""t"":436,""outside"":false,""outsidePx"":0},{""x"":1254,""y"":736,""t"":453,""outside"":false,""outsidePx"":0},{""x"":1268,""y"":727.3,""t"":473,""outside"":false,""outsidePx"":0},{""x"":1284,""y"":720,""t"":491,""outside"":false,""outsidePx"":0},{""x"":1296,""y"":711.3,""t"":503,""outside"":false,""outsidePx"":0},{""x"":1310,""y"":704.7,""t"":519,""outside"":false,""outsidePx"":0},{""x"":1328,""y"":695.3,""t"":536,""outside"":false,""outsidePx"":0},{""x"":1342,""y"":686.7,""t"":552,""outside"":false,""outsidePx"":0},{""x"":1356,""y"":680,""t"":569,""outside"":false,""outsidePx"":0},{""x"":1368,""y"":672.7,""t"":586,""outside"":false,""outsidePx"":0},{""x"":1378.7,""y"":667.3,""t"":602,""outside"":false,""outsidePx"":0},{""x"":1387.3,""y"":662.7,""t"":619,""outside"":false,""outsidePx"":0},{""x"":1398,""y"":655.3,""t"":636,""outside"":false,""outsidePx"":0},{""x"":1406.7,""y"":648.7,""t"":653,""outside"":false,""outsidePx"":0},{""x"":1420.7,""y"":639.3,""t"":669,""outside"":false,""outsidePx"":0},{""x"":1436,""y"":629.3,""t"":686,""outside"":false,""outsidePx"":0},{""x"":1452,""y"":618.7,""t"":703,""outside"":false,""outsidePx"":0},{""x"":1464,""y"":610,""t"":719,""outside"":false,""outsidePx"":0},{""x"":1476.7,""y"":602.7,""t"":736,""outside"":false,""outsidePx"":0},{""x"":1488.7,""y"":596,""t"":754,""outside"":false,""outsidePx"":0},{""x"":1497.3,""y"":588.7,""t"":770,""outside"":false,""outsidePx"":0},{""x"":1510,""y"":582,""t"":786,""outside"":false,""outsidePx"":0},{""x"":1524,""y"":573.3,""t"":804,""outside"":false,""outsidePx"":0},{""x"":1538,""y"":564.7,""t"":820,""outside"":false,""outsidePx"":0},{""x"":1556.7,""y"":554,""t"":836,""outside"":false,""outsidePx"":0},{""x"":1572.7,""y"":543.3,""t"":853,""outside"":false,""outsidePx"":0},{""x"":1586.7,""y"":534.7,""t"":869,""outside"":false,""outsidePx"":0},{""x"":1600.7,""y"":526,""t"":886,""outside"":false,""outsidePx"":0},{""x"":1616.7,""y"":518.7,""t"":903,""outside"":false,""outsidePx"":0},{""x"":1634,""y"":508.7,""t"":919,""outside"":false,""outsidePx"":0},{""x"":1658.7,""y"":494.7,""t"":936,""outside"":false,""outsidePx"":0},{""x"":1681.3,""y"":482,""t"":952,""outside"":false,""outsidePx"":0},{""x"":1706,""y"":470,""t"":969,""outside"":false,""outsidePx"":0},{""x"":1728.7,""y"":457.3,""t"":987,""outside"":false,""outsidePx"":0},{""x"":1744,""y"":448.7,""t"":1007,""outside"":false,""outsidePx"":0},{""x"":1751.3,""y"":445.3,""t"":1021,""outside"":false,""outsidePx"":0},{""x"":1751.3,""y"":443.3,""t"":1036,""outside"":false,""outsidePx"":0},{""x"":1752.7,""y"":443.3,""t"":1053,""outside"":false,""outsidePx"":0},{""x"":1754.7,""y"":443.3,""t"":1069,""outside"":false,""outsidePx"":0},{""x"":1754.7,""y"":442,""t"":1077,""outside"":false,""outsidePx"":0}]"
motoe,main,practice,C3,距離大条件,W固定・A長い,35,675,19.286,3,32,92,92,92,2026-09-29T06:52:46.547Z,2026-09-29T06:52:47.629Z,1083,182,814,632,true,true,none,1749.3,448.7,1,false,0,0,0,false,[],"[{""x"":870,""y"":961.3,""t"":0,""outside"":false,""outsidePx"":0},{""x"":870.7,""y"":960,""t"":19,""outside"":false,""outsidePx"":0},{""x"":876,""y"":954.7,""t"":36,""outside"":false,""outsidePx"":0},{""x"":881.3,""y"":951.3,""t"":53,""outside"":false,""outsidePx"":0},{""x"":886.7,""y"":946,""t"":69,""outside"":false,""outsidePx"":0},{""x"":895.3,""y"":940.7,""t"":86,""outside"":false,""outsidePx"":0},{""x"":906,""y"":933.3,""t"":102,""outside"":false,""outsidePx"":0},{""x"":918,""y"":924.7,""t"":119,""outside"":false,""outsidePx"":0},{""x"":934,""y"":914.7,""t"":137,""outside"":false,""outsidePx"":0},{""x"":953.3,""y"":904,""t"":154,""outside"":false,""outsidePx"":0},{""x"":974,""y"":893.3,""t"":170,""outside"":false,""outsidePx"":0},{""x"":992,""y"":884.7,""t"":187,""outside"":false,""outsidePx"":0},{""x"":1006,""y"":876,""t"":205,""outside"":false,""outsidePx"":0},{""x"":1018,""y"":870.7,""t"":219,""outside"":false,""outsidePx"":0},{""x"":1034,""y"":860,""t"":240,""outside"":false,""outsidePx"":0},{""x"":1044,""y"":854.7,""t"":253,""outside"":false,""outsidePx"":0},{""x"":1062,""y"":844.7,""t"":274,""outside"":false,""outsidePx"":0},{""x"":1074,""y"":837.3,""t"":287,""outside"":false,""outsidePx"":0},{""x"":1090,""y"":828.7,""t"":304,""outside"":false,""outsidePx"":0},{""x"":1104,""y"":820,""t"":321,""outside"":false,""outsidePx"":0},{""x"":1119.3,""y"":811.3,""t"":336,""outside"":false,""outsidePx"":0},{""x"":1135.3,""y"":802.7,""t"":354,""outside"":false,""outsidePx"":0},{""x"":1152.7,""y"":793.3,""t"":371,""outside"":false,""outsidePx"":0},{""x"":1170,""y"":783.3,""t"":386,""outside"":false,""outsidePx"":0},{""x"":1188,""y"":774.7,""t"":404,""outside"":false,""outsidePx"":0},{""x"":1202,""y"":765.3,""t"":420,""outside"":false,""outsidePx"":0},{""x"":1216,""y"":756.7,""t"":436,""outside"":false,""outsidePx"":0},{""x"":1226,""y"":750,""t"":453,""outside"":false,""outsidePx"":0},{""x"":1240,""y"":741.3,""t"":469,""outside"":false,""outsidePx"":0},{""x"":1256,""y"":730.7,""t"":486,""outside"":false,""outsidePx"":0},{""x"":1273.3,""y"":720,""t"":503,""outside"":false,""outsidePx"":0},{""x"":1294.7,""y"":709.3,""t"":521,""outside"":false,""outsidePx"":0},{""x"":1306.7,""y"":700.7,""t"":536,""outside"":false,""outsidePx"":0},{""x"":1317.3,""y"":695.3,""t"":553,""outside"":false,""outsidePx"":0},{""x"":1328,""y"":688.7,""t"":569,""outside"":false,""outsidePx"":0},{""x"":1336.7,""y"":683.3,""t"":587,""outside"":false,""outsidePx"":0},{""x"":1348.7,""y"":676.7,""t"":603,""outside"":false,""outsidePx"":0},{""x"":1359.3,""y"":671.3,""t"":619,""outside"":false,""outsidePx"":0},{""x"":1373.3,""y"":662.7,""t"":636,""outside"":false,""outsidePx"":0},{""x"":1388.7,""y"":653.3,""t"":652,""outside"":false,""outsidePx"":0},{""x"":1404.7,""y"":644.7,""t"":669,""outside"":false,""outsidePx"":0},{""x"":1416.7,""y"":638,""t"":686,""outside"":false,""outsidePx"":0},{""x"":1432.7,""y"":627.3,""t"":703,""outside"":false,""outsidePx"":0},{""x"":1450,""y"":616.7,""t"":720,""outside"":false,""outsidePx"":0},{""x"":1466,""y"":608,""t"":736,""outside"":false,""outsidePx"":0},{""x"":1488.7,""y"":594,""t"":753,""outside"":false,""outsidePx"":0},{""x"":1511.3,""y"":580,""t"":770,""outside"":false,""outsidePx"":0},{""x"":1532.7,""y"":568,""t"":786,""outside"":false,""outsidePx"":0},{""x"":1556.7,""y"":555.3,""t"":803,""outside"":false,""outsidePx"":0},{""x"":1581.3,""y"":543.3,""t"":822,""outside"":false,""outsidePx"":0},{""x"":1598.7,""y"":532.7,""t"":836,""outside"":false,""outsidePx"":0},{""x"":1620,""y"":520.7,""t"":853,""outside"":false,""outsidePx"":0},{""x"":1640.7,""y"":510,""t"":870,""outside"":false,""outsidePx"":0},{""x"":1660,""y"":499.3,""t"":886,""outside"":false,""outsidePx"":0},{""x"":1676,""y"":490.7,""t"":902,""outside"":false,""outsidePx"":0},{""x"":1688,""y"":484,""t"":919,""outside"":false,""outsidePx"":0},{""x"":1700.7,""y"":478.7,""t"":936,""outside"":false,""outsidePx"":0},{""x"":1710.7,""y"":471.3,""t"":953,""outside"":false,""outsidePx"":0},{""x"":1720,""y"":466.7,""t"":969,""outside"":false,""outsidePx"":0},{""x"":1728.7,""y"":461.3,""t"":987,""outside"":false,""outsidePx"":0},{""x"":1737.3,""y"":457.3,""t"":1003,""outside"":false,""outsidePx"":0},{""x"":1742.7,""y"":454,""t"":1021,""outside"":false,""outsidePx"":0},{""x"":1748,""y"":450.7,""t"":1036,""outside"":false,""outsidePx"":0},{""x"":1749.3,""y"":448.7,""t"":1053,""outside"":false,""outsidePx"":0}]"
motoe,main,practice,C3,距離大条件,W固定・A長い,35,675,19.286,3,33,93,93,93,2026-09-29T06:52:48.260Z,2026-09-29T06:52:49.259Z,999,185,776,591,false,true,near_goal_pointerup,1805.3,443.3,1,true,1,93,5.6,false,"[{""startMs"":906,""startX"":1724.7,""startY"":484,""maxOutsidePx"":5.6,""endMs"":999,""endX"":1805.3,""endY"":443.3,""durationMs"":93}]","[{""x"":878.7,""y"":943.3,""t"":0,""outside"":false,""outsidePx"":0},{""x"":875.3,""y"":945.3,""t"":7,""outside"":false,""outsidePx"":0},{""x"":873.3,""y"":947.3,""t"":27,""outside"":false,""outsidePx"":0},{""x"":880,""y"":944,""t"":73,""outside"":false,""outsidePx"":0},{""x"":895.3,""y"":935.3,""t"":92,""outside"":false,""outsidePx"":0},{""x"":911.3,""y"":928.7,""t"":105,""outside"":false,""outsidePx"":0},{""x"":930.7,""y"":918,""t"":123,""outside"":false,""outsidePx"":0},{""x"":951.3,""y"":907.3,""t"":143,""outside"":false,""outsidePx"":0},{""x"":968.7,""y"":898.7,""t"":167,""outside"":false,""outsidePx"":0},{""x"":984.7,""y"":888,""t"":182,""outside"":false,""outsidePx"":0},{""x"":990,""y"":884.7,""t"":190,""outside"":false,""outsidePx"":0},{""x"":1010.7,""y"":874,""t"":213,""outside"":false,""outsidePx"":0},{""x"":1024.7,""y"":865.3,""t"":225,""outside"":false,""outsidePx"":0},{""x"":1038.7,""y"":856.7,""t"":242,""outside"":false,""outsidePx"":0},{""x"":1051.3,""y"":849.3,""t"":257,""outside"":false,""outsidePx"":0},{""x"":1062,""y"":844.7,""t"":273,""outside"":false,""outsidePx"":0},{""x"":1072,""y"":837.3,""t"":289,""outside"":false,""outsidePx"":0},{""x"":1082.7,""y"":832,""t"":305,""outside"":false,""outsidePx"":0},{""x"":1094.7,""y"":823.3,""t"":327,""outside"":false,""outsidePx"":0},{""x"":1108.7,""y"":814.7,""t"":339,""outside"":false,""outsidePx"":0},{""x"":1126.7,""y"":804,""t"":356,""outside"":false,""outsidePx"":0},{""x"":1146,""y"":793.3,""t"":372,""outside"":false,""outsidePx"":0},{""x"":1168.7,""y"":781.3,""t"":389,""outside"":false,""outsidePx"":0},{""x"":1188,""y"":769.3,""t"":405,""outside"":false,""outsidePx"":0},{""x"":1205.3,""y"":760.7,""t"":422,""outside"":false,""outsidePx"":0},{""x"":1222.7,""y"":750,""t"":439,""outside"":false,""outsidePx"":0},{""x"":1240,""y"":736,""t"":461,""outside"":false,""outsidePx"":0},{""x"":1258,""y"":725.3,""t"":478,""outside"":false,""outsidePx"":0},{""x"":1275.3,""y"":711.3,""t"":496,""outside"":false,""outsidePx"":0},{""x"":1290.7,""y"":700.7,""t"":509,""outside"":false,""outsidePx"":0},{""x"":1303.3,""y"":692,""t"":523,""outside"":false,""outsidePx"":0},{""x"":1328,""y"":676.7,""t"":545,""outside"":false,""outsidePx"":0},{""x"":1345.3,""y"":667.3,""t"":561,""outside"":false,""outsidePx"":0},{""x"":1357.3,""y"":658.7,""t"":579,""outside"":false,""outsidePx"":0},{""x"":1373.3,""y"":652,""t"":594,""outside"":false,""outsidePx"":0},{""x"":1387.3,""y"":643.3,""t"":610,""outside"":false,""outsidePx"":0},{""x"":1399.3,""y"":636,""t"":622,""outside"":false,""outsidePx"":0},{""x"":1416.7,""y"":627.3,""t"":640,""outside"":false,""outsidePx"":0},{""x"":1432.7,""y"":618.7,""t"":655,""outside"":false,""outsidePx"":0},{""x"":1448.7,""y"":610,""t"":672,""outside"":false,""outsidePx"":0},{""x"":1466,""y"":601.3,""t"":689,""outside"":false,""outsidePx"":0},{""x"":1485.3,""y"":590.7,""t"":706,""outside"":false,""outsidePx"":0},{""x"":1502.7,""y"":582,""t"":723,""outside"":false,""outsidePx"":0},{""x"":1522,""y"":573.3,""t"":740,""outside"":false,""outsidePx"":0},{""x"":1541.3,""y"":564.7,""t"":755,""outside"":false,""outsidePx"":0},{""x"":1566,""y"":554,""t"":772,""outside"":false,""outsidePx"":0},{""x"":1592,""y"":543.3,""t"":789,""outside"":false,""outsidePx"":0},{""x"":1612.7,""y"":532.7,""t"":808,""outside"":false,""outsidePx"":0},{""x"":1632,""y"":526,""t"":822,""outside"":false,""outsidePx"":0},{""x"":1651.3,""y"":518.7,""t"":840,""outside"":false,""outsidePx"":0},{""x"":1667.3,""y"":510,""t"":856,""outside"":false,""outsidePx"":0},{""x"":1682.7,""y"":503.3,""t"":872,""outside"":false,""outsidePx"":0},{""x"":1704,""y"":494.7,""t"":892,""outside"":false,""outsidePx"":0},{""x"":1724.7,""y"":484,""t"":906,""outside"":true,""outsidePx"":0.5},{""x"":1748,""y"":473.3,""t"":923,""outside"":true,""outsidePx"":2.9},{""x"":1770.7,""y"":461.3,""t"":939,""outside"":true,""outsidePx"":3.8},{""x"":1786,""y"":454,""t"":959,""outside"":true,""outsidePx"":5.1},{""x"":1800,""y"":445.3,""t"":978,""outside"":true,""outsidePx"":4.6},{""x"":1805.3,""y"":443.3,""t"":990,""outside"":true,""outsidePx"":5.6}]"
motoe,main,practice,C3,距離大条件,W固定・A長い,35,675,19.286,3,34,94,94,94,2026-09-29T06:52:49.876Z,2026-09-29T06:52:50.848Z,971,131,761,630,false,true,near_goal_pointerup,1819.3,440,1,true,1,116,9.7,false,"[{""startMs"":855,""startX"":1706,""startY"":494.7,""maxOutsidePx"":9.7,""endMs"":971,""endX"":1819.3,""endY"":440,""durationMs"":116}]","[{""x"":861.3,""y"":964.7,""t"":0,""outside"":false,""outsidePx"":0},{""x"":862,""y"":964.7,""t"":14,""outside"":false,""outsidePx"":0},{""x"":866,""y"":961.3,""t"":23,""outside"":false,""outsidePx"":0},{""x"":880,""y"":952.7,""t"":40,""outside"":false,""outsidePx"":0},{""x"":900.7,""y"":942.7,""t"":58,""outside"":false,""outsidePx"":0},{""x"":923.3,""y"":930,""t"":72,""outside"":false,""outsidePx"":0},{""x"":942.7,""y"":921.3,""t"":90,""outside"":false,""outsidePx"":0},{""x"":962,""y"":912.7,""t"":106,""outside"":false,""outsidePx"":0},{""x"":981.3,""y"":902,""t"":122,""outside"":false,""outsidePx"":0},{""x"":1002,""y"":891.3,""t"":139,""outside"":false,""outsidePx"":0},{""x"":1024.7,""y"":881.3,""t"":156,""outside"":false,""outsidePx"":0},{""x"":1046,""y"":870.7,""t"":172,""outside"":false,""outsidePx"":0},{""x"":1063.3,""y"":862,""t"":189,""outside"":false,""outsidePx"":0},{""x"":1079.3,""y"":853.3,""t"":207,""outside"":false,""outsidePx"":0},{""x"":1091.3,""y"":844.7,""t"":223,""outside"":false,""outsidePx"":0},{""x"":1100,""y"":837.3,""t"":239,""outside"":false,""outsidePx"":0},{""x"":1108.7,""y"":830.7,""t"":256,""outside"":false,""outsidePx"":0},{""x"":1118,""y"":823.3,""t"":273,""outside"":false,""outsidePx"":0},{""x"":1130,""y"":816.7,""t"":289,""outside"":false,""outsidePx"":0},{""x"":1142,""y"":806,""t"":306,""outside"":false,""outsidePx"":0},{""x"":1154.7,""y"":797.3,""t"":325,""outside"":false,""outsidePx"":0},{""x"":1164.7,""y"":788.7,""t"":340,""outside"":false,""outsidePx"":0},{""x"":1175.3,""y"":781.3,""t"":356,""outside"":false,""outsidePx"":0},{""x"":1186,""y"":772.7,""t"":372,""outside"":false,""outsidePx"":0},{""x"":1196.7,""y"":764,""t"":389,""outside"":false,""outsidePx"":0},{""x"":1210.7,""y"":755.3,""t"":406,""outside"":false,""outsidePx"":0},{""x"":1224.7,""y"":744.7,""t"":422,""outside"":false,""outsidePx"":0},{""x"":1240,""y"":734,""t"":442,""outside"":false,""outsidePx"":0},{""x"":1258,""y"":722,""t"":462,""outside"":false,""outsidePx"":0},{""x"":1275.3,""y"":713.3,""t"":475,""outside"":false,""outsidePx"":0},{""x"":1292.7,""y"":702.7,""t"":490,""outside"":false,""outsidePx"":0},{""x"":1310,""y"":694,""t"":507,""outside"":false,""outsidePx"":0},{""x"":1328,""y"":685.3,""t"":524,""outside"":false,""outsidePx"":0},{""x"":1346.7,""y"":674.7,""t"":543,""outside"":false,""outsidePx"":0},{""x"":1362.7,""y"":666,""t"":556,""outside"":false,""outsidePx"":0},{""x"":1380,""y"":657.3,""t"":573,""outside"":false,""outsidePx"":0},{""x"":1392.7,""y"":650,""t"":589,""outside"":false,""outsidePx"":0},{""x"":1406.7,""y"":643.3,""t"":608,""outside"":false,""outsidePx"":0},{""x"":1418.7,""y"":636,""t"":622,""outside"":false,""outsidePx"":0},{""x"":1436,""y"":627.3,""t"":639,""outside"":false,""outsidePx"":0},{""x"":1454,""y"":616.7,""t"":656,""outside"":false,""outsidePx"":0},{""x"":1474.7,""y"":606.7,""t"":672,""outside"":false,""outsidePx"":0},{""x"":1494,""y"":596,""t"":689,""outside"":false,""outsidePx"":0},{""x"":1511.3,""y"":587.3,""t"":706,""outside"":false,""outsidePx"":0},{""x"":1532.7,""y"":574.7,""t"":722,""outside"":false,""outsidePx"":0},{""x"":1548,""y"":566,""t"":739,""outside"":false,""outsidePx"":0},{""x"":1567.3,""y"":557.3,""t"":756,""outside"":false,""outsidePx"":0},{""x"":1586.7,""y"":546.7,""t"":772,""outside"":false,""outsidePx"":0},{""x"":1604,""y"":538,""t"":789,""outside"":false,""outsidePx"":0},{""x"":1625.3,""y"":527.3,""t"":806,""outside"":false,""outsidePx"":0},{""x"":1646,""y"":518.7,""t"":822,""outside"":false,""outsidePx"":0},{""x"":1672.7,""y"":506.7,""t"":839,""outside"":false,""outsidePx"":0},{""x"":1706,""y"":494.7,""t"":855,""outside"":true,""outsidePx"":0.4},{""x"":1735.3,""y"":480.7,""t"":872,""outside"":true,""outsidePx"":2.9},{""x"":1765.3,""y"":466.7,""t"":889,""outside"":true,""outsidePx"":5.8},{""x"":1793.3,""y"":454,""t"":906,""outside"":true,""outsidePx"":8.8},{""x"":1812.7,""y"":443.3,""t"":922,""outside"":true,""outsidePx"":9.2},{""x"":1819.3,""y"":440,""t"":939,""outside"":true,""outsidePx"":9.7}]"
motoe,main,practice,C3,距離大条件,W固定・A長い,35,675,19.286,3,35,95,95,95,2026-09-29T06:52:51.677Z,2026-09-29T06:52:52.838Z,1161,243,940,697,true,true,none,1754.7,457.3,1,false,0,0,0,false,[],"[{""x"":848,""y"":972,""t"":0,""outside"":false,""outsidePx"":0},{""x"":850,""y"":970.7,""t"":4,""outside"":false,""outsidePx"":0},{""x"":855.3,""y"":966.7,""t"":21,""outside"":false,""outsidePx"":0},{""x"":870.7,""y"":960,""t"":46,""outside"":false,""outsidePx"":0},{""x"":878,""y"":956.7,""t"":55,""outside"":false,""outsidePx"":0},{""x"":894,""y"":951.3,""t"":71,""outside"":false,""outsidePx"":0},{""x"":904,""y"":946,""t"":88,""outside"":false,""outsidePx"":0},{""x"":914.7,""y"":940.7,""t"":105,""outside"":false,""outsidePx"":0},{""x"":920,""y"":935.3,""t"":121,""outside"":false,""outsidePx"":0},{""x"":926.7,""y"":932,""t"":138,""outside"":false,""outsidePx"":0},{""x"":934,""y"":926.7,""t"":156,""outside"":false,""outsidePx"":0},{""x"":940.7,""y"":919.3,""t"":172,""outside"":false,""outsidePx"":0},{""x"":953.3,""y"":910.7,""t"":189,""outside"":false,""outsidePx"":0},{""x"":964,""y"":902,""t"":206,""outside"":false,""outsidePx"":0},{""x"":976,""y"":893.3,""t"":221,""outside"":false,""outsidePx"":0},{""x"":982.7,""y"":886.7,""t"":238,""outside"":false,""outsidePx"":0},{""x"":990,""y"":879.3,""t"":255,""outside"":false,""outsidePx"":0},{""x"":995.3,""y"":874,""t"":271,""outside"":false,""outsidePx"":0},{""x"":1002,""y"":868.7,""t"":289,""outside"":false,""outsidePx"":0},{""x"":1012.7,""y"":862,""t"":305,""outside"":false,""outsidePx"":0},{""x"":1024.7,""y"":853.3,""t"":322,""outside"":false,""outsidePx"":0},{""x"":1038.7,""y"":844.7,""t"":339,""outside"":false,""outsidePx"":0},{""x"":1049.3,""y"":837.3,""t"":356,""outside"":false,""outsidePx"":0},{""x"":1063.3,""y"":828.7,""t"":371,""outside"":false,""outsidePx"":0},{""x"":1076,""y"":821.3,""t"":388,""outside"":false,""outsidePx"":0},{""x"":1088,""y"":814.7,""t"":405,""outside"":false,""outsidePx"":0},{""x"":1100,""y"":807.3,""t"":421,""outside"":false,""outsidePx"":0},{""x"":1110.7,""y"":802.7,""t"":438,""outside"":false,""outsidePx"":0},{""x"":1126.7,""y"":793.3,""t"":456,""outside"":false,""outsidePx"":0},{""x"":1142,""y"":786.7,""t"":472,""outside"":false,""outsidePx"":0},{""x"":1160,""y"":778,""t"":488,""outside"":false,""outsidePx"":0},{""x"":1175.3,""y"":770.7,""t"":505,""outside"":false,""outsidePx"":0},{""x"":1186,""y"":765.3,""t"":521,""outside"":false,""outsidePx"":0},{""x"":1198,""y"":758.7,""t"":538,""outside"":false,""outsidePx"":0},{""x"":1210.7,""y"":753.3,""t"":555,""outside"":false,""outsidePx"":0},{""x"":1220.7,""y"":746.7,""t"":571,""outside"":false,""outsidePx"":0},{""x"":1231.3,""y"":741.3,""t"":589,""outside"":false,""outsidePx"":0},{""x"":1245.3,""y"":732.7,""t"":606,""outside"":false,""outsidePx"":0},{""x"":1262.7,""y"":723.3,""t"":622,""outside"":false,""outsidePx"":0},{""x"":1275.3,""y"":714.7,""t"":638,""outside"":false,""outsidePx"":0},{""x"":1286,""y"":709.3,""t"":655,""outside"":false,""outsidePx"":0},{""x"":1296,""y"":700.7,""t"":671,""outside"":false,""outsidePx"":0},{""x"":1308.7,""y"":692,""t"":688,""outside"":false,""outsidePx"":0},{""x"":1322.7,""y"":681.3,""t"":706,""outside"":false,""outsidePx"":0},{""x"":1334.7,""y"":672.7,""t"":721,""outside"":false,""outsidePx"":0},{""x"":1352,""y"":662.7,""t"":738,""outside"":false,""outsidePx"":0},{""x"":1370,""y"":652,""t"":756,""outside"":false,""outsidePx"":0},{""x"":1387.3,""y"":641.3,""t"":773,""outside"":false,""outsidePx"":0},{""x"":1410,""y"":629.3,""t"":789,""outside"":false,""outsidePx"":0},{""x"":1430.7,""y"":616.7,""t"":804,""outside"":false,""outsidePx"":0},{""x"":1448.7,""y"":608,""t"":821,""outside"":false,""outsidePx"":0},{""x"":1464,""y"":599.3,""t"":838,""outside"":false,""outsidePx"":0},{""x"":1480,""y"":592.7,""t"":856,""outside"":false,""outsidePx"":0},{""x"":1494,""y"":585.3,""t"":871,""outside"":false,""outsidePx"":0},{""x"":1510,""y"":578.7,""t"":888,""outside"":false,""outsidePx"":0},{""x"":1527.3,""y"":571.3,""t"":906,""outside"":false,""outsidePx"":0},{""x"":1544.7,""y"":562.7,""t"":923,""outside"":false,""outsidePx"":0},{""x"":1569.3,""y"":554,""t"":938,""outside"":false,""outsidePx"":0},{""x"":1594,""y"":543.3,""t"":955,""outside"":false,""outsidePx"":0},{""x"":1608,""y"":536.7,""t"":972,""outside"":false,""outsidePx"":0},{""x"":1616.7,""y"":531.3,""t"":988,""outside"":false,""outsidePx"":0},{""x"":1622,""y"":529.3,""t"":1007,""outside"":false,""outsidePx"":0},{""x"":1626.7,""y"":526,""t"":1021,""outside"":false,""outsidePx"":0},{""x"":1636,""y"":520.7,""t"":1038,""outside"":false,""outsidePx"":0},{""x"":1648,""y"":513.3,""t"":1056,""outside"":false,""outsidePx"":0},{""x"":1670.7,""y"":503.3,""t"":1072,""outside"":false,""outsidePx"":0},{""x"":1700.7,""y"":487.3,""t"":1088,""outside"":false,""outsidePx"":0},{""x"":1728.7,""y"":473.3,""t"":1105,""outside"":false,""outsidePx"":0},{""x"":1746,""y"":464.7,""t"":1121,""outside"":false,""outsidePx"":0},{""x"":1754.7,""y"":457.3,""t"":1138,""outside"":false,""outsidePx"":0}]"
motoe,main,practice,C3,距離大条件,W固定・A長い,35,675,19.286,3,36,96,96,96,2026-09-29T06:52:53.421Z,2026-09-29T06:52:54.541Z,1119,220,909,689,true,true,none,1776,433.3,1,false,0,0,0,false,[],"[{""x"":868,""y"":964.7,""t"":0,""outside"":false,""outsidePx"":0},{""x"":869.3,""y"":964.7,""t"":48,""outside"":false,""outsidePx"":0},{""x"":870.7,""y"":964.7,""t"":62,""outside"":false,""outsidePx"":0},{""x"":880,""y"":960,""t"":77,""outside"":false,""outsidePx"":0},{""x"":888.7,""y"":952.7,""t"":94,""outside"":false,""outsidePx"":0},{""x"":902.7,""y"":944,""t"":113,""outside"":false,""outsidePx"":0},{""x"":914.7,""y"":935.3,""t"":129,""outside"":false,""outsidePx"":0},{""x"":934,""y"":923.3,""t"":145,""outside"":false,""outsidePx"":0},{""x"":948,""y"":916,""t"":162,""outside"":false,""outsidePx"":0},{""x"":962,""y"":907.3,""t"":177,""outside"":false,""outsidePx"":0},{""x"":972.7,""y"":902,""t"":194,""outside"":false,""outsidePx"":0},{""x"":982.7,""y"":895.3,""t"":210,""outside"":false,""outsidePx"":0},{""x"":995.3,""y"":888,""t"":228,""outside"":false,""outsidePx"":0},{""x"":1006,""y"":881.3,""t"":244,""outside"":false,""outsidePx"":0},{""x"":1018,""y"":874,""t"":262,""outside"":false,""outsidePx"":0},{""x"":1032,""y"":865.3,""t"":277,""outside"":false,""outsidePx"":0},{""x"":1046,""y"":858.7,""t"":294,""outside"":false,""outsidePx"":0},{""x"":1060,""y"":849.3,""t"":312,""outside"":false,""outsidePx"":0},{""x"":1076,""y"":839.3,""t"":328,""outside"":false,""outsidePx"":0},{""x"":1090,""y"":832,""t"":344,""outside"":false,""outsidePx"":0},{""x"":1107.3,""y"":821.3,""t"":361,""outside"":false,""outsidePx"":0},{""x"":1124.7,""y"":811.3,""t"":377,""outside"":false,""outsidePx"":0},{""x"":1144,""y"":800.7,""t"":395,""outside"":false,""outsidePx"":0},{""x"":1161.3,""y"":792,""t"":411,""outside"":false,""outsidePx"":0},{""x"":1177.3,""y"":783.3,""t"":427,""outside"":false,""outsidePx"":0},{""x"":1191.3,""y"":774.7,""t"":444,""outside"":false,""outsidePx"":0},{""x"":1203.3,""y"":767.3,""t"":463,""outside"":false,""outsidePx"":0},{""x"":1214,""y"":760.7,""t"":482,""outside"":false,""outsidePx"":0},{""x"":1222.7,""y"":753.3,""t"":497,""outside"":false,""outsidePx"":0},{""x"":1233.3,""y"":746.7,""t"":511,""outside"":false,""outsidePx"":0},{""x"":1245.3,""y"":737.3,""t"":528,""outside"":false,""outsidePx"":0},{""x"":1259.3,""y"":730.7,""t"":545,""outside"":false,""outsidePx"":0},{""x"":1273.3,""y"":722,""t"":560,""outside"":false,""outsidePx"":0},{""x"":1286,""y"":713.3,""t"":578,""outside"":false,""outsidePx"":0},{""x"":1303.3,""y"":702.7,""t"":595,""outside"":false,""outsidePx"":0},{""x"":1322.7,""y"":692,""t"":617,""outside"":false,""outsidePx"":0},{""x"":1346.7,""y"":678,""t"":642,""outside"":false,""outsidePx"":0},{""x"":1370,""y"":667.3,""t"":663,""outside"":false,""outsidePx"":0},{""x"":1387.3,""y"":658.7,""t"":679,""outside"":false,""outsidePx"":0},{""x"":1406.7,""y"":648.7,""t"":694,""outside"":false,""outsidePx"":0},{""x"":1426,""y"":639.3,""t"":712,""outside"":false,""outsidePx"":0},{""x"":1441.3,""y"":630.7,""t"":727,""outside"":false,""outsidePx"":0},{""x"":1457.3,""y"":624,""t"":744,""outside"":false,""outsidePx"":0},{""x"":1469.3,""y"":616.7,""t"":760,""outside"":false,""outsidePx"":0},{""x"":1483.3,""y"":611.3,""t"":779,""outside"":false,""outsidePx"":0},{""x"":1502.7,""y"":601.3,""t"":800,""outside"":false,""outsidePx"":0},{""x"":1510,""y"":597.3,""t"":813,""outside"":false,""outsidePx"":0},{""x"":1524,""y"":592.7,""t"":827,""outside"":false,""outsidePx"":0},{""x"":1536,""y"":585.3,""t"":844,""outside"":false,""outsidePx"":0},{""x"":1548,""y"":578.7,""t"":861,""outside"":false,""outsidePx"":0},{""x"":1560.7,""y"":573.3,""t"":877,""outside"":false,""outsidePx"":0},{""x"":1570.7,""y"":568,""t"":895,""outside"":false,""outsidePx"":0},{""x"":1581.3,""y"":560.7,""t"":913,""outside"":false,""outsidePx"":0},{""x"":1592,""y"":555.3,""t"":927,""outside"":false,""outsidePx"":0},{""x"":1606,""y"":546.7,""t"":950,""outside"":false,""outsidePx"":0},{""x"":1626.7,""y"":534.7,""t"":967,""outside"":false,""outsidePx"":0},{""x"":1644.7,""y"":522.7,""t"":982,""outside"":false,""outsidePx"":0},{""x"":1656.7,""y"":513.3,""t"":997,""outside"":false,""outsidePx"":0},{""x"":1676,""y"":501.3,""t"":1011,""outside"":false,""outsidePx"":0},{""x"":1692,""y"":490.7,""t"":1029,""outside"":false,""outsidePx"":0},{""x"":1710.7,""y"":476.7,""t"":1043,""outside"":false,""outsidePx"":0},{""x"":1732,""y"":464.7,""t"":1065,""outside"":false,""outsidePx"":0},{""x"":1746,""y"":456,""t"":1079,""outside"":false,""outsidePx"":0},{""x"":1763.3,""y"":443.3,""t"":1094,""outside"":false,""outsidePx"":0},{""x"":1774,""y"":434.7,""t"":1112,""outside"":false,""outsidePx"":0},{""x"":1776,""y"":433.3,""t"":1118,""outside"":false,""outsidePx"":0}]"
motoe,main,practice,C3,距離大条件,W固定・A長い,35,675,19.286,3,37,97,97,97,2026-09-29T06:52:55.262Z,2026-09-29T06:52:56.381Z,1119,205,939,734,true,true,none,1735.3,440,1,false,0,0,0,false,[],"[{""x"":870,""y"":947.3,""t"":0,""outside"":false,""outsidePx"":0},{""x"":868,""y"":947.3,""t"":25,""outside"":false,""outsidePx"":0},{""x"":870.7,""y"":947.3,""t"":69,""outside"":false,""outsidePx"":0},{""x"":881.3,""y"":942.7,""t"":88,""outside"":false,""outsidePx"":0},{""x"":897.3,""y"":933.3,""t"":104,""outside"":false,""outsidePx"":0},{""x"":914.7,""y"":926.7,""t"":120,""outside"":false,""outsidePx"":0},{""x"":930.7,""y"":918,""t"":136,""outside"":false,""outsidePx"":0},{""x"":944.7,""y"":912.7,""t"":153,""outside"":false,""outsidePx"":0},{""x"":958.7,""y"":905.3,""t"":169,""outside"":false,""outsidePx"":0},{""x"":974,""y"":898.7,""t"":186,""outside"":false,""outsidePx"":0},{""x"":986.7,""y"":891.3,""t"":203,""outside"":false,""outsidePx"":0},{""x"":998.7,""y"":884.7,""t"":220,""outside"":false,""outsidePx"":0},{""x"":1010.7,""y"":877.3,""t"":236,""outside"":false,""outsidePx"":0},{""x"":1021.3,""y"":872.7,""t"":253,""outside"":false,""outsidePx"":0},{""x"":1032,""y"":867.3,""t"":270,""outside"":false,""outsidePx"":0},{""x"":1046,""y"":860,""t"":288,""outside"":false,""outsidePx"":0},{""x"":1060,""y"":851.3,""t"":306,""outside"":false,""outsidePx"":0},{""x"":1076,""y"":842.7,""t"":320,""outside"":false,""outsidePx"":0},{""x"":1090,""y"":834,""t"":339,""outside"":false,""outsidePx"":0},{""x"":1102,""y"":826.7,""t"":354,""outside"":false,""outsidePx"":0},{""x"":1118,""y"":818,""t"":372,""outside"":false,""outsidePx"":0},{""x"":1132,""y"":809.3,""t"":387,""outside"":false,""outsidePx"":0},{""x"":1144,""y"":802.7,""t"":404,""outside"":false,""outsidePx"":0},{""x"":1160,""y"":792,""t"":419,""outside"":false,""outsidePx"":0},{""x"":1175.3,""y"":781.3,""t"":436,""outside"":false,""outsidePx"":0},{""x"":1191.3,""y"":772.7,""t"":453,""outside"":false,""outsidePx"":0},{""x"":1206.7,""y"":764,""t"":469,""outside"":false,""outsidePx"":0},{""x"":1220.7,""y"":755.3,""t"":486,""outside"":false,""outsidePx"":0},{""x"":1233.3,""y"":746.7,""t"":503,""outside"":false,""outsidePx"":0},{""x"":1245.3,""y"":739.3,""t"":519,""outside"":false,""outsidePx"":0},{""x"":1256,""y"":732.7,""t"":536,""outside"":false,""outsidePx"":0},{""x"":1266.7,""y"":725.3,""t"":553,""outside"":false,""outsidePx"":0},{""x"":1280.7,""y"":716.7,""t"":569,""outside"":false,""outsidePx"":0},{""x"":1296,""y"":708,""t"":587,""outside"":false,""outsidePx"":0},{""x"":1310,""y"":699.3,""t"":603,""outside"":false,""outsidePx"":0},{""x"":1326,""y"":690.7,""t"":620,""outside"":false,""outsidePx"":0},{""x"":1336.7,""y"":683.3,""t"":636,""outside"":false,""outsidePx"":0},{""x"":1346.7,""y"":676.7,""t"":653,""outside"":false,""outsidePx"":0},{""x"":1360.7,""y"":667.3,""t"":670,""outside"":false,""outsidePx"":0},{""x"":1376.7,""y"":658.7,""t"":686,""outside"":false,""outsidePx"":0},{""x"":1398,""y"":646.7,""t"":703,""outside"":false,""outsidePx"":0},{""x"":1420.7,""y"":634.7,""t"":719,""outside"":false,""outsidePx"":0},{""x"":1438,""y"":625.3,""t"":738,""outside"":false,""outsidePx"":0},{""x"":1450,""y"":618.7,""t"":753,""outside"":false,""outsidePx"":0},{""x"":1458.7,""y"":613.3,""t"":770,""outside"":false,""outsidePx"":0},{""x"":1468,""y"":608,""t"":786,""outside"":false,""outsidePx"":0},{""x"":1478,""y"":602.7,""t"":803,""outside"":false,""outsidePx"":0},{""x"":1488.7,""y"":596,""t"":819,""outside"":false,""outsidePx"":0},{""x"":1504.7,""y"":587.3,""t"":836,""outside"":false,""outsidePx"":0},{""x"":1522,""y"":578.7,""t"":855,""outside"":false,""outsidePx"":0},{""x"":1536,""y"":569.3,""t"":869,""outside"":false,""outsidePx"":0},{""x"":1544.7,""y"":564.7,""t"":886,""outside"":false,""outsidePx"":0},{""x"":1553.3,""y"":559.3,""t"":903,""outside"":false,""outsidePx"":0},{""x"":1562,""y"":555.3,""t"":920,""outside"":false,""outsidePx"":0},{""x"":1569.3,""y"":550.7,""t"":936,""outside"":false,""outsidePx"":0},{""x"":1580,""y"":543.3,""t"":953,""outside"":false,""outsidePx"":0},{""x"":1592,""y"":536.7,""t"":971,""outside"":false,""outsidePx"":0},{""x"":1608,""y"":527.3,""t"":987,""outside"":false,""outsidePx"":0},{""x"":1625.3,""y"":517.3,""t"":1004,""outside"":false,""outsidePx"":0},{""x"":1646,""y"":503.3,""t"":1020,""outside"":false,""outsidePx"":0},{""x"":1667.3,""y"":489.3,""t"":1038,""outside"":false,""outsidePx"":0},{""x"":1686.7,""y"":475.3,""t"":1054,""outside"":false,""outsidePx"":0},{""x"":1702,""y"":464.7,""t"":1072,""outside"":false,""outsidePx"":0},{""x"":1714.7,""y"":456,""t"":1086,""outside"":false,""outsidePx"":0},{""x"":1726.7,""y"":445.3,""t"":1105,""outside"":false,""outsidePx"":0},{""x"":1735.3,""y"":440,""t"":1118,""outside"":false,""outsidePx"":0}]"
motoe,main,practice,C3,距離大条件,W固定・A長い,35,675,19.286,3,38,98,98,98,2026-09-29T06:52:57.179Z,2026-09-29T06:52:58.348Z,1170,227,929,702,false,true,near_goal_pointerup,1816,442,1,true,1,183,10.3,false,"[{""startMs"":987,""startX"":1642.7,""startY"":532.7,""maxOutsidePx"":10.3,""endMs"":1170,""endX"":1816,""endY"":442,""durationMs"":183}]","[{""x"":864.7,""y"":950.7,""t"":0,""outside"":false,""outsidePx"":0},{""x"":867.3,""y"":950.7,""t"":20,""outside"":false,""outsidePx"":0},{""x"":874.7,""y"":949.3,""t"":35,""outside"":false,""outsidePx"":0},{""x"":884.7,""y"":944,""t"":53,""outside"":false,""outsidePx"":0},{""x"":897.3,""y"":937.3,""t"":70,""outside"":false,""outsidePx"":0},{""x"":909.3,""y"":932,""t"":86,""outside"":false,""outsidePx"":0},{""x"":920,""y"":924.7,""t"":102,""outside"":false,""outsidePx"":0},{""x"":928.7,""y"":921.3,""t"":121,""outside"":false,""outsidePx"":0},{""x"":936,""y"":918,""t"":135,""outside"":false,""outsidePx"":0},{""x"":942.7,""y"":912.7,""t"":153,""outside"":false,""outsidePx"":0},{""x"":951.3,""y"":907.3,""t"":171,""outside"":false,""outsidePx"":0},{""x"":962,""y"":902,""t"":190,""outside"":false,""outsidePx"":0},{""x"":970.7,""y"":895.3,""t"":204,""outside"":false,""outsidePx"":0},{""x"":981.3,""y"":888,""t"":219,""outside"":false,""outsidePx"":0},{""x"":990,""y"":882.7,""t"":236,""outside"":false,""outsidePx"":0},{""x"":996.7,""y"":876,""t"":252,""outside"":false,""outsidePx"":0},{""x"":1006,""y"":870.7,""t"":270,""outside"":false,""outsidePx"":0},{""x"":1018,""y"":862,""t"":286,""outside"":false,""outsidePx"":0},{""x"":1032,""y"":853.3,""t"":302,""outside"":false,""outsidePx"":0},{""x"":1044,""y"":846,""t"":320,""outside"":false,""outsidePx"":0},{""x"":1060,""y"":835.3,""t"":335,""outside"":false,""outsidePx"":0},{""x"":1074,""y"":826.7,""t"":352,""outside"":false,""outsidePx"":0},{""x"":1090,""y"":818,""t"":370,""outside"":false,""outsidePx"":0},{""x"":1104,""y"":809.3,""t"":386,""outside"":false,""outsidePx"":0},{""x"":1114,""y"":802.7,""t"":403,""outside"":false,""outsidePx"":0},{""x"":1128,""y"":793.3,""t"":420,""outside"":false,""outsidePx"":0},{""x"":1138.7,""y"":784.7,""t"":437,""outside"":false,""outsidePx"":0},{""x"":1149.3,""y"":779.3,""t"":453,""outside"":false,""outsidePx"":0},{""x"":1163.3,""y"":770.7,""t"":471,""outside"":false,""outsidePx"":0},{""x"":1175.3,""y"":764,""t"":486,""outside"":false,""outsidePx"":0},{""x"":1188,""y"":756.7,""t"":503,""outside"":false,""outsidePx"":0},{""x"":1200,""y"":750,""t"":520,""outside"":false,""outsidePx"":0},{""x"":1210.7,""y"":742.7,""t"":536,""outside"":false,""outsidePx"":0},{""x"":1222.7,""y"":736,""t"":552,""outside"":false,""outsidePx"":0},{""x"":1236.7,""y"":727.3,""t"":569,""outside"":false,""outsidePx"":0},{""x"":1247.3,""y"":720,""t"":586,""outside"":false,""outsidePx"":0},{""x"":1261.3,""y"":713.3,""t"":603,""outside"":false,""outsidePx"":0},{""x"":1275.3,""y"":706,""t"":619,""outside"":false,""outsidePx"":0},{""x"":1289.3,""y"":699.3,""t"":636,""outside"":false,""outsidePx"":0},{""x"":1303.3,""y"":692,""t"":653,""outside"":false,""outsidePx"":0},{""x"":1317.3,""y"":683.3,""t"":669,""outside"":false,""outsidePx"":0},{""x"":1332.7,""y"":676.7,""t"":686,""outside"":false,""outsidePx"":0},{""x"":1350.7,""y"":667.3,""t"":704,""outside"":false,""outsidePx"":0},{""x"":1370,""y"":658.7,""t"":720,""outside"":false,""outsidePx"":0},{""x"":1387.3,""y"":650,""t"":737,""outside"":false,""outsidePx"":0},{""x"":1408,""y"":641.3,""t"":754,""outside"":false,""outsidePx"":0},{""x"":1422,""y"":632.7,""t"":769,""outside"":false,""outsidePx"":0},{""x"":1438,""y"":625.3,""t"":787,""outside"":false,""outsidePx"":0},{""x"":1452,""y"":620.7,""t"":802,""outside"":false,""outsidePx"":0},{""x"":1468,""y"":611.3,""t"":820,""outside"":false,""outsidePx"":0},{""x"":1485.3,""y"":604.7,""t"":836,""outside"":false,""outsidePx"":0},{""x"":1502.7,""y"":596,""t"":852,""outside"":false,""outsidePx"":0},{""x"":1522,""y"":587.3,""t"":871,""outside"":false,""outsidePx"":0},{""x"":1541.3,""y"":578.7,""t"":887,""outside"":false,""outsidePx"":0},{""x"":1555.3,""y"":571.3,""t"":902,""outside"":false,""outsidePx"":0},{""x"":1569.3,""y"":564.7,""t"":919,""outside"":false,""outsidePx"":0},{""x"":1583.3,""y"":557.3,""t"":937,""outside"":false,""outsidePx"":0},{""x"":1602.7,""y"":550.7,""t"":953,""outside"":false,""outsidePx"":0},{""x"":1622,""y"":541.3,""t"":970,""outside"":false,""outsidePx"":0},{""x"":1642.7,""y"":532.7,""t"":987,""outside"":true,""outsidePx"":1.6},{""x"":1664,""y"":522.7,""t"":1004,""outside"":true,""outsidePx"":3.6},{""x"":1681.3,""y"":512,""t"":1020,""outside"":true,""outsidePx"":3},{""x"":1698.7,""y"":504.7,""t"":1037,""outside"":true,""outsidePx"":5.3},{""x"":1714.7,""y"":496,""t"":1052,""outside"":true,""outsidePx"":5.8},{""x"":1732,""y"":487.3,""t"":1070,""outside"":true,""outsidePx"":7},{""x"":1746,""y"":480.7,""t"":1086,""outside"":true,""outsidePx"":8.2},{""x"":1763.3,""y"":471.3,""t"":1103,""outside"":true,""outsidePx"":8.8},{""x"":1780.7,""y"":461.3,""t"":1119,""outside"":true,""outsidePx"":8.8},{""x"":1798.7,""y"":452.7,""t"":1136,""outside"":true,""outsidePx"":10.3},{""x"":1810.7,""y"":445.3,""t"":1153,""outside"":true,""outsidePx"":10},{""x"":1816,""y"":442,""t"":1169,""outside"":true,""outsidePx"":9.7}]"
motoe,main,practice,C3,距離大条件,W固定・A長い,35,675,19.286,3,39,99,99,99,2026-09-29T06:52:59.040Z,2026-09-29T06:53:00.261Z,1221,182,880,698,true,true,deviation,1790,431.3,1,true,2,183,3.4,false,"[{""startMs"":857,""startX"":1564,""startY"":578.7,""maxOutsidePx"":3.4,""endMs"":1024,""endX"":1672.7,""endY"":513.3,""durationMs"":167},{""startMs"":1041,""startX"":1681.3,""startY"":508.7,""maxOutsidePx"":0.1,""endMs"":1057,""endX"":1695.3,""endY"":498,""durationMs"":16}]","[{""x"":871.3,""y"":961.3,""t"":0,""outside"":false,""outsidePx"":0},{""x"":870,""y"":961.3,""t"":26,""outside"":false,""outsidePx"":0},{""x"":870.7,""y"":961.3,""t"":43,""outside"":false,""outsidePx"":0},{""x"":872.7,""y"":961.3,""t"":57,""outside"":false,""outsidePx"":0},{""x"":883.3,""y"":958,""t"":74,""outside"":false,""outsidePx"":0},{""x"":900.7,""y"":949.3,""t"":91,""outside"":false,""outsidePx"":0},{""x"":922,""y"":937.3,""t"":107,""outside"":false,""outsidePx"":0},{""x"":942.7,""y"":926.7,""t"":124,""outside"":false,""outsidePx"":0},{""x"":960,""y"":916,""t"":141,""outside"":false,""outsidePx"":0},{""x"":974,""y"":907.3,""t"":159,""outside"":false,""outsidePx"":0},{""x"":986.7,""y"":900.7,""t"":174,""outside"":false,""outsidePx"":0},{""x"":998.7,""y"":891.3,""t"":192,""outside"":false,""outsidePx"":0},{""x"":1010.7,""y"":882.7,""t"":209,""outside"":false,""outsidePx"":0},{""x"":1030,""y"":872.7,""t"":224,""outside"":false,""outsidePx"":0},{""x"":1044,""y"":862,""t"":242,""outside"":false,""outsidePx"":0},{""x"":1054.7,""y"":854.7,""t"":257,""outside"":false,""outsidePx"":0},{""x"":1058,""y"":849.3,""t"":274,""outside"":false,""outsidePx"":0},{""x"":1063.3,""y"":846,""t"":290,""outside"":false,""outsidePx"":0},{""x"":1068.7,""y"":840.7,""t"":307,""outside"":false,""outsidePx"":0},{""x"":1077.3,""y"":834,""t"":324,""outside"":false,""outsidePx"":0},{""x"":1088,""y"":825.3,""t"":341,""outside"":false,""outsidePx"":0},{""x"":1100,""y"":816.7,""t"":360,""outside"":false,""outsidePx"":0},{""x"":1116,""y"":804,""t"":374,""outside"":false,""outsidePx"":0},{""x"":1130,""y"":795.3,""t"":391,""outside"":false,""outsidePx"":0},{""x"":1142,""y"":788.7,""t"":408,""outside"":false,""outsidePx"":0},{""x"":1158,""y"":779.3,""t"":426,""outside"":false,""outsidePx"":0},{""x"":1172,""y"":772.7,""t"":441,""outside"":false,""outsidePx"":0},{""x"":1192.7,""y"":762,""t"":458,""outside"":false,""outsidePx"":0},{""x"":1216,""y"":751.3,""t"":474,""outside"":false,""outsidePx"":0},{""x"":1234.7,""y"":742.7,""t"":491,""outside"":false,""outsidePx"":0},{""x"":1252.7,""y"":736,""t"":508,""outside"":false,""outsidePx"":0},{""x"":1272,""y"":725.3,""t"":524,""outside"":false,""outsidePx"":0},{""x"":1286,""y"":718.7,""t"":541,""outside"":false,""outsidePx"":0},{""x"":1301.3,""y"":709.3,""t"":557,""outside"":false,""outsidePx"":0},{""x"":1317.3,""y"":702.7,""t"":574,""outside"":false,""outsidePx"":0},{""x"":1329.3,""y"":695.3,""t"":592,""outside"":false,""outsidePx"":0},{""x"":1346.7,""y"":688.7,""t"":608,""outside"":false,""outsidePx"":0},{""x"":1364.7,""y"":680,""t"":624,""outside"":false,""outsidePx"":0},{""x"":1376.7,""y"":672.7,""t"":640,""outside"":false,""outsidePx"":0},{""x"":1390.7,""y"":666,""t"":658,""outside"":false,""outsidePx"":0},{""x"":1401.3,""y"":660.7,""t"":674,""outside"":false,""outsidePx"":0},{""x"":1408,""y"":655.3,""t"":691,""outside"":false,""outsidePx"":0},{""x"":1416.7,""y"":650,""t"":707,""outside"":false,""outsidePx"":0},{""x"":1427.3,""y"":644.7,""t"":726,""outside"":false,""outsidePx"":0},{""x"":1440,""y"":638,""t"":741,""outside"":false,""outsidePx"":0},{""x"":1455.3,""y"":629.3,""t"":757,""outside"":false,""outsidePx"":0},{""x"":1474.7,""y"":618.7,""t"":774,""outside"":false,""outsidePx"":0},{""x"":1494,""y"":610,""t"":791,""outside"":false,""outsidePx"":0},{""x"":1514.7,""y"":599.3,""t"":807,""outside"":false,""outsidePx"":0},{""x"":1534,""y"":592.7,""t"":825,""outside"":false,""outsidePx"":0},{""x"":1550,""y"":583.3,""t"":841,""outside"":false,""outsidePx"":0},{""x"":1564,""y"":578.7,""t"":857,""outside"":true,""outsidePx"":2.1},{""x"":1578,""y"":569.3,""t"":874,""outside"":true,""outsidePx"":1},{""x"":1590,""y"":564.7,""t"":892,""outside"":true,""outsidePx"":3},{""x"":1606,""y"":555.3,""t"":911,""outside"":true,""outsidePx"":2.9},{""x"":1622,""y"":546.7,""t"":925,""outside"":true,""outsidePx"":3.4},{""x"":1632,""y"":540,""t"":941,""outside"":true,""outsidePx"":2.6},{""x"":1640.7,""y"":534.7,""t"":957,""outside"":true,""outsidePx"":2.3},{""x"":1650,""y"":529.3,""t"":974,""outside"":true,""outsidePx"":2.4},{""x"":1654.7,""y"":526,""t"":991,""outside"":true,""outsidePx"":1.8},{""x"":1664,""y"":520.7,""t"":1007,""outside"":true,""outsidePx"":1.9},{""x"":1672.7,""y"":513.3,""t"":1024,""outside"":false,""outsidePx"":0},{""x"":1681.3,""y"":508.7,""t"":1041,""outside"":true,""outsidePx"":0.1},{""x"":1695.3,""y"":498,""t"":1057,""outside"":false,""outsidePx"":0},{""x"":1707.3,""y"":487.3,""t"":1074,""outside"":false,""outsidePx"":0},{""x"":1718,""y"":480.7,""t"":1090,""outside"":false,""outsidePx"":0},{""x"":1728.7,""y"":473.3,""t"":1107,""outside"":false,""outsidePx"":0},{""x"":1738.7,""y"":466.7,""t"":1124,""outside"":false,""outsidePx"":0},{""x"":1751.3,""y"":456,""t"":1142,""outside"":false,""outsidePx"":0},{""x"":1763.3,""y"":448.7,""t"":1157,""outside"":false,""outsidePx"":0},{""x"":1772,""y"":443.3,""t"":1174,""outside"":false,""outsidePx"":0},{""x"":1777.3,""y"":438.7,""t"":1191,""outside"":false,""outsidePx"":0},{""x"":1788,""y"":433.3,""t"":1207,""outside"":false,""outsidePx"":0},{""x"":1790,""y"":431.3,""t"":1219,""outside"":false,""outsidePx"":0}]"
motoe,main,practice,C3,距離大条件,W固定・A長い,35,675,19.286,3,40,100,100,100,2026-09-29T06:53:00.933Z,2026-09-29T06:53:02.089Z,1156,194,894,700,true,true,deviation,1786,443.3,1,true,1,417,8.3,false,"[{""startMs"":364,""startX"":1122.7,""startY"":790,""maxOutsidePx"":8.3,""endMs"":781,""endX"":1446.7,""endY"":604.7,""durationMs"":417}]","[{""x"":870,""y"":947.3,""t"":0,""outside"":false,""outsidePx"":0},{""x"":870.7,""y"":947.3,""t"":43,""outside"":false,""outsidePx"":0},{""x"":876,""y"":947.3,""t"":56,""outside"":false,""outsidePx"":0},{""x"":884.7,""y"":944,""t"":67,""outside"":false,""outsidePx"":0},{""x"":897.3,""y"":937.3,""t"":83,""outside"":false,""outsidePx"":0},{""x"":912.7,""y"":930,""t"":98,""outside"":false,""outsidePx"":0},{""x"":923.3,""y"":924.7,""t"":115,""outside"":false,""outsidePx"":0},{""x"":934,""y"":918,""t"":131,""outside"":false,""outsidePx"":0},{""x"":944.7,""y"":912.7,""t"":148,""outside"":false,""outsidePx"":0},{""x"":956.7,""y"":905.3,""t"":164,""outside"":false,""outsidePx"":0},{""x"":972.7,""y"":895.3,""t"":181,""outside"":false,""outsidePx"":0},{""x"":990,""y"":882.7,""t"":197,""outside"":false,""outsidePx"":0},{""x"":1006,""y"":870.7,""t"":214,""outside"":false,""outsidePx"":0},{""x"":1020,""y"":862,""t"":232,""outside"":false,""outsidePx"":0},{""x"":1030,""y"":854.7,""t"":249,""outside"":false,""outsidePx"":0},{""x"":1038.7,""y"":846,""t"":265,""outside"":false,""outsidePx"":0},{""x"":1052.7,""y"":837.3,""t"":281,""outside"":false,""outsidePx"":0},{""x"":1065.3,""y"":828.7,""t"":297,""outside"":false,""outsidePx"":0},{""x"":1082.7,""y"":816.7,""t"":315,""outside"":false,""outsidePx"":0},{""x"":1098.7,""y"":806,""t"":331,""outside"":false,""outsidePx"":0},{""x"":1110.7,""y"":798.7,""t"":347,""outside"":false,""outsidePx"":0},{""x"":1122.7,""y"":790,""t"":364,""outside"":true,""outsidePx"":0.5},{""x"":1133.3,""y"":781.3,""t"":382,""outside"":true,""outsidePx"":2.7},{""x"":1144,""y"":772.7,""t"":399,""outside"":true,""outsidePx"":4.9},{""x"":1156,""y"":765.3,""t"":415,""outside"":true,""outsidePx"":5.2},{""x"":1172,""y"":755.3,""t"":431,""outside"":true,""outsidePx"":5.9},{""x"":1189.3,""y"":744.7,""t"":447,""outside"":true,""outsidePx"":6.5},{""x"":1208.7,""y"":734,""t"":465,""outside"":true,""outsidePx"":6},{""x"":1226,""y"":725.3,""t"":481,""outside"":true,""outsidePx"":4.9},{""x"":1238.7,""y"":718.7,""t"":497,""outside"":true,""outsidePx"":4.3},{""x"":1248.7,""y"":713.3,""t"":514,""outside"":true,""outsidePx"":3.9},{""x"":1262.7,""y"":704.7,""t"":532,""outside"":true,""outsidePx"":4.4},{""x"":1273.3,""y"":697.3,""t"":550,""outside"":true,""outsidePx"":5.5},{""x"":1286,""y"":690.7,""t"":566,""outside"":true,""outsidePx"":4.9},{""x"":1300,""y"":681.3,""t"":581,""outside"":true,""outsidePx"":6},{""x"":1312,""y"":674.7,""t"":597,""outside"":true,""outsidePx"":5.8},{""x"":1324,""y"":666,""t"":615,""outside"":true,""outsidePx"":7.3},{""x"":1334.7,""y"":658.7,""t"":631,""outside"":true,""outsidePx"":8.3},{""x"":1345.3,""y"":653.3,""t"":647,""outside"":true,""outsidePx"":7.6},{""x"":1354,""y"":648.7,""t"":665,""outside"":true,""outsidePx"":7.3},{""x"":1362.7,""y"":643.3,""t"":681,""outside"":true,""outsidePx"":7.6},{""x"":1371.3,""y"":639.3,""t"":699,""outside"":true,""outsidePx"":6.7},{""x"":1382,""y"":634.7,""t"":716,""outside"":true,""outsidePx"":5.4},{""x"":1398,""y"":627.3,""t"":731,""outside"":true,""outsidePx"":3.8},{""x"":1416.7,""y"":616.7,""t"":747,""outside"":true,""outsidePx"":3.7},{""x"":1434.7,""y"":610,""t"":766,""outside"":true,""outsidePx"":0.4},{""x"":1446.7,""y"":604.7,""t"":781,""outside"":false,""outsidePx"":0},{""x"":1464,""y"":596,""t"":797,""outside"":false,""outsidePx"":0},{""x"":1480,""y"":588.7,""t"":814,""outside"":false,""outsidePx"":0},{""x"":1497.3,""y"":582,""t"":831,""outside"":false,""outsidePx"":0},{""x"":1511.3,""y"":574.7,""t"":848,""outside"":false,""outsidePx"":0},{""x"":1530.7,""y"":566,""t"":865,""outside"":false,""outsidePx"":0},{""x"":1555.3,""y"":555.3,""t"":881,""outside"":false,""outsidePx"":0},{""x"":1576,""y"":546.7,""t"":898,""outside"":false,""outsidePx"":0},{""x"":1595.3,""y"":538,""t"":914,""outside"":false,""outsidePx"":0},{""x"":1611.3,""y"":531.3,""t"":931,""outside"":false,""outsidePx"":0},{""x"":1625.3,""y"":526,""t"":948,""outside"":false,""outsidePx"":0},{""x"":1637.3,""y"":518.7,""t"":964,""outside"":false,""outsidePx"":0},{""x"":1653.3,""y"":513.3,""t"":985,""outside"":false,""outsidePx"":0},{""x"":1672.7,""y"":504.7,""t"":998,""outside"":false,""outsidePx"":0},{""x"":1695.3,""y"":494.7,""t"":1014,""outside"":false,""outsidePx"":0},{""x"":1714.7,""y"":485.3,""t"":1031,""outside"":false,""outsidePx"":0},{""x"":1726.7,""y"":480.7,""t"":1047,""outside"":false,""outsidePx"":0},{""x"":1735.3,""y"":475.3,""t"":1064,""outside"":false,""outsidePx"":0},{""x"":1740.7,""y"":471.3,""t"":1081,""outside"":false,""outsidePx"":0},{""x"":1748,""y"":468,""t"":1097,""outside"":false,""outsidePx"":0},{""x"":1760,""y"":461.3,""t"":1116,""outside"":false,""outsidePx"":0},{""x"":1772,""y"":452.7,""t"":1131,""outside"":false,""outsidePx"":0},{""x"":1784.7,""y"":445.3,""t"":1147,""outside"":false,""outsidePx"":0},{""x"":1786,""y"":443.3,""t"":1154,""outside"":false,""outsidePx"":0}]"
motoe,main,practice,C3,距離大条件,W固定・A長い,35,675,19.286,3,41,101,101,101,2026-09-29T06:53:02.832Z,2026-09-29T06:53:03.905Z,1073,196,858,662,true,true,none,1738.7,457.3,1,false,0,0,0,false,[],"[{""x"":856.7,""y"":960,""t"":0,""outside"":false,""outsidePx"":0},{""x"":862,""y"":956.7,""t"":2,""outside"":false,""outsidePx"":0},{""x"":866,""y"":952.7,""t"":18,""outside"":false,""outsidePx"":0},{""x"":874.7,""y"":947.3,""t"":32,""outside"":false,""outsidePx"":0},{""x"":884.7,""y"":942.7,""t"":50,""outside"":false,""outsidePx"":0},{""x"":897.3,""y"":933.3,""t"":65,""outside"":false,""outsidePx"":0},{""x"":909.3,""y"":926.7,""t"":83,""outside"":false,""outsidePx"":0},{""x"":923.3,""y"":919.3,""t"":100,""outside"":false,""outsidePx"":0},{""x"":939.3,""y"":910.7,""t"":115,""outside"":false,""outsidePx"":0},{""x"":950,""y"":905.3,""t"":132,""outside"":false,""outsidePx"":0},{""x"":962,""y"":896.7,""t"":148,""outside"":false,""outsidePx"":0},{""x"":968.7,""y"":891.3,""t"":166,""outside"":false,""outsidePx"":0},{""x"":978,""y"":886.7,""t"":182,""outside"":false,""outsidePx"":0},{""x"":984.7,""y"":881.3,""t"":198,""outside"":false,""outsidePx"":0},{""x"":992,""y"":874,""t"":217,""outside"":false,""outsidePx"":0},{""x"":1004,""y"":867.3,""t"":233,""outside"":false,""outsidePx"":0},{""x"":1016,""y"":860,""t"":250,""outside"":false,""outsidePx"":0},{""x"":1028.7,""y"":853.3,""t"":266,""outside"":false,""outsidePx"":0},{""x"":1038.7,""y"":846,""t"":282,""outside"":false,""outsidePx"":0},{""x"":1052.7,""y"":837.3,""t"":299,""outside"":false,""outsidePx"":0},{""x"":1066.7,""y"":828.7,""t"":315,""outside"":false,""outsidePx"":0},{""x"":1082.7,""y"":820,""t"":332,""outside"":false,""outsidePx"":0},{""x"":1098.7,""y"":811.3,""t"":349,""outside"":false,""outsidePx"":0},{""x"":1114,""y"":804,""t"":366,""outside"":false,""outsidePx"":0},{""x"":1128,""y"":797.3,""t"":382,""outside"":false,""outsidePx"":0},{""x"":1140.7,""y"":792,""t"":398,""outside"":false,""outsidePx"":0},{""x"":1150.7,""y"":786.7,""t"":417,""outside"":false,""outsidePx"":0},{""x"":1161.3,""y"":781.3,""t"":434,""outside"":false,""outsidePx"":0},{""x"":1172,""y"":776,""t"":449,""outside"":false,""outsidePx"":0},{""x"":1186,""y"":767.3,""t"":465,""outside"":false,""outsidePx"":0},{""x"":1200,""y"":760.7,""t"":483,""outside"":false,""outsidePx"":0},{""x"":1214,""y"":751.3,""t"":498,""outside"":false,""outsidePx"":0},{""x"":1230,""y"":742.7,""t"":515,""outside"":false,""outsidePx"":0},{""x"":1247.3,""y"":732.7,""t"":532,""outside"":false,""outsidePx"":0},{""x"":1264.7,""y"":722,""t"":548,""outside"":false,""outsidePx"":0},{""x"":1284,""y"":709.3,""t"":565,""outside"":false,""outsidePx"":0},{""x"":1303.3,""y"":697.3,""t"":583,""outside"":false,""outsidePx"":0},{""x"":1317.3,""y"":688.7,""t"":600,""outside"":false,""outsidePx"":0},{""x"":1334.7,""y"":676.7,""t"":616,""outside"":false,""outsidePx"":0},{""x"":1350.7,""y"":664,""t"":632,""outside"":false,""outsidePx"":0},{""x"":1368,""y"":653.3,""t"":648,""outside"":false,""outsidePx"":0},{""x"":1385.3,""y"":643.3,""t"":665,""outside"":false,""outsidePx"":0},{""x"":1402.7,""y"":632.7,""t"":684,""outside"":false,""outsidePx"":0},{""x"":1418.7,""y"":625.3,""t"":699,""outside"":false,""outsidePx"":0},{""x"":1436,""y"":615.3,""t"":715,""outside"":false,""outsidePx"":0},{""x"":1455.3,""y"":604.7,""t"":733,""outside"":false,""outsidePx"":0},{""x"":1469.3,""y"":597.3,""t"":749,""outside"":false,""outsidePx"":0},{""x"":1482,""y"":590.7,""t"":767,""outside"":false,""outsidePx"":0},{""x"":1499.3,""y"":582,""t"":783,""outside"":false,""outsidePx"":0},{""x"":1511.3,""y"":576.7,""t"":800,""outside"":false,""outsidePx"":0},{""x"":1528.7,""y"":568,""t"":815,""outside"":false,""outsidePx"":0},{""x"":1542.7,""y"":560.7,""t"":832,""outside"":false,""outsidePx"":0},{""x"":1560.7,""y"":554,""t"":848,""outside"":false,""outsidePx"":0},{""x"":1578,""y"":545.3,""t"":865,""outside"":false,""outsidePx"":0},{""x"":1594,""y"":536.7,""t"":882,""outside"":false,""outsidePx"":0},{""x"":1614.7,""y"":526,""t"":898,""outside"":false,""outsidePx"":0},{""x"":1634,""y"":517.3,""t"":915,""outside"":false,""outsidePx"":0},{""x"":1651.3,""y"":508.7,""t"":935,""outside"":false,""outsidePx"":0},{""x"":1672.7,""y"":498,""t"":953,""outside"":false,""outsidePx"":0},{""x"":1682.7,""y"":492.7,""t"":969,""outside"":false,""outsidePx"":0},{""x"":1696.7,""y"":484,""t"":986,""outside"":false,""outsidePx"":0},{""x"":1712.7,""y"":475.3,""t"":999,""outside"":false,""outsidePx"":0},{""x"":1724.7,""y"":466.7,""t"":1015,""outside"":false,""outsidePx"":0},{""x"":1735.3,""y"":461.3,""t"":1032,""outside"":false,""outsidePx"":0},{""x"":1738.7,""y"":457.3,""t"":1049,""outside"":false,""outsidePx"":0}]"
motoe,main,practice,C3,距離大条件,W固定・A長い,35,675,19.286,3,42,102,102,102,2026-09-29T06:53:04.659Z,2026-09-29T06:53:05.812Z,1153,257,937,680,true,true,none,1788,440,1,false,0,0,0,false,[],"[{""x"":874.7,""y"":948.7,""t"":0,""outside"":false,""outsidePx"":0},{""x"":876,""y"":948.7,""t"":21,""outside"":false,""outsidePx"":0},{""x"":880,""y"":947.3,""t"":38,""outside"":false,""outsidePx"":0},{""x"":884.7,""y"":946,""t"":56,""outside"":false,""outsidePx"":0},{""x"":890,""y"":944,""t"":73,""outside"":false,""outsidePx"":0},{""x"":895.3,""y"":940.7,""t"":90,""outside"":false,""outsidePx"":0},{""x"":902.7,""y"":935.3,""t"":106,""outside"":false,""outsidePx"":0},{""x"":912.7,""y"":930,""t"":123,""outside"":false,""outsidePx"":0},{""x"":925.3,""y"":924.7,""t"":138,""outside"":false,""outsidePx"":0},{""x"":939.3,""y"":916,""t"":155,""outside"":false,""outsidePx"":0},{""x"":954.7,""y"":909.3,""t"":171,""outside"":false,""outsidePx"":0},{""x"":964,""y"":904,""t"":188,""outside"":false,""outsidePx"":0},{""x"":972.7,""y"":896.7,""t"":204,""outside"":false,""outsidePx"":0},{""x"":978,""y"":893.3,""t"":221,""outside"":false,""outsidePx"":0},{""x"":981.3,""y"":891.3,""t"":238,""outside"":false,""outsidePx"":0},{""x"":986.7,""y"":888,""t"":256,""outside"":false,""outsidePx"":0},{""x"":993.3,""y"":882.7,""t"":273,""outside"":false,""outsidePx"":0},{""x"":1004,""y"":876,""t"":288,""outside"":false,""outsidePx"":0},{""x"":1012.7,""y"":870.7,""t"":304,""outside"":false,""outsidePx"":0},{""x"":1023.3,""y"":863.3,""t"":321,""outside"":false,""outsidePx"":0},{""x"":1032,""y"":856.7,""t"":338,""outside"":false,""outsidePx"":0},{""x"":1044,""y"":851.3,""t"":355,""outside"":false,""outsidePx"":0},{""x"":1052.7,""y"":846,""t"":374,""outside"":false,""outsidePx"":0},{""x"":1063.3,""y"":839.3,""t"":388,""outside"":false,""outsidePx"":0},{""x"":1079.3,""y"":832,""t"":404,""outside"":false,""outsidePx"":0},{""x"":1096.7,""y"":823.3,""t"":423,""outside"":false,""outsidePx"":0},{""x"":1110.7,""y"":816.7,""t"":439,""outside"":false,""outsidePx"":0},{""x"":1128,""y"":809.3,""t"":454,""outside"":false,""outsidePx"":0},{""x"":1144,""y"":800.7,""t"":472,""outside"":false,""outsidePx"":0},{""x"":1156,""y"":795.3,""t"":488,""outside"":false,""outsidePx"":0},{""x"":1172,""y"":786.7,""t"":504,""outside"":false,""outsidePx"":0},{""x"":1188,""y"":776,""t"":521,""outside"":false,""outsidePx"":0},{""x"":1205.3,""y"":765.3,""t"":540,""outside"":false,""outsidePx"":0},{""x"":1228,""y"":753.3,""t"":554,""outside"":false,""outsidePx"":0},{""x"":1250.7,""y"":739.3,""t"":571,""outside"":false,""outsidePx"":0},{""x"":1272,""y"":728.7,""t"":588,""outside"":false,""outsidePx"":0},{""x"":1301.3,""y"":713.3,""t"":613,""outside"":false,""outsidePx"":0},{""x"":1310,""y"":708,""t"":625,""outside"":false,""outsidePx"":0},{""x"":1318.7,""y"":702.7,""t"":639,""outside"":false,""outsidePx"":0},{""x"":1329.3,""y"":695.3,""t"":654,""outside"":false,""outsidePx"":0},{""x"":1342,""y"":690.7,""t"":671,""outside"":false,""outsidePx"":0},{""x"":1354,""y"":683.3,""t"":688,""outside"":false,""outsidePx"":0},{""x"":1368,""y"":674.7,""t"":704,""outside"":false,""outsidePx"":0},{""x"":1382,""y"":667.3,""t"":722,""outside"":false,""outsidePx"":0},{""x"":1394,""y"":660.7,""t"":740,""outside"":false,""outsidePx"":0},{""x"":1401.3,""y"":655.3,""t"":757,""outside"":false,""outsidePx"":0},{""x"":1413.3,""y"":648.7,""t"":774,""outside"":false,""outsidePx"":0},{""x"":1422,""y"":641.3,""t"":789,""outside"":false,""outsidePx"":0},{""x"":1436,""y"":634.7,""t"":806,""outside"":false,""outsidePx"":0},{""x"":1452,""y"":624,""t"":821,""outside"":false,""outsidePx"":0},{""x"":1469.3,""y"":613.3,""t"":838,""outside"":false,""outsidePx"":0},{""x"":1488.7,""y"":602.7,""t"":855,""outside"":false,""outsidePx"":0},{""x"":1506,""y"":592.7,""t"":872,""outside"":false,""outsidePx"":0},{""x"":1524,""y"":583.3,""t"":889,""outside"":false,""outsidePx"":0},{""x"":1541.3,""y"":573.3,""t"":905,""outside"":false,""outsidePx"":0},{""x"":1558.7,""y"":564.7,""t"":922,""outside"":false,""outsidePx"":0},{""x"":1578,""y"":554,""t"":940,""outside"":false,""outsidePx"":0},{""x"":1597.3,""y"":545.3,""t"":956,""outside"":false,""outsidePx"":0},{""x"":1618,""y"":532.7,""t"":972,""outside"":false,""outsidePx"":0},{""x"":1639.3,""y"":524,""t"":989,""outside"":false,""outsidePx"":0},{""x"":1658.7,""y"":513.3,""t"":1006,""outside"":false,""outsidePx"":0},{""x"":1674,""y"":503.3,""t"":1022,""outside"":false,""outsidePx"":0},{""x"":1688,""y"":496,""t"":1038,""outside"":false,""outsidePx"":0},{""x"":1702,""y"":489.3,""t"":1055,""outside"":false,""outsidePx"":0},{""x"":1721.3,""y"":478.7,""t"":1074,""outside"":false,""outsidePx"":0},{""x"":1738.7,""y"":470,""t"":1089,""outside"":false,""outsidePx"":0},{""x"":1763.3,""y"":456,""t"":1114,""outside"":false,""outsidePx"":0},{""x"":1774,""y"":448.7,""t"":1124,""outside"":false,""outsidePx"":0},{""x"":1784.7,""y"":442,""t"":1140,""outside"":false,""outsidePx"":0},{""x"":1788,""y"":440,""t"":1153,""outside"":false,""outsidePx"":0}]"
motoe,main,practice,C3,距離大条件,W固定・A長い,35,675,19.286,3,43,103,103,103,2026-09-29T06:53:06.575Z,2026-09-29T06:53:07.674Z,1099,244,860,616,false,true,near_goal_pointerup,1796.7,442,1,true,3,158,3.3,false,"[{""startMs"":888,""startX"":1600.7,""startY"":555.3,""maxOutsidePx"":0.7,""endMs"":937,""endX"":1650,""endY"":526,""durationMs"":49},{""startMs"":954,""startX"":1670.7,""startY"":515.3,""maxOutsidePx"":0.6,""endMs"":971,""endX"":1690,""endY"":503.3,""durationMs"":17},{""startMs"":1007,""startX"":1754.7,""startY"":470,""maxOutsidePx"":3.3,""endMs"":1099,""endX"":1796.7,""endY"":442,""durationMs"":92}]","[{""x"":847.3,""y"":966,""t"":0,""outside"":false,""outsidePx"":0},{""x"":852,""y"":963.3,""t"":38,""outside"":false,""outsidePx"":0},{""x"":858.7,""y"":961.3,""t"":54,""outside"":false,""outsidePx"":0},{""x"":870.7,""y"":956.7,""t"":71,""outside"":false,""outsidePx"":0},{""x"":881.3,""y"":949.3,""t"":88,""outside"":false,""outsidePx"":0},{""x"":894,""y"":942.7,""t"":105,""outside"":false,""outsidePx"":0},{""x"":906,""y"":935.3,""t"":122,""outside"":false,""outsidePx"":0},{""x"":920,""y"":928.7,""t"":137,""outside"":false,""outsidePx"":0},{""x"":932,""y"":921.3,""t"":155,""outside"":false,""outsidePx"":0},{""x"":946,""y"":914.7,""t"":172,""outside"":false,""outsidePx"":0},{""x"":956.7,""y"":909.3,""t"":188,""outside"":false,""outsidePx"":0},{""x"":968.7,""y"":902,""t"":205,""outside"":false,""outsidePx"":0},{""x"":978,""y"":896.7,""t"":221,""outside"":false,""outsidePx"":0},{""x"":986.7,""y"":893.3,""t"":240,""outside"":false,""outsidePx"":0},{""x"":995.3,""y"":886.7,""t"":254,""outside"":false,""outsidePx"":0},{""x"":1007.3,""y"":879.3,""t"":271,""outside"":false,""outsidePx"":0},{""x"":1023.3,""y"":870.7,""t"":287,""outside"":false,""outsidePx"":0},{""x"":1046,""y"":858.7,""t"":305,""outside"":false,""outsidePx"":0},{""x"":1063.3,""y"":846,""t"":323,""outside"":false,""outsidePx"":0},{""x"":1079.3,""y"":837.3,""t"":340,""outside"":false,""outsidePx"":0},{""x"":1088,""y"":832,""t"":355,""outside"":false,""outsidePx"":0},{""x"":1098.7,""y"":823.3,""t"":371,""outside"":false,""outsidePx"":0},{""x"":1107.3,""y"":818,""t"":388,""outside"":false,""outsidePx"":0},{""x"":1122.7,""y"":807.3,""t"":405,""outside"":false,""outsidePx"":0},{""x"":1140.7,""y"":797.3,""t"":422,""outside"":false,""outsidePx"":0},{""x"":1161.3,""y"":784.7,""t"":437,""outside"":false,""outsidePx"":0},{""x"":1182.7,""y"":772.7,""t"":454,""outside"":false,""outsidePx"":0},{""x"":1200,""y"":762,""t"":471,""outside"":false,""outsidePx"":0},{""x"":1217.3,""y"":751.3,""t"":489,""outside"":false,""outsidePx"":0},{""x"":1231.3,""y"":742.7,""t"":507,""outside"":false,""outsidePx"":0},{""x"":1244,""y"":734,""t"":522,""outside"":false,""outsidePx"":0},{""x"":1256,""y"":727.3,""t"":537,""outside"":false,""outsidePx"":0},{""x"":1270,""y"":718.7,""t"":554,""outside"":false,""outsidePx"":0},{""x"":1287.3,""y"":708,""t"":571,""outside"":false,""outsidePx"":0},{""x"":1301.3,""y"":699.3,""t"":587,""outside"":false,""outsidePx"":0},{""x"":1320.7,""y"":690.7,""t"":604,""outside"":false,""outsidePx"":0},{""x"":1340,""y"":680,""t"":621,""outside"":false,""outsidePx"":0},{""x"":1357.3,""y"":671.3,""t"":637,""outside"":false,""outsidePx"":0},{""x"":1373.3,""y"":662.7,""t"":654,""outside"":false,""outsidePx"":0},{""x"":1387.3,""y"":655.3,""t"":672,""outside"":false,""outsidePx"":0},{""x"":1406.7,""y"":646.7,""t"":689,""outside"":false,""outsidePx"":0},{""x"":1426,""y"":638,""t"":704,""outside"":false,""outsidePx"":0},{""x"":1441.3,""y"":630.7,""t"":721,""outside"":false,""outsidePx"":0},{""x"":1455.3,""y"":624,""t"":737,""outside"":false,""outsidePx"":0},{""x"":1469.3,""y"":616.7,""t"":756,""outside"":false,""outsidePx"":0},{""x"":1483.3,""y"":611.3,""t"":772,""outside"":false,""outsidePx"":0},{""x"":1499.3,""y"":604.7,""t"":787,""outside"":false,""outsidePx"":0},{""x"":1520,""y"":596,""t"":804,""outside"":false,""outsidePx"":0},{""x"":1539.3,""y"":585.3,""t"":822,""outside"":false,""outsidePx"":0},{""x"":1560.7,""y"":576.7,""t"":837,""outside"":false,""outsidePx"":0},{""x"":1578,""y"":568,""t"":856,""outside"":false,""outsidePx"":0},{""x"":1590,""y"":560.7,""t"":873,""outside"":false,""outsidePx"":0},{""x"":1600.7,""y"":555.3,""t"":888,""outside"":true,""outsidePx"":0.2},{""x"":1616.7,""y"":546.7,""t"":904,""outside"":true,""outsidePx"":0.7},{""x"":1630.7,""y"":538,""t"":921,""outside"":true,""outsidePx"":0.2},{""x"":1650,""y"":526,""t"":937,""outside"":false,""outsidePx"":0},{""x"":1670.7,""y"":515.3,""t"":954,""outside"":true,""outsidePx"":0.6},{""x"":1690,""y"":503.3,""t"":971,""outside"":false,""outsidePx"":0},{""x"":1721.3,""y"":485.3,""t"":987,""outside"":false,""outsidePx"":0},{""x"":1754.7,""y"":470,""t"":1007,""outside"":true,""outsidePx"":3.3},{""x"":1772,""y"":459.3,""t"":1022,""outside"":true,""outsidePx"":2.8},{""x"":1784.7,""y"":452.7,""t"":1038,""outside"":true,""outsidePx"":3.3},{""x"":1791.3,""y"":447.3,""t"":1056,""outside"":true,""outsidePx"":2},{""x"":1796.7,""y"":443.3,""t"":1072,""outside"":true,""outsidePx"":1.2},{""x"":1796.7,""y"":442,""t"":1088,""outside"":true,""outsidePx"":0.1}]"
motoe,main,practice,C3,距離大条件,W固定・A長い,35,675,19.286,3,44,104,104,104,2026-09-29T06:53:08.292Z,2026-09-29T06:53:09.307Z,1015,128,820,692,true,true,none,1821.3,426,1,false,0,0,0,false,[],"[{""x"":862.7,""y"":954,""t"":0,""outside"":false,""outsidePx"":0},{""x"":866,""y"":954,""t"":22,""outside"":false,""outsidePx"":0},{""x"":874.7,""y"":951.3,""t"":37,""outside"":false,""outsidePx"":0},{""x"":888.7,""y"":944,""t"":55,""outside"":false,""outsidePx"":0},{""x"":909.3,""y"":935.3,""t"":74,""outside"":false,""outsidePx"":0},{""x"":934,""y"":923.3,""t"":88,""outside"":false,""outsidePx"":0},{""x"":960,""y"":910.7,""t"":105,""outside"":false,""outsidePx"":0},{""x"":981.3,""y"":900.7,""t"":120,""outside"":false,""outsidePx"":0},{""x"":1004,""y"":890,""t"":138,""outside"":false,""outsidePx"":0},{""x"":1020,""y"":881.3,""t"":154,""outside"":false,""outsidePx"":0},{""x"":1032,""y"":874,""t"":174,""outside"":false,""outsidePx"":0},{""x"":1040.7,""y"":868.7,""t"":188,""outside"":false,""outsidePx"":0},{""x"":1049.3,""y"":863.3,""t"":204,""outside"":false,""outsidePx"":0},{""x"":1063.3,""y"":856.7,""t"":220,""outside"":false,""outsidePx"":0},{""x"":1076,""y"":848,""t"":239,""outside"":false,""outsidePx"":0},{""x"":1122.7,""y"":818,""t"":308,""outside"":false,""outsidePx"":0},{""x"":1144,""y"":806,""t"":321,""outside"":false,""outsidePx"":0},{""x"":1163.3,""y"":795.3,""t"":337,""outside"":false,""outsidePx"":0},{""x"":1186,""y"":783.3,""t"":354,""outside"":false,""outsidePx"":0},{""x"":1205.3,""y"":769.3,""t"":371,""outside"":false,""outsidePx"":0},{""x"":1222.7,""y"":758.7,""t"":387,""outside"":false,""outsidePx"":0},{""x"":1238.7,""y"":750,""t"":403,""outside"":false,""outsidePx"":0},{""x"":1252.7,""y"":739.3,""t"":422,""outside"":false,""outsidePx"":0},{""x"":1268,""y"":730.7,""t"":440,""outside"":false,""outsidePx"":0},{""x"":1284,""y"":722,""t"":455,""outside"":false,""outsidePx"":0},{""x"":1300,""y"":711.3,""t"":470,""outside"":false,""outsidePx"":0},{""x"":1318.7,""y"":700.7,""t"":487,""outside"":false,""outsidePx"":0},{""x"":1338,""y"":692,""t"":504,""outside"":false,""outsidePx"":0},{""x"":1352,""y"":683.3,""t"":521,""outside"":false,""outsidePx"":0},{""x"":1368,""y"":674.7,""t"":538,""outside"":false,""outsidePx"":0},{""x"":1380,""y"":669.3,""t"":553,""outside"":false,""outsidePx"":0},{""x"":1396,""y"":658.7,""t"":571,""outside"":false,""outsidePx"":0},{""x"":1408,""y"":652,""t"":587,""outside"":false,""outsidePx"":0},{""x"":1420.7,""y"":643.3,""t"":605,""outside"":false,""outsidePx"":0},{""x"":1432.7,""y"":636,""t"":623,""outside"":false,""outsidePx"":0},{""x"":1444.7,""y"":629.3,""t"":639,""outside"":false,""outsidePx"":0},{""x"":1457.3,""y"":620.7,""t"":653,""outside"":false,""outsidePx"":0},{""x"":1469.3,""y"":613.3,""t"":670,""outside"":false,""outsidePx"":0},{""x"":1480,""y"":606.7,""t"":687,""outside"":false,""outsidePx"":0},{""x"":1488.7,""y"":599.3,""t"":704,""outside"":false,""outsidePx"":0},{""x"":1497.3,""y"":594,""t"":720,""outside"":false,""outsidePx"":0},{""x"":1506,""y"":588.7,""t"":740,""outside"":false,""outsidePx"":0},{""x"":1516.7,""y"":582,""t"":755,""outside"":false,""outsidePx"":0},{""x"":1530.7,""y"":573.3,""t"":770,""outside"":false,""outsidePx"":0},{""x"":1544.7,""y"":566,""t"":787,""outside"":false,""outsidePx"":0},{""x"":1556.7,""y"":559.3,""t"":803,""outside"":false,""outsidePx"":0},{""x"":1572.7,""y"":550.7,""t"":820,""outside"":false,""outsidePx"":0},{""x"":1586.7,""y"":543.3,""t"":837,""outside"":false,""outsidePx"":0},{""x"":1606,""y"":534.7,""t"":855,""outside"":false,""outsidePx"":0},{""x"":1623.3,""y"":524,""t"":870,""outside"":false,""outsidePx"":0},{""x"":1651.3,""y"":510,""t"":887,""outside"":false,""outsidePx"":0},{""x"":1674,""y"":499.3,""t"":905,""outside"":false,""outsidePx"":0},{""x"":1702,""y"":485.3,""t"":922,""outside"":false,""outsidePx"":0},{""x"":1726.7,""y"":473.3,""t"":938,""outside"":false,""outsidePx"":0},{""x"":1749.3,""y"":462.7,""t"":955,""outside"":false,""outsidePx"":0},{""x"":1777.3,""y"":448.7,""t"":970,""outside"":false,""outsidePx"":0},{""x"":1804,""y"":434.7,""t"":987,""outside"":false,""outsidePx"":0},{""x"":1819.3,""y"":426,""t"":1003,""outside"":false,""outsidePx"":0},{""x"":1821.3,""y"":426,""t"":1014,""outside"":false,""outsidePx"":0}]"
motoe,main,practice,C3,距離大条件,W固定・A長い,35,675,19.286,3,45,105,105,105,2026-09-29T06:53:09.956Z,2026-09-29T06:53:11.041Z,1085,184,831,647,true,true,none,1790,431.3,1,false,0,0,0,false,[],"[{""x"":870,""y"":959.3,""t"":0,""outside"":false,""outsidePx"":0},{""x"":874.7,""y"":956.7,""t"":39,""outside"":false,""outsidePx"":0},{""x"":883.3,""y"":952.7,""t"":57,""outside"":false,""outsidePx"":0},{""x"":894,""y"":946,""t"":74,""outside"":false,""outsidePx"":0},{""x"":908,""y"":938.7,""t"":90,""outside"":false,""outsidePx"":0},{""x"":926.7,""y"":928.7,""t"":107,""outside"":false,""outsidePx"":0},{""x"":942.7,""y"":919.3,""t"":123,""outside"":false,""outsidePx"":0},{""x"":954.7,""y"":912.7,""t"":139,""outside"":false,""outsidePx"":0},{""x"":967.3,""y"":905.3,""t"":156,""outside"":false,""outsidePx"":0},{""x"":981.3,""y"":896.7,""t"":173,""outside"":false,""outsidePx"":0},{""x"":993.3,""y"":890,""t"":189,""outside"":false,""outsidePx"":0},{""x"":1009.3,""y"":881.3,""t"":206,""outside"":false,""outsidePx"":0},{""x"":1024.7,""y"":872.7,""t"":223,""outside"":false,""outsidePx"":0},{""x"":1037.3,""y"":867.3,""t"":240,""outside"":false,""outsidePx"":0},{""x"":1051.3,""y"":858.7,""t"":256,""outside"":false,""outsidePx"":0},{""x"":1066.7,""y"":851.3,""t"":273,""outside"":false,""outsidePx"":0},{""x"":1084.7,""y"":842.7,""t"":290,""outside"":false,""outsidePx"":0},{""x"":1104,""y"":832,""t"":307,""outside"":false,""outsidePx"":0},{""x"":1121.3,""y"":821.3,""t"":324,""outside"":false,""outsidePx"":0},{""x"":1140.7,""y"":811.3,""t"":340,""outside"":false,""outsidePx"":0},{""x"":1160,""y"":798.7,""t"":358,""outside"":false,""outsidePx"":0},{""x"":1177.3,""y"":790,""t"":374,""outside"":false,""outsidePx"":0},{""x"":1194.7,""y"":779.3,""t"":390,""outside"":false,""outsidePx"":0},{""x"":1210.7,""y"":769.3,""t"":407,""outside"":false,""outsidePx"":0},{""x"":1228,""y"":758.7,""t"":424,""outside"":false,""outsidePx"":0},{""x"":1244,""y"":748,""t"":439,""outside"":false,""outsidePx"":0},{""x"":1262.7,""y"":736,""t"":456,""outside"":false,""outsidePx"":0},{""x"":1278.7,""y"":725.3,""t"":473,""outside"":false,""outsidePx"":0},{""x"":1294.7,""y"":716.7,""t"":489,""outside"":false,""outsidePx"":0},{""x"":1306.7,""y"":708,""t"":506,""outside"":false,""outsidePx"":0},{""x"":1317.3,""y"":700.7,""t"":523,""outside"":false,""outsidePx"":0},{""x"":1326,""y"":694,""t"":539,""outside"":false,""outsidePx"":0},{""x"":1336.7,""y"":686.7,""t"":556,""outside"":false,""outsidePx"":0},{""x"":1348.7,""y"":680,""t"":573,""outside"":false,""outsidePx"":0},{""x"":1359.3,""y"":672.7,""t"":589,""outside"":false,""outsidePx"":0},{""x"":1371.3,""y"":666,""t"":606,""outside"":false,""outsidePx"":0},{""x"":1385.3,""y"":657.3,""t"":623,""outside"":false,""outsidePx"":0},{""x"":1399.3,""y"":650,""t"":639,""outside"":false,""outsidePx"":0},{""x"":1415.3,""y"":641.3,""t"":656,""outside"":false,""outsidePx"":0},{""x"":1429.3,""y"":632.7,""t"":673,""outside"":false,""outsidePx"":0},{""x"":1444.7,""y"":624,""t"":689,""outside"":false,""outsidePx"":0},{""x"":1460.7,""y"":615.3,""t"":706,""outside"":false,""outsidePx"":0},{""x"":1476.7,""y"":606.7,""t"":723,""outside"":false,""outsidePx"":0},{""x"":1490.7,""y"":597.3,""t"":739,""outside"":false,""outsidePx"":0},{""x"":1506,""y"":590.7,""t"":756,""outside"":false,""outsidePx"":0},{""x"":1522,""y"":583.3,""t"":773,""outside"":false,""outsidePx"":0},{""x"":1534,""y"":574.7,""t"":789,""outside"":false,""outsidePx"":0},{""x"":1552,""y"":568,""t"":806,""outside"":false,""outsidePx"":0},{""x"":1567.3,""y"":559.3,""t"":823,""outside"":false,""outsidePx"":0},{""x"":1581.3,""y"":552,""t"":839,""outside"":false,""outsidePx"":0},{""x"":1595.3,""y"":545.3,""t"":856,""outside"":false,""outsidePx"":0},{""x"":1609.3,""y"":538,""t"":873,""outside"":false,""outsidePx"":0},{""x"":1623.3,""y"":529.3,""t"":889,""outside"":false,""outsidePx"":0},{""x"":1639.3,""y"":520.7,""t"":906,""outside"":false,""outsidePx"":0},{""x"":1654.7,""y"":508.7,""t"":923,""outside"":false,""outsidePx"":0},{""x"":1670.7,""y"":498,""t"":939,""outside"":false,""outsidePx"":0},{""x"":1686.7,""y"":487.3,""t"":956,""outside"":false,""outsidePx"":0},{""x"":1702,""y"":480.7,""t"":973,""outside"":false,""outsidePx"":0},{""x"":1718,""y"":471.3,""t"":989,""outside"":false,""outsidePx"":0},{""x"":1737.3,""y"":462.7,""t"":1006,""outside"":false,""outsidePx"":0},{""x"":1752.7,""y"":454,""t"":1023,""outside"":false,""outsidePx"":0},{""x"":1770.7,""y"":445.3,""t"":1039,""outside"":false,""outsidePx"":0},{""x"":1784.7,""y"":436.7,""t"":1056,""outside"":false,""outsidePx"":0},{""x"":1790,""y"":433.3,""t"":1073,""outside"":false,""outsidePx"":0},{""x"":1790,""y"":431.3,""t"":1085,""outside"":false,""outsidePx"":0}]"
motoe,main,practice,C3,距離大条件,W固定・A長い,35,675,19.286,3,46,106,106,106,2026-09-29T06:53:11.767Z,2026-09-29T06:53:13.044Z,1277,279,1000,721,true,true,deviation,1772,456,1,true,1,132,2.2,false,"[{""startMs"":1145,""startX"":1712.7,""startY"":490.7,""maxOutsidePx"":2.2,""endMs"":1277,""endX"":1772,""endY"":456,""durationMs"":132}]","[{""x"":855.3,""y"":954,""t"":0,""outside"":false,""outsidePx"":0},{""x"":856.7,""y"":954,""t"":5,""outside"":false,""outsidePx"":0},{""x"":858.7,""y"":952.7,""t"":12,""outside"":false,""outsidePx"":0},{""x"":866,""y"":951.3,""t"":30,""outside"":false,""outsidePx"":0},{""x"":869.3,""y"":949.3,""t"":45,""outside"":false,""outsidePx"":0},{""x"":874.7,""y"":947.3,""t"":62,""outside"":false,""outsidePx"":0},{""x"":880,""y"":944,""t"":79,""outside"":false,""outsidePx"":0},{""x"":886.7,""y"":940.7,""t"":95,""outside"":false,""outsidePx"":0},{""x"":897.3,""y"":935.3,""t"":112,""outside"":false,""outsidePx"":0},{""x"":911.3,""y"":928.7,""t"":129,""outside"":false,""outsidePx"":0},{""x"":925.3,""y"":921.3,""t"":145,""outside"":false,""outsidePx"":0},{""x"":936,""y"":914.7,""t"":162,""outside"":false,""outsidePx"":0},{""x"":942.7,""y"":910.7,""t"":179,""outside"":false,""outsidePx"":0},{""x"":948,""y"":907.3,""t"":195,""outside"":false,""outsidePx"":0},{""x"":951.3,""y"":904,""t"":213,""outside"":false,""outsidePx"":0},{""x"":956.7,""y"":900.7,""t"":229,""outside"":false,""outsidePx"":0},{""x"":962,""y"":896.7,""t"":245,""outside"":false,""outsidePx"":0},{""x"":972.7,""y"":890,""t"":262,""outside"":false,""outsidePx"":0},{""x"":982.7,""y"":881.3,""t"":278,""outside"":false,""outsidePx"":0},{""x"":995.3,""y"":874,""t"":295,""outside"":false,""outsidePx"":0},{""x"":1007.3,""y"":865.3,""t"":312,""outside"":false,""outsidePx"":0},{""x"":1018,""y"":858.7,""t"":332,""outside"":false,""outsidePx"":0},{""x"":1030,""y"":851.3,""t"":345,""outside"":false,""outsidePx"":0},{""x"":1042.7,""y"":844.7,""t"":363,""outside"":false,""outsidePx"":0},{""x"":1054.7,""y"":837.3,""t"":379,""outside"":false,""outsidePx"":0},{""x"":1068.7,""y"":830.7,""t"":396,""outside"":false,""outsidePx"":0},{""x"":1082.7,""y"":821.3,""t"":412,""outside"":false,""outsidePx"":0},{""x"":1094.7,""y"":814.7,""t"":430,""outside"":false,""outsidePx"":0},{""x"":1105.3,""y"":807.3,""t"":445,""outside"":false,""outsidePx"":0},{""x"":1119.3,""y"":800.7,""t"":465,""outside"":false,""outsidePx"":0},{""x"":1133.3,""y"":792,""t"":478,""outside"":false,""outsidePx"":0},{""x"":1149.3,""y"":784.7,""t"":495,""outside"":false,""outsidePx"":0},{""x"":1161.3,""y"":778,""t"":515,""outside"":false,""outsidePx"":0},{""x"":1168.7,""y"":772.7,""t"":528,""outside"":false,""outsidePx"":0},{""x"":1177.3,""y"":767.3,""t"":545,""outside"":false,""outsidePx"":0},{""x"":1186,""y"":762,""t"":562,""outside"":false,""outsidePx"":0},{""x"":1194.7,""y"":758.7,""t"":580,""outside"":false,""outsidePx"":0},{""x"":1203.3,""y"":751.3,""t"":595,""outside"":false,""outsidePx"":0},{""x"":1219.3,""y"":744.7,""t"":612,""outside"":false,""outsidePx"":0},{""x"":1233.3,""y"":736,""t"":629,""outside"":false,""outsidePx"":0},{""x"":1245.3,""y"":728.7,""t"":649,""outside"":false,""outsidePx"":0},{""x"":1256,""y"":722,""t"":662,""outside"":false,""outsidePx"":0},{""x"":1264.7,""y"":716.7,""t"":678,""outside"":false,""outsidePx"":0},{""x"":1273.3,""y"":713.3,""t"":695,""outside"":false,""outsidePx"":0},{""x"":1280.7,""y"":708,""t"":712,""outside"":false,""outsidePx"":0},{""x"":1290.7,""y"":702.7,""t"":729,""outside"":false,""outsidePx"":0},{""x"":1303.3,""y"":694,""t"":745,""outside"":false,""outsidePx"":0},{""x"":1320.7,""y"":685.3,""t"":762,""outside"":false,""outsidePx"":0},{""x"":1336.7,""y"":674.7,""t"":779,""outside"":false,""outsidePx"":0},{""x"":1354,""y"":666,""t"":796,""outside"":false,""outsidePx"":0},{""x"":1370,""y"":657.3,""t"":812,""outside"":false,""outsidePx"":0},{""x"":1384,""y"":648.7,""t"":829,""outside"":false,""outsidePx"":0},{""x"":1399.3,""y"":639.3,""t"":845,""outside"":false,""outsidePx"":0},{""x"":1420.7,""y"":630.7,""t"":866,""outside"":false,""outsidePx"":0},{""x"":1436,""y"":624,""t"":878,""outside"":false,""outsidePx"":0},{""x"":1460.7,""y"":611.3,""t"":898,""outside"":false,""outsidePx"":0},{""x"":1486.7,""y"":601.3,""t"":911,""outside"":false,""outsidePx"":0},{""x"":1510,""y"":590.7,""t"":929,""outside"":false,""outsidePx"":0},{""x"":1528.7,""y"":582,""t"":946,""outside"":false,""outsidePx"":0},{""x"":1546.7,""y"":574.7,""t"":963,""outside"":false,""outsidePx"":0},{""x"":1558.7,""y"":568,""t"":978,""outside"":false,""outsidePx"":0},{""x"":1572.7,""y"":560.7,""t"":995,""outside"":false,""outsidePx"":0},{""x"":1586.7,""y"":555.3,""t"":1012,""outside"":false,""outsidePx"":0},{""x"":1600.7,""y"":548.7,""t"":1029,""outside"":false,""outsidePx"":0},{""x"":1618,""y"":540,""t"":1045,""outside"":false,""outsidePx"":0},{""x"":1634,""y"":531.3,""t"":1062,""outside"":false,""outsidePx"":0},{""x"":1646,""y"":524,""t"":1079,""outside"":false,""outsidePx"":0},{""x"":1658.7,""y"":517.3,""t"":1096,""outside"":false,""outsidePx"":0},{""x"":1674,""y"":510,""t"":1112,""outside"":false,""outsidePx"":0},{""x"":1690,""y"":501.3,""t"":1129,""outside"":false,""outsidePx"":0},{""x"":1712.7,""y"":490.7,""t"":1145,""outside"":true,""outsidePx"":0.2},{""x"":1734,""y"":480.7,""t"":1162,""outside"":true,""outsidePx"":2.2},{""x"":1746,""y"":473.3,""t"":1180,""outside"":true,""outsidePx"":1.9},{""x"":1754.7,""y"":468,""t"":1195,""outside"":true,""outsidePx"":1.6},{""x"":1762,""y"":462.7,""t"":1215,""outside"":true,""outsidePx"":0.6},{""x"":1765.3,""y"":461.3,""t"":1229,""outside"":true,""outsidePx"":1.2},{""x"":1768.7,""y"":459.3,""t"":1245,""outside"":true,""outsidePx"":1.1},{""x"":1770.7,""y"":457.3,""t"":1264,""outside"":true,""outsidePx"":0.4},{""x"":1772,""y"":456,""t"":1277,""outside"":false,""outsidePx"":0}]"
motoe,main,practice,C3,距離大条件,W固定・A長い,35,675,19.286,3,47,107,107,107,2026-09-29T06:53:13.705Z,2026-09-29T06:53:13.951Z,246,,,,false,false,pointerup_mid_path,922.7,935.3,0,false,0,0,0,false,[],"[{""x"":899.3,""y"":940,""t"":0,""outside"":false,""outsidePx"":0},{""x"":898,""y"":942,""t"":8,""outside"":false,""outsidePx"":0},{""x"":896,""y"":943.3,""t"":26,""outside"":false,""outsidePx"":0},{""x"":896,""y"":945.3,""t"":40,""outside"":false,""outsidePx"":0},{""x"":900.7,""y"":945.3,""t"":90,""outside"":false,""outsidePx"":0},{""x"":908,""y"":944,""t"":108,""outside"":false,""outsidePx"":0},{""x"":916.7,""y"":940.7,""t"":124,""outside"":false,""outsidePx"":0},{""x"":925.3,""y"":937.3,""t"":141,""outside"":false,""outsidePx"":0},{""x"":926.7,""y"":935.3,""t"":158,""outside"":false,""outsidePx"":0},{""x"":928.7,""y"":935.3,""t"":175,""outside"":false,""outsidePx"":0},{""x"":926,""y"":935.3,""t"":223,""outside"":false,""outsidePx"":0},{""x"":922.7,""y"":935.3,""t"":236,""outside"":false,""outsidePx"":0}]"
motoe,main,practice,C3,距離大条件,W固定・A長い,35,675,19.286,3,47,107,107,108,2026-09-29T06:53:14.156Z,2026-09-29T06:53:15.487Z,1331,317,1092,775,true,true,deviation,1768.7,456,1,true,2,48,1.2,false,"[{""startMs"":1206,""startX"":1684.7,""startY"":506.7,""maxOutsidePx"":0.5,""endMs"":1239,""endX"":1720,""endY"":485.3,""durationMs"":33},{""startMs"":1257,""startX"":1735.3,""startY"":478.7,""maxOutsidePx"":1.2,""endMs"":1272,""endX"":1748,""endY"":470,""durationMs"":15}]","[{""x"":843.3,""y"":954,""t"":0,""outside"":false,""outsidePx"":0},{""x"":844.7,""y"":954,""t"":15,""outside"":false,""outsidePx"":0},{""x"":846.7,""y"":954,""t"":26,""outside"":false,""outsidePx"":0},{""x"":852,""y"":951.3,""t"":39,""outside"":false,""outsidePx"":0},{""x"":858.7,""y"":947.3,""t"":55,""outside"":false,""outsidePx"":0},{""x"":867.3,""y"":946,""t"":73,""outside"":false,""outsidePx"":0},{""x"":872.7,""y"":944,""t"":90,""outside"":false,""outsidePx"":0},{""x"":874.7,""y"":944,""t"":106,""outside"":false,""outsidePx"":0},{""x"":878,""y"":942.7,""t"":123,""outside"":false,""outsidePx"":0},{""x"":884.7,""y"":940.7,""t"":140,""outside"":false,""outsidePx"":0},{""x"":895.3,""y"":937.3,""t"":157,""outside"":false,""outsidePx"":0},{""x"":906,""y"":933.3,""t"":172,""outside"":false,""outsidePx"":0},{""x"":912.7,""y"":930,""t"":190,""outside"":false,""outsidePx"":0},{""x"":920,""y"":928.7,""t"":207,""outside"":false,""outsidePx"":0},{""x"":925.3,""y"":924.7,""t"":224,""outside"":false,""outsidePx"":0},{""x"":930.7,""y"":923.3,""t"":239,""outside"":false,""outsidePx"":0},{""x"":939.3,""y"":918,""t"":257,""outside"":false,""outsidePx"":0},{""x"":950,""y"":912.7,""t"":273,""outside"":false,""outsidePx"":0},{""x"":962,""y"":907.3,""t"":291,""outside"":false,""outsidePx"":0},{""x"":978,""y"":896.7,""t"":307,""outside"":false,""outsidePx"":0},{""x"":995.3,""y"":888,""t"":323,""outside"":false,""outsidePx"":0},{""x"":1012.7,""y"":879.3,""t"":341,""outside"":false,""outsidePx"":0},{""x"":1023.3,""y"":874,""t"":358,""outside"":false,""outsidePx"":0},{""x"":1030,""y"":868.7,""t"":374,""outside"":false,""outsidePx"":0},{""x"":1042.7,""y"":862,""t"":390,""outside"":false,""outsidePx"":0},{""x"":1054.7,""y"":854.7,""t"":407,""outside"":false,""outsidePx"":0},{""x"":1077.3,""y"":844.7,""t"":426,""outside"":false,""outsidePx"":0},{""x"":1090,""y"":837.3,""t"":441,""outside"":false,""outsidePx"":0},{""x"":1102,""y"":830.7,""t"":455,""outside"":false,""outsidePx"":0},{""x"":1112.7,""y"":823.3,""t"":474,""outside"":false,""outsidePx"":0},{""x"":1122.7,""y"":818,""t"":490,""outside"":false,""outsidePx"":0},{""x"":1132,""y"":811.3,""t"":508,""outside"":false,""outsidePx"":0},{""x"":1140.7,""y"":806,""t"":524,""outside"":false,""outsidePx"":0},{""x"":1150.7,""y"":800.7,""t"":540,""outside"":false,""outsidePx"":0},{""x"":1164.7,""y"":793.3,""t"":557,""outside"":false,""outsidePx"":0},{""x"":1177.3,""y"":786.7,""t"":572,""outside"":false,""outsidePx"":0},{""x"":1188,""y"":781.3,""t"":590,""outside"":false,""outsidePx"":0},{""x"":1198,""y"":774.7,""t"":608,""outside"":false,""outsidePx"":0},{""x"":1205.3,""y"":769.3,""t"":624,""outside"":false,""outsidePx"":0},{""x"":1214,""y"":764,""t"":639,""outside"":false,""outsidePx"":0},{""x"":1222.7,""y"":758.7,""t"":656,""outside"":false,""outsidePx"":0},{""x"":1236.7,""y"":750,""t"":675,""outside"":false,""outsidePx"":0},{""x"":1248.7,""y"":742.7,""t"":694,""outside"":false,""outsidePx"":0},{""x"":1264.7,""y"":734,""t"":707,""outside"":false,""outsidePx"":0},{""x"":1276.7,""y"":725.3,""t"":723,""outside"":false,""outsidePx"":0},{""x"":1292.7,""y"":716.7,""t"":740,""outside"":false,""outsidePx"":0},{""x"":1306.7,""y"":708,""t"":756,""outside"":false,""outsidePx"":0},{""x"":1320.7,""y"":700.7,""t"":773,""outside"":false,""outsidePx"":0},{""x"":1336.7,""y"":692,""t"":789,""outside"":false,""outsidePx"":0},{""x"":1357.3,""y"":681.3,""t"":809,""outside"":false,""outsidePx"":0},{""x"":1374.7,""y"":672.7,""t"":826,""outside"":false,""outsidePx"":0},{""x"":1388.7,""y"":666,""t"":839,""outside"":false,""outsidePx"":0},{""x"":1402.7,""y"":658.7,""t"":857,""outside"":false,""outsidePx"":0},{""x"":1443.3,""y"":638,""t"":907,""outside"":false,""outsidePx"":0},{""x"":1457.3,""y"":630.7,""t"":926,""outside"":false,""outsidePx"":0},{""x"":1472.7,""y"":622,""t"":941,""outside"":false,""outsidePx"":0},{""x"":1488.7,""y"":613.3,""t"":958,""outside"":false,""outsidePx"":0},{""x"":1500.7,""y"":606.7,""t"":973,""outside"":false,""outsidePx"":0},{""x"":1513.3,""y"":599.3,""t"":989,""outside"":false,""outsidePx"":0},{""x"":1525.3,""y"":592.7,""t"":1008,""outside"":false,""outsidePx"":0},{""x"":1532.7,""y"":588.7,""t"":1024,""outside"":false,""outsidePx"":0},{""x"":1541.3,""y"":583.3,""t"":1040,""outside"":false,""outsidePx"":0},{""x"":1552,""y"":578.7,""t"":1056,""outside"":false,""outsidePx"":0},{""x"":1564,""y"":571.3,""t"":1073,""outside"":false,""outsidePx"":0},{""x"":1578,""y"":564.7,""t"":1090,""outside"":false,""outsidePx"":0},{""x"":1594,""y"":555.3,""t"":1107,""outside"":false,""outsidePx"":0},{""x"":1609.3,""y"":546.7,""t"":1123,""outside"":false,""outsidePx"":0},{""x"":1625.3,""y"":538,""t"":1140,""outside"":false,""outsidePx"":0},{""x"":1637.3,""y"":531.3,""t"":1157,""outside"":false,""outsidePx"":0},{""x"":1651.3,""y"":524,""t"":1173,""outside"":false,""outsidePx"":0},{""x"":1667.3,""y"":515.3,""t"":1189,""outside"":false,""outsidePx"":0},{""x"":1684.7,""y"":506.7,""t"":1206,""outside"":true,""outsidePx"":0.1},{""x"":1704,""y"":496,""t"":1222,""outside"":true,""outsidePx"":0.5},{""x"":1720,""y"":485.3,""t"":1239,""outside"":false,""outsidePx"":0},{""x"":1735.3,""y"":478.7,""t"":1257,""outside"":true,""outsidePx"":1.2},{""x"":1748,""y"":470,""t"":1272,""outside"":false,""outsidePx"":0},{""x"":1760,""y"":462.7,""t"":1289,""outside"":false,""outsidePx"":0},{""x"":1766.7,""y"":457.3,""t"":1306,""outside"":false,""outsidePx"":0},{""x"":1768.7,""y"":456,""t"":1324,""outside"":false,""outsidePx"":0}]"
motoe,main,practice,C3,距離大条件,W固定・A長い,35,675,19.286,3,48,108,108,109,2026-09-29T06:53:16.038Z,2026-09-29T06:53:17.200Z,1162,185,855,670,true,true,deviation,1740.7,442,1,true,2,116,1,false,"[{""startMs"":774,""startX"":1522,""startY"":601.3,""maxOutsidePx"":0.7,""endMs"":807,""endX"":1541.3,""endY"":588.7,""durationMs"":33},{""startMs"":824,""startX"":1555.3,""startY"":582,""maxOutsidePx"":1,""endMs"":907,""endX"":1623.3,""endY"":541.3,""durationMs"":83}]","[{""x"":859.3,""y"":961.3,""t"":0,""outside"":false,""outsidePx"":0},{""x"":860.7,""y"":961.3,""t"":24,""outside"":false,""outsidePx"":0},{""x"":864,""y"":961.3,""t"":41,""outside"":false,""outsidePx"":0},{""x"":876,""y"":954.7,""t"":58,""outside"":false,""outsidePx"":0},{""x"":892,""y"":946,""t"":74,""outside"":false,""outsidePx"":0},{""x"":914.7,""y"":930,""t"":92,""outside"":false,""outsidePx"":0},{""x"":936,""y"":919.3,""t"":107,""outside"":false,""outsidePx"":0},{""x"":953.3,""y"":909.3,""t"":125,""outside"":false,""outsidePx"":0},{""x"":967.3,""y"":898.7,""t"":142,""outside"":false,""outsidePx"":0},{""x"":976,""y"":893.3,""t"":158,""outside"":false,""outsidePx"":0},{""x"":982.7,""y"":888,""t"":175,""outside"":false,""outsidePx"":0},{""x"":988,""y"":882.7,""t"":193,""outside"":false,""outsidePx"":0},{""x"":996.7,""y"":877.3,""t"":208,""outside"":false,""outsidePx"":0},{""x"":1006,""y"":872.7,""t"":225,""outside"":false,""outsidePx"":0},{""x"":1016,""y"":865.3,""t"":242,""outside"":false,""outsidePx"":0},{""x"":1028.7,""y"":858.7,""t"":257,""outside"":false,""outsidePx"":0},{""x"":1037.3,""y"":851.3,""t"":274,""outside"":false,""outsidePx"":0},{""x"":1048,""y"":846,""t"":291,""outside"":false,""outsidePx"":0},{""x"":1062,""y"":837.3,""t"":307,""outside"":false,""outsidePx"":0},{""x"":1077.3,""y"":830.7,""t"":325,""outside"":false,""outsidePx"":0},{""x"":1093.3,""y"":821.3,""t"":340,""outside"":false,""outsidePx"":0},{""x"":1114,""y"":811.3,""t"":356,""outside"":false,""outsidePx"":0},{""x"":1132,""y"":800.7,""t"":374,""outside"":false,""outsidePx"":0},{""x"":1150.7,""y"":792,""t"":390,""outside"":false,""outsidePx"":0},{""x"":1168.7,""y"":781.3,""t"":407,""outside"":false,""outsidePx"":0},{""x"":1180.7,""y"":774.7,""t"":424,""outside"":false,""outsidePx"":0},{""x"":1202,""y"":764,""t"":442,""outside"":false,""outsidePx"":0},{""x"":1224.7,""y"":753.3,""t"":458,""outside"":false,""outsidePx"":0},{""x"":1244,""y"":742.7,""t"":474,""outside"":false,""outsidePx"":0},{""x"":1268,""y"":732.7,""t"":491,""outside"":false,""outsidePx"":0},{""x"":1287.3,""y"":723.3,""t"":508,""outside"":false,""outsidePx"":0},{""x"":1304.7,""y"":714.7,""t"":525,""outside"":false,""outsidePx"":0},{""x"":1318.7,""y"":708,""t"":540,""outside"":false,""outsidePx"":0},{""x"":1332.7,""y"":700.7,""t"":558,""outside"":false,""outsidePx"":0},{""x"":1342,""y"":695.3,""t"":575,""outside"":false,""outsidePx"":0},{""x"":1354,""y"":690.7,""t"":592,""outside"":false,""outsidePx"":0},{""x"":1366,""y"":681.3,""t"":607,""outside"":false,""outsidePx"":0},{""x"":1380,""y"":674.7,""t"":624,""outside"":false,""outsidePx"":0},{""x"":1398,""y"":666,""t"":641,""outside"":false,""outsidePx"":0},{""x"":1412,""y"":657.3,""t"":657,""outside"":false,""outsidePx"":0},{""x"":1430.7,""y"":646.7,""t"":675,""outside"":false,""outsidePx"":0},{""x"":1452,""y"":636,""t"":692,""outside"":false,""outsidePx"":0},{""x"":1468,""y"":627.3,""t"":708,""outside"":false,""outsidePx"":0},{""x"":1485.3,""y"":618.7,""t"":725,""outside"":false,""outsidePx"":0},{""x"":1499.3,""y"":613.3,""t"":741,""outside"":false,""outsidePx"":0},{""x"":1510,""y"":606.7,""t"":759,""outside"":false,""outsidePx"":0},{""x"":1522,""y"":601.3,""t"":774,""outside"":true,""outsidePx"":0.7},{""x"":1530.7,""y"":596,""t"":792,""outside"":true,""outsidePx"":0.4},{""x"":1541.3,""y"":588.7,""t"":807,""outside"":false,""outsidePx"":0},{""x"":1555.3,""y"":582,""t"":824,""outside"":true,""outsidePx"":0.7},{""x"":1567.3,""y"":574.7,""t"":840,""outside"":true,""outsidePx"":0.3},{""x"":1583.3,""y"":566,""t"":857,""outside"":true,""outsidePx"":0.8},{""x"":1598.7,""y"":557.3,""t"":873,""outside"":true,""outsidePx"":1},{""x"":1609.3,""y"":550.7,""t"":891,""outside"":true,""outsidePx"":0.5},{""x"":1623.3,""y"":541.3,""t"":907,""outside"":false,""outsidePx"":0},{""x"":1632,""y"":534.7,""t"":925,""outside"":false,""outsidePx"":0},{""x"":1642.7,""y"":527.3,""t"":941,""outside"":false,""outsidePx"":0},{""x"":1653.3,""y"":520.7,""t"":959,""outside"":false,""outsidePx"":0},{""x"":1662,""y"":512,""t"":974,""outside"":false,""outsidePx"":0},{""x"":1668.7,""y"":506.7,""t"":991,""outside"":false,""outsidePx"":0},{""x"":1676,""y"":499.3,""t"":1008,""outside"":false,""outsidePx"":0},{""x"":1681.3,""y"":494.7,""t"":1025,""outside"":false,""outsidePx"":0},{""x"":1686.7,""y"":489.3,""t"":1042,""outside"":false,""outsidePx"":0},{""x"":1693.3,""y"":482,""t"":1057,""outside"":false,""outsidePx"":0},{""x"":1700.7,""y"":475.3,""t"":1076,""outside"":false,""outsidePx"":0},{""x"":1712.7,""y"":466.7,""t"":1092,""outside"":false,""outsidePx"":0},{""x"":1726.7,""y"":456,""t"":1108,""outside"":false,""outsidePx"":0},{""x"":1735.3,""y"":447.3,""t"":1124,""outside"":false,""outsidePx"":0},{""x"":1740.7,""y"":442,""t"":1141,""outside"":false,""outsidePx"":0}]"
motoe,main,practice,C3,距離大条件,W固定・A長い,35,675,19.286,3,49,109,109,110,2026-09-29T06:53:17.879Z,2026-09-29T06:53:18.964Z,1085,191,906,715,true,true,none,1782.7,445.3,1,false,0,0,0,false,[],"[{""x"":872.7,""y"":966.7,""t"":0,""outside"":false,""outsidePx"":0},{""x"":878,""y"":961.3,""t"":17,""outside"":false,""outsidePx"":0},{""x"":881.3,""y"":958,""t"":34,""outside"":false,""outsidePx"":0},{""x"":888.7,""y"":951.3,""t"":50,""outside"":false,""outsidePx"":0},{""x"":900.7,""y"":942.7,""t"":67,""outside"":false,""outsidePx"":0},{""x"":912.7,""y"":933.3,""t"":83,""outside"":false,""outsidePx"":0},{""x"":925.3,""y"":924.7,""t"":99,""outside"":false,""outsidePx"":0},{""x"":937.3,""y"":916,""t"":116,""outside"":false,""outsidePx"":0},{""x"":948,""y"":909.3,""t"":134,""outside"":false,""outsidePx"":0},{""x"":956.7,""y"":902,""t"":150,""outside"":false,""outsidePx"":0},{""x"":968.7,""y"":893.3,""t"":165,""outside"":false,""outsidePx"":0},{""x"":978,""y"":886.7,""t"":184,""outside"":false,""outsidePx"":0},{""x"":990,""y"":879.3,""t"":198,""outside"":false,""outsidePx"":0},{""x"":1002,""y"":870.7,""t"":217,""outside"":false,""outsidePx"":0},{""x"":1010.7,""y"":865.3,""t"":234,""outside"":false,""outsidePx"":0},{""x"":1021.3,""y"":858.7,""t"":251,""outside"":false,""outsidePx"":0},{""x"":1032,""y"":851.3,""t"":267,""outside"":false,""outsidePx"":0},{""x"":1042.7,""y"":846,""t"":283,""outside"":false,""outsidePx"":0},{""x"":1052.7,""y"":837.3,""t"":300,""outside"":false,""outsidePx"":0},{""x"":1065.3,""y"":830.7,""t"":318,""outside"":false,""outsidePx"":0},{""x"":1079.3,""y"":821.3,""t"":332,""outside"":false,""outsidePx"":0},{""x"":1093.3,""y"":814.7,""t"":351,""outside"":false,""outsidePx"":0},{""x"":1105.3,""y"":807.3,""t"":367,""outside"":false,""outsidePx"":0},{""x"":1114,""y"":802.7,""t"":383,""outside"":false,""outsidePx"":0},{""x"":1124.7,""y"":795.3,""t"":402,""outside"":false,""outsidePx"":0},{""x"":1135.3,""y"":788.7,""t"":417,""outside"":false,""outsidePx"":0},{""x"":1144,""y"":784.7,""t"":434,""outside"":false,""outsidePx"":0},{""x"":1154.7,""y"":778,""t"":450,""outside"":false,""outsidePx"":0},{""x"":1168.7,""y"":770.7,""t"":465,""outside"":false,""outsidePx"":0},{""x"":1180.7,""y"":764,""t"":484,""outside"":false,""outsidePx"":0},{""x"":1191.3,""y"":758.7,""t"":500,""outside"":false,""outsidePx"":0},{""x"":1205.3,""y"":750,""t"":517,""outside"":false,""outsidePx"":0},{""x"":1219.3,""y"":742.7,""t"":533,""outside"":false,""outsidePx"":0},{""x"":1236.7,""y"":732.7,""t"":549,""outside"":false,""outsidePx"":0},{""x"":1254,""y"":722,""t"":567,""outside"":false,""outsidePx"":0},{""x"":1272,""y"":711.3,""t"":584,""outside"":false,""outsidePx"":0},{""x"":1292.7,""y"":699.3,""t"":598,""outside"":false,""outsidePx"":0},{""x"":1312,""y"":690.7,""t"":617,""outside"":false,""outsidePx"":0},{""x"":1329.3,""y"":681.3,""t"":633,""outside"":false,""outsidePx"":0},{""x"":1346.7,""y"":672.7,""t"":649,""outside"":false,""outsidePx"":0},{""x"":1360.7,""y"":666,""t"":665,""outside"":false,""outsidePx"":0},{""x"":1371.3,""y"":660.7,""t"":683,""outside"":false,""outsidePx"":0},{""x"":1385.3,""y"":653.3,""t"":698,""outside"":false,""outsidePx"":0},{""x"":1401.3,""y"":644.7,""t"":716,""outside"":false,""outsidePx"":0},{""x"":1415.3,""y"":638,""t"":733,""outside"":false,""outsidePx"":0},{""x"":1434.7,""y"":629.3,""t"":751,""outside"":false,""outsidePx"":0},{""x"":1448.7,""y"":622,""t"":767,""outside"":false,""outsidePx"":0},{""x"":1464,""y"":613.3,""t"":783,""outside"":false,""outsidePx"":0},{""x"":1480,""y"":604.7,""t"":799,""outside"":false,""outsidePx"":0},{""x"":1496,""y"":596,""t"":818,""outside"":false,""outsidePx"":0},{""x"":1511.3,""y"":587.3,""t"":835,""outside"":false,""outsidePx"":0},{""x"":1524,""y"":580,""t"":848,""outside"":false,""outsidePx"":0},{""x"":1542.7,""y"":571.3,""t"":866,""outside"":false,""outsidePx"":0},{""x"":1553.3,""y"":564.7,""t"":884,""outside"":false,""outsidePx"":0},{""x"":1567.3,""y"":557.3,""t"":899,""outside"":false,""outsidePx"":0},{""x"":1583.3,""y"":548.7,""t"":915,""outside"":false,""outsidePx"":0},{""x"":1602.7,""y"":538,""t"":932,""outside"":false,""outsidePx"":0},{""x"":1628.7,""y"":526,""t"":950,""outside"":false,""outsidePx"":0},{""x"":1654.7,""y"":512,""t"":965,""outside"":false,""outsidePx"":0},{""x"":1692,""y"":494.7,""t"":984,""outside"":false,""outsidePx"":0},{""x"":1714.7,""y"":482,""t"":1000,""outside"":false,""outsidePx"":0},{""x"":1738.7,""y"":468,""t"":1017,""outside"":false,""outsidePx"":0},{""x"":1762,""y"":456,""t"":1033,""outside"":false,""outsidePx"":0},{""x"":1777.3,""y"":447.3,""t"":1051,""outside"":false,""outsidePx"":0},{""x"":1782.7,""y"":445.3,""t"":1066,""outside"":false,""outsidePx"":0}]"
motoe,main,practice,C3,距離大条件,W固定・A長い,35,675,19.286,3,50,110,110,111,2026-09-29T06:53:19.577Z,2026-09-29T06:53:20.765Z,1188,188,941,753,true,true,none,1751.3,447.3,1,false,0,0,0,false,[],"[{""x"":861.3,""y"":962.7,""t"":0,""outside"":false,""outsidePx"":0},{""x"":862,""y"":962.7,""t"":42,""outside"":false,""outsidePx"":0},{""x"":864,""y"":961.3,""t"":54,""outside"":false,""outsidePx"":0},{""x"":878,""y"":952.7,""t"":67,""outside"":false,""outsidePx"":0},{""x"":895.3,""y"":944,""t"":84,""outside"":false,""outsidePx"":0},{""x"":920,""y"":933.3,""t"":101,""outside"":false,""outsidePx"":0},{""x"":940.7,""y"":923.3,""t"":120,""outside"":false,""outsidePx"":0},{""x"":954.7,""y"":916,""t"":134,""outside"":false,""outsidePx"":0},{""x"":970.7,""y"":907.3,""t"":152,""outside"":false,""outsidePx"":0},{""x"":981.3,""y"":900.7,""t"":168,""outside"":false,""outsidePx"":0},{""x"":990,""y"":895.3,""t"":186,""outside"":false,""outsidePx"":0},{""x"":1000.7,""y"":888,""t"":202,""outside"":false,""outsidePx"":0},{""x"":1009.3,""y"":882.7,""t"":220,""outside"":false,""outsidePx"":0},{""x"":1026.7,""y"":872.7,""t"":236,""outside"":false,""outsidePx"":0},{""x"":1038.7,""y"":863.3,""t"":252,""outside"":false,""outsidePx"":0},{""x"":1052.7,""y"":854.7,""t"":268,""outside"":false,""outsidePx"":0},{""x"":1066.7,""y"":844.7,""t"":286,""outside"":false,""outsidePx"":0},{""x"":1077.3,""y"":839.3,""t"":301,""outside"":false,""outsidePx"":0},{""x"":1090,""y"":830.7,""t"":317,""outside"":false,""outsidePx"":0},{""x"":1100,""y"":825.3,""t"":335,""outside"":false,""outsidePx"":0},{""x"":1116,""y"":816.7,""t"":352,""outside"":false,""outsidePx"":0},{""x"":1130,""y"":809.3,""t"":368,""outside"":false,""outsidePx"":0},{""x"":1144,""y"":802.7,""t"":385,""outside"":false,""outsidePx"":0},{""x"":1158,""y"":793.3,""t"":400,""outside"":false,""outsidePx"":0},{""x"":1174,""y"":784.7,""t"":418,""outside"":false,""outsidePx"":0},{""x"":1189.3,""y"":776,""t"":435,""outside"":false,""outsidePx"":0},{""x"":1206.7,""y"":765.3,""t"":452,""outside"":false,""outsidePx"":0},{""x"":1226,""y"":755.3,""t"":471,""outside"":false,""outsidePx"":0},{""x"":1236.7,""y"":750,""t"":485,""outside"":false,""outsidePx"":0},{""x"":1247.3,""y"":742.7,""t"":503,""outside"":false,""outsidePx"":0},{""x"":1261.3,""y"":734,""t"":519,""outside"":false,""outsidePx"":0},{""x"":1272,""y"":728.7,""t"":535,""outside"":false,""outsidePx"":0},{""x"":1284,""y"":720,""t"":553,""outside"":false,""outsidePx"":0},{""x"":1298,""y"":713.3,""t"":568,""outside"":false,""outsidePx"":0},{""x"":1308.7,""y"":706,""t"":585,""outside"":false,""outsidePx"":0},{""x"":1326,""y"":694,""t"":601,""outside"":false,""outsidePx"":0},{""x"":1338,""y"":686.7,""t"":617,""outside"":false,""outsidePx"":0},{""x"":1356,""y"":676.7,""t"":636,""outside"":false,""outsidePx"":0},{""x"":1366,""y"":669.3,""t"":652,""outside"":false,""outsidePx"":0},{""x"":1376.7,""y"":664,""t"":669,""outside"":false,""outsidePx"":0},{""x"":1387.3,""y"":657.3,""t"":687,""outside"":false,""outsidePx"":0},{""x"":1399.3,""y"":650,""t"":702,""outside"":false,""outsidePx"":0},{""x"":1413.3,""y"":641.3,""t"":720,""outside"":false,""outsidePx"":0},{""x"":1430.7,""y"":632.7,""t"":736,""outside"":false,""outsidePx"":0},{""x"":1444.7,""y"":625.3,""t"":753,""outside"":false,""outsidePx"":0},{""x"":1457.3,""y"":618.7,""t"":768,""outside"":false,""outsidePx"":0},{""x"":1469.3,""y"":611.3,""t"":786,""outside"":false,""outsidePx"":0},{""x"":1482,""y"":604.7,""t"":801,""outside"":false,""outsidePx"":0},{""x"":1492,""y"":599.3,""t"":819,""outside"":false,""outsidePx"":0},{""x"":1506,""y"":592.7,""t"":834,""outside"":false,""outsidePx"":0},{""x"":1516.7,""y"":587.3,""t"":852,""outside"":false,""outsidePx"":0},{""x"":1528.7,""y"":582,""t"":867,""outside"":false,""outsidePx"":0},{""x"":1541.3,""y"":576.7,""t"":885,""outside"":false,""outsidePx"":0},{""x"":1553.3,""y"":571.3,""t"":901,""outside"":false,""outsidePx"":0},{""x"":1564,""y"":566,""t"":918,""outside"":false,""outsidePx"":0},{""x"":1572.7,""y"":560.7,""t"":935,""outside"":false,""outsidePx"":0},{""x"":1583.3,""y"":555.3,""t"":951,""outside"":false,""outsidePx"":0},{""x"":1590,""y"":550.7,""t"":968,""outside"":false,""outsidePx"":0},{""x"":1600.7,""y"":545.3,""t"":986,""outside"":false,""outsidePx"":0},{""x"":1614.7,""y"":536.7,""t"":1001,""outside"":false,""outsidePx"":0},{""x"":1628.7,""y"":529.3,""t"":1019,""outside"":false,""outsidePx"":0},{""x"":1642.7,""y"":520.7,""t"":1035,""outside"":false,""outsidePx"":0},{""x"":1654.7,""y"":513.3,""t"":1051,""outside"":false,""outsidePx"":0},{""x"":1672.7,""y"":503.3,""t"":1068,""outside"":false,""outsidePx"":0},{""x"":1688,""y"":490.7,""t"":1085,""outside"":false,""outsidePx"":0},{""x"":1707.3,""y"":478.7,""t"":1102,""outside"":false,""outsidePx"":0},{""x"":1726.7,""y"":464.7,""t"":1117,""outside"":false,""outsidePx"":0},{""x"":1740.7,""y"":456,""t"":1134,""outside"":false,""outsidePx"":0},{""x"":1748,""y"":450.7,""t"":1152,""outside"":false,""outsidePx"":0},{""x"":1749.3,""y"":448.7,""t"":1168,""outside"":false,""outsidePx"":0},{""x"":1751.3,""y"":447.3,""t"":1185,""outside"":false,""outsidePx"":0}]"
motoe,main,practice,C3,距離大条件,W固定・A長い,35,675,19.286,3,51,111,111,112,2026-09-29T06:53:21.448Z,2026-09-29T06:53:22.553Z,1105,189,908,719,true,true,none,1790,433.3,1,false,0,0,0,false,[],"[{""x"":852,""y"":952,""t"":0,""outside"":false,""outsidePx"":0},{""x"":853.3,""y"":952,""t"":2,""outside"":false,""outsidePx"":0},{""x"":855.3,""y"":952,""t"":19,""outside"":false,""outsidePx"":0},{""x"":858.7,""y"":952,""t"":30,""outside"":false,""outsidePx"":0},{""x"":864,""y"":951.3,""t"":48,""outside"":false,""outsidePx"":0},{""x"":872.7,""y"":946,""t"":64,""outside"":false,""outsidePx"":0},{""x"":890,""y"":937.3,""t"":80,""outside"":false,""outsidePx"":0},{""x"":909.3,""y"":926.7,""t"":96,""outside"":false,""outsidePx"":0},{""x"":926.7,""y"":918,""t"":113,""outside"":false,""outsidePx"":0},{""x"":944.7,""y"":909.3,""t"":133,""outside"":false,""outsidePx"":0},{""x"":958.7,""y"":900.7,""t"":146,""outside"":false,""outsidePx"":0},{""x"":970.7,""y"":893.3,""t"":163,""outside"":false,""outsidePx"":0},{""x"":981.3,""y"":888,""t"":181,""outside"":false,""outsidePx"":0},{""x"":990,""y"":882.7,""t"":197,""outside"":false,""outsidePx"":0},{""x"":1000.7,""y"":876,""t"":214,""outside"":false,""outsidePx"":0},{""x"":1007.3,""y"":872.7,""t"":230,""outside"":false,""outsidePx"":0},{""x"":1014.7,""y"":865.3,""t"":247,""outside"":false,""outsidePx"":0},{""x"":1026.7,""y"":856.7,""t"":264,""outside"":false,""outsidePx"":0},{""x"":1038.7,""y"":848,""t"":282,""outside"":false,""outsidePx"":0},{""x"":1048,""y"":840.7,""t"":296,""outside"":false,""outsidePx"":0},{""x"":1063.3,""y"":830.7,""t"":313,""outside"":false,""outsidePx"":0},{""x"":1077.3,""y"":821.3,""t"":329,""outside"":false,""outsidePx"":0},{""x"":1090,""y"":812.7,""t"":346,""outside"":false,""outsidePx"":0},{""x"":1105.3,""y"":804,""t"":363,""outside"":false,""outsidePx"":0},{""x"":1121.3,""y"":795.3,""t"":381,""outside"":false,""outsidePx"":0},{""x"":1138.7,""y"":784.7,""t"":397,""outside"":false,""outsidePx"":0},{""x"":1154.7,""y"":776,""t"":415,""outside"":false,""outsidePx"":0},{""x"":1168.7,""y"":767.3,""t"":430,""outside"":false,""outsidePx"":0},{""x"":1186,""y"":758.7,""t"":448,""outside"":false,""outsidePx"":0},{""x"":1205.3,""y"":748,""t"":463,""outside"":false,""outsidePx"":0},{""x"":1220.7,""y"":741.3,""t"":479,""outside"":false,""outsidePx"":0},{""x"":1231.3,""y"":734,""t"":496,""outside"":false,""outsidePx"":0},{""x"":1240,""y"":728.7,""t"":514,""outside"":false,""outsidePx"":0},{""x"":1248.7,""y"":723.3,""t"":530,""outside"":false,""outsidePx"":0},{""x"":1259.3,""y"":718.7,""t"":546,""outside"":false,""outsidePx"":0},{""x"":1272,""y"":711.3,""t"":564,""outside"":false,""outsidePx"":0},{""x"":1284,""y"":704.7,""t"":581,""outside"":false,""outsidePx"":0},{""x"":1298,""y"":697.3,""t"":596,""outside"":false,""outsidePx"":0},{""x"":1314,""y"":688.7,""t"":612,""outside"":false,""outsidePx"":0},{""x"":1324,""y"":683.3,""t"":629,""outside"":false,""outsidePx"":0},{""x"":1338,""y"":676.7,""t"":645,""outside"":false,""outsidePx"":0},{""x"":1352,""y"":667.3,""t"":663,""outside"":false,""outsidePx"":0},{""x"":1364.7,""y"":660.7,""t"":680,""outside"":false,""outsidePx"":0},{""x"":1378.7,""y"":652,""t"":697,""outside"":false,""outsidePx"":0},{""x"":1392.7,""y"":643.3,""t"":714,""outside"":false,""outsidePx"":0},{""x"":1406.7,""y"":634.7,""t"":730,""outside"":false,""outsidePx"":0},{""x"":1424,""y"":624,""t"":747,""outside"":false,""outsidePx"":0},{""x"":1436,""y"":616.7,""t"":764,""outside"":false,""outsidePx"":0},{""x"":1450,""y"":608,""t"":781,""outside"":false,""outsidePx"":0},{""x"":1468,""y"":599.3,""t"":796,""outside"":false,""outsidePx"":0},{""x"":1483.3,""y"":588.7,""t"":813,""outside"":false,""outsidePx"":0},{""x"":1499.3,""y"":582,""t"":830,""outside"":false,""outsidePx"":0},{""x"":1518.7,""y"":571.3,""t"":847,""outside"":false,""outsidePx"":0},{""x"":1534,""y"":562.7,""t"":863,""outside"":false,""outsidePx"":0},{""x"":1544.7,""y"":555.3,""t"":880,""outside"":false,""outsidePx"":0},{""x"":1558.7,""y"":548.7,""t"":896,""outside"":false,""outsidePx"":0},{""x"":1570.7,""y"":541.3,""t"":913,""outside"":false,""outsidePx"":0},{""x"":1586.7,""y"":532.7,""t"":930,""outside"":false,""outsidePx"":0},{""x"":1604,""y"":524,""t"":946,""outside"":false,""outsidePx"":0},{""x"":1626.7,""y"":513.3,""t"":962,""outside"":false,""outsidePx"":0},{""x"":1644.7,""y"":504.7,""t"":979,""outside"":false,""outsidePx"":0},{""x"":1667.3,""y"":492.7,""t"":997,""outside"":false,""outsidePx"":0},{""x"":1690,""y"":482,""t"":1014,""outside"":false,""outsidePx"":0},{""x"":1712.7,""y"":473.3,""t"":1029,""outside"":false,""outsidePx"":0},{""x"":1740.7,""y"":459.3,""t"":1047,""outside"":false,""outsidePx"":0},{""x"":1765.3,""y"":447.3,""t"":1063,""outside"":false,""outsidePx"":0},{""x"":1780.7,""y"":438.7,""t"":1080,""outside"":false,""outsidePx"":0},{""x"":1790,""y"":433.3,""t"":1096,""outside"":false,""outsidePx"":0}]"
motoe,main,practice,C3,距離大条件,W固定・A長い,35,675,19.286,3,52,112,112,113,2026-09-29T06:53:23.317Z,2026-09-29T06:53:26.321Z,3004,1718,2803,1085,true,true,none,1751.3,442,1,false,0,0,0,false,[],"[{""x"":880.7,""y"":957.3,""t"":0,""outside"":false,""outsidePx"":0},{""x"":881.3,""y"":957.3,""t"":167,""outside"":false,""outsidePx"":0},{""x"":883.3,""y"":957.3,""t"":179,""outside"":false,""outsidePx"":0},{""x"":884.7,""y"":956.7,""t"":193,""outside"":false,""outsidePx"":0},{""x"":888.7,""y"":954.7,""t"":210,""outside"":false,""outsidePx"":0},{""x"":890,""y"":952.7,""t"":228,""outside"":false,""outsidePx"":0},{""x"":892,""y"":952.7,""t"":295,""outside"":false,""outsidePx"":0},{""x"":892,""y"":951.3,""t"":310,""outside"":false,""outsidePx"":0},{""x"":894,""y"":951.3,""t"":330,""outside"":false,""outsidePx"":0},{""x"":895.3,""y"":951.3,""t"":417,""outside"":false,""outsidePx"":0},{""x"":895.3,""y"":949.3,""t"":429,""outside"":false,""outsidePx"":0},{""x"":897.3,""y"":949.3,""t"":446,""outside"":false,""outsidePx"":0},{""x"":897.3,""y"":947.3,""t"":661,""outside"":false,""outsidePx"":0},{""x"":898.7,""y"":947.3,""t"":676,""outside"":false,""outsidePx"":0},{""x"":900.7,""y"":947.3,""t"":755,""outside"":false,""outsidePx"":0},{""x"":902.7,""y"":947.3,""t"":809,""outside"":false,""outsidePx"":0},{""x"":902.7,""y"":946,""t"":826,""outside"":false,""outsidePx"":0},{""x"":904,""y"":946,""t"":844,""outside"":false,""outsidePx"":0},{""x"":904,""y"":944,""t"":860,""outside"":false,""outsidePx"":0},{""x"":906,""y"":944,""t"":877,""outside"":false,""outsidePx"":0},{""x"":908,""y"":944,""t"":928,""outside"":false,""outsidePx"":0},{""x"":909.3,""y"":942.7,""t"":942,""outside"":false,""outsidePx"":0},{""x"":911.3,""y"":940.7,""t"":959,""outside"":false,""outsidePx"":0},{""x"":912.7,""y"":940.7,""t"":977,""outside"":false,""outsidePx"":0},{""x"":912.7,""y"":938.7,""t"":1028,""outside"":false,""outsidePx"":0},{""x"":914.7,""y"":938.7,""t"":1044,""outside"":false,""outsidePx"":0},{""x"":916.7,""y"":938.7,""t"":1092,""outside"":false,""outsidePx"":0},{""x"":918,""y"":937.3,""t"":1143,""outside"":false,""outsidePx"":0},{""x"":920,""y"":935.3,""t"":1159,""outside"":false,""outsidePx"":0},{""x"":922,""y"":935.3,""t"":1177,""outside"":false,""outsidePx"":0},{""x"":923.3,""y"":935.3,""t"":1296,""outside"":false,""outsidePx"":0},{""x"":923.3,""y"":933.3,""t"":1309,""outside"":false,""outsidePx"":0},{""x"":926.7,""y"":932,""t"":1326,""outside"":false,""outsidePx"":0},{""x"":930.7,""y"":928.7,""t"":1343,""outside"":false,""outsidePx"":0},{""x"":934,""y"":926.7,""t"":1361,""outside"":false,""outsidePx"":0},{""x"":937.3,""y"":923.3,""t"":1377,""outside"":false,""outsidePx"":0},{""x"":940.7,""y"":921.3,""t"":1393,""outside"":false,""outsidePx"":0},{""x"":944.7,""y"":919.3,""t"":1409,""outside"":false,""outsidePx"":0},{""x"":946,""y"":918,""t"":1426,""outside"":false,""outsidePx"":0},{""x"":950,""y"":918,""t"":1443,""outside"":false,""outsidePx"":0},{""x"":951.3,""y"":916,""t"":1459,""outside"":false,""outsidePx"":0},{""x"":954.7,""y"":914.7,""t"":1476,""outside"":false,""outsidePx"":0},{""x"":960,""y"":910.7,""t"":1493,""outside"":false,""outsidePx"":0},{""x"":964,""y"":909.3,""t"":1510,""outside"":false,""outsidePx"":0},{""x"":967.3,""y"":907.3,""t"":1527,""outside"":false,""outsidePx"":0},{""x"":970.7,""y"":905.3,""t"":1543,""outside"":false,""outsidePx"":0},{""x"":972.7,""y"":905.3,""t"":1559,""outside"":false,""outsidePx"":0},{""x"":974,""y"":904,""t"":1576,""outside"":false,""outsidePx"":0},{""x"":976,""y"":904,""t"":1594,""outside"":false,""outsidePx"":0},{""x"":978,""y"":902,""t"":1610,""outside"":false,""outsidePx"":0},{""x"":981.3,""y"":900.7,""t"":1628,""outside"":false,""outsidePx"":0},{""x"":982.7,""y"":900.7,""t"":1645,""outside"":false,""outsidePx"":0},{""x"":984.7,""y"":898.7,""t"":1661,""outside"":false,""outsidePx"":0},{""x"":986.7,""y"":896.7,""t"":1678,""outside"":false,""outsidePx"":0},{""x"":988,""y"":896.7,""t"":1694,""outside"":false,""outsidePx"":0},{""x"":990,""y"":895.3,""t"":1711,""outside"":false,""outsidePx"":0},{""x"":993.3,""y"":895.3,""t"":1727,""outside"":false,""outsidePx"":0},{""x"":995.3,""y"":893.3,""t"":1742,""outside"":false,""outsidePx"":0},{""x"":996.7,""y"":893.3,""t"":1759,""outside"":false,""outsidePx"":0},{""x"":998.7,""y"":891.3,""t"":1776,""outside"":false,""outsidePx"":0},{""x"":1002,""y"":890,""t"":1792,""outside"":false,""outsidePx"":0},{""x"":1006,""y"":890,""t"":1809,""outside"":false,""outsidePx"":0},{""x"":1009.3,""y"":888,""t"":1828,""outside"":false,""outsidePx"":0},{""x"":1012.7,""y"":886.7,""t"":1843,""outside"":false,""outsidePx"":0},{""x"":1018,""y"":882.7,""t"":1859,""outside"":false,""outsidePx"":0},{""x"":1021.3,""y"":881.3,""t"":1876,""outside"":false,""outsidePx"":0},{""x"":1026.7,""y"":879.3,""t"":1894,""outside"":false,""outsidePx"":0},{""x"":1030,""y"":877.3,""t"":1911,""outside"":false,""outsidePx"":0},{""x"":1030,""y"":876,""t"":1959,""outside"":false,""outsidePx"":0},{""x"":1032,""y"":876,""t"":1976,""outside"":false,""outsidePx"":0},{""x"":1037.3,""y"":872.7,""t"":1992,""outside"":false,""outsidePx"":0},{""x"":1042.7,""y"":868.7,""t"":2010,""outside"":false,""outsidePx"":0},{""x"":1051.3,""y"":865.3,""t"":2027,""outside"":false,""outsidePx"":0},{""x"":1060,""y"":860,""t"":2043,""outside"":false,""outsidePx"":0},{""x"":1068.7,""y"":854.7,""t"":2061,""outside"":false,""outsidePx"":0},{""x"":1076,""y"":849.3,""t"":2078,""outside"":false,""outsidePx"":0},{""x"":1080.7,""y"":846,""t"":2095,""outside"":false,""outsidePx"":0},{""x"":1086,""y"":842.7,""t"":2111,""outside"":false,""outsidePx"":0},{""x"":1091.3,""y"":839.3,""t"":2126,""outside"":false,""outsidePx"":0},{""x"":1098.7,""y"":835.3,""t"":2144,""outside"":false,""outsidePx"":0},{""x"":1108.7,""y"":828.7,""t"":2163,""outside"":false,""outsidePx"":0},{""x"":1119.3,""y"":821.3,""t"":2177,""outside"":false,""outsidePx"":0},{""x"":1132,""y"":814.7,""t"":2193,""outside"":false,""outsidePx"":0},{""x"":1146,""y"":807.3,""t"":2210,""outside"":false,""outsidePx"":0},{""x"":1156,""y"":800.7,""t"":2227,""outside"":false,""outsidePx"":0},{""x"":1163.3,""y"":797.3,""t"":2244,""outside"":false,""outsidePx"":0},{""x"":1168.7,""y"":792,""t"":2260,""outside"":false,""outsidePx"":0},{""x"":1175.3,""y"":788.7,""t"":2277,""outside"":false,""outsidePx"":0},{""x"":1184,""y"":781.3,""t"":2293,""outside"":false,""outsidePx"":0},{""x"":1194.7,""y"":774.7,""t"":2311,""outside"":false,""outsidePx"":0},{""x"":1206.7,""y"":767.3,""t"":2328,""outside"":false,""outsidePx"":0},{""x"":1219.3,""y"":758.7,""t"":2344,""outside"":false,""outsidePx"":0},{""x"":1233.3,""y"":750,""t"":2361,""outside"":false,""outsidePx"":0},{""x"":1244,""y"":742.7,""t"":2377,""outside"":false,""outsidePx"":0},{""x"":1254,""y"":736,""t"":2393,""outside"":false,""outsidePx"":0},{""x"":1262.7,""y"":730.7,""t"":2410,""outside"":false,""outsidePx"":0},{""x"":1273.3,""y"":723.3,""t"":2429,""outside"":false,""outsidePx"":0},{""x"":1280.7,""y"":718.7,""t"":2444,""outside"":false,""outsidePx"":0},{""x"":1294.7,""y"":708,""t"":2461,""outside"":false,""outsidePx"":0},{""x"":1306.7,""y"":699.3,""t"":2477,""outside"":false,""outsidePx"":0},{""x"":1317.3,""y"":690.7,""t"":2495,""outside"":false,""outsidePx"":0},{""x"":1328,""y"":683.3,""t"":2511,""outside"":false,""outsidePx"":0},{""x"":1338,""y"":676.7,""t"":2527,""outside"":false,""outsidePx"":0},{""x"":1350.7,""y"":667.3,""t"":2543,""outside"":false,""outsidePx"":0},{""x"":1364.7,""y"":660.7,""t"":2560,""outside"":false,""outsidePx"":0},{""x"":1378.7,""y"":652,""t"":2577,""outside"":false,""outsidePx"":0},{""x"":1394,""y"":643.3,""t"":2595,""outside"":false,""outsidePx"":0},{""x"":1406.7,""y"":634.7,""t"":2610,""outside"":false,""outsidePx"":0},{""x"":1418.7,""y"":627.3,""t"":2629,""outside"":false,""outsidePx"":0},{""x"":1430.7,""y"":620.7,""t"":2644,""outside"":false,""outsidePx"":0},{""x"":1444.7,""y"":613.3,""t"":2661,""outside"":false,""outsidePx"":0},{""x"":1460.7,""y"":604.7,""t"":2677,""outside"":false,""outsidePx"":0},{""x"":1478,""y"":596,""t"":2696,""outside"":false,""outsidePx"":0},{""x"":1496,""y"":588.7,""t"":2709,""outside"":false,""outsidePx"":0},{""x"":1513.3,""y"":580,""t"":2727,""outside"":false,""outsidePx"":0},{""x"":1528.7,""y"":573.3,""t"":2743,""outside"":false,""outsidePx"":0},{""x"":1541.3,""y"":568,""t"":2759,""outside"":false,""outsidePx"":0},{""x"":1552,""y"":562.7,""t"":2776,""outside"":false,""outsidePx"":0},{""x"":1566,""y"":555.3,""t"":2793,""outside"":false,""outsidePx"":0},{""x"":1578,""y"":548.7,""t"":2810,""outside"":false,""outsidePx"":0},{""x"":1592,""y"":541.3,""t"":2827,""outside"":false,""outsidePx"":0},{""x"":1608,""y"":532.7,""t"":2845,""outside"":false,""outsidePx"":0},{""x"":1620,""y"":524,""t"":2862,""outside"":false,""outsidePx"":0},{""x"":1630.7,""y"":518.7,""t"":2879,""outside"":false,""outsidePx"":0},{""x"":1639.3,""y"":513.3,""t"":2896,""outside"":false,""outsidePx"":0},{""x"":1653.3,""y"":504.7,""t"":2910,""outside"":false,""outsidePx"":0},{""x"":1667.3,""y"":496,""t"":2927,""outside"":false,""outsidePx"":0},{""x"":1682.7,""y"":487.3,""t"":2943,""outside"":false,""outsidePx"":0},{""x"":1684.7,""y"":485.3,""t"":2961,""outside"":false,""outsidePx"":0},{""x"":1726.7,""y"":459.3,""t"":2979,""outside"":false,""outsidePx"":0},{""x"":1746,""y"":445.3,""t"":2993,""outside"":false,""outsidePx"":0},{""x"":1751.3,""y"":442,""t"":3001,""outside"":false,""outsidePx"":0}]"
motoe,main,practice,C3,距離大条件,W固定・A長い,35,675,19.286,3,53,113,113,114,2026-09-29T06:53:26.926Z,2026-09-29T06:53:28.011Z,1085,177,848,671,true,true,none,1768.7,448.7,1,false,0,0,0,false,[],"[{""x"":890.7,""y"":957.3,""t"":0,""outside"":false,""outsidePx"":0},{""x"":890.7,""y"":959.3,""t"":2,""outside"":false,""outsidePx"":0},{""x"":889.3,""y"":959.3,""t"":19,""outside"":false,""outsidePx"":0},{""x"":890,""y"":959.3,""t"":86,""outside"":false,""outsidePx"":0},{""x"":895.3,""y"":954.7,""t"":102,""outside"":false,""outsidePx"":0},{""x"":911.3,""y"":946,""t"":117,""outside"":false,""outsidePx"":0},{""x"":932,""y"":933.3,""t"":134,""outside"":false,""outsidePx"":0},{""x"":964,""y"":916,""t"":152,""outside"":false,""outsidePx"":0},{""x"":984.7,""y"":905.3,""t"":168,""outside"":false,""outsidePx"":0},{""x"":1002,""y"":896.7,""t"":184,""outside"":false,""outsidePx"":0},{""x"":1014.7,""y"":888,""t"":200,""outside"":false,""outsidePx"":0},{""x"":1026.7,""y"":881.3,""t"":219,""outside"":false,""outsidePx"":0},{""x"":1038.7,""y"":874,""t"":236,""outside"":false,""outsidePx"":0},{""x"":1049.3,""y"":867.3,""t"":251,""outside"":false,""outsidePx"":0},{""x"":1063.3,""y"":860,""t"":267,""outside"":false,""outsidePx"":0},{""x"":1074,""y"":853.3,""t"":284,""outside"":false,""outsidePx"":0},{""x"":1084.7,""y"":848,""t"":301,""outside"":false,""outsidePx"":0},{""x"":1093.3,""y"":842.7,""t"":317,""outside"":false,""outsidePx"":0},{""x"":1102,""y"":837.3,""t"":334,""outside"":false,""outsidePx"":0},{""x"":1112.7,""y"":830.7,""t"":350,""outside"":false,""outsidePx"":0},{""x"":1122.7,""y"":823.3,""t"":367,""outside"":false,""outsidePx"":0},{""x"":1135.3,""y"":816.7,""t"":384,""outside"":false,""outsidePx"":0},{""x"":1152.7,""y"":806,""t"":402,""outside"":false,""outsidePx"":0},{""x"":1166.7,""y"":797.3,""t"":420,""outside"":false,""outsidePx"":0},{""x"":1177.3,""y"":790,""t"":435,""outside"":false,""outsidePx"":0},{""x"":1191.3,""y"":783.3,""t"":450,""outside"":false,""outsidePx"":0},{""x"":1203.3,""y"":774.7,""t"":467,""outside"":false,""outsidePx"":0},{""x"":1216,""y"":767.3,""t"":484,""outside"":false,""outsidePx"":0},{""x"":1231.3,""y"":758.7,""t"":500,""outside"":false,""outsidePx"":0},{""x"":1244,""y"":750,""t"":517,""outside"":false,""outsidePx"":0},{""x"":1256,""y"":742.7,""t"":533,""outside"":false,""outsidePx"":0},{""x"":1268,""y"":736,""t"":551,""outside"":false,""outsidePx"":0},{""x"":1280.7,""y"":727.3,""t"":567,""outside"":false,""outsidePx"":0},{""x"":1294.7,""y"":718.7,""t"":583,""outside"":false,""outsidePx"":0},{""x"":1310,""y"":708,""t"":600,""outside"":false,""outsidePx"":0},{""x"":1326,""y"":699.3,""t"":618,""outside"":false,""outsidePx"":0},{""x"":1343.3,""y"":688.7,""t"":636,""outside"":false,""outsidePx"":0},{""x"":1357.3,""y"":680,""t"":651,""outside"":false,""outsidePx"":0},{""x"":1371.3,""y"":671.3,""t"":667,""outside"":false,""outsidePx"":0},{""x"":1387.3,""y"":660.7,""t"":684,""outside"":false,""outsidePx"":0},{""x"":1404.7,""y"":650,""t"":701,""outside"":false,""outsidePx"":0},{""x"":1422,""y"":639.3,""t"":717,""outside"":false,""outsidePx"":0},{""x"":1438,""y"":630.7,""t"":734,""outside"":false,""outsidePx"":0},{""x"":1454,""y"":620.7,""t"":750,""outside"":false,""outsidePx"":0},{""x"":1469.3,""y"":611.3,""t"":767,""outside"":false,""outsidePx"":0},{""x"":1488.7,""y"":601.3,""t"":783,""outside"":false,""outsidePx"":0},{""x"":1511.3,""y"":588.7,""t"":801,""outside"":false,""outsidePx"":0},{""x"":1530.7,""y"":576.7,""t"":818,""outside"":false,""outsidePx"":0},{""x"":1556.7,""y"":562.7,""t"":834,""outside"":false,""outsidePx"":0},{""x"":1576,""y"":552,""t"":850,""outside"":false,""outsidePx"":0},{""x"":1594,""y"":541.3,""t"":867,""outside"":false,""outsidePx"":0},{""x"":1608,""y"":532.7,""t"":884,""outside"":false,""outsidePx"":0},{""x"":1623.3,""y"":526,""t"":900,""outside"":false,""outsidePx"":0},{""x"":1636,""y"":518.7,""t"":917,""outside"":false,""outsidePx"":0},{""x"":1651.3,""y"":512,""t"":933,""outside"":false,""outsidePx"":0},{""x"":1665.3,""y"":504.7,""t"":950,""outside"":false,""outsidePx"":0},{""x"":1679.3,""y"":498,""t"":967,""outside"":false,""outsidePx"":0},{""x"":1693.3,""y"":490.7,""t"":983,""outside"":false,""outsidePx"":0},{""x"":1707.3,""y"":484,""t"":1001,""outside"":false,""outsidePx"":0},{""x"":1720,""y"":476.7,""t"":1017,""outside"":false,""outsidePx"":0},{""x"":1734,""y"":470,""t"":1035,""outside"":false,""outsidePx"":0},{""x"":1744,""y"":464.7,""t"":1050,""outside"":false,""outsidePx"":0},{""x"":1756.7,""y"":456,""t"":1067,""outside"":false,""outsidePx"":0},{""x"":1766.7,""y"":448.7,""t"":1083,""outside"":false,""outsidePx"":0},{""x"":1768.7,""y"":448.7,""t"":1085,""outside"":false,""outsidePx"":0}]"
motoe,main,practice,C3,距離大条件,W固定・A長い,35,675,19.286,3,54,114,114,115,2026-09-29T06:53:28.774Z,2026-09-29T06:53:29.882Z,1108,218,895,677,false,true,near_goal_pointerup,1812.7,443.3,1,true,1,72,9.2,false,"[{""startMs"":1036,""startX"":1742.7,""startY"":473.3,""maxOutsidePx"":9.2,""endMs"":1108,""endX"":1812.7,""endY"":443.3,""durationMs"":72}]","[{""x"":862.7,""y"":957.3,""t"":0,""outside"":false,""outsidePx"":0},{""x"":862.7,""y"":959.3,""t"":7,""outside"":false,""outsidePx"":0},{""x"":864,""y"":959.3,""t"":33,""outside"":false,""outsidePx"":0},{""x"":869.3,""y"":959.3,""t"":52,""outside"":false,""outsidePx"":0},{""x"":874.7,""y"":956.7,""t"":69,""outside"":false,""outsidePx"":0},{""x"":883.3,""y"":952.7,""t"":87,""outside"":false,""outsidePx"":0},{""x"":895.3,""y"":947.3,""t"":104,""outside"":false,""outsidePx"":0},{""x"":911.3,""y"":938.7,""t"":122,""outside"":false,""outsidePx"":0},{""x"":928.7,""y"":926.7,""t"":138,""outside"":false,""outsidePx"":0},{""x"":944.7,""y"":918,""t"":155,""outside"":false,""outsidePx"":0},{""x"":956.7,""y"":910.7,""t"":170,""outside"":false,""outsidePx"":0},{""x"":974,""y"":900.7,""t"":190,""outside"":false,""outsidePx"":0},{""x"":982.7,""y"":895.3,""t"":209,""outside"":false,""outsidePx"":0},{""x"":990,""y"":890,""t"":220,""outside"":false,""outsidePx"":0},{""x"":1002,""y"":882.7,""t"":238,""outside"":false,""outsidePx"":0},{""x"":1012.7,""y"":877.3,""t"":254,""outside"":false,""outsidePx"":0},{""x"":1026.7,""y"":870.7,""t"":271,""outside"":false,""outsidePx"":0},{""x"":1040.7,""y"":862,""t"":288,""outside"":false,""outsidePx"":0},{""x"":1056.7,""y"":851.3,""t"":305,""outside"":false,""outsidePx"":0},{""x"":1079.3,""y"":839.3,""t"":323,""outside"":false,""outsidePx"":0},{""x"":1098.7,""y"":828.7,""t"":337,""outside"":false,""outsidePx"":0},{""x"":1126.7,""y"":814.7,""t"":356,""outside"":false,""outsidePx"":0},{""x"":1147.3,""y"":804,""t"":372,""outside"":false,""outsidePx"":0},{""x"":1177.3,""y"":786.7,""t"":389,""outside"":false,""outsidePx"":0},{""x"":1202,""y"":774.7,""t"":407,""outside"":false,""outsidePx"":0},{""x"":1214,""y"":767.3,""t"":420,""outside"":false,""outsidePx"":0},{""x"":1231.3,""y"":756.7,""t"":439,""outside"":false,""outsidePx"":0},{""x"":1244,""y"":748,""t"":454,""outside"":false,""outsidePx"":0},{""x"":1262.7,""y"":737.3,""t"":473,""outside"":false,""outsidePx"":0},{""x"":1280.7,""y"":727.3,""t"":489,""outside"":false,""outsidePx"":0},{""x"":1303.3,""y"":716.7,""t"":505,""outside"":false,""outsidePx"":0},{""x"":1324,""y"":704.7,""t"":523,""outside"":false,""outsidePx"":0},{""x"":1336.7,""y"":699.3,""t"":537,""outside"":false,""outsidePx"":0},{""x"":1348.7,""y"":694,""t"":554,""outside"":false,""outsidePx"":0},{""x"":1354,""y"":690.7,""t"":570,""outside"":false,""outsidePx"":0},{""x"":1356,""y"":688.7,""t"":587,""outside"":false,""outsidePx"":0},{""x"":1359.3,""y"":688.7,""t"":605,""outside"":false,""outsidePx"":0},{""x"":1362.7,""y"":685.3,""t"":621,""outside"":false,""outsidePx"":0},{""x"":1373.3,""y"":680,""t"":641,""outside"":false,""outsidePx"":0},{""x"":1378.7,""y"":676.7,""t"":654,""outside"":false,""outsidePx"":0},{""x"":1385.3,""y"":672.7,""t"":671,""outside"":false,""outsidePx"":0},{""x"":1392.7,""y"":667.3,""t"":689,""outside"":false,""outsidePx"":0},{""x"":1398,""y"":664,""t"":707,""outside"":false,""outsidePx"":0},{""x"":1402.7,""y"":660.7,""t"":723,""outside"":false,""outsidePx"":0},{""x"":1410,""y"":655.3,""t"":736,""outside"":false,""outsidePx"":0},{""x"":1422,""y"":648.7,""t"":755,""outside"":false,""outsidePx"":0},{""x"":1434.7,""y"":639.3,""t"":772,""outside"":false,""outsidePx"":0},{""x"":1450,""y"":630.7,""t"":787,""outside"":false,""outsidePx"":0},{""x"":1469.3,""y"":616.7,""t"":806,""outside"":false,""outsidePx"":0},{""x"":1490.7,""y"":604.7,""t"":822,""outside"":false,""outsidePx"":0},{""x"":1508,""y"":594,""t"":839,""outside"":false,""outsidePx"":0},{""x"":1530.7,""y"":582,""t"":855,""outside"":false,""outsidePx"":0},{""x"":1550,""y"":569.3,""t"":876,""outside"":false,""outsidePx"":0},{""x"":1566,""y"":559.3,""t"":887,""outside"":false,""outsidePx"":0},{""x"":1586.7,""y"":546.7,""t"":908,""outside"":false,""outsidePx"":0},{""x"":1602.7,""y"":538,""t"":922,""outside"":false,""outsidePx"":0},{""x"":1614.7,""y"":531.3,""t"":936,""outside"":false,""outsidePx"":0},{""x"":1636,""y"":522.7,""t"":953,""outside"":false,""outsidePx"":0},{""x"":1656.7,""y"":513.3,""t"":971,""outside"":false,""outsidePx"":0},{""x"":1688,""y"":498,""t"":992,""outside"":false,""outsidePx"":0},{""x"":1698.7,""y"":492.7,""t"":1003,""outside"":false,""outsidePx"":0},{""x"":1721.3,""y"":482,""t"":1019,""outside"":false,""outsidePx"":0},{""x"":1742.7,""y"":473.3,""t"":1036,""outside"":true,""outsidePx"":0.2},{""x"":1766.7,""y"":462.7,""t"":1054,""outside"":true,""outsidePx"":3},{""x"":1788,""y"":454,""t"":1069,""outside"":true,""outsidePx"":6.1},{""x"":1807.3,""y"":445.3,""t"":1086,""outside"":true,""outsidePx"":8.3},{""x"":1812.7,""y"":443.3,""t"":1102,""outside"":true,""outsidePx"":9.2}]"
motoe,main,practice,C3,距離大条件,W固定・A長い,35,675,19.286,3,55,115,115,116,2026-09-29T06:53:30.683Z,2026-09-29T06:53:31.828Z,1145,237,894,657,true,true,deviation,1802,438.7,1,true,3,117,0.9,false,"[{""startMs"":976,""startX"":1664,""startY"":518.7,""maxOutsidePx"":0.4,""endMs"":1009,""endX"":1686.7,""endY"":504.7,""durationMs"":33},{""startMs"":1025,""startX"":1695.3,""startY"":501.3,""maxOutsidePx"":0.8,""endMs"":1042,""endX"":1702,""endY"":496,""durationMs"":17},{""startMs"":1059,""startX"":1712.7,""startY"":490.7,""maxOutsidePx"":0.9,""endMs"":1126,""endX"":1786,""endY"":447.3,""durationMs"":67}]","[{""x"":866.7,""y"":968.7,""t"":0,""outside"":false,""outsidePx"":0},{""x"":864.7,""y"":966.7,""t"":9,""outside"":false,""outsidePx"":0},{""x"":862.7,""y"":966.7,""t"":28,""outside"":false,""outsidePx"":0},{""x"":862.7,""y"":965.3,""t"":46,""outside"":false,""outsidePx"":0},{""x"":862.7,""y"":963.3,""t"":65,""outside"":false,""outsidePx"":0},{""x"":866,""y"":961.3,""t"":76,""outside"":false,""outsidePx"":0},{""x"":874.7,""y"":956.7,""t"":94,""outside"":false,""outsidePx"":0},{""x"":886.7,""y"":949.3,""t"":110,""outside"":false,""outsidePx"":0},{""x"":895.3,""y"":944,""t"":127,""outside"":false,""outsidePx"":0},{""x"":906,""y"":938.7,""t"":143,""outside"":false,""outsidePx"":0},{""x"":920,""y"":932,""t"":159,""outside"":false,""outsidePx"":0},{""x"":934,""y"":923.3,""t"":176,""outside"":false,""outsidePx"":0},{""x"":946,""y"":916,""t"":192,""outside"":false,""outsidePx"":0},{""x"":962,""y"":905.3,""t"":209,""outside"":false,""outsidePx"":0},{""x"":979.3,""y"":895.3,""t"":226,""outside"":false,""outsidePx"":0},{""x"":993.3,""y"":886.7,""t"":243,""outside"":false,""outsidePx"":0},{""x"":1006,""y"":877.3,""t"":259,""outside"":false,""outsidePx"":0},{""x"":1014.7,""y"":872.7,""t"":276,""outside"":false,""outsidePx"":0},{""x"":1021.3,""y"":868.7,""t"":292,""outside"":false,""outsidePx"":0},{""x"":1028.7,""y"":862,""t"":309,""outside"":false,""outsidePx"":0},{""x"":1037.3,""y"":856.7,""t"":326,""outside"":false,""outsidePx"":0},{""x"":1046,""y"":849.3,""t"":343,""outside"":false,""outsidePx"":0},{""x"":1058,""y"":840.7,""t"":360,""outside"":false,""outsidePx"":0},{""x"":1074,""y"":830.7,""t"":376,""outside"":false,""outsidePx"":0},{""x"":1093.3,""y"":818,""t"":392,""outside"":false,""outsidePx"":0},{""x"":1108.7,""y"":807.3,""t"":409,""outside"":false,""outsidePx"":0},{""x"":1126.7,""y"":797.3,""t"":426,""outside"":false,""outsidePx"":0},{""x"":1142,""y"":786.7,""t"":442,""outside"":false,""outsidePx"":0},{""x"":1156,""y"":778,""t"":459,""outside"":false,""outsidePx"":0},{""x"":1172,""y"":770.7,""t"":476,""outside"":false,""outsidePx"":0},{""x"":1186,""y"":764,""t"":492,""outside"":false,""outsidePx"":0},{""x"":1202,""y"":756.7,""t"":509,""outside"":false,""outsidePx"":0},{""x"":1214,""y"":750,""t"":526,""outside"":false,""outsidePx"":0},{""x"":1224.7,""y"":744.7,""t"":542,""outside"":false,""outsidePx"":0},{""x"":1234.7,""y"":739.3,""t"":559,""outside"":false,""outsidePx"":0},{""x"":1242,""y"":734,""t"":576,""outside"":false,""outsidePx"":0},{""x"":1248.7,""y"":730.7,""t"":592,""outside"":false,""outsidePx"":0},{""x"":1256,""y"":725.3,""t"":609,""outside"":false,""outsidePx"":0},{""x"":1266.7,""y"":720,""t"":626,""outside"":false,""outsidePx"":0},{""x"":1276.7,""y"":713.3,""t"":642,""outside"":false,""outsidePx"":0},{""x"":1287.3,""y"":708,""t"":659,""outside"":false,""outsidePx"":0},{""x"":1300,""y"":700.7,""t"":676,""outside"":false,""outsidePx"":0},{""x"":1315.3,""y"":692,""t"":692,""outside"":false,""outsidePx"":0},{""x"":1332.7,""y"":683.3,""t"":709,""outside"":false,""outsidePx"":0},{""x"":1350.7,""y"":672.7,""t"":726,""outside"":false,""outsidePx"":0},{""x"":1366,""y"":664,""t"":742,""outside"":false,""outsidePx"":0},{""x"":1385.3,""y"":653.3,""t"":759,""outside"":false,""outsidePx"":0},{""x"":1410,""y"":643.3,""t"":775,""outside"":false,""outsidePx"":0},{""x"":1432.7,""y"":630.7,""t"":792,""outside"":false,""outsidePx"":0},{""x"":1458.7,""y"":616.7,""t"":809,""outside"":false,""outsidePx"":0},{""x"":1486.7,""y"":604.7,""t"":825,""outside"":false,""outsidePx"":0},{""x"":1513.3,""y"":592.7,""t"":842,""outside"":false,""outsidePx"":0},{""x"":1539.3,""y"":582,""t"":859,""outside"":false,""outsidePx"":0},{""x"":1558.7,""y"":571.3,""t"":876,""outside"":false,""outsidePx"":0},{""x"":1576,""y"":562.7,""t"":892,""outside"":false,""outsidePx"":0},{""x"":1594,""y"":554,""t"":909,""outside"":false,""outsidePx"":0},{""x"":1611.3,""y"":546.7,""t"":925,""outside"":false,""outsidePx"":0},{""x"":1628.7,""y"":538,""t"":942,""outside"":false,""outsidePx"":0},{""x"":1646,""y"":527.3,""t"":959,""outside"":false,""outsidePx"":0},{""x"":1664,""y"":518.7,""t"":976,""outside"":true,""outsidePx"":0.1},{""x"":1676,""y"":512,""t"":992,""outside"":true,""outsidePx"":0.4},{""x"":1686.7,""y"":504.7,""t"":1009,""outside"":false,""outsidePx"":0},{""x"":1695.3,""y"":501.3,""t"":1025,""outside"":true,""outsidePx"":0.8},{""x"":1702,""y"":496,""t"":1042,""outside"":false,""outsidePx"":0},{""x"":1712.7,""y"":490.7,""t"":1059,""outside"":true,""outsidePx"":0.2},{""x"":1724.7,""y"":484,""t"":1076,""outside"":true,""outsidePx"":0.5},{""x"":1744,""y"":473.3,""t"":1092,""outside"":true,""outsidePx"":0.9},{""x"":1766.7,""y"":459.3,""t"":1109,""outside"":true,""outsidePx"":0.1},{""x"":1786,""y"":447.3,""t"":1126,""outside"":false,""outsidePx"":0},{""x"":1800,""y"":438.7,""t"":1142,""outside"":false,""outsidePx"":0},{""x"":1802,""y"":438.7,""t"":1144,""outside"":false,""outsidePx"":0}]"
