participantId,experimentMode,phase,conditionId,conditionName,conditionLabel,width,amplitude,steeringId,conditionOrder,trialInCondition,trialInPhase,totalTrial,attemptNumber,startedAtIso,endedAtIso,mtMs,coreEntryMs,coreExitMs,coreMtMs,success,countedAsTrial,errorType,endpointX,endpointY,pathProgress,deviated,deviationCount,deviationTotalMs,maxDeviationPx,excessiveDeviation,deviationEvents,trajectory
hayashi,main,practice,C1,幅広条件,A固定・W広い,70,675,9.643,1,1,1,1,1,2026-09-29T07:48:03.896Z,2026-09-29T07:48:04.670Z,773,103,507,404,true,true,none,1688,470,1,false,0,0,0,false,[],"[{""x"":889.3,""y"":957.3,""t"":0,""outside"":false,""outsidePx"":0},{""x"":889.3,""y"":957.3,""t"":25,""outside"":false,""outsidePx"":0},{""x"":889.3,""y"":956.7,""t"":39,""outside"":false,""outsidePx"":0},{""x"":898.7,""y"":946,""t"":59,""outside"":false,""outsidePx"":0},{""x"":916.7,""y"":935.3,""t"":73,""outside"":false,""outsidePx"":0},{""x"":986.7,""y"":902,""t"":100,""outside"":false,""outsidePx"":0},{""x"":1037.3,""y"":877.3,""t"":120,""outside"":false,""outsidePx"":0},{""x"":1086,""y"":853.3,""t"":137,""outside"":false,""outsidePx"":0},{""x"":1130,""y"":830.7,""t"":153,""outside"":false,""outsidePx"":0},{""x"":1168.7,""y"":811.3,""t"":170,""outside"":false,""outsidePx"":0},{""x"":1205.3,""y"":788.7,""t"":186,""outside"":false,""outsidePx"":0},{""x"":1231.3,""y"":770.7,""t"":202,""outside"":false,""outsidePx"":0},{""x"":1258,""y"":755.3,""t"":219,""outside"":false,""outsidePx"":0},{""x"":1280.7,""y"":744.7,""t"":236,""outside"":false,""outsidePx"":0},{""x"":1306.7,""y"":732.7,""t"":252,""outside"":false,""outsidePx"":0},{""x"":1329.3,""y"":720,""t"":269,""outside"":false,""outsidePx"":0},{""x"":1354,""y"":706,""t"":286,""outside"":false,""outsidePx"":0},{""x"":1374.7,""y"":694,""t"":304,""outside"":false,""outsidePx"":0},{""x"":1388.7,""y"":683.3,""t"":320,""outside"":false,""outsidePx"":0},{""x"":1406.7,""y"":672.7,""t"":336,""outside"":false,""outsidePx"":0},{""x"":1424,""y"":660.7,""t"":354,""outside"":false,""outsidePx"":0},{""x"":1441.3,""y"":650,""t"":369,""outside"":false,""outsidePx"":0},{""x"":1464,""y"":636,""t"":387,""outside"":false,""outsidePx"":0},{""x"":1485.3,""y"":622,""t"":403,""outside"":false,""outsidePx"":0},{""x"":1502.7,""y"":608,""t"":420,""outside"":false,""outsidePx"":0},{""x"":1518.7,""y"":596,""t"":436,""outside"":false,""outsidePx"":0},{""x"":1528.7,""y"":585.3,""t"":453,""outside"":false,""outsidePx"":0},{""x"":1541.3,""y"":576.7,""t"":469,""outside"":false,""outsidePx"":0},{""x"":1555.3,""y"":564.7,""t"":487,""outside"":false,""outsidePx"":0},{""x"":1570.7,""y"":555.3,""t"":503,""outside"":false,""outsidePx"":0},{""x"":1584.7,""y"":545.3,""t"":521,""outside"":false,""outsidePx"":0},{""x"":1602.7,""y"":534.7,""t"":536,""outside"":false,""outsidePx"":0},{""x"":1618,""y"":524,""t"":553,""outside"":false,""outsidePx"":0},{""x"":1630.7,""y"":513.3,""t"":569,""outside"":false,""outsidePx"":0},{""x"":1640.7,""y"":504.7,""t"":586,""outside"":false,""outsidePx"":0},{""x"":1650,""y"":498,""t"":603,""outside"":false,""outsidePx"":0},{""x"":1656.7,""y"":492.7,""t"":619,""outside"":false,""outsidePx"":0},{""x"":1665.3,""y"":485.3,""t"":636,""outside"":false,""outsidePx"":0},{""x"":1676,""y"":478.7,""t"":653,""outside"":false,""outsidePx"":0},{""x"":1684.7,""y"":471.3,""t"":668,""outside"":false,""outsidePx"":0},{""x"":1688,""y"":470,""t"":686,""outside"":false,""outsidePx"":0}]"
hayashi,main,practice,C1,幅広条件,A固定・W広い,70,675,9.643,1,2,2,2,2,2026-09-29T07:48:05.142Z,2026-09-29T07:48:05.968Z,827,147,595,448,true,true,none,1678,475.3,1,false,0,0,0,false,[],"[{""x"":848.7,""y"":934.7,""t"":0,""outside"":false,""outsidePx"":0},{""x"":850,""y"":934.7,""t"":34,""outside"":false,""outsidePx"":0},{""x"":852,""y"":933.3,""t"":44,""outside"":false,""outsidePx"":0},{""x"":862,""y"":926.7,""t"":61,""outside"":false,""outsidePx"":0},{""x"":876,""y"":919.3,""t"":77,""outside"":false,""outsidePx"":0},{""x"":897.3,""y"":909.3,""t"":94,""outside"":false,""outsidePx"":0},{""x"":922,""y"":896.7,""t"":111,""outside"":false,""outsidePx"":0},{""x"":946,""y"":886.7,""t"":127,""outside"":false,""outsidePx"":0},{""x"":974,""y"":876,""t"":144,""outside"":false,""outsidePx"":0},{""x"":1004,""y"":865.3,""t"":161,""outside"":false,""outsidePx"":0},{""x"":1030,""y"":856.7,""t"":177,""outside"":false,""outsidePx"":0},{""x"":1052.7,""y"":846,""t"":194,""outside"":false,""outsidePx"":0},{""x"":1072,""y"":835.3,""t"":211,""outside"":false,""outsidePx"":0},{""x"":1088,""y"":828.7,""t"":227,""outside"":false,""outsidePx"":0},{""x"":1100,""y"":823.3,""t"":244,""outside"":false,""outsidePx"":0},{""x"":1108.7,""y"":820,""t"":261,""outside"":false,""outsidePx"":0},{""x"":1114,""y"":818,""t"":277,""outside"":false,""outsidePx"":0},{""x"":1122.7,""y"":812.7,""t"":294,""outside"":false,""outsidePx"":0},{""x"":1135.3,""y"":806,""t"":311,""outside"":false,""outsidePx"":0},{""x"":1150.7,""y"":795.3,""t"":327,""outside"":false,""outsidePx"":0},{""x"":1175.3,""y"":781.3,""t"":344,""outside"":false,""outsidePx"":0},{""x"":1212,""y"":760.7,""t"":361,""outside"":false,""outsidePx"":0},{""x"":1247.3,""y"":742.7,""t"":377,""outside"":false,""outsidePx"":0},{""x"":1284,""y"":720,""t"":394,""outside"":false,""outsidePx"":0},{""x"":1322.7,""y"":700.7,""t"":411,""outside"":false,""outsidePx"":0},{""x"":1352,""y"":685.3,""t"":427,""outside"":false,""outsidePx"":0},{""x"":1380,""y"":669.3,""t"":444,""outside"":false,""outsidePx"":0},{""x"":1406.7,""y"":653.3,""t"":460,""outside"":false,""outsidePx"":0},{""x"":1426,""y"":641.3,""t"":477,""outside"":false,""outsidePx"":0},{""x"":1443.3,""y"":630.7,""t"":494,""outside"":false,""outsidePx"":0},{""x"":1460.7,""y"":616.7,""t"":510,""outside"":false,""outsidePx"":0},{""x"":1478,""y"":602.7,""t"":527,""outside"":false,""outsidePx"":0},{""x"":1499.3,""y"":587.3,""t"":544,""outside"":false,""outsidePx"":0},{""x"":1522,""y"":573.3,""t"":561,""outside"":false,""outsidePx"":0},{""x"":1542.7,""y"":559.3,""t"":577,""outside"":false,""outsidePx"":0},{""x"":1566,""y"":545.3,""t"":594,""outside"":false,""outsidePx"":0},{""x"":1590,""y"":531.3,""t"":611,""outside"":false,""outsidePx"":0},{""x"":1611.3,""y"":517.3,""t"":627,""outside"":false,""outsidePx"":0},{""x"":1636,""y"":503.3,""t"":644,""outside"":false,""outsidePx"":0},{""x"":1653.3,""y"":490.7,""t"":660,""outside"":false,""outsidePx"":0},{""x"":1664,""y"":484,""t"":677,""outside"":false,""outsidePx"":0},{""x"":1668.7,""y"":480.7,""t"":694,""outside"":false,""outsidePx"":0},{""x"":1672.7,""y"":478.7,""t"":711,""outside"":false,""outsidePx"":0},{""x"":1672.7,""y"":476.7,""t"":728,""outside"":false,""outsidePx"":0},{""x"":1674,""y"":475.3,""t"":744,""outside"":false,""outsidePx"":0},{""x"":1678,""y"":475.3,""t"":761,""outside"":false,""outsidePx"":0}]"
hayashi,main,practice,C1,幅広条件,A固定・W広い,70,675,9.643,1,3,3,3,3,2026-09-29T07:48:06.443Z,2026-09-29T07:48:07.121Z,678,109,452,343,true,true,none,1721.3,461.3,1,false,0,0,0,false,[],"[{""x"":882,""y"":954,""t"":0,""outside"":false,""outsidePx"":0},{""x"":883.3,""y"":954,""t"":23,""outside"":false,""outsidePx"":0},{""x"":884.7,""y"":954,""t"":29,""outside"":false,""outsidePx"":0},{""x"":892,""y"":949.3,""t"":42,""outside"":false,""outsidePx"":0},{""x"":908,""y"":937.3,""t"":59,""outside"":false,""outsidePx"":0},{""x"":928.7,""y"":921.3,""t"":75,""outside"":false,""outsidePx"":0},{""x"":951.3,""y"":902,""t"":92,""outside"":false,""outsidePx"":0},{""x"":982.7,""y"":881.3,""t"":108,""outside"":false,""outsidePx"":0},{""x"":1016,""y"":858.7,""t"":125,""outside"":false,""outsidePx"":0},{""x"":1058,""y"":834,""t"":142,""outside"":false,""outsidePx"":0},{""x"":1096.7,""y"":812.7,""t"":158,""outside"":false,""outsidePx"":0},{""x"":1136.7,""y"":792,""t"":175,""outside"":false,""outsidePx"":0},{""x"":1172,""y"":776,""t"":192,""outside"":false,""outsidePx"":0},{""x"":1210.7,""y"":758.7,""t"":208,""outside"":false,""outsidePx"":0},{""x"":1240,""y"":746.7,""t"":225,""outside"":false,""outsidePx"":0},{""x"":1270,""y"":734,""t"":242,""outside"":false,""outsidePx"":0},{""x"":1300,""y"":722,""t"":258,""outside"":false,""outsidePx"":0},{""x"":1326,""y"":708,""t"":275,""outside"":false,""outsidePx"":0},{""x"":1354,""y"":694,""t"":292,""outside"":false,""outsidePx"":0},{""x"":1384,""y"":680,""t"":308,""outside"":false,""outsidePx"":0},{""x"":1415.3,""y"":664,""t"":325,""outside"":false,""outsidePx"":0},{""x"":1443.3,""y"":648.7,""t"":342,""outside"":false,""outsidePx"":0},{""x"":1471.3,""y"":632.7,""t"":358,""outside"":false,""outsidePx"":0},{""x"":1494,""y"":620.7,""t"":375,""outside"":false,""outsidePx"":0},{""x"":1511.3,""y"":608,""t"":392,""outside"":false,""outsidePx"":0},{""x"":1528.7,""y"":594,""t"":408,""outside"":false,""outsidePx"":0},{""x"":1546.7,""y"":580,""t"":425,""outside"":false,""outsidePx"":0},{""x"":1564,""y"":566,""t"":442,""outside"":false,""outsidePx"":0},{""x"":1583.3,""y"":550.7,""t"":459,""outside"":false,""outsidePx"":0},{""x"":1602.7,""y"":538,""t"":475,""outside"":false,""outsidePx"":0},{""x"":1626.7,""y"":522.7,""t"":492,""outside"":false,""outsidePx"":0},{""x"":1651.3,""y"":508.7,""t"":508,""outside"":false,""outsidePx"":0},{""x"":1674,""y"":492.7,""t"":525,""outside"":false,""outsidePx"":0},{""x"":1695.3,""y"":478.7,""t"":542,""outside"":false,""outsidePx"":0},{""x"":1709.3,""y"":470,""t"":558,""outside"":false,""outsidePx"":0},{""x"":1718,""y"":462.7,""t"":575,""outside"":false,""outsidePx"":0},{""x"":1721.3,""y"":461.3,""t"":592,""outside"":false,""outsidePx"":0}]"
hayashi,main,practice,C1,幅広条件,A固定・W広い,70,675,9.643,1,4,4,4,4,2026-09-29T07:48:07.614Z,2026-09-29T07:48:08.301Z,687,104,465,361,true,true,none,1732,471.3,1,false,0,0,0,false,[],"[{""x"":856,""y"":971.3,""t"":0,""outside"":false,""outsidePx"":0},{""x"":856.7,""y"":971.3,""t"":33,""outside"":false,""outsidePx"":0},{""x"":858.7,""y"":970.7,""t"":38,""outside"":false,""outsidePx"":0},{""x"":881.3,""y"":956.7,""t"":55,""outside"":false,""outsidePx"":0},{""x"":922,""y"":935.3,""t"":71,""outside"":false,""outsidePx"":0},{""x"":953.3,""y"":916,""t"":88,""outside"":false,""outsidePx"":0},{""x"":992,""y"":891.3,""t"":105,""outside"":false,""outsidePx"":0},{""x"":1021.3,""y"":874,""t"":121,""outside"":false,""outsidePx"":0},{""x"":1049.3,""y"":860,""t"":138,""outside"":false,""outsidePx"":0},{""x"":1077.3,""y"":844.7,""t"":155,""outside"":false,""outsidePx"":0},{""x"":1102,""y"":832,""t"":171,""outside"":false,""outsidePx"":0},{""x"":1124.7,""y"":820,""t"":188,""outside"":false,""outsidePx"":0},{""x"":1154.7,""y"":806,""t"":205,""outside"":false,""outsidePx"":0},{""x"":1189.3,""y"":788.7,""t"":221,""outside"":false,""outsidePx"":0},{""x"":1217.3,""y"":776,""t"":238,""outside"":false,""outsidePx"":0},{""x"":1244,""y"":762,""t"":255,""outside"":false,""outsidePx"":0},{""x"":1268,""y"":748,""t"":271,""outside"":false,""outsidePx"":0},{""x"":1290.7,""y"":736,""t"":288,""outside"":false,""outsidePx"":0},{""x"":1315.3,""y"":720,""t"":305,""outside"":false,""outsidePx"":0},{""x"":1340,""y"":702.7,""t"":321,""outside"":false,""outsidePx"":0},{""x"":1362.7,""y"":686.7,""t"":338,""outside"":false,""outsidePx"":0},{""x"":1388.7,""y"":669.3,""t"":355,""outside"":false,""outsidePx"":0},{""x"":1418.7,""y"":650,""t"":371,""outside"":false,""outsidePx"":0},{""x"":1446.7,""y"":630.7,""t"":388,""outside"":false,""outsidePx"":0},{""x"":1474.7,""y"":610,""t"":405,""outside"":false,""outsidePx"":0},{""x"":1506,""y"":588.7,""t"":421,""outside"":false,""outsidePx"":0},{""x"":1528.7,""y"":574.7,""t"":438,""outside"":false,""outsidePx"":0},{""x"":1555.3,""y"":560.7,""t"":455,""outside"":false,""outsidePx"":0},{""x"":1583.3,""y"":546.7,""t"":471,""outside"":false,""outsidePx"":0},{""x"":1608,""y"":534.7,""t"":488,""outside"":false,""outsidePx"":0},{""x"":1637.3,""y"":518.7,""t"":504,""outside"":false,""outsidePx"":0},{""x"":1664,""y"":504.7,""t"":521,""outside"":false,""outsidePx"":0},{""x"":1684.7,""y"":496,""t"":538,""outside"":false,""outsidePx"":0},{""x"":1704,""y"":487.3,""t"":555,""outside"":false,""outsidePx"":0},{""x"":1714.7,""y"":482,""t"":571,""outside"":false,""outsidePx"":0},{""x"":1723.3,""y"":476.7,""t"":588,""outside"":false,""outsidePx"":0},{""x"":1726.7,""y"":475.3,""t"":605,""outside"":false,""outsidePx"":0},{""x"":1730,""y"":473.3,""t"":621,""outside"":false,""outsidePx"":0},{""x"":1732,""y"":471.3,""t"":638,""outside"":false,""outsidePx"":0}]"
hayashi,main,practice,C1,幅広条件,A固定・W広い,70,675,9.643,1,5,5,5,5,2026-09-29T07:48:08.819Z,2026-09-29T07:48:09.405Z,586,115,408,293,true,true,none,1744,452.7,1,false,0,0,0,false,[],"[{""x"":850.7,""y"":970,""t"":0,""outside"":false,""outsidePx"":0},{""x"":852,""y"":968.7,""t"":33,""outside"":false,""outsidePx"":0},{""x"":866,""y"":958,""t"":49,""outside"":false,""outsidePx"":0},{""x"":894,""y"":938.7,""t"":66,""outside"":false,""outsidePx"":0},{""x"":925.3,""y"":919.3,""t"":83,""outside"":false,""outsidePx"":0},{""x"":956.7,""y"":900.7,""t"":99,""outside"":false,""outsidePx"":0},{""x"":988,""y"":884.7,""t"":116,""outside"":false,""outsidePx"":0},{""x"":1018,""y"":867.3,""t"":132,""outside"":false,""outsidePx"":0},{""x"":1054.7,""y"":848,""t"":149,""outside"":false,""outsidePx"":0},{""x"":1091.3,""y"":826.7,""t"":166,""outside"":false,""outsidePx"":0},{""x"":1132,""y"":804,""t"":182,""outside"":false,""outsidePx"":0},{""x"":1166.7,""y"":786.7,""t"":199,""outside"":false,""outsidePx"":0},{""x"":1198,""y"":770.7,""t"":216,""outside"":false,""outsidePx"":0},{""x"":1228,""y"":755.3,""t"":232,""outside"":false,""outsidePx"":0},{""x"":1256,""y"":739.3,""t"":249,""outside"":false,""outsidePx"":0},{""x"":1286,""y"":722,""t"":266,""outside"":false,""outsidePx"":0},{""x"":1320.7,""y"":702.7,""t"":282,""outside"":false,""outsidePx"":0},{""x"":1354,""y"":685.3,""t"":299,""outside"":false,""outsidePx"":0},{""x"":1385.3,""y"":669.3,""t"":316,""outside"":false,""outsidePx"":0},{""x"":1420.7,""y"":650,""t"":332,""outside"":false,""outsidePx"":0},{""x"":1454,""y"":630.7,""t"":349,""outside"":false,""outsidePx"":0},{""x"":1483.3,""y"":611.3,""t"":366,""outside"":false,""outsidePx"":0},{""x"":1516.7,""y"":592.7,""t"":382,""outside"":false,""outsidePx"":0},{""x"":1553.3,""y"":569.3,""t"":399,""outside"":false,""outsidePx"":0},{""x"":1592,""y"":545.3,""t"":416,""outside"":false,""outsidePx"":0},{""x"":1625.3,""y"":524,""t"":432,""outside"":false,""outsidePx"":0},{""x"":1662,""y"":501.3,""t"":449,""outside"":false,""outsidePx"":0},{""x"":1693.3,""y"":482,""t"":466,""outside"":false,""outsidePx"":0},{""x"":1721.3,""y"":466.7,""t"":482,""outside"":false,""outsidePx"":0},{""x"":1737.3,""y"":456,""t"":499,""outside"":false,""outsidePx"":0},{""x"":1744,""y"":452.7,""t"":516,""outside"":false,""outsidePx"":0}]"
hayashi,main,practice,C1,幅広条件,A固定・W広い,70,675,9.643,1,6,6,6,6,2026-09-29T07:48:09.916Z,2026-09-29T07:48:10.527Z,612,128,427,299,true,true,none,1726.7,464.7,1,false,0,0,0,false,[],"[{""x"":875.3,""y"":954,""t"":0,""outside"":false,""outsidePx"":0},{""x"":876,""y"":954,""t"":55,""outside"":false,""outsidePx"":0},{""x"":883.3,""y"":947.3,""t"":69,""outside"":false,""outsidePx"":0},{""x"":902.7,""y"":935.3,""t"":85,""outside"":false,""outsidePx"":0},{""x"":930.7,""y"":919.3,""t"":102,""outside"":false,""outsidePx"":0},{""x"":960,""y"":900.7,""t"":119,""outside"":false,""outsidePx"":0},{""x"":1006,""y"":874,""t"":135,""outside"":false,""outsidePx"":0},{""x"":1051.3,""y"":849.3,""t"":152,""outside"":false,""outsidePx"":0},{""x"":1086,""y"":830.7,""t"":169,""outside"":false,""outsidePx"":0},{""x"":1126.7,""y"":807.3,""t"":185,""outside"":false,""outsidePx"":0},{""x"":1161.3,""y"":788.7,""t"":202,""outside"":false,""outsidePx"":0},{""x"":1188,""y"":774.7,""t"":219,""outside"":false,""outsidePx"":0},{""x"":1220.7,""y"":755.3,""t"":235,""outside"":false,""outsidePx"":0},{""x"":1250.7,""y"":739.3,""t"":252,""outside"":false,""outsidePx"":0},{""x"":1278.7,""y"":725.3,""t"":269,""outside"":false,""outsidePx"":0},{""x"":1312,""y"":706,""t"":285,""outside"":false,""outsidePx"":0},{""x"":1345.3,""y"":688.7,""t"":302,""outside"":false,""outsidePx"":0},{""x"":1376.7,""y"":671.3,""t"":319,""outside"":false,""outsidePx"":0},{""x"":1410,""y"":653.3,""t"":335,""outside"":false,""outsidePx"":0},{""x"":1446.7,""y"":632.7,""t"":352,""outside"":false,""outsidePx"":0},{""x"":1476.7,""y"":616.7,""t"":369,""outside"":false,""outsidePx"":0},{""x"":1506,""y"":601.3,""t"":385,""outside"":false,""outsidePx"":0},{""x"":1532.7,""y"":585.3,""t"":402,""outside"":false,""outsidePx"":0},{""x"":1560.7,""y"":569.3,""t"":419,""outside"":false,""outsidePx"":0},{""x"":1594,""y"":548.7,""t"":435,""outside"":false,""outsidePx"":0},{""x"":1622,""y"":531.3,""t"":452,""outside"":false,""outsidePx"":0},{""x"":1648,""y"":513.3,""t"":469,""outside"":false,""outsidePx"":0},{""x"":1668.7,""y"":501.3,""t"":485,""outside"":false,""outsidePx"":0},{""x"":1684.7,""y"":494.7,""t"":503,""outside"":false,""outsidePx"":0},{""x"":1700.7,""y"":484,""t"":519,""outside"":false,""outsidePx"":0},{""x"":1714.7,""y"":473.3,""t"":535,""outside"":false,""outsidePx"":0},{""x"":1723.3,""y"":468,""t"":552,""outside"":false,""outsidePx"":0},{""x"":1726.7,""y"":464.7,""t"":569,""outside"":false,""outsidePx"":0}]"
hayashi,main,practice,C1,幅広条件,A固定・W広い,70,675,9.643,1,7,7,7,7,2026-09-29T07:48:10.997Z,2026-09-29T07:48:11.737Z,740,130,520,390,true,true,none,1707.3,474.7,1,false,0,0,0,false,[],"[{""x"":862.7,""y"":959.3,""t"":0,""outside"":false,""outsidePx"":0},{""x"":864,""y"":959.3,""t"":36,""outside"":false,""outsidePx"":0},{""x"":866,""y"":958,""t"":43,""outside"":false,""outsidePx"":0},{""x"":870.7,""y"":954.7,""t"":54,""outside"":false,""outsidePx"":0},{""x"":884.7,""y"":946,""t"":71,""outside"":false,""outsidePx"":0},{""x"":908,""y"":933.3,""t"":88,""outside"":false,""outsidePx"":0},{""x"":937.3,""y"":919.3,""t"":104,""outside"":false,""outsidePx"":0},{""x"":970.7,""y"":904,""t"":121,""outside"":false,""outsidePx"":0},{""x"":1006,""y"":886.7,""t"":137,""outside"":false,""outsidePx"":0},{""x"":1037.3,""y"":867.3,""t"":154,""outside"":false,""outsidePx"":0},{""x"":1066.7,""y"":851.3,""t"":171,""outside"":false,""outsidePx"":0},{""x"":1102,""y"":830.7,""t"":188,""outside"":false,""outsidePx"":0},{""x"":1130,""y"":814.7,""t"":204,""outside"":false,""outsidePx"":0},{""x"":1156,""y"":800.7,""t"":221,""outside"":false,""outsidePx"":0},{""x"":1178.7,""y"":790,""t"":237,""outside"":false,""outsidePx"":0},{""x"":1205.3,""y"":774.7,""t"":254,""outside"":false,""outsidePx"":0},{""x"":1226,""y"":760.7,""t"":271,""outside"":false,""outsidePx"":0},{""x"":1250.7,""y"":742.7,""t"":288,""outside"":false,""outsidePx"":0},{""x"":1273.3,""y"":727.3,""t"":304,""outside"":false,""outsidePx"":0},{""x"":1298,""y"":711.3,""t"":321,""outside"":false,""outsidePx"":0},{""x"":1322.7,""y"":694,""t"":338,""outside"":false,""outsidePx"":0},{""x"":1343.3,""y"":678,""t"":354,""outside"":false,""outsidePx"":0},{""x"":1364.7,""y"":662.7,""t"":371,""outside"":false,""outsidePx"":0},{""x"":1385.3,""y"":648.7,""t"":387,""outside"":false,""outsidePx"":0},{""x"":1404.7,""y"":638,""t"":404,""outside"":false,""outsidePx"":0},{""x"":1426,""y"":625.3,""t"":421,""outside"":false,""outsidePx"":0},{""x"":1444.7,""y"":611.3,""t"":438,""outside"":false,""outsidePx"":0},{""x"":1468,""y"":596,""t"":454,""outside"":false,""outsidePx"":0},{""x"":1490.7,""y"":580,""t"":471,""outside"":false,""outsidePx"":0},{""x"":1516.7,""y"":564.7,""t"":488,""outside"":false,""outsidePx"":0},{""x"":1541.3,""y"":552,""t"":504,""outside"":false,""outsidePx"":0},{""x"":1567.3,""y"":540,""t"":521,""outside"":false,""outsidePx"":0},{""x"":1597.3,""y"":526,""t"":537,""outside"":false,""outsidePx"":0},{""x"":1623.3,""y"":513.3,""t"":554,""outside"":false,""outsidePx"":0},{""x"":1644.7,""y"":504.7,""t"":571,""outside"":false,""outsidePx"":0},{""x"":1660,""y"":498,""t"":588,""outside"":false,""outsidePx"":0},{""x"":1670.7,""y"":494.7,""t"":604,""outside"":false,""outsidePx"":0},{""x"":1678,""y"":490.7,""t"":621,""outside"":false,""outsidePx"":0},{""x"":1686.7,""y"":485.3,""t"":637,""outside"":false,""outsidePx"":0},{""x"":1695.3,""y"":480.7,""t"":654,""outside"":false,""outsidePx"":0},{""x"":1706,""y"":475.3,""t"":672,""outside"":false,""outsidePx"":0},{""x"":1707.3,""y"":473.3,""t"":688,""outside"":false,""outsidePx"":0},{""x"":1707.3,""y"":474.7,""t"":739,""outside"":false,""outsidePx"":0}]"
hayashi,main,practice,C1,幅広条件,A固定・W広い,70,675,9.643,1,8,8,8,8,2026-09-29T07:48:12.223Z,2026-09-29T07:48:12.933Z,710,112,555,443,true,true,none,1692,482,1,false,0,0,0,false,[],"[{""x"":882,""y"":957.3,""t"":0,""outside"":false,""outsidePx"":0},{""x"":880.7,""y"":957.3,""t"":11,""outside"":false,""outsidePx"":0},{""x"":881.3,""y"":957.3,""t"":39,""outside"":false,""outsidePx"":0},{""x"":883.3,""y"":954.7,""t"":46,""outside"":false,""outsidePx"":0},{""x"":888.7,""y"":949.3,""t"":51,""outside"":false,""outsidePx"":0},{""x"":888.7,""y"":949.3,""t"":52,""outside"":false,""outsidePx"":0},{""x"":902.7,""y"":938.7,""t"":62,""outside"":false,""outsidePx"":0},{""x"":926.7,""y"":923.3,""t"":80,""outside"":false,""outsidePx"":0},{""x"":956.7,""y"":904,""t"":95,""outside"":false,""outsidePx"":0},{""x"":984.7,""y"":886.7,""t"":111,""outside"":false,""outsidePx"":0},{""x"":1007.3,""y"":874,""t"":128,""outside"":false,""outsidePx"":0},{""x"":1037.3,""y"":854.7,""t"":145,""outside"":false,""outsidePx"":0},{""x"":1068.7,""y"":837.3,""t"":161,""outside"":false,""outsidePx"":0},{""x"":1096.7,""y"":821.3,""t"":178,""outside"":false,""outsidePx"":0},{""x"":1119.3,""y"":809.3,""t"":195,""outside"":false,""outsidePx"":0},{""x"":1138.7,""y"":798.7,""t"":211,""outside"":false,""outsidePx"":0},{""x"":1158,""y"":790,""t"":228,""outside"":false,""outsidePx"":0},{""x"":1175.3,""y"":783.3,""t"":245,""outside"":false,""outsidePx"":0},{""x"":1191.3,""y"":774.7,""t"":261,""outside"":false,""outsidePx"":0},{""x"":1208.7,""y"":765.3,""t"":278,""outside"":false,""outsidePx"":0},{""x"":1210.7,""y"":764,""t"":280,""outside"":false,""outsidePx"":0},{""x"":1210.7,""y"":764,""t"":280,""outside"":false,""outsidePx"":0},{""x"":1231.3,""y"":753.3,""t"":295,""outside"":false,""outsidePx"":0},{""x"":1252.7,""y"":742.7,""t"":312,""outside"":false,""outsidePx"":0},{""x"":1276.7,""y"":730.7,""t"":328,""outside"":false,""outsidePx"":0},{""x"":1298,""y"":720,""t"":345,""outside"":false,""outsidePx"":0},{""x"":1320.7,""y"":706,""t"":361,""outside"":false,""outsidePx"":0},{""x"":1342,""y"":695.3,""t"":378,""outside"":false,""outsidePx"":0},{""x"":1364.7,""y"":683.3,""t"":395,""outside"":false,""outsidePx"":0},{""x"":1387.3,""y"":667.3,""t"":411,""outside"":false,""outsidePx"":0},{""x"":1408,""y"":655.3,""t"":428,""outside"":false,""outsidePx"":0},{""x"":1429.3,""y"":641.3,""t"":445,""outside"":false,""outsidePx"":0},{""x"":1448.7,""y"":629.3,""t"":462,""outside"":false,""outsidePx"":0},{""x"":1466,""y"":616.7,""t"":478,""outside"":false,""outsidePx"":0},{""x"":1485.3,""y"":602.7,""t"":495,""outside"":false,""outsidePx"":0},{""x"":1504.7,""y"":590.7,""t"":511,""outside"":false,""outsidePx"":0},{""x"":1528.7,""y"":573.3,""t"":528,""outside"":false,""outsidePx"":0},{""x"":1553.3,""y"":557.3,""t"":545,""outside"":false,""outsidePx"":0},{""x"":1580,""y"":543.3,""t"":561,""outside"":false,""outsidePx"":0},{""x"":1598.7,""y"":532.7,""t"":578,""outside"":false,""outsidePx"":0},{""x"":1616.7,""y"":524,""t"":595,""outside"":false,""outsidePx"":0},{""x"":1632,""y"":517.3,""t"":611,""outside"":false,""outsidePx"":0},{""x"":1646,""y"":510,""t"":628,""outside"":false,""outsidePx"":0},{""x"":1658.7,""y"":504.7,""t"":645,""outside"":false,""outsidePx"":0},{""x"":1668.7,""y"":498,""t"":661,""outside"":false,""outsidePx"":0},{""x"":1679.3,""y"":492.7,""t"":678,""outside"":false,""outsidePx"":0},{""x"":1688,""y"":485.3,""t"":695,""outside"":false,""outsidePx"":0},{""x"":1692,""y"":482,""t"":710,""outside"":false,""outsidePx"":0}]"
hayashi,main,practice,C1,幅広条件,A固定・W広い,70,675,9.643,1,9,9,9,9,2026-09-29T07:48:14.272Z,2026-09-29T07:48:14.968Z,696,143,513,370,true,true,none,1751.3,440,1,false,0,0,0,false,[],"[{""x"":890.7,""y"":950.7,""t"":0,""outside"":false,""outsidePx"":0},{""x"":890.7,""y"":949.3,""t"":12,""outside"":false,""outsidePx"":0},{""x"":895.3,""y"":944,""t"":28,""outside"":false,""outsidePx"":0},{""x"":902.7,""y"":938.7,""t"":45,""outside"":false,""outsidePx"":0},{""x"":906,""y"":935.3,""t"":62,""outside"":false,""outsidePx"":0},{""x"":912.7,""y"":932,""t"":78,""outside"":false,""outsidePx"":0},{""x"":922,""y"":926.7,""t"":95,""outside"":false,""outsidePx"":0},{""x"":937.3,""y"":916,""t"":112,""outside"":false,""outsidePx"":0},{""x"":960,""y"":902,""t"":128,""outside"":false,""outsidePx"":0},{""x"":990,""y"":884.7,""t"":145,""outside"":false,""outsidePx"":0},{""x"":1023.3,""y"":867.3,""t"":162,""outside"":false,""outsidePx"":0},{""x"":1054.7,""y"":851.3,""t"":178,""outside"":false,""outsidePx"":0},{""x"":1088,""y"":834,""t"":195,""outside"":false,""outsidePx"":0},{""x"":1118,""y"":820,""t"":212,""outside"":false,""outsidePx"":0},{""x"":1146,""y"":807.3,""t"":228,""outside"":false,""outsidePx"":0},{""x"":1175.3,""y"":793.3,""t"":245,""outside"":false,""outsidePx"":0},{""x"":1206.7,""y"":778,""t"":261,""outside"":false,""outsidePx"":0},{""x"":1233.3,""y"":762,""t"":278,""outside"":false,""outsidePx"":0},{""x"":1261.3,""y"":746.7,""t"":295,""outside"":false,""outsidePx"":0},{""x"":1284,""y"":734,""t"":312,""outside"":false,""outsidePx"":0},{""x"":1303.3,""y"":723.3,""t"":328,""outside"":false,""outsidePx"":0},{""x"":1322.7,""y"":713.3,""t"":345,""outside"":false,""outsidePx"":0},{""x"":1343.3,""y"":702.7,""t"":362,""outside"":false,""outsidePx"":0},{""x"":1360.7,""y"":692,""t"":378,""outside"":false,""outsidePx"":0},{""x"":1382,""y"":680,""t"":395,""outside"":false,""outsidePx"":0},{""x"":1401.3,""y"":667.3,""t"":412,""outside"":false,""outsidePx"":0},{""x"":1422,""y"":655.3,""t"":428,""outside"":false,""outsidePx"":0},{""x"":1446.7,""y"":638,""t"":445,""outside"":false,""outsidePx"":0},{""x"":1474.7,""y"":616.7,""t"":462,""outside"":false,""outsidePx"":0},{""x"":1502.7,""y"":596,""t"":478,""outside"":false,""outsidePx"":0},{""x"":1534,""y"":573.3,""t"":495,""outside"":false,""outsidePx"":0},{""x"":1567.3,""y"":550.7,""t"":511,""outside"":false,""outsidePx"":0},{""x"":1595.3,""y"":531.3,""t"":528,""outside"":false,""outsidePx"":0},{""x"":1622,""y"":513.3,""t"":545,""outside"":false,""outsidePx"":0},{""x"":1654.7,""y"":494.7,""t"":561,""outside"":false,""outsidePx"":0},{""x"":1681.3,""y"":480.7,""t"":578,""outside"":false,""outsidePx"":0},{""x"":1710.7,""y"":462.7,""t"":595,""outside"":false,""outsidePx"":0},{""x"":1735.3,""y"":448.7,""t"":611,""outside"":false,""outsidePx"":0},{""x"":1748,""y"":442,""t"":628,""outside"":false,""outsidePx"":0},{""x"":1751.3,""y"":440,""t"":645,""outside"":false,""outsidePx"":0}]"
hayashi,main,practice,C1,幅広条件,A固定・W広い,70,675,9.643,1,10,10,10,10,2026-09-29T07:48:15.632Z,2026-09-29T07:48:16.388Z,756,193,568,375,true,true,deviation,1690,482,1,true,1,100,4.6,false,"[{""startMs"":319,""startX"":1210.7,""startY"":802.7,""maxOutsidePx"":4.6,""endMs"":419,""endX"":1350.7,""endY"":713.3,""durationMs"":100}]","[{""x"":901.3,""y"":942,""t"":0,""outside"":false,""outsidePx"":0},{""x"":902.7,""y"":942,""t"":55,""outside"":false,""outsidePx"":0},{""x"":908,""y"":938.7,""t"":69,""outside"":false,""outsidePx"":0},{""x"":914.7,""y"":935.3,""t"":86,""outside"":false,""outsidePx"":0},{""x"":918,""y"":933.3,""t"":102,""outside"":false,""outsidePx"":0},{""x"":922,""y"":932,""t"":119,""outside"":false,""outsidePx"":0},{""x"":926.7,""y"":930,""t"":135,""outside"":false,""outsidePx"":0},{""x"":937.3,""y"":924.7,""t"":152,""outside"":false,""outsidePx"":0},{""x"":956.7,""y"":918,""t"":169,""outside"":false,""outsidePx"":0},{""x"":981.3,""y"":907.3,""t"":185,""outside"":false,""outsidePx"":0},{""x"":1010.7,""y"":895.3,""t"":202,""outside"":false,""outsidePx"":0},{""x"":1044,""y"":882.7,""t"":219,""outside"":false,""outsidePx"":0},{""x"":1079.3,""y"":867.3,""t"":235,""outside"":false,""outsidePx"":0},{""x"":1107.3,""y"":854.7,""t"":252,""outside"":false,""outsidePx"":0},{""x"":1136.7,""y"":839.3,""t"":269,""outside"":false,""outsidePx"":0},{""x"":1161.3,""y"":825.3,""t"":285,""outside"":false,""outsidePx"":0},{""x"":1182.7,""y"":814.7,""t"":302,""outside"":false,""outsidePx"":0},{""x"":1210.7,""y"":802.7,""t"":319,""outside"":true,""outsidePx"":1.9},{""x"":1234.7,""y"":790,""t"":335,""outside"":true,""outsidePx"":3},{""x"":1258,""y"":778,""t"":352,""outside"":true,""outsidePx"":4.2},{""x"":1280.7,""y"":765.3,""t"":368,""outside"":true,""outsidePx"":4.6},{""x"":1301.3,""y"":751.3,""t"":385,""outside"":true,""outsidePx"":2.8},{""x"":1326,""y"":734,""t"":402,""outside"":true,""outsidePx"":0.1},{""x"":1350.7,""y"":713.3,""t"":419,""outside"":false,""outsidePx"":0},{""x"":1374.7,""y"":692,""t"":435,""outside"":false,""outsidePx"":0},{""x"":1399.3,""y"":669.3,""t"":452,""outside"":false,""outsidePx"":0},{""x"":1429.3,""y"":644.7,""t"":469,""outside"":false,""outsidePx"":0},{""x"":1455.3,""y"":625.3,""t"":485,""outside"":false,""outsidePx"":0},{""x"":1480,""y"":610,""t"":502,""outside"":false,""outsidePx"":0},{""x"":1502.7,""y"":594,""t"":518,""outside"":false,""outsidePx"":0},{""x"":1524,""y"":580,""t"":535,""outside"":false,""outsidePx"":0},{""x"":1548,""y"":566,""t"":552,""outside"":false,""outsidePx"":0},{""x"":1572.7,""y"":550.7,""t"":568,""outside"":false,""outsidePx"":0},{""x"":1598.7,""y"":536.7,""t"":585,""outside"":false,""outsidePx"":0},{""x"":1618,""y"":526,""t"":602,""outside"":false,""outsidePx"":0},{""x"":1636,""y"":515.3,""t"":619,""outside"":false,""outsidePx"":0},{""x"":1653.3,""y"":504.7,""t"":635,""outside"":false,""outsidePx"":0},{""x"":1668.7,""y"":496,""t"":652,""outside"":false,""outsidePx"":0},{""x"":1679.3,""y"":489.3,""t"":668,""outside"":false,""outsidePx"":0},{""x"":1688,""y"":484,""t"":685,""outside"":false,""outsidePx"":0},{""x"":1690,""y"":482,""t"":702,""outside"":false,""outsidePx"":0}]"
hayashi,main,practice,C1,幅広条件,A固定・W広い,70,675,9.643,1,11,11,11,11,2026-09-29T07:48:16.880Z,2026-09-29T07:48:17.648Z,768,156,581,425,true,true,none,1730,480.7,1,false,0,0,0,false,[],"[{""x"":859.3,""y"":957.3,""t"":0,""outside"":false,""outsidePx"":0},{""x"":860.7,""y"":957.3,""t"":25,""outside"":false,""outsidePx"":0},{""x"":862,""y"":956.7,""t"":37,""outside"":false,""outsidePx"":0},{""x"":866,""y"":951.3,""t"":53,""outside"":false,""outsidePx"":0},{""x"":874.7,""y"":946,""t"":70,""outside"":false,""outsidePx"":0},{""x"":888.7,""y"":938.7,""t"":87,""outside"":false,""outsidePx"":0},{""x"":904,""y"":930,""t"":104,""outside"":false,""outsidePx"":0},{""x"":926.7,""y"":919.3,""t"":120,""outside"":false,""outsidePx"":0},{""x"":956.7,""y"":902,""t"":137,""outside"":false,""outsidePx"":0},{""x"":982.7,""y"":888,""t"":153,""outside"":false,""outsidePx"":0},{""x"":1009.3,""y"":874,""t"":170,""outside"":false,""outsidePx"":0},{""x"":1032,""y"":862,""t"":187,""outside"":false,""outsidePx"":0},{""x"":1049.3,""y"":853.3,""t"":203,""outside"":false,""outsidePx"":0},{""x"":1065.3,""y"":840.7,""t"":220,""outside"":false,""outsidePx"":0},{""x"":1082.7,""y"":828.7,""t"":237,""outside"":false,""outsidePx"":0},{""x"":1100,""y"":818,""t"":253,""outside"":false,""outsidePx"":0},{""x"":1119.3,""y"":806,""t"":270,""outside"":false,""outsidePx"":0},{""x"":1144,""y"":790,""t"":287,""outside"":false,""outsidePx"":0},{""x"":1166.7,""y"":776,""t"":303,""outside"":false,""outsidePx"":0},{""x"":1191.3,""y"":758.7,""t"":320,""outside"":false,""outsidePx"":0},{""x"":1212,""y"":744.7,""t"":337,""outside"":false,""outsidePx"":0},{""x"":1234.7,""y"":732.7,""t"":353,""outside"":false,""outsidePx"":0},{""x"":1254,""y"":718.7,""t"":370,""outside"":false,""outsidePx"":0},{""x"":1276.7,""y"":702.7,""t"":387,""outside"":false,""outsidePx"":0},{""x"":1298,""y"":688.7,""t"":403,""outside"":false,""outsidePx"":0},{""x"":1322.7,""y"":671.3,""t"":420,""outside"":false,""outsidePx"":0},{""x"":1346.7,""y"":653.3,""t"":437,""outside"":false,""outsidePx"":0},{""x"":1368,""y"":641.3,""t"":453,""outside"":false,""outsidePx"":0},{""x"":1392.7,""y"":627.3,""t"":470,""outside"":false,""outsidePx"":0},{""x"":1416.7,""y"":611.3,""t"":487,""outside"":false,""outsidePx"":0},{""x"":1440,""y"":599.3,""t"":503,""outside"":false,""outsidePx"":0},{""x"":1469.3,""y"":583.3,""t"":520,""outside"":false,""outsidePx"":0},{""x"":1497.3,""y"":571.3,""t"":537,""outside"":false,""outsidePx"":0},{""x"":1520,""y"":562.7,""t"":553,""outside"":false,""outsidePx"":0},{""x"":1550,""y"":554,""t"":570,""outside"":false,""outsidePx"":0},{""x"":1580,""y"":541.3,""t"":587,""outside"":false,""outsidePx"":0},{""x"":1611.3,""y"":529.3,""t"":603,""outside"":false,""outsidePx"":0},{""x"":1646,""y"":515.3,""t"":620,""outside"":false,""outsidePx"":0},{""x"":1676,""y"":503.3,""t"":637,""outside"":false,""outsidePx"":0},{""x"":1698.7,""y"":494.7,""t"":653,""outside"":false,""outsidePx"":0},{""x"":1714.7,""y"":487.3,""t"":670,""outside"":false,""outsidePx"":0},{""x"":1723.3,""y"":484,""t"":687,""outside"":false,""outsidePx"":0},{""x"":1728.7,""y"":480.7,""t"":703,""outside"":false,""outsidePx"":0},{""x"":1730,""y"":480.7,""t"":720,""outside"":false,""outsidePx"":0}]"
hayashi,main,practice,C1,幅広条件,A固定・W広い,70,675,9.643,1,12,12,12,12,2026-09-29T07:48:18.157Z,2026-09-29T07:48:18.918Z,761,132,558,426,true,true,none,1704,476.7,1,false,0,0,0,false,[],"[{""x"":871.3,""y"":945.3,""t"":0,""outside"":false,""outsidePx"":0},{""x"":872.7,""y"":945.3,""t"":48,""outside"":false,""outsidePx"":0},{""x"":874.7,""y"":944,""t"":60,""outside"":false,""outsidePx"":0},{""x"":886.7,""y"":938.7,""t"":77,""outside"":false,""outsidePx"":0},{""x"":906,""y"":928.7,""t"":93,""outside"":false,""outsidePx"":0},{""x"":937.3,""y"":914.7,""t"":110,""outside"":false,""outsidePx"":0},{""x"":974,""y"":893.3,""t"":127,""outside"":false,""outsidePx"":0},{""x"":1009.3,""y"":868.7,""t"":143,""outside"":false,""outsidePx"":0},{""x"":1040.7,""y"":846,""t"":160,""outside"":false,""outsidePx"":0},{""x"":1068.7,""y"":826.7,""t"":177,""outside"":false,""outsidePx"":0},{""x"":1090,""y"":812.7,""t"":193,""outside"":false,""outsidePx"":0},{""x"":1104,""y"":802.7,""t"":210,""outside"":false,""outsidePx"":0},{""x"":1119.3,""y"":792,""t"":227,""outside"":false,""outsidePx"":0},{""x"":1135.3,""y"":781.3,""t"":243,""outside"":false,""outsidePx"":0},{""x"":1152.7,""y"":769.3,""t"":260,""outside"":false,""outsidePx"":0},{""x"":1172,""y"":755.3,""t"":277,""outside"":false,""outsidePx"":0},{""x"":1192.7,""y"":742.7,""t"":293,""outside"":false,""outsidePx"":0},{""x"":1214,""y"":730.7,""t"":310,""outside"":false,""outsidePx"":0},{""x"":1236.7,""y"":718.7,""t"":327,""outside"":false,""outsidePx"":0},{""x"":1258,""y"":706,""t"":343,""outside"":false,""outsidePx"":0},{""x"":1280.7,""y"":695.3,""t"":360,""outside"":false,""outsidePx"":0},{""x"":1306.7,""y"":685.3,""t"":377,""outside"":false,""outsidePx"":0},{""x"":1331.3,""y"":671.3,""t"":393,""outside"":false,""outsidePx"":0},{""x"":1359.3,""y"":657.3,""t"":410,""outside"":false,""outsidePx"":0},{""x"":1385.3,""y"":643.3,""t"":427,""outside"":false,""outsidePx"":0},{""x"":1412,""y"":630.7,""t"":443,""outside"":false,""outsidePx"":0},{""x"":1434.7,""y"":620.7,""t"":460,""outside"":false,""outsidePx"":0},{""x"":1455.3,""y"":610,""t"":477,""outside"":false,""outsidePx"":0},{""x"":1476.7,""y"":599.3,""t"":493,""outside"":false,""outsidePx"":0},{""x"":1500.7,""y"":587.3,""t"":510,""outside"":false,""outsidePx"":0},{""x"":1525.3,""y"":574.7,""t"":527,""outside"":false,""outsidePx"":0},{""x"":1552,""y"":562.7,""t"":543,""outside"":false,""outsidePx"":0},{""x"":1574.7,""y"":548.7,""t"":560,""outside"":false,""outsidePx"":0},{""x"":1598.7,""y"":536.7,""t"":577,""outside"":false,""outsidePx"":0},{""x"":1625.3,""y"":522.7,""t"":593,""outside"":false,""outsidePx"":0},{""x"":1648,""y"":506.7,""t"":610,""outside"":false,""outsidePx"":0},{""x"":1670.7,""y"":494.7,""t"":627,""outside"":false,""outsidePx"":0},{""x"":1690,""y"":484,""t"":643,""outside"":false,""outsidePx"":0},{""x"":1702,""y"":478.7,""t"":660,""outside"":false,""outsidePx"":0},{""x"":1704,""y"":476.7,""t"":677,""outside"":false,""outsidePx"":0}]"
hayashi,main,practice,C1,幅広条件,A固定・W広い,70,675,9.643,1,13,13,13,13,2026-09-29T07:48:23.348Z,2026-09-29T07:48:24.030Z,683,131,486,355,true,true,none,1678,476.7,1,false,0,0,0,false,[],"[{""x"":884,""y"":947.3,""t"":0,""outside"":false,""outsidePx"":0},{""x"":884.7,""y"":947.3,""t"":23,""outside"":false,""outsidePx"":0},{""x"":884.7,""y"":946,""t"":42,""outside"":false,""outsidePx"":0},{""x"":886.7,""y"":946,""t"":52,""outside"":false,""outsidePx"":0},{""x"":895.3,""y"":940.7,""t"":68,""outside"":false,""outsidePx"":0},{""x"":908,""y"":935.3,""t"":85,""outside"":false,""outsidePx"":0},{""x"":930.7,""y"":926.7,""t"":102,""outside"":false,""outsidePx"":0},{""x"":964,""y"":914.7,""t"":118,""outside"":false,""outsidePx"":0},{""x"":1004,""y"":893.3,""t"":135,""outside"":false,""outsidePx"":0},{""x"":1052.7,""y"":862,""t"":152,""outside"":false,""outsidePx"":0},{""x"":1094.7,""y"":832,""t"":168,""outside"":false,""outsidePx"":0},{""x"":1138.7,""y"":802.7,""t"":185,""outside"":false,""outsidePx"":0},{""x"":1178.7,""y"":779.3,""t"":201,""outside"":false,""outsidePx"":0},{""x"":1210.7,""y"":760.7,""t"":218,""outside"":false,""outsidePx"":0},{""x"":1242,""y"":741.3,""t"":235,""outside"":false,""outsidePx"":0},{""x"":1264.7,""y"":723.3,""t"":251,""outside"":false,""outsidePx"":0},{""x"":1284,""y"":709.3,""t"":268,""outside"":false,""outsidePx"":0},{""x"":1303.3,""y"":699.3,""t"":285,""outside"":false,""outsidePx"":0},{""x"":1322.7,""y"":686.7,""t"":301,""outside"":false,""outsidePx"":0},{""x"":1340,""y"":676.7,""t"":318,""outside"":false,""outsidePx"":0},{""x"":1362.7,""y"":664,""t"":335,""outside"":false,""outsidePx"":0},{""x"":1384,""y"":650,""t"":352,""outside"":false,""outsidePx"":0},{""x"":1404.7,""y"":638,""t"":368,""outside"":false,""outsidePx"":0},{""x"":1427.3,""y"":624,""t"":385,""outside"":false,""outsidePx"":0},{""x"":1452,""y"":608,""t"":401,""outside"":false,""outsidePx"":0},{""x"":1474.7,""y"":592.7,""t"":418,""outside"":false,""outsidePx"":0},{""x"":1497.3,""y"":580,""t"":435,""outside"":false,""outsidePx"":0},{""x"":1520,""y"":568,""t"":451,""outside"":false,""outsidePx"":0},{""x"":1541.3,""y"":557.3,""t"":468,""outside"":false,""outsidePx"":0},{""x"":1566,""y"":543.3,""t"":485,""outside"":false,""outsidePx"":0},{""x"":1592,""y"":529.3,""t"":501,""outside"":false,""outsidePx"":0},{""x"":1614.7,""y"":515.3,""t"":518,""outside"":false,""outsidePx"":0},{""x"":1637.3,""y"":503.3,""t"":535,""outside"":false,""outsidePx"":0},{""x"":1653.3,""y"":492.7,""t"":551,""outside"":false,""outsidePx"":0},{""x"":1664,""y"":485.3,""t"":568,""outside"":false,""outsidePx"":0},{""x"":1670.7,""y"":482,""t"":585,""outside"":false,""outsidePx"":0},{""x"":1674,""y"":478.7,""t"":602,""outside"":false,""outsidePx"":0},{""x"":1678,""y"":476.7,""t"":618,""outside"":false,""outsidePx"":0}]"
hayashi,main,practice,C1,幅広条件,A固定・W広い,70,675,9.643,1,14,14,14,14,2026-09-29T07:48:24.606Z,2026-09-29T07:48:25.391Z,785,175,600,425,true,true,none,1695.3,478.7,1,false,0,0,0,false,[],"[{""x"":864.7,""y"":924,""t"":0,""outside"":false,""outsidePx"":0},{""x"":866,""y"":924,""t"":95,""outside"":false,""outsidePx"":0},{""x"":874.7,""y"":921.3,""t"":110,""outside"":false,""outsidePx"":0},{""x"":892,""y"":914.7,""t"":127,""outside"":false,""outsidePx"":0},{""x"":916.7,""y"":904,""t"":143,""outside"":false,""outsidePx"":0},{""x"":948,""y"":890,""t"":160,""outside"":false,""outsidePx"":0},{""x"":984.7,""y"":874,""t"":177,""outside"":false,""outsidePx"":0},{""x"":1023.3,""y"":854.7,""t"":193,""outside"":false,""outsidePx"":0},{""x"":1056.7,""y"":837.3,""t"":210,""outside"":false,""outsidePx"":0},{""x"":1090,""y"":821.3,""t"":227,""outside"":false,""outsidePx"":0},{""x"":1121.3,""y"":807.3,""t"":243,""outside"":false,""outsidePx"":0},{""x"":1150.7,""y"":795.3,""t"":260,""outside"":false,""outsidePx"":0},{""x"":1172,""y"":786.7,""t"":277,""outside"":false,""outsidePx"":0},{""x"":1189.3,""y"":778,""t"":293,""outside"":false,""outsidePx"":0},{""x"":1208.7,""y"":767.3,""t"":310,""outside"":false,""outsidePx"":0},{""x"":1226,""y"":756.7,""t"":327,""outside"":false,""outsidePx"":0},{""x"":1242,""y"":746.7,""t"":343,""outside"":false,""outsidePx"":0},{""x"":1259.3,""y"":736,""t"":360,""outside"":false,""outsidePx"":0},{""x"":1278.7,""y"":723.3,""t"":377,""outside"":false,""outsidePx"":0},{""x"":1301.3,""y"":709.3,""t"":393,""outside"":false,""outsidePx"":0},{""x"":1324,""y"":697.3,""t"":410,""outside"":false,""outsidePx"":0},{""x"":1346.7,""y"":683.3,""t"":427,""outside"":false,""outsidePx"":0},{""x"":1370,""y"":669.3,""t"":443,""outside"":false,""outsidePx"":0},{""x"":1390.7,""y"":655.3,""t"":460,""outside"":false,""outsidePx"":0},{""x"":1410,""y"":639.3,""t"":477,""outside"":false,""outsidePx"":0},{""x"":1430.7,""y"":624,""t"":493,""outside"":false,""outsidePx"":0},{""x"":1448.7,""y"":611.3,""t"":510,""outside"":false,""outsidePx"":0},{""x"":1468,""y"":601.3,""t"":527,""outside"":false,""outsidePx"":0},{""x"":1485.3,""y"":592.7,""t"":543,""outside"":false,""outsidePx"":0},{""x"":1504.7,""y"":582,""t"":560,""outside"":false,""outsidePx"":0},{""x"":1530.7,""y"":569.3,""t"":577,""outside"":false,""outsidePx"":0},{""x"":1560.7,""y"":555.3,""t"":593,""outside"":false,""outsidePx"":0},{""x"":1586.7,""y"":543.3,""t"":610,""outside"":false,""outsidePx"":0},{""x"":1616.7,""y"":529.3,""t"":627,""outside"":false,""outsidePx"":0},{""x"":1644.7,""y"":515.3,""t"":643,""outside"":false,""outsidePx"":0},{""x"":1665.3,""y"":503.3,""t"":660,""outside"":false,""outsidePx"":0},{""x"":1682.7,""y"":489.3,""t"":677,""outside"":false,""outsidePx"":0},{""x"":1692,""y"":480.7,""t"":693,""outside"":false,""outsidePx"":0},{""x"":1695.3,""y"":478.7,""t"":710,""outside"":false,""outsidePx"":0}]"
hayashi,main,practice,C1,幅広条件,A固定・W広い,70,675,9.643,1,15,15,15,15,2026-09-29T07:48:25.917Z,2026-09-29T07:48:26.703Z,786,133,590,457,true,true,none,1684.7,510,1,false,0,0,0,false,[],"[{""x"":871.3,""y"":956.7,""t"":0,""outside"":false,""outsidePx"":0},{""x"":878,""y"":951.3,""t"":48,""outside"":false,""outsidePx"":0},{""x"":897.3,""y"":938.7,""t"":65,""outside"":false,""outsidePx"":0},{""x"":916.7,""y"":928.7,""t"":81,""outside"":false,""outsidePx"":0},{""x"":937.3,""y"":916,""t"":98,""outside"":false,""outsidePx"":0},{""x"":960,""y"":902,""t"":115,""outside"":false,""outsidePx"":0},{""x"":984.7,""y"":888,""t"":132,""outside"":false,""outsidePx"":0},{""x"":1010.7,""y"":870.7,""t"":148,""outside"":false,""outsidePx"":0},{""x"":1037.3,""y"":854.7,""t"":165,""outside"":false,""outsidePx"":0},{""x"":1058,""y"":842.7,""t"":181,""outside"":false,""outsidePx"":0},{""x"":1079.3,""y"":832,""t"":198,""outside"":false,""outsidePx"":0},{""x"":1096.7,""y"":821.3,""t"":215,""outside"":false,""outsidePx"":0},{""x"":1114,""y"":811.3,""t"":231,""outside"":false,""outsidePx"":0},{""x"":1133.3,""y"":800.7,""t"":248,""outside"":false,""outsidePx"":0},{""x"":1154.7,""y"":790,""t"":265,""outside"":false,""outsidePx"":0},{""x"":1174,""y"":779.3,""t"":281,""outside"":false,""outsidePx"":0},{""x"":1200,""y"":765.3,""t"":298,""outside"":false,""outsidePx"":0},{""x"":1230,""y"":750,""t"":315,""outside"":false,""outsidePx"":0},{""x"":1259.3,""y"":736,""t"":331,""outside"":false,""outsidePx"":0},{""x"":1287.3,""y"":723.3,""t"":348,""outside"":false,""outsidePx"":0},{""x"":1314,""y"":711.3,""t"":365,""outside"":false,""outsidePx"":0},{""x"":1342,""y"":699.3,""t"":381,""outside"":false,""outsidePx"":0},{""x"":1366,""y"":686.7,""t"":398,""outside"":false,""outsidePx"":0},{""x"":1388.7,""y"":674.7,""t"":415,""outside"":false,""outsidePx"":0},{""x"":1410,""y"":662.7,""t"":431,""outside"":false,""outsidePx"":0},{""x"":1430.7,""y"":650,""t"":448,""outside"":false,""outsidePx"":0},{""x"":1452,""y"":636,""t"":465,""outside"":false,""outsidePx"":0},{""x"":1472.7,""y"":625.3,""t"":481,""outside"":false,""outsidePx"":0},{""x"":1490.7,""y"":616.7,""t"":498,""outside"":false,""outsidePx"":0},{""x"":1502.7,""y"":610,""t"":515,""outside"":false,""outsidePx"":0},{""x"":1516.7,""y"":602.7,""t"":531,""outside"":false,""outsidePx"":0},{""x"":1530.7,""y"":594,""t"":548,""outside"":false,""outsidePx"":0},{""x"":1550,""y"":587.3,""t"":565,""outside"":false,""outsidePx"":0},{""x"":1570.7,""y"":576.7,""t"":581,""outside"":false,""outsidePx"":0},{""x"":1595.3,""y"":564.7,""t"":598,""outside"":false,""outsidePx"":0},{""x"":1622,""y"":548.7,""t"":615,""outside"":false,""outsidePx"":0},{""x"":1646,""y"":534.7,""t"":631,""outside"":false,""outsidePx"":0},{""x"":1667.3,""y"":520.7,""t"":648,""outside"":false,""outsidePx"":0},{""x"":1678,""y"":513.3,""t"":665,""outside"":false,""outsidePx"":0},{""x"":1684.7,""y"":510,""t"":681,""outside"":false,""outsidePx"":0}]"
hayashi,main,practice,C1,幅広条件,A固定・W広い,70,675,9.643,1,16,16,16,16,2026-09-29T07:48:27.247Z,2026-09-29T07:48:28.027Z,781,119,537,418,true,true,none,1679.3,471.3,1,false,0,0,0,false,[],"[{""x"":876.7,""y"":959.3,""t"":0,""outside"":false,""outsidePx"":0},{""x"":881.3,""y"":956.7,""t"":36,""outside"":false,""outsidePx"":0},{""x"":895.3,""y"":947.3,""t"":52,""outside"":false,""outsidePx"":0},{""x"":916.7,""y"":937.3,""t"":69,""outside"":false,""outsidePx"":0},{""x"":940.7,""y"":923.3,""t"":85,""outside"":false,""outsidePx"":0},{""x"":965.3,""y"":909.3,""t"":102,""outside"":false,""outsidePx"":0},{""x"":990,""y"":895.3,""t"":118,""outside"":false,""outsidePx"":0},{""x"":1012.7,""y"":879.3,""t"":135,""outside"":false,""outsidePx"":0},{""x"":1037.3,""y"":862,""t"":152,""outside"":false,""outsidePx"":0},{""x"":1056.7,""y"":848,""t"":169,""outside"":false,""outsidePx"":0},{""x"":1079.3,""y"":832,""t"":185,""outside"":false,""outsidePx"":0},{""x"":1100,""y"":820,""t"":202,""outside"":false,""outsidePx"":0},{""x"":1122.7,""y"":809.3,""t"":219,""outside"":false,""outsidePx"":0},{""x"":1146,""y"":797.3,""t"":235,""outside"":false,""outsidePx"":0},{""x"":1164.7,""y"":784.7,""t"":252,""outside"":false,""outsidePx"":0},{""x"":1182.7,""y"":774.7,""t"":268,""outside"":false,""outsidePx"":0},{""x"":1198,""y"":765.3,""t"":285,""outside"":false,""outsidePx"":0},{""x"":1214,""y"":758.7,""t"":302,""outside"":false,""outsidePx"":0},{""x"":1234.7,""y"":746.7,""t"":319,""outside"":false,""outsidePx"":0},{""x"":1262.7,""y"":732.7,""t"":335,""outside"":false,""outsidePx"":0},{""x"":1296,""y"":714.7,""t"":352,""outside"":false,""outsidePx"":0},{""x"":1328,""y"":699.3,""t"":368,""outside"":false,""outsidePx"":0},{""x"":1356,""y"":685.3,""t"":385,""outside"":false,""outsidePx"":0},{""x"":1382,""y"":672.7,""t"":402,""outside"":false,""outsidePx"":0},{""x"":1406.7,""y"":662.7,""t"":419,""outside"":false,""outsidePx"":0},{""x"":1432.7,""y"":650,""t"":435,""outside"":false,""outsidePx"":0},{""x"":1455.3,""y"":638,""t"":452,""outside"":false,""outsidePx"":0},{""x"":1476.7,""y"":625.3,""t"":468,""outside"":false,""outsidePx"":0},{""x"":1499.3,""y"":611.3,""t"":485,""outside"":false,""outsidePx"":0},{""x"":1524,""y"":594,""t"":502,""outside"":false,""outsidePx"":0},{""x"":1548,""y"":574.7,""t"":518,""outside"":false,""outsidePx"":0},{""x"":1570.7,""y"":555.3,""t"":535,""outside"":false,""outsidePx"":0},{""x"":1592,""y"":540,""t"":552,""outside"":false,""outsidePx"":0},{""x"":1606,""y"":527.3,""t"":569,""outside"":false,""outsidePx"":0},{""x"":1620,""y"":517.3,""t"":585,""outside"":false,""outsidePx"":0},{""x"":1636,""y"":504.7,""t"":602,""outside"":false,""outsidePx"":0},{""x"":1650,""y"":494.7,""t"":618,""outside"":false,""outsidePx"":0},{""x"":1664,""y"":484,""t"":635,""outside"":false,""outsidePx"":0},{""x"":1672.7,""y"":476.7,""t"":652,""outside"":false,""outsidePx"":0},{""x"":1678,""y"":473.3,""t"":669,""outside"":false,""outsidePx"":0},{""x"":1679.3,""y"":471.3,""t"":685,""outside"":false,""outsidePx"":0}]"
hayashi,main,practice,C1,幅広条件,A固定・W広い,70,675,9.643,1,17,17,17,17,2026-09-29T07:48:28.537Z,2026-09-29T07:48:29.553Z,1017,142,604,462,true,true,none,1696,502.7,1,false,0,0,0,false,[],"[{""x"":873.3,""y"":931.3,""t"":0,""outside"":false,""outsidePx"":0},{""x"":874.7,""y"":931.3,""t"":34,""outside"":false,""outsidePx"":0},{""x"":878,""y"":930,""t"":45,""outside"":false,""outsidePx"":0},{""x"":890,""y"":923.3,""t"":62,""outside"":false,""outsidePx"":0},{""x"":906,""y"":914.7,""t"":78,""outside"":false,""outsidePx"":0},{""x"":922,""y"":907.3,""t"":95,""outside"":false,""outsidePx"":0},{""x"":940.7,""y"":900.7,""t"":112,""outside"":false,""outsidePx"":0},{""x"":964,""y"":893.3,""t"":128,""outside"":false,""outsidePx"":0},{""x"":990,""y"":882.7,""t"":145,""outside"":false,""outsidePx"":0},{""x"":1014.7,""y"":872.7,""t"":162,""outside"":false,""outsidePx"":0},{""x"":1042.7,""y"":860,""t"":178,""outside"":false,""outsidePx"":0},{""x"":1068.7,""y"":846,""t"":195,""outside"":false,""outsidePx"":0},{""x"":1094.7,""y"":832,""t"":212,""outside"":false,""outsidePx"":0},{""x"":1119.3,""y"":821.3,""t"":228,""outside"":false,""outsidePx"":0},{""x"":1138.7,""y"":812.7,""t"":245,""outside"":false,""outsidePx"":0},{""x"":1156,""y"":804,""t"":262,""outside"":false,""outsidePx"":0},{""x"":1175.3,""y"":793.3,""t"":278,""outside"":false,""outsidePx"":0},{""x"":1192.7,""y"":786.7,""t"":295,""outside"":false,""outsidePx"":0},{""x"":1210.7,""y"":774.7,""t"":312,""outside"":false,""outsidePx"":0},{""x"":1233.3,""y"":762,""t"":328,""outside"":false,""outsidePx"":0},{""x"":1252.7,""y"":751.3,""t"":345,""outside"":false,""outsidePx"":0},{""x"":1275.3,""y"":737.3,""t"":362,""outside"":false,""outsidePx"":0},{""x"":1298,""y"":723.3,""t"":378,""outside"":false,""outsidePx"":0},{""x"":1318.7,""y"":711.3,""t"":395,""outside"":false,""outsidePx"":0},{""x"":1336.7,""y"":699.3,""t"":412,""outside"":false,""outsidePx"":0},{""x"":1350.7,""y"":690.7,""t"":428,""outside"":false,""outsidePx"":0},{""x"":1371.3,""y"":678,""t"":445,""outside"":false,""outsidePx"":0},{""x"":1394,""y"":666,""t"":462,""outside"":false,""outsidePx"":0},{""x"":1413.3,""y"":655.3,""t"":478,""outside"":false,""outsidePx"":0},{""x"":1434.7,""y"":646.7,""t"":495,""outside"":false,""outsidePx"":0},{""x"":1454,""y"":638,""t"":512,""outside"":false,""outsidePx"":0},{""x"":1474.7,""y"":625.3,""t"":528,""outside"":false,""outsidePx"":0},{""x"":1499.3,""y"":613.3,""t"":545,""outside"":false,""outsidePx"":0},{""x"":1524,""y"":599.3,""t"":562,""outside"":false,""outsidePx"":0},{""x"":1550,""y"":585.3,""t"":578,""outside"":false,""outsidePx"":0},{""x"":1572.7,""y"":571.3,""t"":595,""outside"":false,""outsidePx"":0},{""x"":1588.7,""y"":562.7,""t"":612,""outside"":false,""outsidePx"":0},{""x"":1597.3,""y"":557.3,""t"":628,""outside"":false,""outsidePx"":0},{""x"":1600.7,""y"":555.3,""t"":645,""outside"":false,""outsidePx"":0},{""x"":1600.7,""y"":554,""t"":662,""outside"":false,""outsidePx"":0},{""x"":1602.7,""y"":554,""t"":712,""outside"":false,""outsidePx"":0},{""x"":1606,""y"":552,""t"":728,""outside"":false,""outsidePx"":0},{""x"":1609.3,""y"":550.7,""t"":745,""outside"":false,""outsidePx"":0},{""x"":1614.7,""y"":546.7,""t"":762,""outside"":false,""outsidePx"":0},{""x"":1622,""y"":545.3,""t"":778,""outside"":false,""outsidePx"":0},{""x"":1626.7,""y"":541.3,""t"":795,""outside"":false,""outsidePx"":0},{""x"":1637.3,""y"":536.7,""t"":812,""outside"":false,""outsidePx"":0},{""x"":1651.3,""y"":527.3,""t"":828,""outside"":false,""outsidePx"":0},{""x"":1665.3,""y"":518.7,""t"":845,""outside"":false,""outsidePx"":0},{""x"":1681.3,""y"":510,""t"":862,""outside"":false,""outsidePx"":0},{""x"":1692,""y"":503.3,""t"":879,""outside"":false,""outsidePx"":0},{""x"":1698.7,""y"":499.3,""t"":895,""outside"":false,""outsidePx"":0},{""x"":1698.7,""y"":500.7,""t"":1005,""outside"":false,""outsidePx"":0},{""x"":1697.3,""y"":500.7,""t"":1013,""outside"":false,""outsidePx"":0},{""x"":1696,""y"":502.7,""t"":1016,""outside"":false,""outsidePx"":0}]"
hayashi,main,practice,C1,幅広条件,A固定・W広い,70,675,9.643,1,18,18,18,18,2026-09-29T07:48:30.087Z,2026-09-29T07:48:30.852Z,765,149,527,378,true,true,none,1658.7,478.7,1,false,0,0,0,false,[],"[{""x"":866,""y"":972,""t"":0,""outside"":false,""outsidePx"":0},{""x"":870.7,""y"":968.7,""t"":11,""outside"":false,""outsidePx"":0},{""x"":876,""y"":961.3,""t"":28,""outside"":false,""outsidePx"":0},{""x"":881.3,""y"":956.7,""t"":44,""outside"":false,""outsidePx"":0},{""x"":890,""y"":947.3,""t"":61,""outside"":false,""outsidePx"":0},{""x"":902.7,""y"":938.7,""t"":78,""outside"":false,""outsidePx"":0},{""x"":916.7,""y"":930,""t"":94,""outside"":false,""outsidePx"":0},{""x"":936,""y"":921.3,""t"":111,""outside"":false,""outsidePx"":0},{""x"":956.7,""y"":910.7,""t"":128,""outside"":false,""outsidePx"":0},{""x"":982.7,""y"":898.7,""t"":144,""outside"":false,""outsidePx"":0},{""x"":1014.7,""y"":881.3,""t"":161,""outside"":false,""outsidePx"":0},{""x"":1042.7,""y"":863.3,""t"":178,""outside"":false,""outsidePx"":0},{""x"":1072,""y"":840.7,""t"":194,""outside"":false,""outsidePx"":0},{""x"":1102,""y"":821.3,""t"":211,""outside"":false,""outsidePx"":0},{""x"":1130,""y"":800.7,""t"":228,""outside"":false,""outsidePx"":0},{""x"":1164.7,""y"":776,""t"":244,""outside"":false,""outsidePx"":0},{""x"":1192.7,""y"":755.3,""t"":261,""outside"":false,""outsidePx"":0},{""x"":1214,""y"":739.3,""t"":278,""outside"":false,""outsidePx"":0},{""x"":1230,""y"":728.7,""t"":294,""outside"":false,""outsidePx"":0},{""x"":1240,""y"":720,""t"":311,""outside"":false,""outsidePx"":0},{""x"":1254,""y"":709.3,""t"":328,""outside"":false,""outsidePx"":0},{""x"":1275.3,""y"":695.3,""t"":344,""outside"":false,""outsidePx"":0},{""x"":1300,""y"":678,""t"":361,""outside"":false,""outsidePx"":0},{""x"":1328,""y"":660.7,""t"":378,""outside"":false,""outsidePx"":0},{""x"":1354,""y"":644.7,""t"":394,""outside"":false,""outsidePx"":0},{""x"":1387.3,""y"":625.3,""t"":411,""outside"":false,""outsidePx"":0},{""x"":1413.3,""y"":611.3,""t"":428,""outside"":false,""outsidePx"":0},{""x"":1440,""y"":596,""t"":444,""outside"":false,""outsidePx"":0},{""x"":1466,""y"":580,""t"":461,""outside"":false,""outsidePx"":0},{""x"":1490.7,""y"":568,""t"":478,""outside"":false,""outsidePx"":0},{""x"":1513.3,""y"":554,""t"":494,""outside"":false,""outsidePx"":0},{""x"":1536,""y"":540,""t"":511,""outside"":false,""outsidePx"":0},{""x"":1558.7,""y"":527.3,""t"":528,""outside"":false,""outsidePx"":0},{""x"":1580,""y"":515.3,""t"":544,""outside"":false,""outsidePx"":0},{""x"":1598.7,""y"":504.7,""t"":561,""outside"":false,""outsidePx"":0},{""x"":1616.7,""y"":498,""t"":578,""outside"":false,""outsidePx"":0},{""x"":1634,""y"":490.7,""t"":594,""outside"":false,""outsidePx"":0},{""x"":1646,""y"":485.3,""t"":611,""outside"":false,""outsidePx"":0},{""x"":1651.3,""y"":484,""t"":628,""outside"":false,""outsidePx"":0},{""x"":1653.3,""y"":482,""t"":644,""outside"":false,""outsidePx"":0},{""x"":1656.7,""y"":480.7,""t"":661,""outside"":false,""outsidePx"":0},{""x"":1658.7,""y"":480.7,""t"":678,""outside"":false,""outsidePx"":0},{""x"":1658.7,""y"":478.7,""t"":695,""outside"":false,""outsidePx"":0}]"
hayashi,main,practice,C1,幅広条件,A固定・W広い,70,675,9.643,1,19,19,19,19,2026-09-29T07:48:31.455Z,2026-09-29T07:48:32.201Z,746,140,535,395,true,true,none,1730,456,1,false,0,0,0,false,[],"[{""x"":886.7,""y"":937.3,""t"":0,""outside"":false,""outsidePx"":0},{""x"":888.7,""y"":935.3,""t"":10,""outside"":false,""outsidePx"":0},{""x"":890,""y"":933.3,""t"":27,""outside"":false,""outsidePx"":0},{""x"":892,""y"":933.3,""t"":43,""outside"":false,""outsidePx"":0},{""x"":894,""y"":932,""t"":60,""outside"":false,""outsidePx"":0},{""x"":898.7,""y"":928.7,""t"":77,""outside"":false,""outsidePx"":0},{""x"":912.7,""y"":923.3,""t"":93,""outside"":false,""outsidePx"":0},{""x"":934,""y"":914.7,""t"":110,""outside"":false,""outsidePx"":0},{""x"":958.7,""y"":900.7,""t"":126,""outside"":false,""outsidePx"":0},{""x"":990,""y"":879.3,""t"":143,""outside"":false,""outsidePx"":0},{""x"":1021.3,""y"":858.7,""t"":160,""outside"":false,""outsidePx"":0},{""x"":1054.7,""y"":832,""t"":177,""outside"":false,""outsidePx"":0},{""x"":1084.7,""y"":809.3,""t"":193,""outside"":false,""outsidePx"":0},{""x"":1107.3,""y"":793.3,""t"":210,""outside"":false,""outsidePx"":0},{""x"":1126.7,""y"":783.3,""t"":226,""outside"":false,""outsidePx"":0},{""x"":1142,""y"":774.7,""t"":243,""outside"":false,""outsidePx"":0},{""x"":1152.7,""y"":767.3,""t"":260,""outside"":false,""outsidePx"":0},{""x"":1163.3,""y"":762,""t"":276,""outside"":false,""outsidePx"":0},{""x"":1175.3,""y"":753.3,""t"":293,""outside"":false,""outsidePx"":0},{""x"":1194.7,""y"":741.3,""t"":310,""outside"":false,""outsidePx"":0},{""x"":1217.3,""y"":727.3,""t"":326,""outside"":false,""outsidePx"":0},{""x"":1248.7,""y"":709.3,""t"":343,""outside"":false,""outsidePx"":0},{""x"":1276.7,""y"":692,""t"":360,""outside"":false,""outsidePx"":0},{""x"":1306.7,""y"":676.7,""t"":376,""outside"":false,""outsidePx"":0},{""x"":1329.3,""y"":662.7,""t"":393,""outside"":false,""outsidePx"":0},{""x"":1352,""y"":652,""t"":410,""outside"":false,""outsidePx"":0},{""x"":1378.7,""y"":638,""t"":426,""outside"":false,""outsidePx"":0},{""x"":1410,""y"":624,""t"":443,""outside"":false,""outsidePx"":0},{""x"":1436,""y"":610,""t"":460,""outside"":false,""outsidePx"":0},{""x"":1468,""y"":592.7,""t"":477,""outside"":false,""outsidePx"":0},{""x"":1496,""y"":578.7,""t"":493,""outside"":false,""outsidePx"":0},{""x"":1522,""y"":564.7,""t"":510,""outside"":false,""outsidePx"":0},{""x"":1553.3,""y"":550.7,""t"":526,""outside"":false,""outsidePx"":0},{""x"":1581.3,""y"":536.7,""t"":543,""outside"":false,""outsidePx"":0},{""x"":1612.7,""y"":517.3,""t"":560,""outside"":false,""outsidePx"":0},{""x"":1648,""y"":498,""t"":576,""outside"":false,""outsidePx"":0},{""x"":1674,""y"":484,""t"":593,""outside"":false,""outsidePx"":0},{""x"":1698.7,""y"":470,""t"":610,""outside"":false,""outsidePx"":0},{""x"":1718,""y"":461.3,""t"":626,""outside"":false,""outsidePx"":0},{""x"":1728.7,""y"":457.3,""t"":643,""outside"":false,""outsidePx"":0},{""x"":1730,""y"":456,""t"":660,""outside"":false,""outsidePx"":0}]"
hayashi,main,practice,C1,幅広条件,A固定・W広い,70,675,9.643,1,20,20,20,20,2026-09-29T07:48:32.690Z,2026-09-29T07:48:33.418Z,728,127,494,367,false,true,near_goal_pointerup,1779.3,478.7,1,true,1,170,5.7,false,"[{""startMs"":558,""startX"":1665.3,""startY"":538,""maxOutsidePx"":5.7,""endMs"":728,""endX"":1779.3,""endY"":478.7,""durationMs"":170}]","[{""x"":857.3,""y"":950.7,""t"":0,""outside"":false,""outsidePx"":0},{""x"":857.3,""y"":949.3,""t"":8,""outside"":false,""outsidePx"":0},{""x"":862,""y"":944,""t"":25,""outside"":false,""outsidePx"":0},{""x"":878,""y"":933.3,""t"":41,""outside"":false,""outsidePx"":0},{""x"":892,""y"":924.7,""t"":58,""outside"":false,""outsidePx"":0},{""x"":908,""y"":914.7,""t"":75,""outside"":false,""outsidePx"":0},{""x"":925.3,""y"":904,""t"":91,""outside"":false,""outsidePx"":0},{""x"":948,""y"":891.3,""t"":108,""outside"":false,""outsidePx"":0},{""x"":974,""y"":877.3,""t"":125,""outside"":false,""outsidePx"":0},{""x"":1014.7,""y"":854.7,""t"":141,""outside"":false,""outsidePx"":0},{""x"":1049.3,""y"":834,""t"":158,""outside"":false,""outsidePx"":0},{""x"":1082.7,""y"":816.7,""t"":175,""outside"":false,""outsidePx"":0},{""x"":1116,""y"":802.7,""t"":191,""outside"":false,""outsidePx"":0},{""x"":1146,""y"":792,""t"":208,""outside"":false,""outsidePx"":0},{""x"":1170,""y"":781.3,""t"":225,""outside"":false,""outsidePx"":0},{""x"":1196.7,""y"":772.7,""t"":241,""outside"":false,""outsidePx"":0},{""x"":1219.3,""y"":762,""t"":258,""outside"":false,""outsidePx"":0},{""x"":1240,""y"":750,""t"":275,""outside"":false,""outsidePx"":0},{""x"":1261.3,""y"":739.3,""t"":291,""outside"":false,""outsidePx"":0},{""x"":1280.7,""y"":730.7,""t"":308,""outside"":false,""outsidePx"":0},{""x"":1300,""y"":722,""t"":325,""outside"":false,""outsidePx"":0},{""x"":1322.7,""y"":711.3,""t"":341,""outside"":false,""outsidePx"":0},{""x"":1352,""y"":697.3,""t"":358,""outside"":false,""outsidePx"":0},{""x"":1378.7,""y"":683.3,""t"":375,""outside"":false,""outsidePx"":0},{""x"":1410,""y"":667.3,""t"":391,""outside"":false,""outsidePx"":0},{""x"":1441.3,""y"":653.3,""t"":408,""outside"":false,""outsidePx"":0},{""x"":1471.3,""y"":638,""t"":425,""outside"":false,""outsidePx"":0},{""x"":1504.7,""y"":622,""t"":441,""outside"":false,""outsidePx"":0},{""x"":1534,""y"":606.7,""t"":458,""outside"":false,""outsidePx"":0},{""x"":1562,""y"":592.7,""t"":475,""outside"":false,""outsidePx"":0},{""x"":1584.7,""y"":580,""t"":491,""outside"":false,""outsidePx"":0},{""x"":1606,""y"":568,""t"":508,""outside"":false,""outsidePx"":0},{""x"":1623.3,""y"":557.3,""t"":525,""outside"":false,""outsidePx"":0},{""x"":1644.7,""y"":548.7,""t"":541,""outside"":false,""outsidePx"":0},{""x"":1665.3,""y"":538,""t"":558,""outside"":true,""outsidePx"":0.1},{""x"":1690,""y"":526,""t"":575,""outside"":true,""outsidePx"":2},{""x"":1716,""y"":512,""t"":591,""outside"":true,""outsidePx"":2.9},{""x"":1740.7,""y"":499.3,""t"":608,""outside"":true,""outsidePx"":4.2},{""x"":1760,""y"":487.3,""t"":624,""outside"":true,""outsidePx"":3.5},{""x"":1772,""y"":480.7,""t"":641,""outside"":true,""outsidePx"":3.7},{""x"":1779.3,""y"":478.7,""t"":658,""outside"":true,""outsidePx"":5.7}]"
hayashi,main,practice,C1,幅広条件,A固定・W広い,70,675,9.643,1,21,21,21,21,2026-09-29T07:48:34.093Z,2026-09-29T07:48:34.780Z,688,106,464,358,true,true,none,1693.3,484,1,false,0,0,0,false,[],"[{""x"":899.3,""y"":940,""t"":0,""outside"":false,""outsidePx"":0},{""x"":900.7,""y"":940,""t"":39,""outside"":false,""outsidePx"":0},{""x"":911.3,""y"":932,""t"":55,""outside"":false,""outsidePx"":0},{""x"":928.7,""y"":921.3,""t"":72,""outside"":false,""outsidePx"":0},{""x"":954.7,""y"":905.3,""t"":88,""outside"":false,""outsidePx"":0},{""x"":986.7,""y"":890,""t"":105,""outside"":false,""outsidePx"":0},{""x"":1012.7,""y"":876,""t"":122,""outside"":false,""outsidePx"":0},{""x"":1038.7,""y"":862,""t"":138,""outside"":false,""outsidePx"":0},{""x"":1070.7,""y"":844.7,""t"":155,""outside"":false,""outsidePx"":0},{""x"":1094.7,""y"":830.7,""t"":172,""outside"":false,""outsidePx"":0},{""x"":1121.3,""y"":816.7,""t"":188,""outside"":false,""outsidePx"":0},{""x"":1147.3,""y"":798.7,""t"":205,""outside"":false,""outsidePx"":0},{""x"":1178.7,""y"":783.3,""t"":222,""outside"":false,""outsidePx"":0},{""x"":1210.7,""y"":769.3,""t"":238,""outside"":false,""outsidePx"":0},{""x"":1240,""y"":755.3,""t"":255,""outside"":false,""outsidePx"":0},{""x"":1270,""y"":739.3,""t"":271,""outside"":false,""outsidePx"":0},{""x"":1301.3,""y"":720,""t"":288,""outside"":false,""outsidePx"":0},{""x"":1332.7,""y"":699.3,""t"":305,""outside"":false,""outsidePx"":0},{""x"":1362.7,""y"":678,""t"":321,""outside"":false,""outsidePx"":0},{""x"":1392.7,""y"":658.7,""t"":338,""outside"":false,""outsidePx"":0},{""x"":1422,""y"":639.3,""t"":355,""outside"":false,""outsidePx"":0},{""x"":1454,""y"":618.7,""t"":371,""outside"":false,""outsidePx"":0},{""x"":1480,""y"":599.3,""t"":388,""outside"":false,""outsidePx"":0},{""x"":1508,""y"":580,""t"":405,""outside"":false,""outsidePx"":0},{""x"":1528.7,""y"":568,""t"":421,""outside"":false,""outsidePx"":0},{""x"":1544.7,""y"":559.3,""t"":438,""outside"":false,""outsidePx"":0},{""x"":1560.7,""y"":552,""t"":455,""outside"":false,""outsidePx"":0},{""x"":1578,""y"":543.3,""t"":471,""outside"":false,""outsidePx"":0},{""x"":1597.3,""y"":532.7,""t"":488,""outside"":false,""outsidePx"":0},{""x"":1620,""y"":518.7,""t"":505,""outside"":false,""outsidePx"":0},{""x"":1648,""y"":504.7,""t"":521,""outside"":false,""outsidePx"":0},{""x"":1668.7,""y"":492.7,""t"":538,""outside"":false,""outsidePx"":0},{""x"":1686.7,""y"":485.3,""t"":555,""outside"":false,""outsidePx"":0},{""x"":1690,""y"":485.3,""t"":572,""outside"":false,""outsidePx"":0},{""x"":1692,""y"":485.3,""t"":649,""outside"":false,""outsidePx"":0},{""x"":1692,""y"":484,""t"":656,""outside"":false,""outsidePx"":0},{""x"":1693.3,""y"":484,""t"":672,""outside"":false,""outsidePx"":0}]"
hayashi,main,practice,C1,幅広条件,A固定・W広い,70,675,9.643,1,22,22,22,22,2026-09-29T07:48:35.303Z,2026-09-29T07:48:36.058Z,756,139,550,411,true,true,none,1732,457.3,1,false,0,0,0,false,[],"[{""x"":834.7,""y"":956,""t"":0,""outside"":false,""outsidePx"":0},{""x"":836,""y"":954.7,""t"":21,""outside"":false,""outsidePx"":0},{""x"":838,""y"":952.7,""t"":29,""outside"":false,""outsidePx"":0},{""x"":846.7,""y"":946,""t"":45,""outside"":false,""outsidePx"":0},{""x"":858.7,""y"":935.3,""t"":61,""outside"":false,""outsidePx"":0},{""x"":870.7,""y"":926.7,""t"":78,""outside"":false,""outsidePx"":0},{""x"":892,""y"":914.7,""t"":95,""outside"":false,""outsidePx"":0},{""x"":918,""y"":898.7,""t"":111,""outside"":false,""outsidePx"":0},{""x"":951.3,""y"":879.3,""t"":128,""outside"":false,""outsidePx"":0},{""x"":988,""y"":860,""t"":145,""outside"":false,""outsidePx"":0},{""x"":1018,""y"":846,""t"":161,""outside"":false,""outsidePx"":0},{""x"":1044,""y"":834,""t"":178,""outside"":false,""outsidePx"":0},{""x"":1066.7,""y"":820,""t"":195,""outside"":false,""outsidePx"":0},{""x"":1088,""y"":806,""t"":211,""outside"":false,""outsidePx"":0},{""x"":1107.3,""y"":793.3,""t"":228,""outside"":false,""outsidePx"":0},{""x"":1126.7,""y"":783.3,""t"":245,""outside"":false,""outsidePx"":0},{""x"":1147.3,""y"":772.7,""t"":261,""outside"":false,""outsidePx"":0},{""x"":1163.3,""y"":762,""t"":278,""outside"":false,""outsidePx"":0},{""x"":1186,""y"":751.3,""t"":295,""outside"":false,""outsidePx"":0},{""x"":1210.7,""y"":734,""t"":311,""outside"":false,""outsidePx"":0},{""x"":1233.3,""y"":720,""t"":328,""outside"":false,""outsidePx"":0},{""x"":1262.7,""y"":702.7,""t"":345,""outside"":false,""outsidePx"":0},{""x"":1292.7,""y"":683.3,""t"":361,""outside"":false,""outsidePx"":0},{""x"":1317.3,""y"":667.3,""t"":378,""outside"":false,""outsidePx"":0},{""x"":1346.7,""y"":650,""t"":395,""outside"":false,""outsidePx"":0},{""x"":1374.7,""y"":632.7,""t"":411,""outside"":false,""outsidePx"":0},{""x"":1396,""y"":620.7,""t"":428,""outside"":false,""outsidePx"":0},{""x"":1418.7,""y"":610,""t"":445,""outside"":false,""outsidePx"":0},{""x"":1443.3,""y"":599.3,""t"":461,""outside"":false,""outsidePx"":0},{""x"":1464,""y"":592.7,""t"":478,""outside"":false,""outsidePx"":0},{""x"":1488.7,""y"":583.3,""t"":495,""outside"":false,""outsidePx"":0},{""x"":1511.3,""y"":574.7,""t"":511,""outside"":false,""outsidePx"":0},{""x"":1534,""y"":562.7,""t"":528,""outside"":false,""outsidePx"":0},{""x"":1558.7,""y"":548.7,""t"":544,""outside"":false,""outsidePx"":0},{""x"":1584.7,""y"":534.7,""t"":561,""outside"":false,""outsidePx"":0},{""x"":1611.3,""y"":517.3,""t"":578,""outside"":false,""outsidePx"":0},{""x"":1639.3,""y"":501.3,""t"":594,""outside"":false,""outsidePx"":0},{""x"":1667.3,""y"":487.3,""t"":611,""outside"":false,""outsidePx"":0},{""x"":1690,""y"":476.7,""t"":628,""outside"":false,""outsidePx"":0},{""x"":1706,""y"":471.3,""t"":645,""outside"":false,""outsidePx"":0},{""x"":1714.7,""y"":468,""t"":661,""outside"":false,""outsidePx"":0},{""x"":1720,""y"":464.7,""t"":678,""outside"":false,""outsidePx"":0},{""x"":1724.7,""y"":462.7,""t"":695,""outside"":false,""outsidePx"":0},{""x"":1730,""y"":459.3,""t"":712,""outside"":false,""outsidePx"":0},{""x"":1732,""y"":457.3,""t"":728,""outside"":false,""outsidePx"":0}]"
hayashi,main,practice,C1,幅広条件,A固定・W広い,70,675,9.643,1,23,23,23,23,2026-09-29T07:48:36.963Z,2026-09-29T07:48:37.741Z,777,137,599,462,true,true,none,1678,501.3,1,false,0,0,0,false,[],"[{""x"":884,""y"":956,""t"":0,""outside"":false,""outsidePx"":0},{""x"":884.7,""y"":954.7,""t"":51,""outside"":false,""outsidePx"":0},{""x"":895.3,""y"":946,""t"":67,""outside"":false,""outsidePx"":0},{""x"":920,""y"":933.3,""t"":84,""outside"":false,""outsidePx"":0},{""x"":948,""y"":918,""t"":100,""outside"":false,""outsidePx"":0},{""x"":972.7,""y"":907.3,""t"":117,""outside"":false,""outsidePx"":0},{""x"":992,""y"":900.7,""t"":134,""outside"":false,""outsidePx"":0},{""x"":1002,""y"":898.7,""t"":150,""outside"":false,""outsidePx"":0},{""x"":1007.3,""y"":895.3,""t"":167,""outside"":false,""outsidePx"":0},{""x"":1014.7,""y"":891.3,""t"":184,""outside"":false,""outsidePx"":0},{""x"":1028.7,""y"":884.7,""t"":201,""outside"":false,""outsidePx"":0},{""x"":1046,""y"":874,""t"":217,""outside"":false,""outsidePx"":0},{""x"":1066.7,""y"":863.3,""t"":234,""outside"":false,""outsidePx"":0},{""x"":1091.3,""y"":849.3,""t"":250,""outside"":false,""outsidePx"":0},{""x"":1114,""y"":834,""t"":267,""outside"":false,""outsidePx"":0},{""x"":1136.7,""y"":821.3,""t"":284,""outside"":false,""outsidePx"":0},{""x"":1154.7,""y"":809.3,""t"":300,""outside"":false,""outsidePx"":0},{""x"":1174,""y"":797.3,""t"":317,""outside"":false,""outsidePx"":0},{""x"":1192.7,""y"":783.3,""t"":334,""outside"":false,""outsidePx"":0},{""x"":1216,""y"":767.3,""t"":350,""outside"":false,""outsidePx"":0},{""x"":1238.7,""y"":753.3,""t"":367,""outside"":false,""outsidePx"":0},{""x"":1261.3,""y"":741.3,""t"":384,""outside"":false,""outsidePx"":0},{""x"":1284,""y"":728.7,""t"":400,""outside"":false,""outsidePx"":0},{""x"":1306.7,""y"":716.7,""t"":417,""outside"":false,""outsidePx"":0},{""x"":1332.7,""y"":702.7,""t"":434,""outside"":false,""outsidePx"":0},{""x"":1357.3,""y"":686.7,""t"":450,""outside"":false,""outsidePx"":0},{""x"":1384,""y"":672.7,""t"":467,""outside"":false,""outsidePx"":0},{""x"":1408,""y"":658.7,""t"":484,""outside"":false,""outsidePx"":0},{""x"":1471.3,""y"":624,""t"":587,""outside"":false,""outsidePx"":0},{""x"":1594,""y"":552,""t"":600,""outside"":false,""outsidePx"":0},{""x"":1609.3,""y"":541.3,""t"":620,""outside"":false,""outsidePx"":0},{""x"":1626.7,""y"":529.3,""t"":634,""outside"":false,""outsidePx"":0},{""x"":1644.7,""y"":520.7,""t"":651,""outside"":false,""outsidePx"":0},{""x"":1656.7,""y"":512,""t"":667,""outside"":false,""outsidePx"":0},{""x"":1665.3,""y"":508.7,""t"":687,""outside"":false,""outsidePx"":0},{""x"":1670.7,""y"":504.7,""t"":700,""outside"":false,""outsidePx"":0},{""x"":1676,""y"":501.3,""t"":717,""outside"":false,""outsidePx"":0},{""x"":1678,""y"":501.3,""t"":734,""outside"":false,""outsidePx"":0}]"
hayashi,main,practice,C1,幅広条件,A固定・W広い,70,675,9.643,1,24,24,24,24,2026-09-29T07:48:38.264Z,2026-09-29T07:48:39.069Z,804,148,547,399,true,true,none,1674,478.7,1,false,0,0,0,false,[],"[{""x"":868,""y"":945.3,""t"":0,""outside"":false,""outsidePx"":0},{""x"":870.7,""y"":945.3,""t"":32,""outside"":false,""outsidePx"":0},{""x"":878,""y"":942.7,""t"":49,""outside"":false,""outsidePx"":0},{""x"":883.3,""y"":937.3,""t"":66,""outside"":false,""outsidePx"":0},{""x"":892,""y"":932,""t"":83,""outside"":false,""outsidePx"":0},{""x"":906,""y"":924.7,""t"":99,""outside"":false,""outsidePx"":0},{""x"":926.7,""y"":914.7,""t"":116,""outside"":false,""outsidePx"":0},{""x"":953.3,""y"":900.7,""t"":132,""outside"":false,""outsidePx"":0},{""x"":984.7,""y"":879.3,""t"":149,""outside"":false,""outsidePx"":0},{""x"":1012.7,""y"":862,""t"":165,""outside"":false,""outsidePx"":0},{""x"":1044,""y"":844.7,""t"":182,""outside"":false,""outsidePx"":0},{""x"":1072,""y"":826.7,""t"":199,""outside"":false,""outsidePx"":0},{""x"":1096.7,""y"":812.7,""t"":216,""outside"":false,""outsidePx"":0},{""x"":1119.3,""y"":800.7,""t"":232,""outside"":false,""outsidePx"":0},{""x"":1140.7,""y"":788.7,""t"":249,""outside"":false,""outsidePx"":0},{""x"":1160,""y"":778,""t"":266,""outside"":false,""outsidePx"":0},{""x"":1182.7,""y"":764,""t"":282,""outside"":false,""outsidePx"":0},{""x"":1205.3,""y"":748,""t"":299,""outside"":false,""outsidePx"":0},{""x"":1228,""y"":737.3,""t"":316,""outside"":false,""outsidePx"":0},{""x"":1248.7,""y"":725.3,""t"":332,""outside"":false,""outsidePx"":0},{""x"":1272,""y"":714.7,""t"":349,""outside"":false,""outsidePx"":0},{""x"":1296,""y"":702.7,""t"":366,""outside"":false,""outsidePx"":0},{""x"":1322.7,""y"":690.7,""t"":382,""outside"":false,""outsidePx"":0},{""x"":1350.7,""y"":676.7,""t"":399,""outside"":false,""outsidePx"":0},{""x"":1376.7,""y"":662.7,""t"":416,""outside"":false,""outsidePx"":0},{""x"":1402.7,""y"":648.7,""t"":432,""outside"":false,""outsidePx"":0},{""x"":1429.3,""y"":630.7,""t"":449,""outside"":false,""outsidePx"":0},{""x"":1452,""y"":615.3,""t"":466,""outside"":false,""outsidePx"":0},{""x"":1472.7,""y"":601.3,""t"":482,""outside"":false,""outsidePx"":0},{""x"":1492,""y"":587.3,""t"":499,""outside"":false,""outsidePx"":0},{""x"":1516.7,""y"":569.3,""t"":515,""outside"":false,""outsidePx"":0},{""x"":1542.7,""y"":554,""t"":532,""outside"":false,""outsidePx"":0},{""x"":1569.3,""y"":538,""t"":549,""outside"":false,""outsidePx"":0},{""x"":1595.3,""y"":522.7,""t"":566,""outside"":false,""outsidePx"":0},{""x"":1616.7,""y"":510,""t"":582,""outside"":false,""outsidePx"":0},{""x"":1632,""y"":503.3,""t"":599,""outside"":false,""outsidePx"":0},{""x"":1640.7,""y"":498,""t"":616,""outside"":false,""outsidePx"":0},{""x"":1650,""y"":492.7,""t"":632,""outside"":false,""outsidePx"":0},{""x"":1658.7,""y"":487.3,""t"":649,""outside"":false,""outsidePx"":0},{""x"":1667.3,""y"":482,""t"":666,""outside"":false,""outsidePx"":0},{""x"":1672.7,""y"":480.7,""t"":682,""outside"":false,""outsidePx"":0},{""x"":1674,""y"":478.7,""t"":699,""outside"":false,""outsidePx"":0}]"
hayashi,main,practice,C1,幅広条件,A固定・W広い,70,675,9.643,1,25,25,25,25,2026-09-29T07:48:39.568Z,2026-09-29T07:48:40.213Z,645,129,409,280,true,true,none,1693.3,485.3,1,false,0,0,0,false,[],"[{""x"":876.7,""y"":980,""t"":0,""outside"":false,""outsidePx"":0},{""x"":878,""y"":979.3,""t"":12,""outside"":false,""outsidePx"":0},{""x"":883.3,""y"":974,""t"":29,""outside"":false,""outsidePx"":0},{""x"":892,""y"":966.7,""t"":45,""outside"":false,""outsidePx"":0},{""x"":904,""y"":958,""t"":62,""outside"":false,""outsidePx"":0},{""x"":923.3,""y"":946,""t"":79,""outside"":false,""outsidePx"":0},{""x"":944.7,""y"":933.3,""t"":95,""outside"":false,""outsidePx"":0},{""x"":968.7,""y"":921.3,""t"":112,""outside"":false,""outsidePx"":0},{""x"":996.7,""y"":907.3,""t"":129,""outside"":false,""outsidePx"":0},{""x"":1028.7,""y"":891.3,""t"":145,""outside"":false,""outsidePx"":0},{""x"":1060,""y"":874,""t"":162,""outside"":false,""outsidePx"":0},{""x"":1093.3,""y"":854.7,""t"":179,""outside"":false,""outsidePx"":0},{""x"":1128,""y"":834,""t"":195,""outside"":false,""outsidePx"":0},{""x"":1164.7,""y"":814.7,""t"":212,""outside"":false,""outsidePx"":0},{""x"":1200,""y"":795.3,""t"":229,""outside"":false,""outsidePx"":0},{""x"":1238.7,""y"":772.7,""t"":245,""outside"":false,""outsidePx"":0},{""x"":1273.3,""y"":750,""t"":262,""outside"":false,""outsidePx"":0},{""x"":1308.7,""y"":728.7,""t"":279,""outside"":false,""outsidePx"":0},{""x"":1340,""y"":711.3,""t"":295,""outside"":false,""outsidePx"":0},{""x"":1378.7,""y"":690.7,""t"":312,""outside"":false,""outsidePx"":0},{""x"":1415.3,""y"":671.3,""t"":329,""outside"":false,""outsidePx"":0},{""x"":1450,""y"":650,""t"":345,""outside"":false,""outsidePx"":0},{""x"":1483.3,""y"":630.7,""t"":362,""outside"":false,""outsidePx"":0},{""x"":1516.7,""y"":610,""t"":379,""outside"":false,""outsidePx"":0},{""x"":1552,""y"":583.3,""t"":395,""outside"":false,""outsidePx"":0},{""x"":1584.7,""y"":560.7,""t"":412,""outside"":false,""outsidePx"":0},{""x"":1614.7,""y"":538,""t"":428,""outside"":false,""outsidePx"":0},{""x"":1639.3,""y"":520.7,""t"":445,""outside"":false,""outsidePx"":0},{""x"":1658.7,""y"":508.7,""t"":462,""outside"":false,""outsidePx"":0},{""x"":1672.7,""y"":499.3,""t"":478,""outside"":false,""outsidePx"":0},{""x"":1679.3,""y"":496,""t"":495,""outside"":false,""outsidePx"":0},{""x"":1681.3,""y"":496,""t"":512,""outside"":false,""outsidePx"":0},{""x"":1682.7,""y"":494.7,""t"":562,""outside"":false,""outsidePx"":0},{""x"":1686.7,""y"":492.7,""t"":579,""outside"":false,""outsidePx"":0},{""x"":1690,""y"":489.3,""t"":595,""outside"":false,""outsidePx"":0},{""x"":1693.3,""y"":487.3,""t"":612,""outside"":false,""outsidePx"":0},{""x"":1693.3,""y"":485.3,""t"":629,""outside"":false,""outsidePx"":0}]"
hayashi,main,practice,C1,幅広条件,A固定・W広い,70,675,9.643,1,26,26,26,26,2026-09-29T07:48:40.814Z,2026-09-29T07:48:41.573Z,758,128,497,369,true,true,none,1702,484,1,false,0,0,0,false,[],"[{""x"":856.7,""y"":952,""t"":0,""outside"":false,""outsidePx"":0},{""x"":858.7,""y"":952,""t"":16,""outside"":false,""outsidePx"":0},{""x"":860.7,""y"":952,""t"":40,""outside"":false,""outsidePx"":0},{""x"":862,""y"":952,""t"":51,""outside"":false,""outsidePx"":0},{""x"":876,""y"":944,""t"":66,""outside"":false,""outsidePx"":0},{""x"":895.3,""y"":937.3,""t"":82,""outside"":false,""outsidePx"":0},{""x"":926.7,""y"":921.3,""t"":99,""outside"":false,""outsidePx"":0},{""x"":962,""y"":904,""t"":116,""outside"":false,""outsidePx"":0},{""x"":996.7,""y"":882.7,""t"":132,""outside"":false,""outsidePx"":0},{""x"":1032,""y"":860,""t"":149,""outside"":false,""outsidePx"":0},{""x"":1060,""y"":839.3,""t"":165,""outside"":false,""outsidePx"":0},{""x"":1090,""y"":821.3,""t"":182,""outside"":false,""outsidePx"":0},{""x"":1124.7,""y"":806,""t"":199,""outside"":false,""outsidePx"":0},{""x"":1152.7,""y"":792,""t"":215,""outside"":false,""outsidePx"":0},{""x"":1182.7,""y"":778,""t"":232,""outside"":false,""outsidePx"":0},{""x"":1214,""y"":760.7,""t"":249,""outside"":false,""outsidePx"":0},{""x"":1245.3,""y"":741.3,""t"":265,""outside"":false,""outsidePx"":0},{""x"":1276.7,""y"":722,""t"":282,""outside"":false,""outsidePx"":0},{""x"":1308.7,""y"":702.7,""t"":299,""outside"":false,""outsidePx"":0},{""x"":1336.7,""y"":686.7,""t"":316,""outside"":false,""outsidePx"":0},{""x"":1364.7,""y"":669.3,""t"":332,""outside"":false,""outsidePx"":0},{""x"":1390.7,""y"":655.3,""t"":349,""outside"":false,""outsidePx"":0},{""x"":1412,""y"":644.7,""t"":366,""outside"":false,""outsidePx"":0},{""x"":1434.7,""y"":634.7,""t"":383,""outside"":false,""outsidePx"":0},{""x"":1455.3,""y"":624,""t"":399,""outside"":false,""outsidePx"":0},{""x"":1471.3,""y"":616.7,""t"":416,""outside"":false,""outsidePx"":0},{""x"":1488.7,""y"":608,""t"":432,""outside"":false,""outsidePx"":0},{""x"":1510,""y"":597.3,""t"":449,""outside"":false,""outsidePx"":0},{""x"":1528.7,""y"":585.3,""t"":466,""outside"":false,""outsidePx"":0},{""x"":1555.3,""y"":573.3,""t"":482,""outside"":false,""outsidePx"":0},{""x"":1580,""y"":557.3,""t"":499,""outside"":false,""outsidePx"":0},{""x"":1597.3,""y"":548.7,""t"":515,""outside"":false,""outsidePx"":0},{""x"":1614.7,""y"":538,""t"":532,""outside"":false,""outsidePx"":0},{""x"":1632,""y"":529.3,""t"":549,""outside"":false,""outsidePx"":0},{""x"":1646,""y"":522.7,""t"":565,""outside"":false,""outsidePx"":0},{""x"":1654.7,""y"":517.3,""t"":582,""outside"":false,""outsidePx"":0},{""x"":1660,""y"":513.3,""t"":599,""outside"":false,""outsidePx"":0},{""x"":1665.3,""y"":510,""t"":616,""outside"":false,""outsidePx"":0},{""x"":1674,""y"":503.3,""t"":632,""outside"":false,""outsidePx"":0},{""x"":1684.7,""y"":496,""t"":649,""outside"":false,""outsidePx"":0},{""x"":1695.3,""y"":487.3,""t"":666,""outside"":false,""outsidePx"":0},{""x"":1702,""y"":484,""t"":683,""outside"":false,""outsidePx"":0}]"
hayashi,main,practice,C1,幅広条件,A固定・W広い,70,675,9.643,1,27,27,27,27,2026-09-29T07:48:42.108Z,2026-09-29T07:48:42.887Z,778,161,565,404,true,true,none,1686.7,471.3,1,false,0,0,0,false,[],"[{""x"":871.3,""y"":980,""t"":0,""outside"":false,""outsidePx"":0},{""x"":872.7,""y"":979.3,""t"":21,""outside"":false,""outsidePx"":0},{""x"":880,""y"":972,""t"":38,""outside"":false,""outsidePx"":0},{""x"":890,""y"":965.3,""t"":55,""outside"":false,""outsidePx"":0},{""x"":900.7,""y"":958,""t"":72,""outside"":false,""outsidePx"":0},{""x"":911.3,""y"":949.3,""t"":88,""outside"":false,""outsidePx"":0},{""x"":926.7,""y"":940.7,""t"":105,""outside"":false,""outsidePx"":0},{""x"":944.7,""y"":928.7,""t"":121,""outside"":false,""outsidePx"":0},{""x"":967.3,""y"":916,""t"":138,""outside"":false,""outsidePx"":0},{""x"":988,""y"":907.3,""t"":155,""outside"":false,""outsidePx"":0},{""x"":1009.3,""y"":896.7,""t"":171,""outside"":false,""outsidePx"":0},{""x"":1034,""y"":886.7,""t"":188,""outside"":false,""outsidePx"":0},{""x"":1056.7,""y"":872.7,""t"":204,""outside"":false,""outsidePx"":0},{""x"":1082.7,""y"":856.7,""t"":221,""outside"":false,""outsidePx"":0},{""x"":1110.7,""y"":840.7,""t"":238,""outside"":false,""outsidePx"":0},{""x"":1135.3,""y"":823.3,""t"":254,""outside"":false,""outsidePx"":0},{""x"":1160,""y"":809.3,""t"":271,""outside"":false,""outsidePx"":0},{""x"":1184,""y"":792,""t"":288,""outside"":false,""outsidePx"":0},{""x"":1208.7,""y"":776,""t"":305,""outside"":false,""outsidePx"":0},{""x"":1231.3,""y"":760.7,""t"":321,""outside"":false,""outsidePx"":0},{""x"":1252.7,""y"":746.7,""t"":338,""outside"":false,""outsidePx"":0},{""x"":1275.3,""y"":730.7,""t"":355,""outside"":false,""outsidePx"":0},{""x"":1300,""y"":713.3,""t"":372,""outside"":false,""outsidePx"":0},{""x"":1328,""y"":692,""t"":388,""outside"":false,""outsidePx"":0},{""x"":1354,""y"":674.7,""t"":405,""outside"":false,""outsidePx"":0},{""x"":1380,""y"":653.3,""t"":421,""outside"":false,""outsidePx"":0},{""x"":1406.7,""y"":630.7,""t"":438,""outside"":false,""outsidePx"":0},{""x"":1426,""y"":616.7,""t"":454,""outside"":false,""outsidePx"":0},{""x"":1450,""y"":599.3,""t"":471,""outside"":false,""outsidePx"":0},{""x"":1471.3,""y"":585.3,""t"":488,""outside"":false,""outsidePx"":0},{""x"":1494,""y"":573.3,""t"":504,""outside"":false,""outsidePx"":0},{""x"":1513.3,""y"":562.7,""t"":521,""outside"":false,""outsidePx"":0},{""x"":1532.7,""y"":554,""t"":538,""outside"":false,""outsidePx"":0},{""x"":1552,""y"":543.3,""t"":554,""outside"":false,""outsidePx"":0},{""x"":1570.7,""y"":532.7,""t"":571,""outside"":false,""outsidePx"":0},{""x"":1592,""y"":520.7,""t"":588,""outside"":false,""outsidePx"":0},{""x"":1620,""y"":504.7,""t"":604,""outside"":false,""outsidePx"":0},{""x"":1648,""y"":490.7,""t"":621,""outside"":false,""outsidePx"":0},{""x"":1670.7,""y"":478.7,""t"":638,""outside"":false,""outsidePx"":0},{""x"":1682.7,""y"":473.3,""t"":655,""outside"":false,""outsidePx"":0},{""x"":1686.7,""y"":471.3,""t"":671,""outside"":false,""outsidePx"":0}]"
hayashi,main,practice,C1,幅広条件,A固定・W広い,70,675,9.643,1,28,28,28,28,2026-09-29T07:48:43.415Z,2026-09-29T07:48:44.154Z,740,150,563,413,true,true,none,1679.3,518.7,1,false,0,0,0,false,[],"[{""x"":861.3,""y"":956,""t"":0,""outside"":false,""outsidePx"":0},{""x"":861.3,""y"":957.3,""t"":15,""outside"":false,""outsidePx"":0},{""x"":861.3,""y"":956.7,""t"":39,""outside"":false,""outsidePx"":0},{""x"":862,""y"":954.7,""t"":49,""outside"":false,""outsidePx"":0},{""x"":870.7,""y"":949.3,""t"":65,""outside"":false,""outsidePx"":0},{""x"":884.7,""y"":940.7,""t"":82,""outside"":false,""outsidePx"":0},{""x"":898.7,""y"":933.3,""t"":98,""outside"":false,""outsidePx"":0},{""x"":926.7,""y"":919.3,""t"":115,""outside"":false,""outsidePx"":0},{""x"":953.3,""y"":907.3,""t"":132,""outside"":false,""outsidePx"":0},{""x"":986.7,""y"":893.3,""t"":148,""outside"":false,""outsidePx"":0},{""x"":1016,""y"":879.3,""t"":165,""outside"":false,""outsidePx"":0},{""x"":1052.7,""y"":863.3,""t"":181,""outside"":false,""outsidePx"":0},{""x"":1084.7,""y"":849.3,""t"":198,""outside"":false,""outsidePx"":0},{""x"":1114,""y"":835.3,""t"":215,""outside"":false,""outsidePx"":0},{""x"":1144,""y"":821.3,""t"":231,""outside"":false,""outsidePx"":0},{""x"":1174,""y"":809.3,""t"":248,""outside"":false,""outsidePx"":0},{""x"":1196.7,""y"":797.3,""t"":265,""outside"":false,""outsidePx"":0},{""x"":1219.3,""y"":784.7,""t"":281,""outside"":false,""outsidePx"":0},{""x"":1240,""y"":772.7,""t"":298,""outside"":false,""outsidePx"":0},{""x"":1261.3,""y"":762,""t"":315,""outside"":false,""outsidePx"":0},{""x"":1284,""y"":748,""t"":331,""outside"":false,""outsidePx"":0},{""x"":1308.7,""y"":732.7,""t"":348,""outside"":false,""outsidePx"":0},{""x"":1334.7,""y"":716.7,""t"":365,""outside"":false,""outsidePx"":0},{""x"":1359.3,""y"":702.7,""t"":382,""outside"":false,""outsidePx"":0},{""x"":1385.3,""y"":686.7,""t"":398,""outside"":false,""outsidePx"":0},{""x"":1404.7,""y"":676.7,""t"":415,""outside"":false,""outsidePx"":0},{""x"":1426,""y"":662.7,""t"":431,""outside"":false,""outsidePx"":0},{""x"":1448.7,""y"":650,""t"":448,""outside"":false,""outsidePx"":0},{""x"":1469.3,""y"":636,""t"":465,""outside"":false,""outsidePx"":0},{""x"":1490.7,""y"":624,""t"":482,""outside"":false,""outsidePx"":0},{""x"":1504.7,""y"":615.3,""t"":498,""outside"":false,""outsidePx"":0},{""x"":1525.3,""y"":602.7,""t"":515,""outside"":false,""outsidePx"":0},{""x"":1546.7,""y"":590.7,""t"":531,""outside"":false,""outsidePx"":0},{""x"":1566,""y"":580,""t"":548,""outside"":false,""outsidePx"":0},{""x"":1584.7,""y"":569.3,""t"":565,""outside"":false,""outsidePx"":0},{""x"":1604,""y"":559.3,""t"":581,""outside"":false,""outsidePx"":0},{""x"":1622,""y"":552,""t"":598,""outside"":false,""outsidePx"":0},{""x"":1637.3,""y"":545.3,""t"":615,""outside"":false,""outsidePx"":0},{""x"":1646,""y"":540,""t"":632,""outside"":false,""outsidePx"":0},{""x"":1653.3,""y"":536.7,""t"":648,""outside"":false,""outsidePx"":0},{""x"":1660,""y"":531.3,""t"":665,""outside"":false,""outsidePx"":0},{""x"":1668.7,""y"":526,""t"":682,""outside"":false,""outsidePx"":0},{""x"":1674,""y"":522.7,""t"":699,""outside"":false,""outsidePx"":0},{""x"":1678,""y"":518.7,""t"":715,""outside"":false,""outsidePx"":0},{""x"":1679.3,""y"":518.7,""t"":732,""outside"":false,""outsidePx"":0}]"
hayashi,main,practice,C1,幅広条件,A固定・W広い,70,675,9.643,1,29,29,29,29,2026-09-29T07:48:44.732Z,2026-09-29T07:48:45.443Z,712,130,514,384,true,true,none,1749.3,473.3,1,false,0,0,0,false,[],"[{""x"":870,""y"":952,""t"":0,""outside"":false,""outsidePx"":0},{""x"":870.7,""y"":952,""t"":33,""outside"":false,""outsidePx"":0},{""x"":878,""y"":946,""t"":48,""outside"":false,""outsidePx"":0},{""x"":888.7,""y"":937.3,""t"":65,""outside"":false,""outsidePx"":0},{""x"":906,""y"":924.7,""t"":82,""outside"":false,""outsidePx"":0},{""x"":926.7,""y"":914.7,""t"":98,""outside"":false,""outsidePx"":0},{""x"":953.3,""y"":898.7,""t"":115,""outside"":false,""outsidePx"":0},{""x"":988,""y"":881.3,""t"":131,""outside"":false,""outsidePx"":0},{""x"":1020,""y"":865.3,""t"":148,""outside"":false,""outsidePx"":0},{""x"":1054.7,""y"":849.3,""t"":164,""outside"":false,""outsidePx"":0},{""x"":1086,""y"":834,""t"":181,""outside"":false,""outsidePx"":0},{""x"":1118,""y"":820,""t"":198,""outside"":false,""outsidePx"":0},{""x"":1146,""y"":802.7,""t"":215,""outside"":false,""outsidePx"":0},{""x"":1170,""y"":786.7,""t"":231,""outside"":false,""outsidePx"":0},{""x"":1194.7,""y"":770.7,""t"":248,""outside"":false,""outsidePx"":0},{""x"":1219.3,""y"":756.7,""t"":265,""outside"":false,""outsidePx"":0},{""x"":1244,""y"":742.7,""t"":281,""outside"":false,""outsidePx"":0},{""x"":1266.7,""y"":732.7,""t"":298,""outside"":false,""outsidePx"":0},{""x"":1289.3,""y"":722,""t"":315,""outside"":false,""outsidePx"":0},{""x"":1314,""y"":709.3,""t"":331,""outside"":false,""outsidePx"":0},{""x"":1338,""y"":699.3,""t"":348,""outside"":false,""outsidePx"":0},{""x"":1362.7,""y"":686.7,""t"":364,""outside"":false,""outsidePx"":0},{""x"":1388.7,""y"":672.7,""t"":382,""outside"":false,""outsidePx"":0},{""x"":1412,""y"":658.7,""t"":398,""outside"":false,""outsidePx"":0},{""x"":1434.7,""y"":643.3,""t"":415,""outside"":false,""outsidePx"":0},{""x"":1457.3,""y"":629.3,""t"":431,""outside"":false,""outsidePx"":0},{""x"":1476.7,""y"":618.7,""t"":448,""outside"":false,""outsidePx"":0},{""x"":1500.7,""y"":604.7,""t"":465,""outside"":false,""outsidePx"":0},{""x"":1524,""y"":590.7,""t"":481,""outside"":false,""outsidePx"":0},{""x"":1553.3,""y"":576.7,""t"":498,""outside"":false,""outsidePx"":0},{""x"":1580,""y"":562.7,""t"":515,""outside"":false,""outsidePx"":0},{""x"":1600.7,""y"":552,""t"":531,""outside"":false,""outsidePx"":0},{""x"":1623.3,""y"":540,""t"":548,""outside"":false,""outsidePx"":0},{""x"":1648,""y"":527.3,""t"":565,""outside"":false,""outsidePx"":0},{""x"":1674,""y"":517.3,""t"":581,""outside"":false,""outsidePx"":0},{""x"":1696.7,""y"":503.3,""t"":598,""outside"":false,""outsidePx"":0},{""x"":1720,""y"":490.7,""t"":615,""outside"":false,""outsidePx"":0},{""x"":1737.3,""y"":480.7,""t"":632,""outside"":false,""outsidePx"":0},{""x"":1748,""y"":473.3,""t"":648,""outside"":false,""outsidePx"":0},{""x"":1749.3,""y"":473.3,""t"":665,""outside"":false,""outsidePx"":0}]"
hayashi,main,practice,C1,幅広条件,A固定・W広い,70,675,9.643,1,30,30,30,30,2026-09-29T07:48:45.988Z,2026-09-29T07:48:46.815Z,827,143,585,442,true,true,none,1679.3,492.7,1,false,0,0,0,false,[],"[{""x"":870,""y"":950.7,""t"":0,""outside"":false,""outsidePx"":0},{""x"":870.7,""y"":950.7,""t"":41,""outside"":false,""outsidePx"":0},{""x"":874.7,""y"":947.3,""t"":58,""outside"":false,""outsidePx"":0},{""x"":886.7,""y"":942.7,""t"":75,""outside"":false,""outsidePx"":0},{""x"":904,""y"":933.3,""t"":91,""outside"":false,""outsidePx"":0},{""x"":928.7,""y"":919.3,""t"":108,""outside"":false,""outsidePx"":0},{""x"":954.7,""y"":904,""t"":125,""outside"":false,""outsidePx"":0},{""x"":984.7,""y"":886.7,""t"":142,""outside"":false,""outsidePx"":0},{""x"":1016,""y"":867.3,""t"":158,""outside"":false,""outsidePx"":0},{""x"":1046,""y"":848,""t"":175,""outside"":false,""outsidePx"":0},{""x"":1077.3,""y"":830.7,""t"":192,""outside"":false,""outsidePx"":0},{""x"":1105.3,""y"":812.7,""t"":208,""outside"":false,""outsidePx"":0},{""x"":1126.7,""y"":802.7,""t"":225,""outside"":false,""outsidePx"":0},{""x"":1149.3,""y"":792,""t"":242,""outside"":false,""outsidePx"":0},{""x"":1168.7,""y"":781.3,""t"":258,""outside"":false,""outsidePx"":0},{""x"":1192.7,""y"":769.3,""t"":275,""outside"":false,""outsidePx"":0},{""x"":1214,""y"":756.7,""t"":292,""outside"":false,""outsidePx"":0},{""x"":1233.3,""y"":746.7,""t"":309,""outside"":false,""outsidePx"":0},{""x"":1247.3,""y"":739.3,""t"":325,""outside"":false,""outsidePx"":0},{""x"":1266.7,""y"":732.7,""t"":342,""outside"":false,""outsidePx"":0},{""x"":1284,""y"":723.3,""t"":359,""outside"":false,""outsidePx"":0},{""x"":1306.7,""y"":714.7,""t"":375,""outside"":false,""outsidePx"":0},{""x"":1328,""y"":704.7,""t"":392,""outside"":false,""outsidePx"":0},{""x"":1348.7,""y"":695.3,""t"":409,""outside"":false,""outsidePx"":0},{""x"":1368,""y"":686.7,""t"":425,""outside"":false,""outsidePx"":0},{""x"":1390.7,""y"":676.7,""t"":442,""outside"":false,""outsidePx"":0},{""x"":1408,""y"":667.3,""t"":458,""outside"":false,""outsidePx"":0},{""x"":1429.3,""y"":657.3,""t"":475,""outside"":false,""outsidePx"":0},{""x"":1450,""y"":641.3,""t"":492,""outside"":false,""outsidePx"":0},{""x"":1471.3,""y"":625.3,""t"":509,""outside"":false,""outsidePx"":0},{""x"":1496,""y"":611.3,""t"":525,""outside"":false,""outsidePx"":0},{""x"":1513.3,""y"":601.3,""t"":542,""outside"":false,""outsidePx"":0},{""x"":1539.3,""y"":585.3,""t"":559,""outside"":false,""outsidePx"":0},{""x"":1562,""y"":571.3,""t"":575,""outside"":false,""outsidePx"":0},{""x"":1588.7,""y"":554,""t"":592,""outside"":false,""outsidePx"":0},{""x"":1609.3,""y"":538,""t"":609,""outside"":false,""outsidePx"":0},{""x"":1625.3,""y"":527.3,""t"":625,""outside"":false,""outsidePx"":0},{""x"":1639.3,""y"":518.7,""t"":642,""outside"":false,""outsidePx"":0},{""x"":1650,""y"":512,""t"":659,""outside"":false,""outsidePx"":0},{""x"":1662,""y"":503.3,""t"":675,""outside"":false,""outsidePx"":0},{""x"":1670.7,""y"":498,""t"":692,""outside"":false,""outsidePx"":0},{""x"":1676,""y"":494.7,""t"":708,""outside"":false,""outsidePx"":0},{""x"":1678,""y"":494.7,""t"":726,""outside"":false,""outsidePx"":0},{""x"":1679.3,""y"":492.7,""t"":792,""outside"":false,""outsidePx"":0}]"
hayashi,main,practice,C2,幅狭条件,A固定・W狭い,70,1350,19.286,2,1,31,31,31,2026-09-29T07:48:48.103Z,2026-09-29T07:48:49.200Z,1097,138,852,714,true,true,none,1998,330,1,false,0,0,0,false,[],"[{""x"":593.3,""y"":1113.3,""t"":0,""outside"":false,""outsidePx"":0},{""x"":593.3,""y"":1112,""t"":80,""outside"":false,""outsidePx"":0},{""x"":601.3,""y"":1108.7,""t"":93,""outside"":false,""outsidePx"":0},{""x"":629.3,""y"":1092.7,""t"":110,""outside"":false,""outsidePx"":0},{""x"":668,""y"":1073.3,""t"":127,""outside"":false,""outsidePx"":0},{""x"":706.7,""y"":1050.7,""t"":143,""outside"":false,""outsidePx"":0},{""x"":746.7,""y"":1022.7,""t"":160,""outside"":false,""outsidePx"":0},{""x"":776.7,""y"":1000,""t"":176,""outside"":false,""outsidePx"":0},{""x"":808,""y"":980.7,""t"":193,""outside"":false,""outsidePx"":0},{""x"":836,""y"":965.3,""t"":210,""outside"":false,""outsidePx"":0},{""x"":864,""y"":951.3,""t"":226,""outside"":false,""outsidePx"":0},{""x"":888.7,""y"":935.3,""t"":243,""outside"":false,""outsidePx"":0},{""x"":906,""y"":924.7,""t"":260,""outside"":false,""outsidePx"":0},{""x"":920,""y"":919.3,""t"":277,""outside"":false,""outsidePx"":0},{""x"":936,""y"":910.7,""t"":294,""outside"":false,""outsidePx"":0},{""x"":953.3,""y"":902,""t"":310,""outside"":false,""outsidePx"":0},{""x"":976,""y"":886.7,""t"":327,""outside"":false,""outsidePx"":0},{""x"":998.7,""y"":870.7,""t"":343,""outside"":false,""outsidePx"":0},{""x"":1026.7,""y"":854.7,""t"":360,""outside"":false,""outsidePx"":0},{""x"":1056.7,""y"":839.3,""t"":376,""outside"":false,""outsidePx"":0},{""x"":1082.7,""y"":828.7,""t"":393,""outside"":false,""outsidePx"":0},{""x"":1110.7,""y"":818,""t"":410,""outside"":false,""outsidePx"":0},{""x"":1135.3,""y"":809.3,""t"":426,""outside"":false,""outsidePx"":0},{""x"":1163.3,""y"":798.7,""t"":443,""outside"":false,""outsidePx"":0},{""x"":1191.3,""y"":786.7,""t"":460,""outside"":false,""outsidePx"":0},{""x"":1224.7,""y"":770.7,""t"":477,""outside"":false,""outsidePx"":0},{""x"":1259.3,""y"":753.3,""t"":493,""outside"":false,""outsidePx"":0},{""x"":1290.7,""y"":737.3,""t"":510,""outside"":false,""outsidePx"":0},{""x"":1328,""y"":718.7,""t"":526,""outside"":false,""outsidePx"":0},{""x"":1364.7,""y"":700.7,""t"":543,""outside"":false,""outsidePx"":0},{""x"":1399.3,""y"":681.3,""t"":560,""outside"":false,""outsidePx"":0},{""x"":1440,""y"":658.7,""t"":577,""outside"":false,""outsidePx"":0},{""x"":1474.7,""y"":638,""t"":593,""outside"":false,""outsidePx"":0},{""x"":1508,""y"":620.7,""t"":610,""outside"":false,""outsidePx"":0},{""x"":1536,""y"":606.7,""t"":627,""outside"":false,""outsidePx"":0},{""x"":1566,""y"":590.7,""t"":644,""outside"":false,""outsidePx"":0},{""x"":1592,""y"":576.7,""t"":660,""outside"":false,""outsidePx"":0},{""x"":1620,""y"":555.3,""t"":676,""outside"":false,""outsidePx"":0},{""x"":1650,""y"":534.7,""t"":693,""outside"":false,""outsidePx"":0},{""x"":1678,""y"":512,""t"":710,""outside"":false,""outsidePx"":0},{""x"":1704,""y"":496,""t"":727,""outside"":false,""outsidePx"":0},{""x"":1726.7,""y"":482,""t"":743,""outside"":false,""outsidePx"":0},{""x"":1751.3,""y"":470,""t"":760,""outside"":false,""outsidePx"":0},{""x"":1768.7,""y"":461.3,""t"":777,""outside"":false,""outsidePx"":0},{""x"":1788,""y"":448.7,""t"":793,""outside"":false,""outsidePx"":0},{""x"":1812.7,""y"":434.7,""t"":810,""outside"":false,""outsidePx"":0},{""x"":1838.7,""y"":419.3,""t"":827,""outside"":false,""outsidePx"":0},{""x"":1861.3,""y"":406.7,""t"":843,""outside"":false,""outsidePx"":0},{""x"":1886,""y"":392.7,""t"":860,""outside"":false,""outsidePx"":0},{""x"":1908.7,""y"":380.7,""t"":877,""outside"":false,""outsidePx"":0},{""x"":1928,""y"":370,""t"":894,""outside"":false,""outsidePx"":0},{""x"":1945.3,""y"":361.3,""t"":910,""outside"":false,""outsidePx"":0},{""x"":1959.3,""y"":352.7,""t"":927,""outside"":false,""outsidePx"":0},{""x"":1970,""y"":347.3,""t"":944,""outside"":false,""outsidePx"":0},{""x"":1978.7,""y"":342,""t"":960,""outside"":false,""outsidePx"":0},{""x"":1987.3,""y"":336.7,""t"":977,""outside"":false,""outsidePx"":0},{""x"":1990.7,""y"":335.3,""t"":994,""outside"":false,""outsidePx"":0},{""x"":1994.7,""y"":331.3,""t"":1010,""outside"":false,""outsidePx"":0},{""x"":1996,""y"":330,""t"":1027,""outside"":false,""outsidePx"":0},{""x"":1998,""y"":330,""t"":1044,""outside"":false,""outsidePx"":0}]"
hayashi,main,practice,C2,幅狭条件,A固定・W狭い,70,1350,19.286,2,2,32,32,32,2026-09-29T07:48:50.594Z,2026-09-29T07:48:51.833Z,1239,136,987,851,true,true,none,2006.7,302,1,false,0,0,0,false,[],"[{""x"":582.7,""y"":1110,""t"":0,""outside"":false,""outsidePx"":0},{""x"":584,""y"":1110,""t"":23,""outside"":false,""outsidePx"":0},{""x"":587.3,""y"":1106.7,""t"":34,""outside"":false,""outsidePx"":0},{""x"":596,""y"":1100,""t"":52,""outside"":false,""outsidePx"":0},{""x"":604.7,""y"":1092.7,""t"":69,""outside"":false,""outsidePx"":0},{""x"":622.7,""y"":1084,""t"":86,""outside"":false,""outsidePx"":0},{""x"":642,""y"":1075.3,""t"":103,""outside"":false,""outsidePx"":0},{""x"":664.7,""y"":1063.3,""t"":119,""outside"":false,""outsidePx"":0},{""x"":690.7,""y"":1050.7,""t"":136,""outside"":false,""outsidePx"":0},{""x"":720.7,""y"":1035.3,""t"":153,""outside"":false,""outsidePx"":0},{""x"":748.7,""y"":1022.7,""t"":169,""outside"":false,""outsidePx"":0},{""x"":772.7,""y"":1012.7,""t"":186,""outside"":false,""outsidePx"":0},{""x"":792,""y"":1003.3,""t"":202,""outside"":false,""outsidePx"":0},{""x"":811.3,""y"":991.3,""t"":219,""outside"":false,""outsidePx"":0},{""x"":832.7,""y"":977.3,""t"":235,""outside"":false,""outsidePx"":0},{""x"":855.3,""y"":965.3,""t"":252,""outside"":false,""outsidePx"":0},{""x"":872.7,""y"":956.7,""t"":269,""outside"":false,""outsidePx"":0},{""x"":890,""y"":949.3,""t"":285,""outside"":false,""outsidePx"":0},{""x"":911.3,""y"":940.7,""t"":302,""outside"":false,""outsidePx"":0},{""x"":930.7,""y"":932,""t"":319,""outside"":false,""outsidePx"":0},{""x"":956.7,""y"":919.3,""t"":335,""outside"":false,""outsidePx"":0},{""x"":978,""y"":910.7,""t"":352,""outside"":false,""outsidePx"":0},{""x"":1000.7,""y"":900.7,""t"":369,""outside"":false,""outsidePx"":0},{""x"":1023.3,""y"":886.7,""t"":385,""outside"":false,""outsidePx"":0},{""x"":1042.7,""y"":872.7,""t"":402,""outside"":false,""outsidePx"":0},{""x"":1062,""y"":860,""t"":419,""outside"":false,""outsidePx"":0},{""x"":1080.7,""y"":849.3,""t"":435,""outside"":false,""outsidePx"":0},{""x"":1098.7,""y"":839.3,""t"":452,""outside"":false,""outsidePx"":0},{""x"":1121.3,""y"":825.3,""t"":469,""outside"":false,""outsidePx"":0},{""x"":1144,""y"":812.7,""t"":486,""outside"":false,""outsidePx"":0},{""x"":1163.3,""y"":802.7,""t"":502,""outside"":false,""outsidePx"":0},{""x"":1178.7,""y"":792,""t"":519,""outside"":false,""outsidePx"":0},{""x"":1191.3,""y"":784.7,""t"":536,""outside"":false,""outsidePx"":0},{""x"":1203.3,""y"":778,""t"":552,""outside"":false,""outsidePx"":0},{""x"":1224.7,""y"":764,""t"":569,""outside"":false,""outsidePx"":0},{""x"":1248.7,""y"":748,""t"":586,""outside"":false,""outsidePx"":0},{""x"":1272,""y"":734,""t"":602,""outside"":false,""outsidePx"":0},{""x"":1300,""y"":716.7,""t"":619,""outside"":false,""outsidePx"":0},{""x"":1328,""y"":699.3,""t"":635,""outside"":false,""outsidePx"":0},{""x"":1354,""y"":681.3,""t"":652,""outside"":false,""outsidePx"":0},{""x"":1384,""y"":664,""t"":669,""outside"":false,""outsidePx"":0},{""x"":1410,""y"":650,""t"":685,""outside"":false,""outsidePx"":0},{""x"":1438,""y"":634.7,""t"":702,""outside"":false,""outsidePx"":0},{""x"":1464,""y"":620.7,""t"":719,""outside"":false,""outsidePx"":0},{""x"":1490.7,""y"":602.7,""t"":736,""outside"":false,""outsidePx"":0},{""x"":1518.7,""y"":585.3,""t"":752,""outside"":false,""outsidePx"":0},{""x"":1548,""y"":568,""t"":769,""outside"":false,""outsidePx"":0},{""x"":1566,""y"":555.3,""t"":785,""outside"":false,""outsidePx"":0},{""x"":1588.7,""y"":541.3,""t"":802,""outside"":false,""outsidePx"":0},{""x"":1609.3,""y"":527.3,""t"":819,""outside"":false,""outsidePx"":0},{""x"":1630.7,""y"":512,""t"":835,""outside"":false,""outsidePx"":0},{""x"":1648,""y"":499.3,""t"":852,""outside"":false,""outsidePx"":0},{""x"":1670.7,""y"":485.3,""t"":869,""outside"":false,""outsidePx"":0},{""x"":1695.3,""y"":470,""t"":885,""outside"":false,""outsidePx"":0},{""x"":1721.3,""y"":450.7,""t"":902,""outside"":false,""outsidePx"":0},{""x"":1748,""y"":434.7,""t"":919,""outside"":false,""outsidePx"":0},{""x"":1774,""y"":419.3,""t"":935,""outside"":false,""outsidePx"":0},{""x"":1802,""y"":403.3,""t"":952,""outside"":false,""outsidePx"":0},{""x"":1826.7,""y"":387.3,""t"":969,""outside"":false,""outsidePx"":0},{""x"":1854.7,""y"":372,""t"":985,""outside"":false,""outsidePx"":0},{""x"":1882.7,""y"":358,""t"":1002,""outside"":false,""outsidePx"":0},{""x"":1906.7,""y"":345.3,""t"":1019,""outside"":false,""outsidePx"":0},{""x"":1924.7,""y"":338.7,""t"":1036,""outside"":false,""outsidePx"":0},{""x"":1938.7,""y"":333.3,""t"":1052,""outside"":false,""outsidePx"":0},{""x"":1952.7,""y"":328,""t"":1069,""outside"":false,""outsidePx"":0},{""x"":1962.7,""y"":321.3,""t"":1086,""outside"":false,""outsidePx"":0},{""x"":1970,""y"":317.3,""t"":1102,""outside"":false,""outsidePx"":0},{""x"":1984,""y"":310.7,""t"":1119,""outside"":false,""outsidePx"":0},{""x"":1996,""y"":305.3,""t"":1136,""outside"":false,""outsidePx"":0},{""x"":2003.3,""y"":303.3,""t"":1152,""outside"":false,""outsidePx"":0},{""x"":2006.7,""y"":302,""t"":1169,""outside"":false,""outsidePx"":0}]"
hayashi,main,practice,C2,幅狭条件,A固定・W狭い,70,1350,19.286,2,3,33,33,33,2026-09-29T07:48:52.528Z,2026-09-29T07:48:53.774Z,1246,127,1008,881,true,true,deviation,1954,322.7,1,true,1,183,9.1,false,"[{""startMs"":535,""startX"":1332.7,""startY"":730.7,""maxOutsidePx"":9.1,""endMs"":718,""endX"":1558.7,""endY"":597.3,""durationMs"":183}]","[{""x"":603.3,""y"":1110.7,""t"":0,""outside"":false,""outsidePx"":0},{""x"":603.3,""y"":1108.7,""t"":47,""outside"":false,""outsidePx"":0},{""x"":604.7,""y"":1108.7,""t"":51,""outside"":false,""outsidePx"":0},{""x"":612,""y"":1105.3,""t"":68,""outside"":false,""outsidePx"":0},{""x"":628,""y"":1098,""t"":85,""outside"":false,""outsidePx"":0},{""x"":650.7,""y"":1087.3,""t"":101,""outside"":false,""outsidePx"":0},{""x"":678.7,""y"":1073.3,""t"":118,""outside"":false,""outsidePx"":0},{""x"":715.3,""y"":1052.7,""t"":135,""outside"":false,""outsidePx"":0},{""x"":757.3,""y"":1028,""t"":151,""outside"":false,""outsidePx"":0},{""x"":792,""y"":1007.3,""t"":168,""outside"":false,""outsidePx"":0},{""x"":825.3,""y"":989.3,""t"":185,""outside"":false,""outsidePx"":0},{""x"":855.3,""y"":975.3,""t"":202,""outside"":false,""outsidePx"":0},{""x"":880,""y"":963.3,""t"":218,""outside"":false,""outsidePx"":0},{""x"":904,""y"":952.7,""t"":235,""outside"":false,""outsidePx"":0},{""x"":923.3,""y"":942.7,""t"":252,""outside"":false,""outsidePx"":0},{""x"":946,""y"":932,""t"":268,""outside"":false,""outsidePx"":0},{""x"":968.7,""y"":919.3,""t"":285,""outside"":false,""outsidePx"":0},{""x"":992,""y"":909.3,""t"":301,""outside"":false,""outsidePx"":0},{""x"":1018,""y"":895.3,""t"":318,""outside"":false,""outsidePx"":0},{""x"":1046,""y"":877.3,""t"":335,""outside"":false,""outsidePx"":0},{""x"":1074,""y"":862,""t"":352,""outside"":false,""outsidePx"":0},{""x"":1098.7,""y"":849.3,""t"":368,""outside"":false,""outsidePx"":0},{""x"":1122.7,""y"":837.3,""t"":384,""outside"":false,""outsidePx"":0},{""x"":1146,""y"":826.7,""t"":401,""outside"":false,""outsidePx"":0},{""x"":1168.7,""y"":816.7,""t"":418,""outside"":false,""outsidePx"":0},{""x"":1191.3,""y"":804,""t"":435,""outside"":false,""outsidePx"":0},{""x"":1214,""y"":792,""t"":451,""outside"":false,""outsidePx"":0},{""x"":1233.3,""y"":779.3,""t"":468,""outside"":false,""outsidePx"":0},{""x"":1256,""y"":769.3,""t"":484,""outside"":false,""outsidePx"":0},{""x"":1276.7,""y"":756.7,""t"":501,""outside"":false,""outsidePx"":0},{""x"":1306.7,""y"":742.7,""t"":518,""outside"":false,""outsidePx"":0},{""x"":1332.7,""y"":730.7,""t"":535,""outside"":true,""outsidePx"":0.6},{""x"":1362.7,""y"":718.7,""t"":551,""outside"":true,""outsidePx"":5.2},{""x"":1387.3,""y"":706,""t"":568,""outside"":true,""outsidePx"":6.5},{""x"":1406.7,""y"":695.3,""t"":584,""outside"":true,""outsidePx"":7},{""x"":1426,""y"":685.3,""t"":601,""outside"":true,""outsidePx"":8},{""x"":1446.7,""y"":674.7,""t"":618,""outside"":true,""outsidePx"":9.1},{""x"":1462.7,""y"":664,""t"":635,""outside"":true,""outsidePx"":7.8},{""x"":1480,""y"":653.3,""t"":651,""outside"":true,""outsidePx"":7.3},{""x"":1499.3,""y"":641.3,""t"":668,""outside"":true,""outsidePx"":6.5},{""x"":1520,""y"":629.3,""t"":684,""outside"":true,""outsidePx"":6.5},{""x"":1541.3,""y"":611.3,""t"":701,""outside"":true,""outsidePx"":1.6},{""x"":1558.7,""y"":597.3,""t"":718,""outside"":false,""outsidePx"":0},{""x"":1578,""y"":582,""t"":735,""outside"":false,""outsidePx"":0},{""x"":1597.3,""y"":568,""t"":751,""outside"":false,""outsidePx"":0},{""x"":1616.7,""y"":552,""t"":768,""outside"":false,""outsidePx"":0},{""x"":1634,""y"":538,""t"":784,""outside"":false,""outsidePx"":0},{""x"":1653.3,""y"":522.7,""t"":801,""outside"":false,""outsidePx"":0},{""x"":1667.3,""y"":512,""t"":818,""outside"":false,""outsidePx"":0},{""x"":1681.3,""y"":499.3,""t"":835,""outside"":false,""outsidePx"":0},{""x"":1696.7,""y"":485.3,""t"":851,""outside"":false,""outsidePx"":0},{""x"":1716,""y"":471.3,""t"":868,""outside"":false,""outsidePx"":0},{""x"":1735.3,""y"":456,""t"":885,""outside"":false,""outsidePx"":0},{""x"":1756.7,""y"":440,""t"":901,""outside"":false,""outsidePx"":0},{""x"":1774,""y"":429.3,""t"":918,""outside"":false,""outsidePx"":0},{""x"":1791.3,""y"":417.3,""t"":935,""outside"":false,""outsidePx"":0},{""x"":1807.3,""y"":406.7,""t"":951,""outside"":false,""outsidePx"":0},{""x"":1821.3,""y"":398,""t"":968,""outside"":false,""outsidePx"":0},{""x"":1835.3,""y"":389.3,""t"":984,""outside"":false,""outsidePx"":0},{""x"":1852.7,""y"":377.3,""t"":1001,""outside"":false,""outsidePx"":0},{""x"":1868.7,""y"":368.7,""t"":1018,""outside"":false,""outsidePx"":0},{""x"":1882.7,""y"":361.3,""t"":1035,""outside"":false,""outsidePx"":0},{""x"":1896.7,""y"":354.7,""t"":1052,""outside"":false,""outsidePx"":0},{""x"":1906.7,""y"":347.3,""t"":1068,""outside"":false,""outsidePx"":0},{""x"":1924.7,""y"":338.7,""t"":1085,""outside"":false,""outsidePx"":0},{""x"":1933.3,""y"":335.3,""t"":1101,""outside"":false,""outsidePx"":0},{""x"":1938.7,""y"":331.3,""t"":1118,""outside"":false,""outsidePx"":0},{""x"":1940,""y"":331.3,""t"":1135,""outside"":false,""outsidePx"":0},{""x"":1945.3,""y"":328,""t"":1151,""outside"":false,""outsidePx"":0},{""x"":1948.7,""y"":326.7,""t"":1168,""outside"":false,""outsidePx"":0},{""x"":1952.7,""y"":324.7,""t"":1185,""outside"":false,""outsidePx"":0},{""x"":1954,""y"":322.7,""t"":1202,""outside"":false,""outsidePx"":0}]"
hayashi,main,practice,C2,幅狭条件,A固定・W狭い,70,1350,19.286,2,4,34,34,34,2026-09-29T07:48:54.458Z,2026-09-29T07:48:56.127Z,1669,154,1401,1247,true,true,none,1956,317.3,1,false,0,0,0,false,[],"[{""x"":598.7,""y"":1131.3,""t"":0,""outside"":false,""outsidePx"":0},{""x"":598.7,""y"":1129.3,""t"":39,""outside"":false,""outsidePx"":0},{""x"":598.7,""y"":1128,""t"":54,""outside"":false,""outsidePx"":0},{""x"":606.7,""y"":1119.3,""t"":72,""outside"":false,""outsidePx"":0},{""x"":626,""y"":1105.3,""t"":88,""outside"":false,""outsidePx"":0},{""x"":645.3,""y"":1089.3,""t"":105,""outside"":false,""outsidePx"":0},{""x"":664.7,""y"":1075.3,""t"":122,""outside"":false,""outsidePx"":0},{""x"":682,""y"":1064.7,""t"":138,""outside"":false,""outsidePx"":0},{""x"":696,""y"":1058,""t"":155,""outside"":false,""outsidePx"":0},{""x"":712,""y"":1049.3,""t"":171,""outside"":false,""outsidePx"":0},{""x"":727.3,""y"":1038.7,""t"":188,""outside"":false,""outsidePx"":0},{""x"":740,""y"":1030,""t"":205,""outside"":false,""outsidePx"":0},{""x"":754,""y"":1019.3,""t"":221,""outside"":false,""outsidePx"":0},{""x"":766,""y"":1012.7,""t"":238,""outside"":false,""outsidePx"":0},{""x"":783.3,""y"":1003.3,""t"":255,""outside"":false,""outsidePx"":0},{""x"":800.7,""y"":994.7,""t"":271,""outside"":false,""outsidePx"":0},{""x"":811.3,""y"":989.3,""t"":288,""outside"":false,""outsidePx"":0},{""x"":824,""y"":982.7,""t"":305,""outside"":false,""outsidePx"":0},{""x"":836,""y"":977.3,""t"":321,""outside"":false,""outsidePx"":0},{""x"":850,""y"":966.7,""t"":339,""outside"":false,""outsidePx"":0},{""x"":862,""y"":961.3,""t"":355,""outside"":false,""outsidePx"":0},{""x"":876,""y"":952.7,""t"":371,""outside"":false,""outsidePx"":0},{""x"":890,""y"":947.3,""t"":388,""outside"":false,""outsidePx"":0},{""x"":900.7,""y"":942.7,""t"":405,""outside"":false,""outsidePx"":0},{""x"":912.7,""y"":937.3,""t"":422,""outside"":false,""outsidePx"":0},{""x"":926.7,""y"":928.7,""t"":438,""outside"":false,""outsidePx"":0},{""x"":940.7,""y"":921.3,""t"":455,""outside"":false,""outsidePx"":0},{""x"":964,""y"":909.3,""t"":471,""outside"":false,""outsidePx"":0},{""x"":979.3,""y"":900.7,""t"":488,""outside"":false,""outsidePx"":0},{""x"":993.3,""y"":890,""t"":505,""outside"":false,""outsidePx"":0},{""x"":1010.7,""y"":881.3,""t"":521,""outside"":false,""outsidePx"":0},{""x"":1024.7,""y"":872.7,""t"":538,""outside"":false,""outsidePx"":0},{""x"":1040.7,""y"":862,""t"":555,""outside"":false,""outsidePx"":0},{""x"":1056.7,""y"":851.3,""t"":572,""outside"":false,""outsidePx"":0},{""x"":1072,""y"":840.7,""t"":588,""outside"":false,""outsidePx"":0},{""x"":1084.7,""y"":834,""t"":605,""outside"":false,""outsidePx"":0},{""x"":1094.7,""y"":826.7,""t"":622,""outside"":false,""outsidePx"":0},{""x"":1104,""y"":821.3,""t"":639,""outside"":false,""outsidePx"":0},{""x"":1118,""y"":811.3,""t"":655,""outside"":false,""outsidePx"":0},{""x"":1132,""y"":798.7,""t"":671,""outside"":false,""outsidePx"":0},{""x"":1149.3,""y"":784.7,""t"":688,""outside"":false,""outsidePx"":0},{""x"":1163.3,""y"":776,""t"":705,""outside"":false,""outsidePx"":0},{""x"":1180.7,""y"":764,""t"":721,""outside"":false,""outsidePx"":0},{""x"":1192.7,""y"":755.3,""t"":738,""outside"":false,""outsidePx"":0},{""x"":1205.3,""y"":748,""t"":755,""outside"":false,""outsidePx"":0},{""x"":1219.3,""y"":739.3,""t"":771,""outside"":false,""outsidePx"":0},{""x"":1230,""y"":732.7,""t"":789,""outside"":false,""outsidePx"":0},{""x"":1244,""y"":722,""t"":805,""outside"":false,""outsidePx"":0},{""x"":1256,""y"":713.3,""t"":822,""outside"":false,""outsidePx"":0},{""x"":1270,""y"":704.7,""t"":839,""outside"":false,""outsidePx"":0},{""x"":1286,""y"":695.3,""t"":855,""outside"":false,""outsidePx"":0},{""x"":1301.3,""y"":686.7,""t"":872,""outside"":false,""outsidePx"":0},{""x"":1322.7,""y"":674.7,""t"":888,""outside"":false,""outsidePx"":0},{""x"":1342,""y"":662.7,""t"":905,""outside"":false,""outsidePx"":0},{""x"":1362.7,""y"":650,""t"":921,""outside"":false,""outsidePx"":0},{""x"":1380,""y"":639.3,""t"":938,""outside"":false,""outsidePx"":0},{""x"":1399.3,""y"":629.3,""t"":955,""outside"":false,""outsidePx"":0},{""x"":1413.3,""y"":620.7,""t"":971,""outside"":false,""outsidePx"":0},{""x"":1426,""y"":613.3,""t"":988,""outside"":false,""outsidePx"":0},{""x"":1438,""y"":606.7,""t"":1005,""outside"":false,""outsidePx"":0},{""x"":1452,""y"":597.3,""t"":1021,""outside"":false,""outsidePx"":0},{""x"":1464,""y"":592.7,""t"":1038,""outside"":false,""outsidePx"":0},{""x"":1476.7,""y"":585.3,""t"":1055,""outside"":false,""outsidePx"":0},{""x"":1490.7,""y"":576.7,""t"":1072,""outside"":false,""outsidePx"":0},{""x"":1510,""y"":564.7,""t"":1088,""outside"":false,""outsidePx"":0},{""x"":1525.3,""y"":554,""t"":1105,""outside"":false,""outsidePx"":0},{""x"":1541.3,""y"":545.3,""t"":1121,""outside"":false,""outsidePx"":0},{""x"":1558.7,""y"":534.7,""t"":1138,""outside"":false,""outsidePx"":0},{""x"":1581.3,""y"":520.7,""t"":1155,""outside"":false,""outsidePx"":0},{""x"":1600.7,""y"":508.7,""t"":1171,""outside"":false,""outsidePx"":0},{""x"":1623.3,""y"":498,""t"":1188,""outside"":false,""outsidePx"":0},{""x"":1639.3,""y"":487.3,""t"":1205,""outside"":false,""outsidePx"":0},{""x"":1656.7,""y"":480.7,""t"":1221,""outside"":false,""outsidePx"":0},{""x"":1670.7,""y"":473.3,""t"":1238,""outside"":false,""outsidePx"":0},{""x"":1688,""y"":464.7,""t"":1255,""outside"":false,""outsidePx"":0},{""x"":1707.3,""y"":454,""t"":1271,""outside"":false,""outsidePx"":0},{""x"":1730,""y"":440,""t"":1288,""outside"":false,""outsidePx"":0},{""x"":1751.3,""y"":428,""t"":1304,""outside"":false,""outsidePx"":0},{""x"":1770.7,""y"":417.3,""t"":1321,""outside"":false,""outsidePx"":0},{""x"":1791.3,""y"":405.3,""t"":1338,""outside"":false,""outsidePx"":0},{""x"":1814,""y"":392.7,""t"":1355,""outside"":false,""outsidePx"":0},{""x"":1830,""y"":386,""t"":1371,""outside"":false,""outsidePx"":0},{""x"":1849.3,""y"":377.3,""t"":1388,""outside"":false,""outsidePx"":0},{""x"":1861.3,""y"":370,""t"":1405,""outside"":false,""outsidePx"":0},{""x"":1878.7,""y"":363.3,""t"":1422,""outside"":false,""outsidePx"":0},{""x"":1889.3,""y"":356,""t"":1438,""outside"":false,""outsidePx"":0},{""x"":1902,""y"":349.3,""t"":1455,""outside"":false,""outsidePx"":0},{""x"":1912,""y"":344,""t"":1471,""outside"":false,""outsidePx"":0},{""x"":1920.7,""y"":338.7,""t"":1488,""outside"":false,""outsidePx"":0},{""x"":1933.3,""y"":331.3,""t"":1505,""outside"":false,""outsidePx"":0},{""x"":1942,""y"":326.7,""t"":1522,""outside"":false,""outsidePx"":0},{""x"":1950.7,""y"":321.3,""t"":1538,""outside"":false,""outsidePx"":0},{""x"":1956,""y"":319.3,""t"":1555,""outside"":false,""outsidePx"":0},{""x"":1956,""y"":317.3,""t"":1581,""outside"":false,""outsidePx"":0}]"
hayashi,main,practice,C2,幅狭条件,A固定・W狭い,70,1350,19.286,2,5,35,35,35,2026-09-29T07:48:56.895Z,2026-09-29T07:48:58.423Z,1528,157,1262,1105,true,true,none,1954,328,1,false,0,0,0,false,[],"[{""x"":588,""y"":1114.7,""t"":0,""outside"":false,""outsidePx"":0},{""x"":589.3,""y"":1114.7,""t"":50,""outside"":false,""outsidePx"":0},{""x"":596,""y"":1110.7,""t"":65,""outside"":false,""outsidePx"":0},{""x"":610,""y"":1103.3,""t"":82,""outside"":false,""outsidePx"":0},{""x"":628,""y"":1096.7,""t"":99,""outside"":false,""outsidePx"":0},{""x"":646.7,""y"":1087.3,""t"":115,""outside"":false,""outsidePx"":0},{""x"":670,""y"":1078.7,""t"":132,""outside"":false,""outsidePx"":0},{""x"":688.7,""y"":1070,""t"":148,""outside"":false,""outsidePx"":0},{""x"":712,""y"":1061.3,""t"":165,""outside"":false,""outsidePx"":0},{""x"":732.7,""y"":1052.7,""t"":182,""outside"":false,""outsidePx"":0},{""x"":746.7,""y"":1045.3,""t"":198,""outside"":false,""outsidePx"":0},{""x"":762.7,""y"":1038.7,""t"":215,""outside"":false,""outsidePx"":0},{""x"":780,""y"":1028,""t"":232,""outside"":false,""outsidePx"":0},{""x"":797.3,""y"":1019.3,""t"":248,""outside"":false,""outsidePx"":0},{""x"":814.7,""y"":1012.7,""t"":265,""outside"":false,""outsidePx"":0},{""x"":828.7,""y"":1005.3,""t"":282,""outside"":false,""outsidePx"":0},{""x"":841.3,""y"":998.7,""t"":298,""outside"":false,""outsidePx"":0},{""x"":855.3,""y"":989.3,""t"":315,""outside"":false,""outsidePx"":0},{""x"":870.7,""y"":980.7,""t"":332,""outside"":false,""outsidePx"":0},{""x"":883.3,""y"":972,""t"":348,""outside"":false,""outsidePx"":0},{""x"":900.7,""y"":963.3,""t"":365,""outside"":false,""outsidePx"":0},{""x"":916.7,""y"":956.7,""t"":382,""outside"":false,""outsidePx"":0},{""x"":930.7,""y"":947.3,""t"":398,""outside"":false,""outsidePx"":0},{""x"":946,""y"":938.7,""t"":415,""outside"":false,""outsidePx"":0},{""x"":958.7,""y"":930,""t"":432,""outside"":false,""outsidePx"":0},{""x"":968.7,""y"":923.3,""t"":448,""outside"":false,""outsidePx"":0},{""x"":979.3,""y"":918,""t"":465,""outside"":false,""outsidePx"":0},{""x"":992,""y"":912.7,""t"":482,""outside"":false,""outsidePx"":0},{""x"":1004,""y"":905.3,""t"":498,""outside"":false,""outsidePx"":0},{""x"":1020,""y"":896.7,""t"":515,""outside"":false,""outsidePx"":0},{""x"":1032,""y"":888,""t"":532,""outside"":false,""outsidePx"":0},{""x"":1044,""y"":881.3,""t"":548,""outside"":false,""outsidePx"":0},{""x"":1060,""y"":870.7,""t"":565,""outside"":false,""outsidePx"":0},{""x"":1077.3,""y"":860,""t"":582,""outside"":false,""outsidePx"":0},{""x"":1098.7,""y"":849.3,""t"":598,""outside"":false,""outsidePx"":0},{""x"":1118,""y"":837.3,""t"":615,""outside"":false,""outsidePx"":0},{""x"":1135.3,""y"":825.3,""t"":632,""outside"":false,""outsidePx"":0},{""x"":1149.3,""y"":816.7,""t"":648,""outside"":false,""outsidePx"":0},{""x"":1168.7,""y"":802.7,""t"":665,""outside"":false,""outsidePx"":0},{""x"":1186,""y"":792,""t"":682,""outside"":false,""outsidePx"":0},{""x"":1205.3,""y"":778,""t"":698,""outside"":false,""outsidePx"":0},{""x"":1224.7,""y"":765.3,""t"":715,""outside"":false,""outsidePx"":0},{""x"":1244,""y"":751.3,""t"":732,""outside"":false,""outsidePx"":0},{""x"":1261.3,""y"":739.3,""t"":748,""outside"":false,""outsidePx"":0},{""x"":1278.7,""y"":727.3,""t"":765,""outside"":false,""outsidePx"":0},{""x"":1290.7,""y"":718.7,""t"":782,""outside"":false,""outsidePx"":0},{""x"":1304.7,""y"":711.3,""t"":798,""outside"":false,""outsidePx"":0},{""x"":1320.7,""y"":700.7,""t"":815,""outside"":false,""outsidePx"":0},{""x"":1338,""y"":688.7,""t"":832,""outside"":false,""outsidePx"":0},{""x"":1356,""y"":676.7,""t"":848,""outside"":false,""outsidePx"":0},{""x"":1376.7,""y"":664,""t"":865,""outside"":false,""outsidePx"":0},{""x"":1399.3,""y"":650,""t"":882,""outside"":false,""outsidePx"":0},{""x"":1420.7,""y"":638,""t"":898,""outside"":false,""outsidePx"":0},{""x"":1441.3,""y"":627.3,""t"":915,""outside"":false,""outsidePx"":0},{""x"":1458.7,""y"":618.7,""t"":932,""outside"":false,""outsidePx"":0},{""x"":1478,""y"":610,""t"":948,""outside"":false,""outsidePx"":0},{""x"":1497.3,""y"":599.3,""t"":965,""outside"":false,""outsidePx"":0},{""x"":1518.7,""y"":588.7,""t"":982,""outside"":false,""outsidePx"":0},{""x"":1538,""y"":578.7,""t"":998,""outside"":false,""outsidePx"":0},{""x"":1558.7,""y"":569.3,""t"":1015,""outside"":false,""outsidePx"":0},{""x"":1578,""y"":557.3,""t"":1031,""outside"":false,""outsidePx"":0},{""x"":1595.3,""y"":548.7,""t"":1048,""outside"":false,""outsidePx"":0},{""x"":1612.7,""y"":540,""t"":1065,""outside"":false,""outsidePx"":0},{""x"":1630.7,""y"":529.3,""t"":1082,""outside"":false,""outsidePx"":0},{""x"":1648,""y"":518.7,""t"":1098,""outside"":false,""outsidePx"":0},{""x"":1667.3,""y"":506.7,""t"":1115,""outside"":false,""outsidePx"":0},{""x"":1684.7,""y"":494.7,""t"":1132,""outside"":false,""outsidePx"":0},{""x"":1707.3,""y"":480.7,""t"":1148,""outside"":false,""outsidePx"":0},{""x"":1732,""y"":464.7,""t"":1165,""outside"":false,""outsidePx"":0},{""x"":1765.3,""y"":445.3,""t"":1182,""outside"":false,""outsidePx"":0},{""x"":1793.3,""y"":429.3,""t"":1198,""outside"":false,""outsidePx"":0},{""x"":1819.3,""y"":415.3,""t"":1215,""outside"":false,""outsidePx"":0},{""x"":1840.7,""y"":403.3,""t"":1232,""outside"":false,""outsidePx"":0},{""x"":1854.7,""y"":394.7,""t"":1248,""outside"":false,""outsidePx"":0},{""x"":1868.7,""y"":384,""t"":1265,""outside"":false,""outsidePx"":0},{""x"":1882.7,""y"":377.3,""t"":1281,""outside"":false,""outsidePx"":0},{""x"":1894.7,""y"":368.7,""t"":1298,""outside"":false,""outsidePx"":0},{""x"":1908.7,""y"":359.3,""t"":1315,""outside"":false,""outsidePx"":0},{""x"":1919.3,""y"":350.7,""t"":1331,""outside"":false,""outsidePx"":0},{""x"":1928,""y"":345.3,""t"":1348,""outside"":false,""outsidePx"":0},{""x"":1933.3,""y"":344,""t"":1365,""outside"":false,""outsidePx"":0},{""x"":1938.7,""y"":340.7,""t"":1382,""outside"":false,""outsidePx"":0},{""x"":1942,""y"":336.7,""t"":1398,""outside"":false,""outsidePx"":0},{""x"":1945.3,""y"":335.3,""t"":1415,""outside"":false,""outsidePx"":0},{""x"":1945.3,""y"":333.3,""t"":1432,""outside"":false,""outsidePx"":0},{""x"":1947.3,""y"":333.3,""t"":1449,""outside"":false,""outsidePx"":0},{""x"":1948.7,""y"":331.3,""t"":1465,""outside"":false,""outsidePx"":0},{""x"":1952.7,""y"":330,""t"":1482,""outside"":false,""outsidePx"":0},{""x"":1954,""y"":328,""t"":1498,""outside"":false,""outsidePx"":0}]"
hayashi,main,practice,C2,幅狭条件,A固定・W狭い,70,1350,19.286,2,6,36,36,36,2026-09-29T07:48:59.203Z,2026-09-29T07:49:00.674Z,1471,153,1222,1069,true,true,none,1978.7,314,1,false,0,0,0,false,[],"[{""x"":593.3,""y"":1116.7,""t"":0,""outside"":false,""outsidePx"":0},{""x"":593.3,""y"":1115.3,""t"":42,""outside"":false,""outsidePx"":0},{""x"":596,""y"":1112,""t"":57,""outside"":false,""outsidePx"":0},{""x"":603.3,""y"":1108.7,""t"":74,""outside"":false,""outsidePx"":0},{""x"":615.3,""y"":1101.3,""t"":91,""outside"":false,""outsidePx"":0},{""x"":631.3,""y"":1092.7,""t"":107,""outside"":false,""outsidePx"":0},{""x"":654,""y"":1082.7,""t"":124,""outside"":false,""outsidePx"":0},{""x"":678.7,""y"":1068.7,""t"":141,""outside"":false,""outsidePx"":0},{""x"":702.7,""y"":1056,""t"":157,""outside"":false,""outsidePx"":0},{""x"":720.7,""y"":1049.3,""t"":174,""outside"":false,""outsidePx"":0},{""x"":740,""y"":1038.7,""t"":190,""outside"":false,""outsidePx"":0},{""x"":755.3,""y"":1031.3,""t"":207,""outside"":false,""outsidePx"":0},{""x"":768,""y"":1024.7,""t"":224,""outside"":false,""outsidePx"":0},{""x"":780,""y"":1019.3,""t"":240,""outside"":false,""outsidePx"":0},{""x"":796,""y"":1014,""t"":257,""outside"":false,""outsidePx"":0},{""x"":811.3,""y"":1007.3,""t"":274,""outside"":false,""outsidePx"":0},{""x"":827.3,""y"":998.7,""t"":290,""outside"":false,""outsidePx"":0},{""x"":846.7,""y"":984.7,""t"":307,""outside"":false,""outsidePx"":0},{""x"":864,""y"":974,""t"":324,""outside"":false,""outsidePx"":0},{""x"":881.3,""y"":965.3,""t"":340,""outside"":false,""outsidePx"":0},{""x"":895.3,""y"":958,""t"":357,""outside"":false,""outsidePx"":0},{""x"":906,""y"":952.7,""t"":374,""outside"":false,""outsidePx"":0},{""x"":920,""y"":944,""t"":390,""outside"":false,""outsidePx"":0},{""x"":934,""y"":933.3,""t"":407,""outside"":false,""outsidePx"":0},{""x"":948,""y"":924.7,""t"":424,""outside"":false,""outsidePx"":0},{""x"":968.7,""y"":912.7,""t"":440,""outside"":false,""outsidePx"":0},{""x"":990,""y"":898.7,""t"":457,""outside"":false,""outsidePx"":0},{""x"":1012.7,""y"":886.7,""t"":473,""outside"":false,""outsidePx"":0},{""x"":1034,""y"":874,""t"":490,""outside"":false,""outsidePx"":0},{""x"":1049.3,""y"":863.3,""t"":507,""outside"":false,""outsidePx"":0},{""x"":1062,""y"":854.7,""t"":524,""outside"":false,""outsidePx"":0},{""x"":1077.3,""y"":844.7,""t"":540,""outside"":false,""outsidePx"":0},{""x"":1094.7,""y"":832,""t"":557,""outside"":false,""outsidePx"":0},{""x"":1112.7,""y"":821.3,""t"":574,""outside"":false,""outsidePx"":0},{""x"":1132,""y"":809.3,""t"":590,""outside"":false,""outsidePx"":0},{""x"":1146,""y"":800.7,""t"":607,""outside"":false,""outsidePx"":0},{""x"":1163.3,""y"":792,""t"":624,""outside"":false,""outsidePx"":0},{""x"":1180.7,""y"":781.3,""t"":640,""outside"":false,""outsidePx"":0},{""x"":1196.7,""y"":772.7,""t"":657,""outside"":false,""outsidePx"":0},{""x"":1214,""y"":762,""t"":674,""outside"":false,""outsidePx"":0},{""x"":1233.3,""y"":750,""t"":690,""outside"":false,""outsidePx"":0},{""x"":1252.7,""y"":737.3,""t"":707,""outside"":false,""outsidePx"":0},{""x"":1273.3,""y"":725.3,""t"":724,""outside"":false,""outsidePx"":0},{""x"":1298,""y"":709.3,""t"":740,""outside"":false,""outsidePx"":0},{""x"":1318.7,""y"":699.3,""t"":757,""outside"":false,""outsidePx"":0},{""x"":1336.7,""y"":688.7,""t"":774,""outside"":false,""outsidePx"":0},{""x"":1357.3,""y"":674.7,""t"":790,""outside"":false,""outsidePx"":0},{""x"":1378.7,""y"":658.7,""t"":807,""outside"":false,""outsidePx"":0},{""x"":1399.3,""y"":644.7,""t"":824,""outside"":false,""outsidePx"":0},{""x"":1420.7,""y"":632.7,""t"":840,""outside"":false,""outsidePx"":0},{""x"":1438,""y"":620.7,""t"":857,""outside"":false,""outsidePx"":0},{""x"":1455.3,""y"":610,""t"":874,""outside"":false,""outsidePx"":0},{""x"":1471.3,""y"":599.3,""t"":890,""outside"":false,""outsidePx"":0},{""x"":1485.3,""y"":590.7,""t"":907,""outside"":false,""outsidePx"":0},{""x"":1499.3,""y"":580,""t"":924,""outside"":false,""outsidePx"":0},{""x"":1520,""y"":566,""t"":940,""outside"":false,""outsidePx"":0},{""x"":1541.3,""y"":552,""t"":957,""outside"":false,""outsidePx"":0},{""x"":1562,""y"":540,""t"":974,""outside"":false,""outsidePx"":0},{""x"":1581.3,""y"":529.3,""t"":990,""outside"":false,""outsidePx"":0},{""x"":1600.7,""y"":517.3,""t"":1007,""outside"":false,""outsidePx"":0},{""x"":1620,""y"":506.7,""t"":1024,""outside"":false,""outsidePx"":0},{""x"":1637.3,""y"":496,""t"":1041,""outside"":false,""outsidePx"":0},{""x"":1656.7,""y"":485.3,""t"":1058,""outside"":false,""outsidePx"":0},{""x"":1679.3,""y"":473.3,""t"":1075,""outside"":false,""outsidePx"":0},{""x"":1702,""y"":461.3,""t"":1092,""outside"":false,""outsidePx"":0},{""x"":1730,""y"":445.3,""t"":1108,""outside"":false,""outsidePx"":0},{""x"":1754.7,""y"":433.3,""t"":1125,""outside"":false,""outsidePx"":0},{""x"":1777.3,""y"":422.7,""t"":1142,""outside"":false,""outsidePx"":0},{""x"":1796.7,""y"":412,""t"":1159,""outside"":false,""outsidePx"":0},{""x"":1816,""y"":401.3,""t"":1175,""outside"":false,""outsidePx"":0},{""x"":1833.3,""y"":392.7,""t"":1192,""outside"":false,""outsidePx"":0},{""x"":1849.3,""y"":382.7,""t"":1209,""outside"":false,""outsidePx"":0},{""x"":1864.7,""y"":373.3,""t"":1226,""outside"":false,""outsidePx"":0},{""x"":1878.7,""y"":364.7,""t"":1242,""outside"":false,""outsidePx"":0},{""x"":1892.7,""y"":358,""t"":1259,""outside"":false,""outsidePx"":0},{""x"":1906.7,""y"":349.3,""t"":1276,""outside"":false,""outsidePx"":0},{""x"":1920.7,""y"":342,""t"":1292,""outside"":false,""outsidePx"":0},{""x"":1940,""y"":333.3,""t"":1308,""outside"":false,""outsidePx"":0},{""x"":1956,""y"":324.7,""t"":1325,""outside"":false,""outsidePx"":0},{""x"":1972,""y"":319.3,""t"":1342,""outside"":false,""outsidePx"":0},{""x"":1976.7,""y"":316,""t"":1359,""outside"":false,""outsidePx"":0},{""x"":1978.7,""y"":314,""t"":1376,""outside"":false,""outsidePx"":0}]"
hayashi,main,practice,C2,幅狭条件,A固定・W狭い,70,1350,19.286,2,7,37,37,37,2026-09-29T07:49:01.388Z,2026-09-29T07:49:02.920Z,1533,231,1343,1112,true,true,none,2020.7,296.7,1,false,0,0,0,false,[],"[{""x"":604,""y"":1102.7,""t"":0,""outside"":false,""outsidePx"":0},{""x"":604.7,""y"":1102.7,""t"":146,""outside"":false,""outsidePx"":0},{""x"":608.7,""y"":1101.3,""t"":157,""outside"":false,""outsidePx"":0},{""x"":620.7,""y"":1098,""t"":174,""outside"":false,""outsidePx"":0},{""x"":642,""y"":1089.3,""t"":191,""outside"":false,""outsidePx"":0},{""x"":668,""y"":1078.7,""t"":207,""outside"":false,""outsidePx"":0},{""x"":690.7,""y"":1072,""t"":224,""outside"":false,""outsidePx"":0},{""x"":715.3,""y"":1063.3,""t"":241,""outside"":false,""outsidePx"":0},{""x"":734.7,""y"":1058,""t"":257,""outside"":false,""outsidePx"":0},{""x"":744.7,""y"":1056,""t"":274,""outside"":false,""outsidePx"":0},{""x"":748.7,""y"":1056,""t"":291,""outside"":false,""outsidePx"":0},{""x"":745.3,""y"":1058.7,""t"":339,""outside"":false,""outsidePx"":0},{""x"":740.7,""y"":1064,""t"":356,""outside"":false,""outsidePx"":0},{""x"":736.7,""y"":1068,""t"":372,""outside"":false,""outsidePx"":0},{""x"":738,""y"":1066.7,""t"":424,""outside"":false,""outsidePx"":0},{""x"":741.3,""y"":1061.3,""t"":439,""outside"":false,""outsidePx"":0},{""x"":755.3,""y"":1050.7,""t"":456,""outside"":false,""outsidePx"":0},{""x"":771.3,""y"":1038.7,""t"":472,""outside"":false,""outsidePx"":0},{""x"":790.7,""y"":1024.7,""t"":489,""outside"":false,""outsidePx"":0},{""x"":810,""y"":1014,""t"":506,""outside"":false,""outsidePx"":0},{""x"":825.3,""y"":1005.3,""t"":522,""outside"":false,""outsidePx"":0},{""x"":842.7,""y"":993.3,""t"":539,""outside"":false,""outsidePx"":0},{""x"":860.7,""y"":982.7,""t"":555,""outside"":false,""outsidePx"":0},{""x"":876,""y"":972,""t"":572,""outside"":false,""outsidePx"":0},{""x"":892,""y"":961.3,""t"":589,""outside"":false,""outsidePx"":0},{""x"":902.7,""y"":954.7,""t"":606,""outside"":false,""outsidePx"":0},{""x"":914.7,""y"":946,""t"":622,""outside"":false,""outsidePx"":0},{""x"":926.7,""y"":937.3,""t"":639,""outside"":false,""outsidePx"":0},{""x"":940.7,""y"":930,""t"":656,""outside"":false,""outsidePx"":0},{""x"":956.7,""y"":918,""t"":672,""outside"":false,""outsidePx"":0},{""x"":972.7,""y"":907.3,""t"":689,""outside"":false,""outsidePx"":0},{""x"":988,""y"":896.7,""t"":705,""outside"":false,""outsidePx"":0},{""x"":1004,""y"":888,""t"":722,""outside"":false,""outsidePx"":0},{""x"":1018,""y"":879.3,""t"":739,""outside"":false,""outsidePx"":0},{""x"":1028.7,""y"":870.7,""t"":756,""outside"":false,""outsidePx"":0},{""x"":1038.7,""y"":862,""t"":772,""outside"":false,""outsidePx"":0},{""x"":1056.7,""y"":849.3,""t"":789,""outside"":false,""outsidePx"":0},{""x"":1072,""y"":837.3,""t"":805,""outside"":false,""outsidePx"":0},{""x"":1091.3,""y"":825.3,""t"":822,""outside"":false,""outsidePx"":0},{""x"":1114,""y"":809.3,""t"":839,""outside"":false,""outsidePx"":0},{""x"":1136.7,""y"":795.3,""t"":855,""outside"":false,""outsidePx"":0},{""x"":1158,""y"":781.3,""t"":872,""outside"":false,""outsidePx"":0},{""x"":1180.7,""y"":769.3,""t"":889,""outside"":false,""outsidePx"":0},{""x"":1202,""y"":758.7,""t"":905,""outside"":false,""outsidePx"":0},{""x"":1222.7,""y"":748,""t"":922,""outside"":false,""outsidePx"":0},{""x"":1250.7,""y"":732.7,""t"":939,""outside"":false,""outsidePx"":0},{""x"":1273.3,""y"":720,""t"":955,""outside"":false,""outsidePx"":0},{""x"":1298,""y"":706,""t"":972,""outside"":false,""outsidePx"":0},{""x"":1322.7,""y"":694,""t"":989,""outside"":false,""outsidePx"":0},{""x"":1350.7,""y"":678,""t"":1005,""outside"":false,""outsidePx"":0},{""x"":1376.7,""y"":662.7,""t"":1022,""outside"":false,""outsidePx"":0},{""x"":1401.3,""y"":646.7,""t"":1039,""outside"":false,""outsidePx"":0},{""x"":1426,""y"":632.7,""t"":1056,""outside"":false,""outsidePx"":0},{""x"":1448.7,""y"":622,""t"":1072,""outside"":false,""outsidePx"":0},{""x"":1469.3,""y"":611.3,""t"":1089,""outside"":false,""outsidePx"":0},{""x"":1490.7,""y"":599.3,""t"":1105,""outside"":false,""outsidePx"":0},{""x"":1513.3,""y"":587.3,""t"":1122,""outside"":false,""outsidePx"":0},{""x"":1534,""y"":576.7,""t"":1139,""outside"":false,""outsidePx"":0},{""x"":1558.7,""y"":562.7,""t"":1155,""outside"":false,""outsidePx"":0},{""x"":1586.7,""y"":546.7,""t"":1172,""outside"":false,""outsidePx"":0},{""x"":1614.7,""y"":531.3,""t"":1189,""outside"":false,""outsidePx"":0},{""x"":1640.7,""y"":517.3,""t"":1205,""outside"":false,""outsidePx"":0},{""x"":1667.3,""y"":501.3,""t"":1222,""outside"":false,""outsidePx"":0},{""x"":1692,""y"":489.3,""t"":1239,""outside"":false,""outsidePx"":0},{""x"":1716,""y"":473.3,""t"":1255,""outside"":false,""outsidePx"":0},{""x"":1738.7,""y"":457.3,""t"":1272,""outside"":false,""outsidePx"":0},{""x"":1765.3,""y"":440,""t"":1289,""outside"":false,""outsidePx"":0},{""x"":1794.7,""y"":420.7,""t"":1305,""outside"":false,""outsidePx"":0},{""x"":1824.7,""y"":401.3,""t"":1322,""outside"":false,""outsidePx"":0},{""x"":1854.7,""y"":384,""t"":1339,""outside"":false,""outsidePx"":0},{""x"":1888,""y"":364.7,""t"":1355,""outside"":false,""outsidePx"":0},{""x"":1920.7,""y"":347.3,""t"":1372,""outside"":false,""outsidePx"":0},{""x"":1948.7,""y"":333.3,""t"":1389,""outside"":false,""outsidePx"":0},{""x"":1972,""y"":322.7,""t"":1406,""outside"":false,""outsidePx"":0},{""x"":1987.3,""y"":312.7,""t"":1422,""outside"":false,""outsidePx"":0},{""x"":2001.3,""y"":305.3,""t"":1439,""outside"":false,""outsidePx"":0},{""x"":2014,""y"":300,""t"":1455,""outside"":false,""outsidePx"":0},{""x"":2020.7,""y"":296.7,""t"":1472,""outside"":false,""outsidePx"":0}]"
hayashi,main,practice,C2,幅狭条件,A固定・W狭い,70,1350,19.286,2,8,38,38,38,2026-09-29T07:49:03.560Z,2026-09-29T07:49:04.714Z,1154,170,914,744,true,true,none,1987.3,321.3,1,false,0,0,0,false,[],"[{""x"":602,""y"":1110,""t"":0,""outside"":false,""outsidePx"":0},{""x"":603.3,""y"":1110,""t"":81,""outside"":false,""outsidePx"":0},{""x"":604.7,""y"":1108.7,""t"":84,""outside"":false,""outsidePx"":0},{""x"":615.3,""y"":1103.3,""t"":101,""outside"":false,""outsidePx"":0},{""x"":631.3,""y"":1094.7,""t"":118,""outside"":false,""outsidePx"":0},{""x"":648.7,""y"":1087.3,""t"":135,""outside"":false,""outsidePx"":0},{""x"":673.3,""y"":1077.3,""t"":151,""outside"":false,""outsidePx"":0},{""x"":698,""y"":1068.7,""t"":168,""outside"":false,""outsidePx"":0},{""x"":727.3,""y"":1056,""t"":186,""outside"":false,""outsidePx"":0},{""x"":755.3,""y"":1042,""t"":201,""outside"":false,""outsidePx"":0},{""x"":796,""y"":1021.3,""t"":218,""outside"":false,""outsidePx"":0},{""x"":828.7,""y"":1003.3,""t"":234,""outside"":false,""outsidePx"":0},{""x"":856.7,""y"":988,""t"":251,""outside"":false,""outsidePx"":0},{""x"":884.7,""y"":972,""t"":268,""outside"":false,""outsidePx"":0},{""x"":911.3,""y"":958,""t"":284,""outside"":false,""outsidePx"":0},{""x"":934,""y"":944,""t"":301,""outside"":false,""outsidePx"":0},{""x"":954.7,""y"":930,""t"":318,""outside"":false,""outsidePx"":0},{""x"":986.7,""y"":912.7,""t"":334,""outside"":false,""outsidePx"":0},{""x"":1016,""y"":893.3,""t"":351,""outside"":false,""outsidePx"":0},{""x"":1048,""y"":874,""t"":367,""outside"":false,""outsidePx"":0},{""x"":1076,""y"":856.7,""t"":384,""outside"":false,""outsidePx"":0},{""x"":1104,""y"":839.3,""t"":401,""outside"":false,""outsidePx"":0},{""x"":1132,""y"":823.3,""t"":417,""outside"":false,""outsidePx"":0},{""x"":1160,""y"":807.3,""t"":434,""outside"":false,""outsidePx"":0},{""x"":1192.7,""y"":788.7,""t"":451,""outside"":false,""outsidePx"":0},{""x"":1219.3,""y"":770.7,""t"":467,""outside"":false,""outsidePx"":0},{""x"":1240,""y"":758.7,""t"":484,""outside"":false,""outsidePx"":0},{""x"":1262.7,""y"":744.7,""t"":501,""outside"":false,""outsidePx"":0},{""x"":1284,""y"":732.7,""t"":518,""outside"":false,""outsidePx"":0},{""x"":1308.7,""y"":718.7,""t"":534,""outside"":false,""outsidePx"":0},{""x"":1334.7,""y"":702.7,""t"":551,""outside"":false,""outsidePx"":0},{""x"":1362.7,""y"":688.7,""t"":567,""outside"":false,""outsidePx"":0},{""x"":1388.7,""y"":676.7,""t"":584,""outside"":false,""outsidePx"":0},{""x"":1410,""y"":666,""t"":600,""outside"":false,""outsidePx"":0},{""x"":1432.7,""y"":653.3,""t"":617,""outside"":false,""outsidePx"":0},{""x"":1455.3,""y"":641.3,""t"":634,""outside"":false,""outsidePx"":0},{""x"":1483.3,""y"":625.3,""t"":651,""outside"":false,""outsidePx"":0},{""x"":1513.3,""y"":606.7,""t"":667,""outside"":false,""outsidePx"":0},{""x"":1539.3,""y"":590.7,""t"":684,""outside"":false,""outsidePx"":0},{""x"":1572.7,""y"":571.3,""t"":701,""outside"":false,""outsidePx"":0},{""x"":1600.7,""y"":554,""t"":717,""outside"":false,""outsidePx"":0},{""x"":1625.3,""y"":538,""t"":734,""outside"":false,""outsidePx"":0},{""x"":1653.3,""y"":524,""t"":751,""outside"":false,""outsidePx"":0},{""x"":1681.3,""y"":510,""t"":767,""outside"":false,""outsidePx"":0},{""x"":1702,""y"":496,""t"":785,""outside"":false,""outsidePx"":0},{""x"":1735.3,""y"":476.7,""t"":800,""outside"":false,""outsidePx"":0},{""x"":1762,""y"":461.3,""t"":817,""outside"":false,""outsidePx"":0},{""x"":1780.7,""y"":448.7,""t"":834,""outside"":false,""outsidePx"":0},{""x"":1802,""y"":434.7,""t"":850,""outside"":false,""outsidePx"":0},{""x"":1819.3,""y"":424.7,""t"":868,""outside"":false,""outsidePx"":0},{""x"":1836.7,""y"":414,""t"":884,""outside"":false,""outsidePx"":0},{""x"":1852.7,""y"":403.3,""t"":901,""outside"":false,""outsidePx"":0},{""x"":1874,""y"":389.3,""t"":917,""outside"":false,""outsidePx"":0},{""x"":1891.3,""y"":378.7,""t"":934,""outside"":false,""outsidePx"":0},{""x"":1914,""y"":364.7,""t"":950,""outside"":false,""outsidePx"":0},{""x"":1936.7,""y"":352.7,""t"":967,""outside"":false,""outsidePx"":0},{""x"":1954,""y"":340.7,""t"":983,""outside"":false,""outsidePx"":0},{""x"":1970,""y"":331.3,""t"":1000,""outside"":false,""outsidePx"":0},{""x"":1980.7,""y"":324.7,""t"":1016,""outside"":false,""outsidePx"":0},{""x"":1984,""y"":322.7,""t"":1034,""outside"":false,""outsidePx"":0},{""x"":1987.3,""y"":321.3,""t"":1050,""outside"":false,""outsidePx"":0}]"
hayashi,main,practice,C2,幅狭条件,A固定・W狭い,70,1350,19.286,2,9,39,39,39,2026-09-29T07:49:05.447Z,2026-09-29T07:49:06.625Z,1178,140,975,835,false,true,near_goal_pointerup,1947.3,333.3,1,false,0,0,0,false,[],"[{""x"":582.7,""y"":1120,""t"":0,""outside"":false,""outsidePx"":0},{""x"":582.7,""y"":1119.3,""t"":28,""outside"":false,""outsidePx"":0},{""x"":586,""y"":1117.3,""t"":45,""outside"":false,""outsidePx"":0},{""x"":590.7,""y"":1112,""t"":62,""outside"":false,""outsidePx"":0},{""x"":603.3,""y"":1105.3,""t"":78,""outside"":false,""outsidePx"":0},{""x"":624,""y"":1094.7,""t"":95,""outside"":false,""outsidePx"":0},{""x"":652,""y"":1082.7,""t"":112,""outside"":false,""outsidePx"":0},{""x"":678.7,""y"":1068.7,""t"":129,""outside"":false,""outsidePx"":0},{""x"":704.7,""y"":1056,""t"":145,""outside"":false,""outsidePx"":0},{""x"":741.3,""y"":1038.7,""t"":162,""outside"":false,""outsidePx"":0},{""x"":774.7,""y"":1021.3,""t"":178,""outside"":false,""outsidePx"":0},{""x"":800.7,""y"":1007.3,""t"":195,""outside"":false,""outsidePx"":0},{""x"":822,""y"":996.7,""t"":212,""outside"":false,""outsidePx"":0},{""x"":844.7,""y"":986,""t"":228,""outside"":false,""outsidePx"":0},{""x"":866,""y"":975.3,""t"":245,""outside"":false,""outsidePx"":0},{""x"":883.3,""y"":966.7,""t"":262,""outside"":false,""outsidePx"":0},{""x"":898.7,""y"":958,""t"":278,""outside"":false,""outsidePx"":0},{""x"":918,""y"":949.3,""t"":295,""outside"":false,""outsidePx"":0},{""x"":942.7,""y"":937.3,""t"":312,""outside"":false,""outsidePx"":0},{""x"":965.3,""y"":923.3,""t"":328,""outside"":false,""outsidePx"":0},{""x"":993.3,""y"":909.3,""t"":345,""outside"":false,""outsidePx"":0},{""x"":1024.7,""y"":893.3,""t"":362,""outside"":false,""outsidePx"":0},{""x"":1054.7,""y"":877.3,""t"":378,""outside"":false,""outsidePx"":0},{""x"":1084.7,""y"":862,""t"":395,""outside"":false,""outsidePx"":0},{""x"":1112.7,""y"":846,""t"":412,""outside"":false,""outsidePx"":0},{""x"":1132,""y"":832,""t"":428,""outside"":false,""outsidePx"":0},{""x"":1149.3,""y"":820,""t"":445,""outside"":false,""outsidePx"":0},{""x"":1170,""y"":806,""t"":462,""outside"":false,""outsidePx"":0},{""x"":1191.3,""y"":795.3,""t"":478,""outside"":false,""outsidePx"":0},{""x"":1210.7,""y"":784.7,""t"":495,""outside"":false,""outsidePx"":0},{""x"":1230,""y"":774.7,""t"":512,""outside"":false,""outsidePx"":0},{""x"":1248.7,""y"":762,""t"":528,""outside"":false,""outsidePx"":0},{""x"":1268,""y"":751.3,""t"":545,""outside"":false,""outsidePx"":0},{""x"":1287.3,""y"":739.3,""t"":562,""outside"":false,""outsidePx"":0},{""x"":1306.7,""y"":725.3,""t"":579,""outside"":false,""outsidePx"":0},{""x"":1331.3,""y"":709.3,""t"":595,""outside"":false,""outsidePx"":0},{""x"":1360.7,""y"":692,""t"":612,""outside"":false,""outsidePx"":0},{""x"":1385.3,""y"":676.7,""t"":629,""outside"":false,""outsidePx"":0},{""x"":1415.3,""y"":658.7,""t"":645,""outside"":false,""outsidePx"":0},{""x"":1443.3,""y"":641.3,""t"":662,""outside"":false,""outsidePx"":0},{""x"":1466,""y"":625.3,""t"":678,""outside"":false,""outsidePx"":0},{""x"":1494,""y"":608,""t"":695,""outside"":false,""outsidePx"":0},{""x"":1518.7,""y"":592.7,""t"":712,""outside"":false,""outsidePx"":0},{""x"":1539.3,""y"":580,""t"":728,""outside"":false,""outsidePx"":0},{""x"":1562,""y"":568,""t"":745,""outside"":false,""outsidePx"":0},{""x"":1588.7,""y"":554,""t"":762,""outside"":false,""outsidePx"":0},{""x"":1611.3,""y"":538,""t"":778,""outside"":false,""outsidePx"":0},{""x"":1636,""y"":524,""t"":795,""outside"":false,""outsidePx"":0},{""x"":1664,""y"":508.7,""t"":812,""outside"":false,""outsidePx"":0},{""x"":1693.3,""y"":490.7,""t"":828,""outside"":false,""outsidePx"":0},{""x"":1723.3,""y"":473.3,""t"":845,""outside"":false,""outsidePx"":0},{""x"":1751.3,""y"":456,""t"":862,""outside"":false,""outsidePx"":0},{""x"":1766.7,""y"":445.3,""t"":878,""outside"":false,""outsidePx"":0},{""x"":1780.7,""y"":436.7,""t"":895,""outside"":false,""outsidePx"":0},{""x"":1790,""y"":429.3,""t"":912,""outside"":false,""outsidePx"":0},{""x"":1805.3,""y"":420.7,""t"":928,""outside"":false,""outsidePx"":0},{""x"":1824.7,""y"":408.7,""t"":945,""outside"":false,""outsidePx"":0},{""x"":1846,""y"":394.7,""t"":962,""outside"":false,""outsidePx"":0},{""x"":1868.7,""y"":380.7,""t"":978,""outside"":false,""outsidePx"":0},{""x"":1891.3,""y"":368.7,""t"":995,""outside"":false,""outsidePx"":0},{""x"":1906.7,""y"":359.3,""t"":1012,""outside"":false,""outsidePx"":0},{""x"":1917.3,""y"":352.7,""t"":1028,""outside"":false,""outsidePx"":0},{""x"":1922.7,""y"":349.3,""t"":1045,""outside"":false,""outsidePx"":0},{""x"":1930,""y"":344,""t"":1062,""outside"":false,""outsidePx"":0},{""x"":1936.7,""y"":338.7,""t"":1078,""outside"":false,""outsidePx"":0},{""x"":1944,""y"":335.3,""t"":1095,""outside"":false,""outsidePx"":0},{""x"":1945.3,""y"":333.3,""t"":1112,""outside"":false,""outsidePx"":0},{""x"":1947.3,""y"":333.3,""t"":1129,""outside"":false,""outsidePx"":0}]"
hayashi,main,practice,C2,幅狭条件,A固定・W狭い,70,1350,19.286,2,10,40,40,40,2026-09-29T07:49:07.414Z,2026-09-29T07:49:08.598Z,1184,143,925,782,true,true,none,1994.7,316,1,false,0,0,0,false,[],"[{""x"":591.3,""y"":1099.3,""t"":0,""outside"":false,""outsidePx"":0},{""x"":592.7,""y"":1098,""t"":62,""outside"":false,""outsidePx"":0},{""x"":600,""y"":1096.7,""t"":78,""outside"":false,""outsidePx"":0},{""x"":614,""y"":1091.3,""t"":95,""outside"":false,""outsidePx"":0},{""x"":640,""y"":1082.7,""t"":112,""outside"":false,""outsidePx"":0},{""x"":668,""y"":1072,""t"":128,""outside"":false,""outsidePx"":0},{""x"":701.3,""y"":1058,""t"":145,""outside"":false,""outsidePx"":0},{""x"":741.3,""y"":1042,""t"":161,""outside"":false,""outsidePx"":0},{""x"":774.7,""y"":1026.7,""t"":178,""outside"":false,""outsidePx"":0},{""x"":806,""y"":1012.7,""t"":195,""outside"":false,""outsidePx"":0},{""x"":836,""y"":1000,""t"":212,""outside"":false,""outsidePx"":0},{""x"":860.7,""y"":988,""t"":228,""outside"":false,""outsidePx"":0},{""x"":892,""y"":966.7,""t"":245,""outside"":false,""outsidePx"":0},{""x"":925.3,""y"":944,""t"":262,""outside"":false,""outsidePx"":0},{""x"":956.7,""y"":926.7,""t"":278,""outside"":false,""outsidePx"":0},{""x"":986.7,""y"":909.3,""t"":295,""outside"":false,""outsidePx"":0},{""x"":1014.7,""y"":895.3,""t"":314,""outside"":false,""outsidePx"":0},{""x"":1030,""y"":884.7,""t"":328,""outside"":false,""outsidePx"":0},{""x"":1051.3,""y"":872.7,""t"":345,""outside"":false,""outsidePx"":0},{""x"":1072,""y"":860,""t"":362,""outside"":false,""outsidePx"":0},{""x"":1093.3,""y"":846,""t"":378,""outside"":false,""outsidePx"":0},{""x"":1118,""y"":832,""t"":395,""outside"":false,""outsidePx"":0},{""x"":1144,""y"":816.7,""t"":412,""outside"":false,""outsidePx"":0},{""x"":1172,""y"":798.7,""t"":428,""outside"":false,""outsidePx"":0},{""x"":1198,""y"":784.7,""t"":445,""outside"":false,""outsidePx"":0},{""x"":1219.3,""y"":774.7,""t"":462,""outside"":false,""outsidePx"":0},{""x"":1244,""y"":758.7,""t"":478,""outside"":false,""outsidePx"":0},{""x"":1268,""y"":744.7,""t"":495,""outside"":false,""outsidePx"":0},{""x"":1292.7,""y"":728.7,""t"":512,""outside"":false,""outsidePx"":0},{""x"":1317.3,""y"":714.7,""t"":528,""outside"":false,""outsidePx"":0},{""x"":1343.3,""y"":700.7,""t"":545,""outside"":false,""outsidePx"":0},{""x"":1364.7,""y"":686.7,""t"":562,""outside"":false,""outsidePx"":0},{""x"":1384,""y"":676.7,""t"":578,""outside"":false,""outsidePx"":0},{""x"":1402.7,""y"":666,""t"":595,""outside"":false,""outsidePx"":0},{""x"":1415.3,""y"":657.3,""t"":612,""outside"":false,""outsidePx"":0},{""x"":1429.3,""y"":644.7,""t"":628,""outside"":false,""outsidePx"":0},{""x"":1448.7,""y"":630.7,""t"":645,""outside"":false,""outsidePx"":0},{""x"":1469.3,""y"":615.3,""t"":662,""outside"":false,""outsidePx"":0},{""x"":1496,""y"":599.3,""t"":678,""outside"":false,""outsidePx"":0},{""x"":1516.7,""y"":587.3,""t"":697,""outside"":false,""outsidePx"":0},{""x"":1541.3,""y"":573.3,""t"":712,""outside"":false,""outsidePx"":0},{""x"":1564,""y"":560.7,""t"":728,""outside"":false,""outsidePx"":0},{""x"":1583.3,""y"":548.7,""t"":745,""outside"":false,""outsidePx"":0},{""x"":1604,""y"":536.7,""t"":762,""outside"":false,""outsidePx"":0},{""x"":1626.7,""y"":522.7,""t"":778,""outside"":false,""outsidePx"":0},{""x"":1651.3,""y"":510,""t"":795,""outside"":false,""outsidePx"":0},{""x"":1678,""y"":496,""t"":812,""outside"":false,""outsidePx"":0},{""x"":1706,""y"":480.7,""t"":828,""outside"":false,""outsidePx"":0},{""x"":1732,""y"":466.7,""t"":845,""outside"":false,""outsidePx"":0},{""x"":1762,""y"":450.7,""t"":862,""outside"":false,""outsidePx"":0},{""x"":1788,""y"":434.7,""t"":879,""outside"":false,""outsidePx"":0},{""x"":1810.7,""y"":422.7,""t"":895,""outside"":false,""outsidePx"":0},{""x"":1844,""y"":405.3,""t"":911,""outside"":false,""outsidePx"":0},{""x"":1875.3,""y"":387.3,""t"":928,""outside"":false,""outsidePx"":0},{""x"":1896.7,""y"":375.3,""t"":945,""outside"":false,""outsidePx"":0},{""x"":1919.3,""y"":363.3,""t"":962,""outside"":false,""outsidePx"":0},{""x"":1938.7,""y"":352.7,""t"":978,""outside"":false,""outsidePx"":0},{""x"":1952.7,""y"":345.3,""t"":995,""outside"":false,""outsidePx"":0},{""x"":1966.7,""y"":336.7,""t"":1011,""outside"":false,""outsidePx"":0},{""x"":1978.7,""y"":328,""t"":1028,""outside"":false,""outsidePx"":0},{""x"":1987.3,""y"":321.3,""t"":1045,""outside"":false,""outsidePx"":0},{""x"":1992.7,""y"":317.3,""t"":1062,""outside"":false,""outsidePx"":0},{""x"":1994.7,""y"":317.3,""t"":1078,""outside"":false,""outsidePx"":0},{""x"":1994.7,""y"":316,""t"":1095,""outside"":false,""outsidePx"":0}]"
hayashi,main,practice,C2,幅狭条件,A固定・W狭い,70,1350,19.286,2,11,41,41,41,2026-09-29T07:49:09.252Z,2026-09-29T07:49:10.559Z,1308,143,975,832,true,true,deviation,2038,310.7,1,true,1,100,2.3,false,"[{""startMs"":857,""startX"":1700.7,""startY"":518.7,""maxOutsidePx"":2.3,""endMs"":957,""endX"":1854.7,""endY"":428,""durationMs"":100}]","[{""x"":563.3,""y"":1120,""t"":0,""outside"":false,""outsidePx"":0},{""x"":564.7,""y"":1119.3,""t"":24,""outside"":false,""outsidePx"":0},{""x"":570,""y"":1117.3,""t"":41,""outside"":false,""outsidePx"":0},{""x"":575.3,""y"":1112,""t"":57,""outside"":false,""outsidePx"":0},{""x"":587.3,""y"":1106.7,""t"":74,""outside"":false,""outsidePx"":0},{""x"":604.7,""y"":1098,""t"":91,""outside"":false,""outsidePx"":0},{""x"":629.3,""y"":1087.3,""t"":107,""outside"":false,""outsidePx"":0},{""x"":659.3,""y"":1072,""t"":124,""outside"":false,""outsidePx"":0},{""x"":688.7,""y"":1058,""t"":141,""outside"":false,""outsidePx"":0},{""x"":724,""y"":1038.7,""t"":157,""outside"":false,""outsidePx"":0},{""x"":752,""y"":1024.7,""t"":174,""outside"":false,""outsidePx"":0},{""x"":776.7,""y"":1010.7,""t"":191,""outside"":false,""outsidePx"":0},{""x"":797.3,""y"":998.7,""t"":207,""outside"":false,""outsidePx"":0},{""x"":818.7,""y"":986,""t"":224,""outside"":false,""outsidePx"":0},{""x"":842.7,""y"":972,""t"":241,""outside"":false,""outsidePx"":0},{""x"":864,""y"":961.3,""t"":257,""outside"":false,""outsidePx"":0},{""x"":890,""y"":946,""t"":274,""outside"":false,""outsidePx"":0},{""x"":918,""y"":930,""t"":291,""outside"":false,""outsidePx"":0},{""x"":944.7,""y"":912.7,""t"":307,""outside"":false,""outsidePx"":0},{""x"":968.7,""y"":896.7,""t"":324,""outside"":false,""outsidePx"":0},{""x"":993.3,""y"":882.7,""t"":341,""outside"":false,""outsidePx"":0},{""x"":1018,""y"":868.7,""t"":357,""outside"":false,""outsidePx"":0},{""x"":1044,""y"":851.3,""t"":374,""outside"":false,""outsidePx"":0},{""x"":1070.7,""y"":835.3,""t"":391,""outside"":false,""outsidePx"":0},{""x"":1094.7,""y"":821.3,""t"":407,""outside"":false,""outsidePx"":0},{""x"":1121.3,""y"":804,""t"":424,""outside"":false,""outsidePx"":0},{""x"":1142,""y"":792,""t"":440,""outside"":false,""outsidePx"":0},{""x"":1161.3,""y"":781.3,""t"":457,""outside"":false,""outsidePx"":0},{""x"":1182.7,""y"":769.3,""t"":474,""outside"":false,""outsidePx"":0},{""x"":1200,""y"":760.7,""t"":491,""outside"":false,""outsidePx"":0},{""x"":1222.7,""y"":750,""t"":507,""outside"":false,""outsidePx"":0},{""x"":1245.3,""y"":739.3,""t"":524,""outside"":false,""outsidePx"":0},{""x"":1264.7,""y"":728.7,""t"":541,""outside"":false,""outsidePx"":0},{""x"":1284,""y"":718.7,""t"":557,""outside"":false,""outsidePx"":0},{""x"":1304.7,""y"":708,""t"":574,""outside"":false,""outsidePx"":0},{""x"":1328,""y"":695.3,""t"":590,""outside"":false,""outsidePx"":0},{""x"":1354,""y"":681.3,""t"":607,""outside"":false,""outsidePx"":0},{""x"":1384,""y"":666,""t"":624,""outside"":false,""outsidePx"":0},{""x"":1412,""y"":650,""t"":641,""outside"":false,""outsidePx"":0},{""x"":1438,""y"":638,""t"":657,""outside"":false,""outsidePx"":0},{""x"":1460.7,""y"":625.3,""t"":674,""outside"":false,""outsidePx"":0},{""x"":1480,""y"":616.7,""t"":691,""outside"":false,""outsidePx"":0},{""x"":1499.3,""y"":610,""t"":707,""outside"":false,""outsidePx"":0},{""x"":1518.7,""y"":601.3,""t"":724,""outside"":false,""outsidePx"":0},{""x"":1536,""y"":594,""t"":741,""outside"":false,""outsidePx"":0},{""x"":1558.7,""y"":585.3,""t"":757,""outside"":false,""outsidePx"":0},{""x"":1581.3,""y"":574.7,""t"":774,""outside"":false,""outsidePx"":0},{""x"":1604,""y"":564.7,""t"":790,""outside"":false,""outsidePx"":0},{""x"":1630.7,""y"":552,""t"":807,""outside"":false,""outsidePx"":0},{""x"":1656.7,""y"":540,""t"":824,""outside"":false,""outsidePx"":0},{""x"":1678,""y"":529.3,""t"":841,""outside"":false,""outsidePx"":0},{""x"":1700.7,""y"":518.7,""t"":857,""outside"":true,""outsidePx"":1},{""x"":1723.3,""y"":506.7,""t"":874,""outside"":true,""outsidePx"":1.9},{""x"":1748,""y"":492.7,""t"":890,""outside"":true,""outsidePx"":2.1},{""x"":1776,""y"":476.7,""t"":907,""outside"":true,""outsidePx"":2.3},{""x"":1802,""y"":459.3,""t"":924,""outside"":true,""outsidePx"":0.3},{""x"":1826.7,""y"":445.3,""t"":941,""outside"":true,""outsidePx"":0.5},{""x"":1854.7,""y"":428,""t"":957,""outside"":false,""outsidePx"":0},{""x"":1878.7,""y"":412,""t"":974,""outside"":false,""outsidePx"":0},{""x"":1903.3,""y"":396.7,""t"":991,""outside"":false,""outsidePx"":0},{""x"":1926,""y"":382.7,""t"":1007,""outside"":false,""outsidePx"":0},{""x"":1942,""y"":373.3,""t"":1024,""outside"":false,""outsidePx"":0},{""x"":1958,""y"":363.3,""t"":1041,""outside"":false,""outsidePx"":0},{""x"":1973.3,""y"":354.7,""t"":1057,""outside"":false,""outsidePx"":0},{""x"":1987.3,""y"":345.3,""t"":1074,""outside"":false,""outsidePx"":0},{""x"":1998,""y"":338.7,""t"":1091,""outside"":false,""outsidePx"":0},{""x"":2006.7,""y"":333.3,""t"":1107,""outside"":false,""outsidePx"":0},{""x"":2014,""y"":328,""t"":1124,""outside"":false,""outsidePx"":0},{""x"":2022.7,""y"":321.3,""t"":1141,""outside"":false,""outsidePx"":0},{""x"":2031.3,""y"":316,""t"":1157,""outside"":false,""outsidePx"":0},{""x"":2034.7,""y"":312.7,""t"":1174,""outside"":false,""outsidePx"":0},{""x"":2038,""y"":310.7,""t"":1191,""outside"":false,""outsidePx"":0}]"
hayashi,main,practice,C2,幅狭条件,A固定・W狭い,70,1350,19.286,2,12,42,42,42,2026-09-29T07:49:11.286Z,2026-09-29T07:49:12.703Z,1417,140,995,855,true,true,none,1966.7,319.3,1,false,0,0,0,false,[],"[{""x"":595.3,""y"":1126,""t"":0,""outside"":false,""outsidePx"":0},{""x"":593.3,""y"":1126,""t"":6,""outside"":false,""outsidePx"":0},{""x"":593.3,""y"":1124.7,""t"":22,""outside"":false,""outsidePx"":0},{""x"":593.3,""y"":1122.7,""t"":47,""outside"":false,""outsidePx"":0},{""x"":594.7,""y"":1120.7,""t"":57,""outside"":false,""outsidePx"":0},{""x"":604.7,""y"":1114,""t"":73,""outside"":false,""outsidePx"":0},{""x"":620.7,""y"":1103.3,""t"":89,""outside"":false,""outsidePx"":0},{""x"":642,""y"":1091.3,""t"":106,""outside"":false,""outsidePx"":0},{""x"":664.7,""y"":1075.3,""t"":123,""outside"":false,""outsidePx"":0},{""x"":692.7,""y"":1056,""t"":139,""outside"":false,""outsidePx"":0},{""x"":720.7,""y"":1035.3,""t"":156,""outside"":false,""outsidePx"":0},{""x"":752,""y"":1010.7,""t"":172,""outside"":false,""outsidePx"":0},{""x"":785.3,""y"":988,""t"":189,""outside"":false,""outsidePx"":0},{""x"":813.3,""y"":968.7,""t"":206,""outside"":false,""outsidePx"":0},{""x"":844.7,""y"":949.3,""t"":223,""outside"":false,""outsidePx"":0},{""x"":870.7,""y"":933.3,""t"":239,""outside"":false,""outsidePx"":0},{""x"":892,""y"":921.3,""t"":256,""outside"":false,""outsidePx"":0},{""x"":914.7,""y"":909.3,""t"":272,""outside"":false,""outsidePx"":0},{""x"":936,""y"":896.7,""t"":289,""outside"":false,""outsidePx"":0},{""x"":960,""y"":881.3,""t"":306,""outside"":false,""outsidePx"":0},{""x"":986.7,""y"":865.3,""t"":322,""outside"":false,""outsidePx"":0},{""x"":1010.7,""y"":849.3,""t"":339,""outside"":false,""outsidePx"":0},{""x"":1038.7,""y"":834,""t"":356,""outside"":false,""outsidePx"":0},{""x"":1063.3,""y"":820,""t"":372,""outside"":false,""outsidePx"":0},{""x"":1084.7,""y"":809.3,""t"":389,""outside"":false,""outsidePx"":0},{""x"":1105.3,""y"":797.3,""t"":406,""outside"":false,""outsidePx"":0},{""x"":1124.7,""y"":784.7,""t"":422,""outside"":false,""outsidePx"":0},{""x"":1144,""y"":774.7,""t"":439,""outside"":false,""outsidePx"":0},{""x"":1166.7,""y"":762,""t"":456,""outside"":false,""outsidePx"":0},{""x"":1192.7,""y"":748,""t"":472,""outside"":false,""outsidePx"":0},{""x"":1214,""y"":737.3,""t"":489,""outside"":false,""outsidePx"":0},{""x"":1236.7,""y"":725.3,""t"":506,""outside"":false,""outsidePx"":0},{""x"":1256,""y"":714.7,""t"":522,""outside"":false,""outsidePx"":0},{""x"":1275.3,""y"":702.7,""t"":539,""outside"":false,""outsidePx"":0},{""x"":1298,""y"":690.7,""t"":556,""outside"":false,""outsidePx"":0},{""x"":1320.7,""y"":680,""t"":572,""outside"":false,""outsidePx"":0},{""x"":1343.3,""y"":669.3,""t"":589,""outside"":false,""outsidePx"":0},{""x"":1368,""y"":658.7,""t"":606,""outside"":false,""outsidePx"":0},{""x"":1388.7,""y"":648.7,""t"":623,""outside"":false,""outsidePx"":0},{""x"":1402.7,""y"":641.3,""t"":639,""outside"":false,""outsidePx"":0},{""x"":1418.7,""y"":632.7,""t"":656,""outside"":false,""outsidePx"":0},{""x"":1436,""y"":622,""t"":672,""outside"":false,""outsidePx"":0},{""x"":1455.3,""y"":610,""t"":689,""outside"":false,""outsidePx"":0},{""x"":1480,""y"":596,""t"":706,""outside"":false,""outsidePx"":0},{""x"":1500.7,""y"":585.3,""t"":722,""outside"":false,""outsidePx"":0},{""x"":1524,""y"":574.7,""t"":739,""outside"":false,""outsidePx"":0},{""x"":1544.7,""y"":564.7,""t"":756,""outside"":false,""outsidePx"":0},{""x"":1562,""y"":555.3,""t"":773,""outside"":false,""outsidePx"":0},{""x"":1588.7,""y"":540,""t"":789,""outside"":false,""outsidePx"":0},{""x"":1616.7,""y"":524,""t"":806,""outside"":false,""outsidePx"":0},{""x"":1640.7,""y"":510,""t"":822,""outside"":false,""outsidePx"":0},{""x"":1665.3,""y"":498,""t"":839,""outside"":false,""outsidePx"":0},{""x"":1690,""y"":485.3,""t"":856,""outside"":false,""outsidePx"":0},{""x"":1712.7,""y"":471.3,""t"":872,""outside"":false,""outsidePx"":0},{""x"":1738.7,""y"":456,""t"":889,""outside"":false,""outsidePx"":0},{""x"":1770.7,""y"":440,""t"":906,""outside"":false,""outsidePx"":0},{""x"":1798.7,""y"":424.7,""t"":922,""outside"":false,""outsidePx"":0},{""x"":1819.3,""y"":414,""t"":939,""outside"":false,""outsidePx"":0},{""x"":1835.3,""y"":403.3,""t"":956,""outside"":false,""outsidePx"":0},{""x"":1847.3,""y"":396.7,""t"":973,""outside"":false,""outsidePx"":0},{""x"":1860,""y"":387.3,""t"":989,""outside"":false,""outsidePx"":0},{""x"":1875.3,""y"":378.7,""t"":1006,""outside"":false,""outsidePx"":0},{""x"":1892.7,""y"":366.7,""t"":1022,""outside"":false,""outsidePx"":0},{""x"":1910.7,""y"":354.7,""t"":1039,""outside"":false,""outsidePx"":0},{""x"":1922.7,""y"":347.3,""t"":1056,""outside"":false,""outsidePx"":0},{""x"":1926,""y"":344,""t"":1072,""outside"":false,""outsidePx"":0},{""x"":1928,""y"":344,""t"":1089,""outside"":false,""outsidePx"":0},{""x"":1930,""y"":342,""t"":1139,""outside"":false,""outsidePx"":0},{""x"":1933.3,""y"":340.7,""t"":1156,""outside"":false,""outsidePx"":0},{""x"":1936.7,""y"":338.7,""t"":1172,""outside"":false,""outsidePx"":0},{""x"":1938.7,""y"":336.7,""t"":1189,""outside"":false,""outsidePx"":0},{""x"":1942,""y"":335.3,""t"":1205,""outside"":false,""outsidePx"":0},{""x"":1947.3,""y"":331.3,""t"":1222,""outside"":false,""outsidePx"":0},{""x"":1954,""y"":328,""t"":1239,""outside"":false,""outsidePx"":0},{""x"":1958,""y"":326.7,""t"":1255,""outside"":false,""outsidePx"":0},{""x"":1959.3,""y"":324.7,""t"":1272,""outside"":false,""outsidePx"":0},{""x"":1961.3,""y"":324.7,""t"":1304,""outside"":false,""outsidePx"":0},{""x"":1961.3,""y"":322.7,""t"":1316,""outside"":false,""outsidePx"":0},{""x"":1962.7,""y"":322.7,""t"":1322,""outside"":false,""outsidePx"":0},{""x"":1964.7,""y"":321.3,""t"":1339,""outside"":false,""outsidePx"":0},{""x"":1966.7,""y"":319.3,""t"":1356,""outside"":false,""outsidePx"":0}]"
hayashi,main,practice,C2,幅狭条件,A固定・W狭い,70,1350,19.286,2,13,43,43,43,2026-09-29T07:49:13.364Z,2026-09-29T07:49:14.691Z,1328,150,1070,920,true,true,none,1987.3,326.7,1,false,0,0,0,false,[],"[{""x"":596.7,""y"":1102.7,""t"":0,""outside"":false,""outsidePx"":0},{""x"":596.7,""y"":1101.3,""t"":72,""outside"":false,""outsidePx"":0},{""x"":598,""y"":1101.3,""t"":79,""outside"":false,""outsidePx"":0},{""x"":606.7,""y"":1096.7,""t"":95,""outside"":false,""outsidePx"":0},{""x"":622.7,""y"":1087.3,""t"":112,""outside"":false,""outsidePx"":0},{""x"":648.7,""y"":1075.3,""t"":128,""outside"":false,""outsidePx"":0},{""x"":682,""y"":1059.3,""t"":145,""outside"":false,""outsidePx"":0},{""x"":716.7,""y"":1040.7,""t"":162,""outside"":false,""outsidePx"":0},{""x"":748.7,""y"":1024.7,""t"":178,""outside"":false,""outsidePx"":0},{""x"":782,""y"":1005.3,""t"":195,""outside"":false,""outsidePx"":0},{""x"":811.3,""y"":988,""t"":212,""outside"":false,""outsidePx"":0},{""x"":839.3,""y"":972,""t"":228,""outside"":false,""outsidePx"":0},{""x"":867.3,""y"":954.7,""t"":245,""outside"":false,""outsidePx"":0},{""x"":895.3,""y"":935.3,""t"":262,""outside"":false,""outsidePx"":0},{""x"":918,""y"":919.3,""t"":278,""outside"":false,""outsidePx"":0},{""x"":939.3,""y"":905.3,""t"":295,""outside"":false,""outsidePx"":0},{""x"":960,""y"":891.3,""t"":311,""outside"":false,""outsidePx"":0},{""x"":979.3,""y"":879.3,""t"":328,""outside"":false,""outsidePx"":0},{""x"":995.3,""y"":870.7,""t"":345,""outside"":false,""outsidePx"":0},{""x"":1007.3,""y"":863.3,""t"":362,""outside"":false,""outsidePx"":0},{""x"":1016,""y"":858.7,""t"":378,""outside"":false,""outsidePx"":0},{""x"":1026.7,""y"":853.3,""t"":395,""outside"":false,""outsidePx"":0},{""x"":1037.3,""y"":846,""t"":412,""outside"":false,""outsidePx"":0},{""x"":1051.3,""y"":835.3,""t"":428,""outside"":false,""outsidePx"":0},{""x"":1068.7,""y"":825.3,""t"":445,""outside"":false,""outsidePx"":0},{""x"":1086,""y"":814.7,""t"":461,""outside"":false,""outsidePx"":0},{""x"":1102,""y"":806,""t"":478,""outside"":false,""outsidePx"":0},{""x"":1118,""y"":795.3,""t"":495,""outside"":false,""outsidePx"":0},{""x"":1132,""y"":786.7,""t"":511,""outside"":false,""outsidePx"":0},{""x"":1147.3,""y"":779.3,""t"":528,""outside"":false,""outsidePx"":0},{""x"":1166.7,""y"":767.3,""t"":545,""outside"":false,""outsidePx"":0},{""x"":1188,""y"":756.7,""t"":561,""outside"":false,""outsidePx"":0},{""x"":1212,""y"":744.7,""t"":578,""outside"":false,""outsidePx"":0},{""x"":1230,""y"":734,""t"":595,""outside"":false,""outsidePx"":0},{""x"":1245.3,""y"":725.3,""t"":611,""outside"":false,""outsidePx"":0},{""x"":1264.7,""y"":714.7,""t"":628,""outside"":false,""outsidePx"":0},{""x"":1284,""y"":706,""t"":645,""outside"":false,""outsidePx"":0},{""x"":1306.7,""y"":694,""t"":661,""outside"":false,""outsidePx"":0},{""x"":1331.3,""y"":678,""t"":678,""outside"":false,""outsidePx"":0},{""x"":1356,""y"":666,""t"":695,""outside"":false,""outsidePx"":0},{""x"":1376.7,""y"":655.3,""t"":712,""outside"":false,""outsidePx"":0},{""x"":1398,""y"":644.7,""t"":728,""outside"":false,""outsidePx"":0},{""x"":1415.3,""y"":636,""t"":744,""outside"":false,""outsidePx"":0},{""x"":1434.7,""y"":627.3,""t"":761,""outside"":false,""outsidePx"":0},{""x"":1457.3,""y"":615.3,""t"":778,""outside"":false,""outsidePx"":0},{""x"":1480,""y"":602.7,""t"":795,""outside"":false,""outsidePx"":0},{""x"":1504.7,""y"":588.7,""t"":811,""outside"":false,""outsidePx"":0},{""x"":1534,""y"":574.7,""t"":828,""outside"":false,""outsidePx"":0},{""x"":1562,""y"":560.7,""t"":845,""outside"":false,""outsidePx"":0},{""x"":1590,""y"":545.3,""t"":861,""outside"":false,""outsidePx"":0},{""x"":1622,""y"":531.3,""t"":878,""outside"":false,""outsidePx"":0},{""x"":1646,""y"":518.7,""t"":895,""outside"":false,""outsidePx"":0},{""x"":1668.7,""y"":506.7,""t"":911,""outside"":false,""outsidePx"":0},{""x"":1692,""y"":492.7,""t"":928,""outside"":false,""outsidePx"":0},{""x"":1712.7,""y"":482,""t"":945,""outside"":false,""outsidePx"":0},{""x"":1735.3,""y"":468,""t"":962,""outside"":false,""outsidePx"":0},{""x"":1756.7,""y"":456,""t"":978,""outside"":false,""outsidePx"":0},{""x"":1774,""y"":445.3,""t"":995,""outside"":false,""outsidePx"":0},{""x"":1798.7,""y"":433.3,""t"":1011,""outside"":false,""outsidePx"":0},{""x"":1818,""y"":422.7,""t"":1028,""outside"":false,""outsidePx"":0},{""x"":1836.7,""y"":414,""t"":1045,""outside"":false,""outsidePx"":0},{""x"":1860,""y"":401.3,""t"":1061,""outside"":false,""outsidePx"":0},{""x"":1880.7,""y"":387.3,""t"":1078,""outside"":false,""outsidePx"":0},{""x"":1902,""y"":377.3,""t"":1095,""outside"":false,""outsidePx"":0},{""x"":1919.3,""y"":366.7,""t"":1111,""outside"":false,""outsidePx"":0},{""x"":1936.7,""y"":356,""t"":1128,""outside"":false,""outsidePx"":0},{""x"":1952.7,""y"":347.3,""t"":1145,""outside"":false,""outsidePx"":0},{""x"":1964.7,""y"":342,""t"":1161,""outside"":false,""outsidePx"":0},{""x"":1972,""y"":336.7,""t"":1178,""outside"":false,""outsidePx"":0},{""x"":1975.3,""y"":335.3,""t"":1195,""outside"":false,""outsidePx"":0},{""x"":1980.7,""y"":331.3,""t"":1211,""outside"":false,""outsidePx"":0},{""x"":1984,""y"":328,""t"":1228,""outside"":false,""outsidePx"":0},{""x"":1986,""y"":326.7,""t"":1245,""outside"":false,""outsidePx"":0},{""x"":1987.3,""y"":326.7,""t"":1261,""outside"":false,""outsidePx"":0}]"
hayashi,main,practice,C2,幅狭条件,A固定・W狭い,70,1350,19.286,2,14,44,44,44,2026-09-29T07:49:16.121Z,2026-09-29T07:49:17.531Z,1410,162,1174,1012,true,true,none,1994.7,310.7,1,false,0,0,0,false,[],"[{""x"":598.7,""y"":1124,""t"":0,""outside"":false,""outsidePx"":0},{""x"":600,""y"":1124,""t"":28,""outside"":false,""outsidePx"":0},{""x"":601.3,""y"":1124,""t"":38,""outside"":false,""outsidePx"":0},{""x"":604.7,""y"":1120.7,""t"":53,""outside"":false,""outsidePx"":0},{""x"":608.7,""y"":1119.3,""t"":70,""outside"":false,""outsidePx"":0},{""x"":614,""y"":1115.3,""t"":87,""outside"":false,""outsidePx"":0},{""x"":626,""y"":1110.7,""t"":103,""outside"":false,""outsidePx"":0},{""x"":642,""y"":1101.3,""t"":120,""outside"":false,""outsidePx"":0},{""x"":664.7,""y"":1089.3,""t"":137,""outside"":false,""outsidePx"":0},{""x"":690.7,""y"":1077.3,""t"":153,""outside"":false,""outsidePx"":0},{""x"":713.3,""y"":1063.3,""t"":170,""outside"":false,""outsidePx"":0},{""x"":736,""y"":1049.3,""t"":187,""outside"":false,""outsidePx"":0},{""x"":755.3,""y"":1036.7,""t"":203,""outside"":false,""outsidePx"":0},{""x"":769.3,""y"":1028,""t"":220,""outside"":false,""outsidePx"":0},{""x"":785.3,""y"":1017.3,""t"":237,""outside"":false,""outsidePx"":0},{""x"":800.7,""y"":1007.3,""t"":253,""outside"":false,""outsidePx"":0},{""x"":814.7,""y"":996.7,""t"":270,""outside"":false,""outsidePx"":0},{""x"":830.7,""y"":986,""t"":287,""outside"":false,""outsidePx"":0},{""x"":842.7,""y"":977.3,""t"":304,""outside"":false,""outsidePx"":0},{""x"":855.3,""y"":968.7,""t"":320,""outside"":false,""outsidePx"":0},{""x"":870.7,""y"":960,""t"":337,""outside"":false,""outsidePx"":0},{""x"":884.7,""y"":951.3,""t"":353,""outside"":false,""outsidePx"":0},{""x"":902.7,""y"":940.7,""t"":370,""outside"":false,""outsidePx"":0},{""x"":920,""y"":932,""t"":387,""outside"":false,""outsidePx"":0},{""x"":934,""y"":923.3,""t"":403,""outside"":false,""outsidePx"":0},{""x"":950,""y"":914.7,""t"":420,""outside"":false,""outsidePx"":0},{""x"":965.3,""y"":904,""t"":437,""outside"":false,""outsidePx"":0},{""x"":982.7,""y"":893.3,""t"":454,""outside"":false,""outsidePx"":0},{""x"":998.7,""y"":884.7,""t"":470,""outside"":false,""outsidePx"":0},{""x"":1010.7,""y"":877.3,""t"":487,""outside"":false,""outsidePx"":0},{""x"":1023.3,""y"":870.7,""t"":503,""outside"":false,""outsidePx"":0},{""x"":1037.3,""y"":860,""t"":520,""outside"":false,""outsidePx"":0},{""x"":1056.7,""y"":849.3,""t"":537,""outside"":false,""outsidePx"":0},{""x"":1074,""y"":839.3,""t"":553,""outside"":false,""outsidePx"":0},{""x"":1093.3,""y"":828.7,""t"":570,""outside"":false,""outsidePx"":0},{""x"":1116,""y"":816.7,""t"":587,""outside"":false,""outsidePx"":0},{""x"":1133.3,""y"":807.3,""t"":603,""outside"":false,""outsidePx"":0},{""x"":1150.7,""y"":797.3,""t"":620,""outside"":false,""outsidePx"":0},{""x"":1168.7,""y"":784.7,""t"":637,""outside"":false,""outsidePx"":0},{""x"":1186,""y"":774.7,""t"":653,""outside"":false,""outsidePx"":0},{""x"":1203.3,""y"":764,""t"":670,""outside"":false,""outsidePx"":0},{""x"":1219.3,""y"":755.3,""t"":686,""outside"":false,""outsidePx"":0},{""x"":1238.7,""y"":744.7,""t"":703,""outside"":false,""outsidePx"":0},{""x"":1259.3,""y"":734,""t"":720,""outside"":false,""outsidePx"":0},{""x"":1278.7,""y"":723.3,""t"":737,""outside"":false,""outsidePx"":0},{""x"":1298,""y"":713.3,""t"":753,""outside"":false,""outsidePx"":0},{""x"":1320.7,""y"":702.7,""t"":770,""outside"":false,""outsidePx"":0},{""x"":1345.3,""y"":688.7,""t"":787,""outside"":false,""outsidePx"":0},{""x"":1370,""y"":676.7,""t"":804,""outside"":false,""outsidePx"":0},{""x"":1392.7,""y"":664,""t"":820,""outside"":false,""outsidePx"":0},{""x"":1416.7,""y"":652,""t"":837,""outside"":false,""outsidePx"":0},{""x"":1438,""y"":641.3,""t"":853,""outside"":false,""outsidePx"":0},{""x"":1458.7,""y"":629.3,""t"":870,""outside"":false,""outsidePx"":0},{""x"":1480,""y"":616.7,""t"":887,""outside"":false,""outsidePx"":0},{""x"":1504.7,""y"":604.7,""t"":904,""outside"":false,""outsidePx"":0},{""x"":1528.7,""y"":590.7,""t"":920,""outside"":false,""outsidePx"":0},{""x"":1552,""y"":580,""t"":937,""outside"":false,""outsidePx"":0},{""x"":1578,""y"":564.7,""t"":953,""outside"":false,""outsidePx"":0},{""x"":1600.7,""y"":552,""t"":970,""outside"":false,""outsidePx"":0},{""x"":1622,""y"":538,""t"":987,""outside"":false,""outsidePx"":0},{""x"":1644.7,""y"":526,""t"":1003,""outside"":false,""outsidePx"":0},{""x"":1662,""y"":515.3,""t"":1020,""outside"":false,""outsidePx"":0},{""x"":1681.3,""y"":499.3,""t"":1036,""outside"":false,""outsidePx"":0},{""x"":1704,""y"":482,""t"":1053,""outside"":false,""outsidePx"":0},{""x"":1732,""y"":461.3,""t"":1070,""outside"":false,""outsidePx"":0},{""x"":1754.7,""y"":443.3,""t"":1086,""outside"":false,""outsidePx"":0},{""x"":1777.3,""y"":428,""t"":1103,""outside"":false,""outsidePx"":0},{""x"":1798.7,""y"":417.3,""t"":1120,""outside"":false,""outsidePx"":0},{""x"":1816,""y"":405.3,""t"":1136,""outside"":false,""outsidePx"":0},{""x"":1835.3,""y"":392.7,""t"":1153,""outside"":false,""outsidePx"":0},{""x"":1858,""y"":382.7,""t"":1170,""outside"":false,""outsidePx"":0},{""x"":1877.3,""y"":370,""t"":1187,""outside"":false,""outsidePx"":0},{""x"":1894.7,""y"":361.3,""t"":1203,""outside"":false,""outsidePx"":0},{""x"":1914,""y"":350.7,""t"":1220,""outside"":false,""outsidePx"":0},{""x"":1933.3,""y"":340.7,""t"":1236,""outside"":false,""outsidePx"":0},{""x"":1952.7,""y"":330,""t"":1253,""outside"":false,""outsidePx"":0},{""x"":1972,""y"":321.3,""t"":1270,""outside"":false,""outsidePx"":0},{""x"":1986,""y"":314,""t"":1287,""outside"":false,""outsidePx"":0},{""x"":1994.7,""y"":310.7,""t"":1303,""outside"":false,""outsidePx"":0}]"
hayashi,main,practice,C2,幅狭条件,A固定・W狭い,70,1350,19.286,2,15,45,45,45,2026-09-29T07:49:18.162Z,2026-09-29T07:49:19.624Z,1462,101,1039,938,true,true,none,1976.7,324.7,1,false,0,0,0,false,[],"[{""x"":576,""y"":1116.7,""t"":0,""outside"":false,""outsidePx"":0},{""x"":586,""y"":1110.7,""t"":29,""outside"":false,""outsidePx"":0},{""x"":608.7,""y"":1096.7,""t"":46,""outside"":false,""outsidePx"":0},{""x"":634.7,""y"":1080.7,""t"":62,""outside"":false,""outsidePx"":0},{""x"":660.7,""y"":1066.7,""t"":79,""outside"":false,""outsidePx"":0},{""x"":685.3,""y"":1054.7,""t"":96,""outside"":false,""outsidePx"":0},{""x"":704.7,""y"":1045.3,""t"":112,""outside"":false,""outsidePx"":0},{""x"":722,""y"":1036.7,""t"":129,""outside"":false,""outsidePx"":0},{""x"":740,""y"":1030,""t"":146,""outside"":false,""outsidePx"":0},{""x"":758.7,""y"":1021.3,""t"":162,""outside"":false,""outsidePx"":0},{""x"":776.7,""y"":1010.7,""t"":179,""outside"":false,""outsidePx"":0},{""x"":796,""y"":1002,""t"":195,""outside"":false,""outsidePx"":0},{""x"":814.7,""y"":989.3,""t"":212,""outside"":false,""outsidePx"":0},{""x"":839.3,""y"":975.3,""t"":229,""outside"":false,""outsidePx"":0},{""x"":866,""y"":961.3,""t"":246,""outside"":false,""outsidePx"":0},{""x"":886.7,""y"":951.3,""t"":262,""outside"":false,""outsidePx"":0},{""x"":908,""y"":940.7,""t"":279,""outside"":false,""outsidePx"":0},{""x"":926.7,""y"":930,""t"":296,""outside"":false,""outsidePx"":0},{""x"":948,""y"":919.3,""t"":312,""outside"":false,""outsidePx"":0},{""x"":970.7,""y"":910.7,""t"":329,""outside"":false,""outsidePx"":0},{""x"":992,""y"":900.7,""t"":345,""outside"":false,""outsidePx"":0},{""x"":1010.7,""y"":890,""t"":362,""outside"":false,""outsidePx"":0},{""x"":1032,""y"":877.3,""t"":379,""outside"":false,""outsidePx"":0},{""x"":1052.7,""y"":867.3,""t"":395,""outside"":false,""outsidePx"":0},{""x"":1074,""y"":854.7,""t"":412,""outside"":false,""outsidePx"":0},{""x"":1094.7,""y"":844.7,""t"":429,""outside"":false,""outsidePx"":0},{""x"":1118,""y"":832,""t"":445,""outside"":false,""outsidePx"":0},{""x"":1135.3,""y"":821.3,""t"":463,""outside"":false,""outsidePx"":0},{""x"":1149.3,""y"":811.3,""t"":479,""outside"":false,""outsidePx"":0},{""x"":1163.3,""y"":802.7,""t"":495,""outside"":false,""outsidePx"":0},{""x"":1177.3,""y"":792,""t"":512,""outside"":false,""outsidePx"":0},{""x"":1196.7,""y"":779.3,""t"":529,""outside"":false,""outsidePx"":0},{""x"":1219.3,""y"":762,""t"":545,""outside"":false,""outsidePx"":0},{""x"":1242,""y"":746.7,""t"":562,""outside"":false,""outsidePx"":0},{""x"":1266.7,""y"":727.3,""t"":579,""outside"":false,""outsidePx"":0},{""x"":1289.3,""y"":713.3,""t"":596,""outside"":false,""outsidePx"":0},{""x"":1310,""y"":699.3,""t"":612,""outside"":false,""outsidePx"":0},{""x"":1329.3,""y"":686.7,""t"":629,""outside"":false,""outsidePx"":0},{""x"":1345.3,""y"":674.7,""t"":646,""outside"":false,""outsidePx"":0},{""x"":1364.7,""y"":660.7,""t"":662,""outside"":false,""outsidePx"":0},{""x"":1387.3,""y"":644.7,""t"":679,""outside"":false,""outsidePx"":0},{""x"":1412,""y"":627.3,""t"":695,""outside"":false,""outsidePx"":0},{""x"":1436,""y"":615.3,""t"":712,""outside"":false,""outsidePx"":0},{""x"":1460.7,""y"":601.3,""t"":729,""outside"":false,""outsidePx"":0},{""x"":1480,""y"":590.7,""t"":746,""outside"":false,""outsidePx"":0},{""x"":1500.7,""y"":580,""t"":762,""outside"":false,""outsidePx"":0},{""x"":1525.3,""y"":568,""t"":779,""outside"":false,""outsidePx"":0},{""x"":1548,""y"":554,""t"":795,""outside"":false,""outsidePx"":0},{""x"":1572.7,""y"":541.3,""t"":812,""outside"":false,""outsidePx"":0},{""x"":1592,""y"":531.3,""t"":829,""outside"":false,""outsidePx"":0},{""x"":1616.7,""y"":518.7,""t"":845,""outside"":false,""outsidePx"":0},{""x"":1639.3,""y"":508.7,""t"":862,""outside"":false,""outsidePx"":0},{""x"":1664,""y"":494.7,""t"":879,""outside"":false,""outsidePx"":0},{""x"":1692,""y"":480.7,""t"":895,""outside"":false,""outsidePx"":0},{""x"":1714.7,""y"":468,""t"":912,""outside"":false,""outsidePx"":0},{""x"":1732,""y"":461.3,""t"":929,""outside"":false,""outsidePx"":0},{""x"":1748,""y"":452.7,""t"":946,""outside"":false,""outsidePx"":0},{""x"":1763.3,""y"":443.3,""t"":962,""outside"":false,""outsidePx"":0},{""x"":1777.3,""y"":434.7,""t"":979,""outside"":false,""outsidePx"":0},{""x"":1794.7,""y"":424.7,""t"":995,""outside"":false,""outsidePx"":0},{""x"":1819.3,""y"":410.7,""t"":1012,""outside"":false,""outsidePx"":0},{""x"":1847.3,""y"":394.7,""t"":1029,""outside"":false,""outsidePx"":0},{""x"":1877.3,""y"":378.7,""t"":1045,""outside"":false,""outsidePx"":0},{""x"":1902,""y"":366.7,""t"":1062,""outside"":false,""outsidePx"":0},{""x"":1919.3,""y"":358,""t"":1079,""outside"":false,""outsidePx"":0},{""x"":1928,""y"":350.7,""t"":1095,""outside"":false,""outsidePx"":0},{""x"":1934.7,""y"":347.3,""t"":1112,""outside"":false,""outsidePx"":0},{""x"":1936.7,""y"":347.3,""t"":1134,""outside"":false,""outsidePx"":0},{""x"":1936.7,""y"":345.3,""t"":1189,""outside"":false,""outsidePx"":0},{""x"":1938.7,""y"":345.3,""t"":1196,""outside"":false,""outsidePx"":0},{""x"":1942,""y"":344,""t"":1212,""outside"":false,""outsidePx"":0},{""x"":1947.3,""y"":340.7,""t"":1229,""outside"":false,""outsidePx"":0},{""x"":1954,""y"":336.7,""t"":1246,""outside"":false,""outsidePx"":0},{""x"":1958,""y"":335.3,""t"":1262,""outside"":false,""outsidePx"":0},{""x"":1961.3,""y"":333.3,""t"":1279,""outside"":false,""outsidePx"":0},{""x"":1962.7,""y"":331.3,""t"":1329,""outside"":false,""outsidePx"":0},{""x"":1970,""y"":328,""t"":1346,""outside"":false,""outsidePx"":0},{""x"":1975.3,""y"":324.7,""t"":1362,""outside"":false,""outsidePx"":0},{""x"":1976.7,""y"":324.7,""t"":1379,""outside"":false,""outsidePx"":0}]"
hayashi,main,practice,C2,幅狭条件,A固定・W狭い,70,1350,19.286,2,16,46,46,46,2026-09-29T07:49:20.341Z,2026-09-29T07:49:21.793Z,1452,169,1196,1027,true,true,none,2022.7,316,1,false,0,0,0,false,[],"[{""x"":596.7,""y"":1131.3,""t"":0,""outside"":false,""outsidePx"":0},{""x"":596.7,""y"":1129.3,""t"":15,""outside"":false,""outsidePx"":0},{""x"":596.7,""y"":1128,""t"":44,""outside"":false,""outsidePx"":0},{""x"":598,""y"":1128,""t"":51,""outside"":false,""outsidePx"":0},{""x"":603.3,""y"":1122.7,""t"":66,""outside"":false,""outsidePx"":0},{""x"":612,""y"":1115.3,""t"":82,""outside"":false,""outsidePx"":0},{""x"":624,""y"":1108.7,""t"":100,""outside"":false,""outsidePx"":0},{""x"":640,""y"":1101.3,""t"":115,""outside"":false,""outsidePx"":0},{""x"":657.3,""y"":1091.3,""t"":132,""outside"":false,""outsidePx"":0},{""x"":673.3,""y"":1080.7,""t"":149,""outside"":false,""outsidePx"":0},{""x"":696,""y"":1068.7,""t"":166,""outside"":false,""outsidePx"":0},{""x"":718.7,""y"":1054.7,""t"":182,""outside"":false,""outsidePx"":0},{""x"":743.3,""y"":1042,""t"":199,""outside"":false,""outsidePx"":0},{""x"":762.7,""y"":1031.3,""t"":216,""outside"":false,""outsidePx"":0},{""x"":780,""y"":1022.7,""t"":232,""outside"":false,""outsidePx"":0},{""x"":796,""y"":1016,""t"":249,""outside"":false,""outsidePx"":0},{""x"":806,""y"":1010.7,""t"":266,""outside"":false,""outsidePx"":0},{""x"":822,""y"":1002,""t"":282,""outside"":false,""outsidePx"":0},{""x"":841.3,""y"":989.3,""t"":299,""outside"":false,""outsidePx"":0},{""x"":864,""y"":972,""t"":315,""outside"":false,""outsidePx"":0},{""x"":886.7,""y"":958,""t"":332,""outside"":false,""outsidePx"":0},{""x"":908,""y"":946,""t"":349,""outside"":false,""outsidePx"":0},{""x"":923.3,""y"":937.3,""t"":365,""outside"":false,""outsidePx"":0},{""x"":940.7,""y"":928.7,""t"":382,""outside"":false,""outsidePx"":0},{""x"":954.7,""y"":918,""t"":399,""outside"":false,""outsidePx"":0},{""x"":967.3,""y"":909.3,""t"":416,""outside"":false,""outsidePx"":0},{""x"":981.3,""y"":896.7,""t"":432,""outside"":false,""outsidePx"":0},{""x"":998.7,""y"":884.7,""t"":449,""outside"":false,""outsidePx"":0},{""x"":1014.7,""y"":872.7,""t"":465,""outside"":false,""outsidePx"":0},{""x"":1030,""y"":862,""t"":482,""outside"":false,""outsidePx"":0},{""x"":1046,""y"":851.3,""t"":499,""outside"":false,""outsidePx"":0},{""x"":1060,""y"":840.7,""t"":515,""outside"":false,""outsidePx"":0},{""x"":1072,""y"":830.7,""t"":532,""outside"":false,""outsidePx"":0},{""x"":1088,""y"":818,""t"":549,""outside"":false,""outsidePx"":0},{""x"":1104,""y"":804,""t"":565,""outside"":false,""outsidePx"":0},{""x"":1122.7,""y"":788.7,""t"":582,""outside"":false,""outsidePx"":0},{""x"":1142,""y"":774.7,""t"":599,""outside"":false,""outsidePx"":0},{""x"":1160,""y"":764,""t"":615,""outside"":false,""outsidePx"":0},{""x"":1177.3,""y"":751.3,""t"":632,""outside"":false,""outsidePx"":0},{""x"":1194.7,""y"":741.3,""t"":649,""outside"":false,""outsidePx"":0},{""x"":1210.7,""y"":728.7,""t"":665,""outside"":false,""outsidePx"":0},{""x"":1231.3,""y"":713.3,""t"":682,""outside"":false,""outsidePx"":0},{""x"":1254,""y"":697.3,""t"":699,""outside"":false,""outsidePx"":0},{""x"":1273.3,""y"":686.7,""t"":715,""outside"":false,""outsidePx"":0},{""x"":1294.7,""y"":674.7,""t"":732,""outside"":false,""outsidePx"":0},{""x"":1310,""y"":667.3,""t"":749,""outside"":false,""outsidePx"":0},{""x"":1322.7,""y"":662.7,""t"":765,""outside"":false,""outsidePx"":0},{""x"":1332.7,""y"":655.3,""t"":782,""outside"":false,""outsidePx"":0},{""x"":1343.3,""y"":648.7,""t"":799,""outside"":false,""outsidePx"":0},{""x"":1357.3,""y"":641.3,""t"":816,""outside"":false,""outsidePx"":0},{""x"":1378.7,""y"":629.3,""t"":832,""outside"":false,""outsidePx"":0},{""x"":1401.3,""y"":618.7,""t"":849,""outside"":false,""outsidePx"":0},{""x"":1420.7,""y"":608,""t"":865,""outside"":false,""outsidePx"":0},{""x"":1443.3,""y"":599.3,""t"":882,""outside"":false,""outsidePx"":0},{""x"":1460.7,""y"":590.7,""t"":899,""outside"":false,""outsidePx"":0},{""x"":1476.7,""y"":585.3,""t"":915,""outside"":false,""outsidePx"":0},{""x"":1497.3,""y"":574.7,""t"":932,""outside"":false,""outsidePx"":0},{""x"":1520,""y"":564.7,""t"":949,""outside"":false,""outsidePx"":0},{""x"":1542.7,""y"":555.3,""t"":965,""outside"":false,""outsidePx"":0},{""x"":1564,""y"":545.3,""t"":982,""outside"":false,""outsidePx"":0},{""x"":1586.7,""y"":536.7,""t"":999,""outside"":false,""outsidePx"":0},{""x"":1609.3,""y"":529.3,""t"":1015,""outside"":false,""outsidePx"":0},{""x"":1632,""y"":520.7,""t"":1032,""outside"":false,""outsidePx"":0},{""x"":1651.3,""y"":512,""t"":1048,""outside"":false,""outsidePx"":0},{""x"":1679.3,""y"":499.3,""t"":1065,""outside"":false,""outsidePx"":0},{""x"":1707.3,""y"":487.3,""t"":1082,""outside"":false,""outsidePx"":0},{""x"":1732,""y"":475.3,""t"":1099,""outside"":false,""outsidePx"":0},{""x"":1758,""y"":462.7,""t"":1115,""outside"":false,""outsidePx"":0},{""x"":1780.7,""y"":450.7,""t"":1132,""outside"":false,""outsidePx"":0},{""x"":1808.7,""y"":434.7,""t"":1149,""outside"":false,""outsidePx"":0},{""x"":1833.3,""y"":420.7,""t"":1165,""outside"":false,""outsidePx"":0},{""x"":1854.7,""y"":410.7,""t"":1182,""outside"":false,""outsidePx"":0},{""x"":1877.3,""y"":398,""t"":1199,""outside"":false,""outsidePx"":0},{""x"":1900,""y"":386,""t"":1215,""outside"":false,""outsidePx"":0},{""x"":1926,""y"":372,""t"":1232,""outside"":false,""outsidePx"":0},{""x"":1947.3,""y"":359.3,""t"":1249,""outside"":false,""outsidePx"":0},{""x"":1964.7,""y"":350.7,""t"":1265,""outside"":false,""outsidePx"":0},{""x"":1976.7,""y"":342,""t"":1282,""outside"":false,""outsidePx"":0},{""x"":1990.7,""y"":335.3,""t"":1299,""outside"":false,""outsidePx"":0},{""x"":2006.7,""y"":326.7,""t"":1315,""outside"":false,""outsidePx"":0},{""x"":2018.7,""y"":319.3,""t"":1332,""outside"":false,""outsidePx"":0},{""x"":2022.7,""y"":317.3,""t"":1349,""outside"":false,""outsidePx"":0},{""x"":2022.7,""y"":316,""t"":1365,""outside"":false,""outsidePx"":0}]"
hayashi,main,practice,C2,幅狭条件,A固定・W狭い,70,1350,19.286,2,17,47,47,47,2026-09-29T07:49:22.570Z,2026-09-29T07:49:24.062Z,1492,140,1108,968,true,true,none,1973.3,338.7,1,false,0,0,0,false,[],"[{""x"":582.7,""y"":1122.7,""t"":0,""outside"":false,""outsidePx"":0},{""x"":582.7,""y"":1120.7,""t"":19,""outside"":false,""outsidePx"":0},{""x"":587.3,""y"":1117.3,""t"":36,""outside"":false,""outsidePx"":0},{""x"":596,""y"":1112,""t"":53,""outside"":false,""outsidePx"":0},{""x"":610,""y"":1103.3,""t"":70,""outside"":false,""outsidePx"":0},{""x"":628,""y"":1094.7,""t"":86,""outside"":false,""outsidePx"":0},{""x"":648.7,""y"":1086,""t"":103,""outside"":false,""outsidePx"":0},{""x"":670,""y"":1075.3,""t"":119,""outside"":false,""outsidePx"":0},{""x"":692.7,""y"":1064.7,""t"":136,""outside"":false,""outsidePx"":0},{""x"":713.3,""y"":1052.7,""t"":153,""outside"":false,""outsidePx"":0},{""x"":734.7,""y"":1042,""t"":169,""outside"":false,""outsidePx"":0},{""x"":754,""y"":1031.3,""t"":186,""outside"":false,""outsidePx"":0},{""x"":769.3,""y"":1024.7,""t"":203,""outside"":false,""outsidePx"":0},{""x"":782,""y"":1019.3,""t"":219,""outside"":false,""outsidePx"":0},{""x"":794,""y"":1010.7,""t"":236,""outside"":false,""outsidePx"":0},{""x"":806,""y"":1002,""t"":253,""outside"":false,""outsidePx"":0},{""x"":824,""y"":991.3,""t"":270,""outside"":false,""outsidePx"":0},{""x"":839.3,""y"":980.7,""t"":286,""outside"":false,""outsidePx"":0},{""x"":858.7,""y"":968.7,""t"":303,""outside"":false,""outsidePx"":0},{""x"":876,""y"":960,""t"":320,""outside"":false,""outsidePx"":0},{""x"":892,""y"":951.3,""t"":336,""outside"":false,""outsidePx"":0},{""x"":909.3,""y"":944,""t"":353,""outside"":false,""outsidePx"":0},{""x"":923.3,""y"":935.3,""t"":370,""outside"":false,""outsidePx"":0},{""x"":940.7,""y"":928.7,""t"":386,""outside"":false,""outsidePx"":0},{""x"":958.7,""y"":919.3,""t"":403,""outside"":false,""outsidePx"":0},{""x"":979.3,""y"":907.3,""t"":419,""outside"":false,""outsidePx"":0},{""x"":1004,""y"":893.3,""t"":436,""outside"":false,""outsidePx"":0},{""x"":1026.7,""y"":881.3,""t"":453,""outside"":false,""outsidePx"":0},{""x"":1048,""y"":870.7,""t"":469,""outside"":false,""outsidePx"":0},{""x"":1070.7,""y"":858.7,""t"":486,""outside"":false,""outsidePx"":0},{""x"":1090,""y"":849.3,""t"":503,""outside"":false,""outsidePx"":0},{""x"":1108.7,""y"":839.3,""t"":520,""outside"":false,""outsidePx"":0},{""x"":1126.7,""y"":830.7,""t"":536,""outside"":false,""outsidePx"":0},{""x"":1147.3,""y"":818,""t"":553,""outside"":false,""outsidePx"":0},{""x"":1168.7,""y"":806,""t"":569,""outside"":false,""outsidePx"":0},{""x"":1189.3,""y"":793.3,""t"":586,""outside"":false,""outsidePx"":0},{""x"":1214,""y"":781.3,""t"":603,""outside"":false,""outsidePx"":0},{""x"":1236.7,""y"":767.3,""t"":619,""outside"":false,""outsidePx"":0},{""x"":1259.3,""y"":755.3,""t"":636,""outside"":false,""outsidePx"":0},{""x"":1276.7,""y"":744.7,""t"":653,""outside"":false,""outsidePx"":0},{""x"":1292.7,""y"":734,""t"":669,""outside"":false,""outsidePx"":0},{""x"":1312,""y"":723.3,""t"":686,""outside"":false,""outsidePx"":0},{""x"":1334.7,""y"":711.3,""t"":703,""outside"":false,""outsidePx"":0},{""x"":1354,""y"":697.3,""t"":719,""outside"":false,""outsidePx"":0},{""x"":1374.7,""y"":685.3,""t"":736,""outside"":false,""outsidePx"":0},{""x"":1394,""y"":672.7,""t"":753,""outside"":false,""outsidePx"":0},{""x"":1413.3,""y"":658.7,""t"":769,""outside"":false,""outsidePx"":0},{""x"":1436,""y"":643.3,""t"":786,""outside"":false,""outsidePx"":0},{""x"":1458.7,""y"":627.3,""t"":803,""outside"":false,""outsidePx"":0},{""x"":1486.7,""y"":611.3,""t"":819,""outside"":false,""outsidePx"":0},{""x"":1513.3,""y"":594,""t"":836,""outside"":false,""outsidePx"":0},{""x"":1539.3,""y"":578.7,""t"":853,""outside"":false,""outsidePx"":0},{""x"":1560.7,""y"":564.7,""t"":869,""outside"":false,""outsidePx"":0},{""x"":1581.3,""y"":548.7,""t"":886,""outside"":false,""outsidePx"":0},{""x"":1604,""y"":534.7,""t"":903,""outside"":false,""outsidePx"":0},{""x"":1626.7,""y"":520.7,""t"":919,""outside"":false,""outsidePx"":0},{""x"":1656.7,""y"":504.7,""t"":936,""outside"":false,""outsidePx"":0},{""x"":1686.7,""y"":489.3,""t"":953,""outside"":false,""outsidePx"":0},{""x"":1710.7,""y"":475.3,""t"":969,""outside"":false,""outsidePx"":0},{""x"":1732,""y"":462.7,""t"":986,""outside"":false,""outsidePx"":0},{""x"":1749.3,""y"":452.7,""t"":1003,""outside"":false,""outsidePx"":0},{""x"":1763.3,""y"":447.3,""t"":1019,""outside"":false,""outsidePx"":0},{""x"":1776,""y"":440,""t"":1036,""outside"":false,""outsidePx"":0},{""x"":1790,""y"":433.3,""t"":1053,""outside"":false,""outsidePx"":0},{""x"":1812.7,""y"":422.7,""t"":1069,""outside"":false,""outsidePx"":0},{""x"":1838.7,""y"":410.7,""t"":1086,""outside"":false,""outsidePx"":0},{""x"":1864.7,""y"":400,""t"":1103,""outside"":false,""outsidePx"":0},{""x"":1889.3,""y"":387.3,""t"":1119,""outside"":false,""outsidePx"":0},{""x"":1910.7,""y"":377.3,""t"":1136,""outside"":false,""outsidePx"":0},{""x"":1922.7,""y"":370,""t"":1153,""outside"":false,""outsidePx"":0},{""x"":1931.3,""y"":366.7,""t"":1170,""outside"":false,""outsidePx"":0},{""x"":1938.7,""y"":361.3,""t"":1186,""outside"":false,""outsidePx"":0},{""x"":1948.7,""y"":356,""t"":1203,""outside"":false,""outsidePx"":0},{""x"":1954,""y"":352.7,""t"":1220,""outside"":false,""outsidePx"":0},{""x"":1958,""y"":350.7,""t"":1236,""outside"":false,""outsidePx"":0},{""x"":1959.3,""y"":349.3,""t"":1253,""outside"":false,""outsidePx"":0},{""x"":1961.3,""y"":349.3,""t"":1270,""outside"":false,""outsidePx"":0},{""x"":1961.3,""y"":347.3,""t"":1295,""outside"":false,""outsidePx"":0},{""x"":1962.7,""y"":347.3,""t"":1305,""outside"":false,""outsidePx"":0},{""x"":1964.7,""y"":345.3,""t"":1320,""outside"":false,""outsidePx"":0},{""x"":1966.7,""y"":345.3,""t"":1336,""outside"":false,""outsidePx"":0},{""x"":1966.7,""y"":344,""t"":1355,""outside"":false,""outsidePx"":0},{""x"":1968,""y"":344,""t"":1369,""outside"":false,""outsidePx"":0},{""x"":1970,""y"":342,""t"":1386,""outside"":false,""outsidePx"":0},{""x"":1973.3,""y"":338.7,""t"":1403,""outside"":false,""outsidePx"":0}]"
hayashi,main,practice,C2,幅狭条件,A固定・W狭い,70,1350,19.286,2,18,48,48,48,2026-09-29T07:49:24.863Z,2026-09-29T07:49:26.249Z,1386,139,1116,977,true,true,none,2014,302,1,false,0,0,0,false,[],"[{""x"":598.7,""y"":1118.7,""t"":0,""outside"":false,""outsidePx"":0},{""x"":600,""y"":1118.7,""t"":19,""outside"":false,""outsidePx"":0},{""x"":601.3,""y"":1117.3,""t"":27,""outside"":false,""outsidePx"":0},{""x"":606.7,""y"":1114,""t"":44,""outside"":false,""outsidePx"":0},{""x"":612,""y"":1108.7,""t"":61,""outside"":false,""outsidePx"":0},{""x"":624,""y"":1101.3,""t"":77,""outside"":false,""outsidePx"":0},{""x"":638,""y"":1092.7,""t"":94,""outside"":false,""outsidePx"":0},{""x"":656,""y"":1084,""t"":110,""outside"":false,""outsidePx"":0},{""x"":678.7,""y"":1070,""t"":127,""outside"":false,""outsidePx"":0},{""x"":704.7,""y"":1054.7,""t"":144,""outside"":false,""outsidePx"":0},{""x"":729.3,""y"":1040.7,""t"":160,""outside"":false,""outsidePx"":0},{""x"":755.3,""y"":1024.7,""t"":177,""outside"":false,""outsidePx"":0},{""x"":776.7,""y"":1010.7,""t"":194,""outside"":false,""outsidePx"":0},{""x"":792,""y"":1002,""t"":210,""outside"":false,""outsidePx"":0},{""x"":804.7,""y"":993.3,""t"":227,""outside"":false,""outsidePx"":0},{""x"":816.7,""y"":988,""t"":243,""outside"":false,""outsidePx"":0},{""x"":830.7,""y"":979.3,""t"":260,""outside"":false,""outsidePx"":0},{""x"":848,""y"":966.7,""t"":277,""outside"":false,""outsidePx"":0},{""x"":862,""y"":958,""t"":294,""outside"":false,""outsidePx"":0},{""x"":878,""y"":949.3,""t"":311,""outside"":false,""outsidePx"":0},{""x"":892,""y"":940.7,""t"":327,""outside"":false,""outsidePx"":0},{""x"":904,""y"":933.3,""t"":344,""outside"":false,""outsidePx"":0},{""x"":918,""y"":923.3,""t"":360,""outside"":false,""outsidePx"":0},{""x"":936,""y"":914.7,""t"":377,""outside"":false,""outsidePx"":0},{""x"":950,""y"":905.3,""t"":394,""outside"":false,""outsidePx"":0},{""x"":965.3,""y"":896.7,""t"":410,""outside"":false,""outsidePx"":0},{""x"":982.7,""y"":886.7,""t"":427,""outside"":false,""outsidePx"":0},{""x"":1000.7,""y"":876,""t"":444,""outside"":false,""outsidePx"":0},{""x"":1018,""y"":865.3,""t"":461,""outside"":false,""outsidePx"":0},{""x"":1034,""y"":854.7,""t"":477,""outside"":false,""outsidePx"":0},{""x"":1048,""y"":846,""t"":494,""outside"":false,""outsidePx"":0},{""x"":1063.3,""y"":837.3,""t"":510,""outside"":false,""outsidePx"":0},{""x"":1079.3,""y"":828.7,""t"":530,""outside"":false,""outsidePx"":0},{""x"":1093.3,""y"":820,""t"":543,""outside"":false,""outsidePx"":0},{""x"":1108.7,""y"":811.3,""t"":560,""outside"":false,""outsidePx"":0},{""x"":1126.7,""y"":800.7,""t"":577,""outside"":false,""outsidePx"":0},{""x"":1146,""y"":790,""t"":593,""outside"":false,""outsidePx"":0},{""x"":1164.7,""y"":779.3,""t"":610,""outside"":false,""outsidePx"":0},{""x"":1186,""y"":765.3,""t"":627,""outside"":false,""outsidePx"":0},{""x"":1205.3,""y"":753.3,""t"":643,""outside"":false,""outsidePx"":0},{""x"":1224.7,""y"":742.7,""t"":660,""outside"":false,""outsidePx"":0},{""x"":1240,""y"":734,""t"":677,""outside"":false,""outsidePx"":0},{""x"":1256,""y"":725.3,""t"":694,""outside"":false,""outsidePx"":0},{""x"":1272,""y"":718.7,""t"":710,""outside"":false,""outsidePx"":0},{""x"":1287.3,""y"":709.3,""t"":727,""outside"":false,""outsidePx"":0},{""x"":1304.7,""y"":697.3,""t"":744,""outside"":false,""outsidePx"":0},{""x"":1326,""y"":686.7,""t"":760,""outside"":false,""outsidePx"":0},{""x"":1350.7,""y"":672.7,""t"":777,""outside"":false,""outsidePx"":0},{""x"":1374.7,""y"":662.7,""t"":794,""outside"":false,""outsidePx"":0},{""x"":1394,""y"":652,""t"":810,""outside"":false,""outsidePx"":0},{""x"":1412,""y"":641.3,""t"":827,""outside"":false,""outsidePx"":0},{""x"":1430.7,""y"":632.7,""t"":843,""outside"":false,""outsidePx"":0},{""x"":1450,""y"":620.7,""t"":860,""outside"":false,""outsidePx"":0},{""x"":1476.7,""y"":608,""t"":877,""outside"":false,""outsidePx"":0},{""x"":1502.7,""y"":594,""t"":893,""outside"":false,""outsidePx"":0},{""x"":1525.3,""y"":582,""t"":910,""outside"":false,""outsidePx"":0},{""x"":1548,""y"":569.3,""t"":927,""outside"":false,""outsidePx"":0},{""x"":1570.7,""y"":557.3,""t"":944,""outside"":false,""outsidePx"":0},{""x"":1595.3,""y"":545.3,""t"":960,""outside"":false,""outsidePx"":0},{""x"":1622,""y"":532.7,""t"":977,""outside"":false,""outsidePx"":0},{""x"":1648,""y"":517.3,""t"":994,""outside"":false,""outsidePx"":0},{""x"":1676,""y"":501.3,""t"":1010,""outside"":false,""outsidePx"":0},{""x"":1706,""y"":484,""t"":1027,""outside"":false,""outsidePx"":0},{""x"":1737.3,""y"":466.7,""t"":1043,""outside"":false,""outsidePx"":0},{""x"":1766.7,""y"":450.7,""t"":1060,""outside"":false,""outsidePx"":0},{""x"":1802,""y"":433.3,""t"":1077,""outside"":false,""outsidePx"":0},{""x"":1832,""y"":415.3,""t"":1093,""outside"":false,""outsidePx"":0},{""x"":1863.3,""y"":400,""t"":1110,""outside"":false,""outsidePx"":0},{""x"":1889.3,""y"":386,""t"":1127,""outside"":false,""outsidePx"":0},{""x"":1903.3,""y"":375.3,""t"":1144,""outside"":false,""outsidePx"":0},{""x"":1919.3,""y"":364.7,""t"":1160,""outside"":false,""outsidePx"":0},{""x"":1931.3,""y"":356,""t"":1177,""outside"":false,""outsidePx"":0},{""x"":1945.3,""y"":347.3,""t"":1194,""outside"":false,""outsidePx"":0},{""x"":1956,""y"":340.7,""t"":1210,""outside"":false,""outsidePx"":0},{""x"":1968,""y"":331.3,""t"":1227,""outside"":false,""outsidePx"":0},{""x"":1982,""y"":322.7,""t"":1244,""outside"":false,""outsidePx"":0},{""x"":1998,""y"":312.7,""t"":1260,""outside"":false,""outsidePx"":0},{""x"":2010,""y"":305.3,""t"":1277,""outside"":false,""outsidePx"":0},{""x"":2014,""y"":302,""t"":1294,""outside"":false,""outsidePx"":0}]"
hayashi,main,practice,C2,幅狭条件,A固定・W狭い,70,1350,19.286,2,19,49,49,49,2026-09-29T07:49:26.867Z,2026-09-29T07:49:28.044Z,1178,133,959,826,true,true,none,1994.7,289.3,1,false,0,0,0,false,[],"[{""x"":579.3,""y"":1136,""t"":0,""outside"":false,""outsidePx"":0},{""x"":580.7,""y"":1134.7,""t"":23,""outside"":false,""outsidePx"":0},{""x"":587.3,""y"":1129.3,""t"":39,""outside"":false,""outsidePx"":0},{""x"":600,""y"":1120.7,""t"":56,""outside"":false,""outsidePx"":0},{""x"":614,""y"":1112,""t"":72,""outside"":false,""outsidePx"":0},{""x"":634.7,""y"":1101.3,""t"":89,""outside"":false,""outsidePx"":0},{""x"":659.3,""y"":1089.3,""t"":106,""outside"":false,""outsidePx"":0},{""x"":684,""y"":1075.3,""t"":122,""outside"":false,""outsidePx"":0},{""x"":708,""y"":1059.3,""t"":139,""outside"":false,""outsidePx"":0},{""x"":732.7,""y"":1042,""t"":156,""outside"":false,""outsidePx"":0},{""x"":757.3,""y"":1024.7,""t"":172,""outside"":false,""outsidePx"":0},{""x"":782,""y"":1005.3,""t"":189,""outside"":false,""outsidePx"":0},{""x"":806,""y"":986,""t"":205,""outside"":false,""outsidePx"":0},{""x"":827.3,""y"":970.7,""t"":222,""outside"":false,""outsidePx"":0},{""x"":846.7,""y"":958,""t"":239,""outside"":false,""outsidePx"":0},{""x"":862,""y"":949.3,""t"":256,""outside"":false,""outsidePx"":0},{""x"":878,""y"":938.7,""t"":272,""outside"":false,""outsidePx"":0},{""x"":897.3,""y"":924.7,""t"":289,""outside"":false,""outsidePx"":0},{""x"":923.3,""y"":905.3,""t"":306,""outside"":false,""outsidePx"":0},{""x"":951.3,""y"":886.7,""t"":322,""outside"":false,""outsidePx"":0},{""x"":978,""y"":870.7,""t"":339,""outside"":false,""outsidePx"":0},{""x"":1002,""y"":858.7,""t"":355,""outside"":false,""outsidePx"":0},{""x"":1021.3,""y"":848,""t"":372,""outside"":false,""outsidePx"":0},{""x"":1042.7,""y"":837.3,""t"":389,""outside"":false,""outsidePx"":0},{""x"":1063.3,""y"":823.3,""t"":406,""outside"":false,""outsidePx"":0},{""x"":1088,""y"":812.7,""t"":422,""outside"":false,""outsidePx"":0},{""x"":1110.7,""y"":800.7,""t"":439,""outside"":false,""outsidePx"":0},{""x"":1135.3,""y"":786.7,""t"":455,""outside"":false,""outsidePx"":0},{""x"":1158,""y"":774.7,""t"":472,""outside"":false,""outsidePx"":0},{""x"":1184,""y"":762,""t"":489,""outside"":false,""outsidePx"":0},{""x"":1210.7,""y"":746.7,""t"":506,""outside"":false,""outsidePx"":0},{""x"":1234.7,""y"":736,""t"":522,""outside"":false,""outsidePx"":0},{""x"":1254,""y"":725.3,""t"":539,""outside"":false,""outsidePx"":0},{""x"":1275.3,""y"":713.3,""t"":556,""outside"":false,""outsidePx"":0},{""x"":1301.3,""y"":699.3,""t"":572,""outside"":false,""outsidePx"":0},{""x"":1329.3,""y"":683.3,""t"":589,""outside"":false,""outsidePx"":0},{""x"":1360.7,""y"":666,""t"":605,""outside"":false,""outsidePx"":0},{""x"":1390.7,""y"":648.7,""t"":622,""outside"":false,""outsidePx"":0},{""x"":1424,""y"":629.3,""t"":639,""outside"":false,""outsidePx"":0},{""x"":1457.3,""y"":611.3,""t"":655,""outside"":false,""outsidePx"":0},{""x"":1483.3,""y"":596,""t"":672,""outside"":false,""outsidePx"":0},{""x"":1506,""y"":580,""t"":689,""outside"":false,""outsidePx"":0},{""x"":1532.7,""y"":562.7,""t"":706,""outside"":false,""outsidePx"":0},{""x"":1558.7,""y"":543.3,""t"":722,""outside"":false,""outsidePx"":0},{""x"":1581.3,""y"":527.3,""t"":739,""outside"":false,""outsidePx"":0},{""x"":1600.7,""y"":515.3,""t"":755,""outside"":false,""outsidePx"":0},{""x"":1616.7,""y"":506.7,""t"":772,""outside"":false,""outsidePx"":0},{""x"":1628.7,""y"":498,""t"":789,""outside"":false,""outsidePx"":0},{""x"":1644.7,""y"":489.3,""t"":805,""outside"":false,""outsidePx"":0},{""x"":1660,""y"":476.7,""t"":822,""outside"":false,""outsidePx"":0},{""x"":1681.3,""y"":464.7,""t"":839,""outside"":false,""outsidePx"":0},{""x"":1706,""y"":448.7,""t"":856,""outside"":false,""outsidePx"":0},{""x"":1730,""y"":433.3,""t"":872,""outside"":false,""outsidePx"":0},{""x"":1756.7,""y"":417.3,""t"":889,""outside"":false,""outsidePx"":0},{""x"":1782.7,""y"":403.3,""t"":905,""outside"":false,""outsidePx"":0},{""x"":1805.3,""y"":389.3,""t"":922,""outside"":false,""outsidePx"":0},{""x"":1828,""y"":378.7,""t"":939,""outside"":false,""outsidePx"":0},{""x"":1849.3,""y"":364.7,""t"":955,""outside"":false,""outsidePx"":0},{""x"":1868.7,""y"":356,""t"":972,""outside"":false,""outsidePx"":0},{""x"":1891.3,""y"":344,""t"":989,""outside"":false,""outsidePx"":0},{""x"":1916,""y"":331.3,""t"":1005,""outside"":false,""outsidePx"":0},{""x"":1940,""y"":317.3,""t"":1022,""outside"":false,""outsidePx"":0},{""x"":1959.3,""y"":308.7,""t"":1039,""outside"":false,""outsidePx"":0},{""x"":1976.7,""y"":300,""t"":1055,""outside"":false,""outsidePx"":0},{""x"":1987.3,""y"":293.3,""t"":1072,""outside"":false,""outsidePx"":0},{""x"":1992.7,""y"":289.3,""t"":1089,""outside"":false,""outsidePx"":0},{""x"":1994.7,""y"":289.3,""t"":1106,""outside"":false,""outsidePx"":0}]"
hayashi,main,practice,C2,幅狭条件,A固定・W狭い,70,1350,19.286,2,20,50,50,50,2026-09-29T07:49:28.666Z,2026-09-29T07:49:30.040Z,1373,163,1145,982,true,true,none,2014.7,301.3,1,false,0,0,0,false,[],"[{""x"":581.3,""y"":1136,""t"":0,""outside"":false,""outsidePx"":0},{""x"":582,""y"":1136,""t"":11,""outside"":false,""outsidePx"":0},{""x"":584,""y"":1134.7,""t"":23,""outside"":false,""outsidePx"":0},{""x"":586,""y"":1131.3,""t"":39,""outside"":false,""outsidePx"":0},{""x"":590.7,""y"":1129.3,""t"":56,""outside"":false,""outsidePx"":0},{""x"":600,""y"":1122.7,""t"":72,""outside"":false,""outsidePx"":0},{""x"":614,""y"":1114,""t"":89,""outside"":false,""outsidePx"":0},{""x"":632.7,""y"":1105.3,""t"":106,""outside"":false,""outsidePx"":0},{""x"":652,""y"":1092.7,""t"":122,""outside"":false,""outsidePx"":0},{""x"":674.7,""y"":1082.7,""t"":139,""outside"":false,""outsidePx"":0},{""x"":694,""y"":1072,""t"":156,""outside"":false,""outsidePx"":0},{""x"":710,""y"":1063.3,""t"":172,""outside"":false,""outsidePx"":0},{""x"":726,""y"":1052.7,""t"":189,""outside"":false,""outsidePx"":0},{""x"":741.3,""y"":1044,""t"":206,""outside"":false,""outsidePx"":0},{""x"":758.7,""y"":1033.3,""t"":222,""outside"":false,""outsidePx"":0},{""x"":774.7,""y"":1026.7,""t"":239,""outside"":false,""outsidePx"":0},{""x"":792,""y"":1017.3,""t"":256,""outside"":false,""outsidePx"":0},{""x"":806,""y"":1010.7,""t"":272,""outside"":false,""outsidePx"":0},{""x"":825.3,""y"":998.7,""t"":289,""outside"":false,""outsidePx"":0},{""x"":848,""y"":986,""t"":306,""outside"":false,""outsidePx"":0},{""x"":872.7,""y"":972,""t"":322,""outside"":false,""outsidePx"":0},{""x"":897.3,""y"":956.7,""t"":339,""outside"":false,""outsidePx"":0},{""x"":918,""y"":944,""t"":356,""outside"":false,""outsidePx"":0},{""x"":940.7,""y"":928.7,""t"":372,""outside"":false,""outsidePx"":0},{""x"":960,""y"":916,""t"":389,""outside"":false,""outsidePx"":0},{""x"":979.3,""y"":904,""t"":405,""outside"":false,""outsidePx"":0},{""x"":996.7,""y"":891.3,""t"":422,""outside"":false,""outsidePx"":0},{""x"":1018,""y"":879.3,""t"":439,""outside"":false,""outsidePx"":0},{""x"":1035.3,""y"":868.7,""t"":455,""outside"":false,""outsidePx"":0},{""x"":1051.3,""y"":858.7,""t"":472,""outside"":false,""outsidePx"":0},{""x"":1068.7,""y"":846,""t"":489,""outside"":false,""outsidePx"":0},{""x"":1088,""y"":834,""t"":506,""outside"":false,""outsidePx"":0},{""x"":1105.3,""y"":823.3,""t"":522,""outside"":false,""outsidePx"":0},{""x"":1119.3,""y"":812.7,""t"":539,""outside"":false,""outsidePx"":0},{""x"":1133.3,""y"":802.7,""t"":556,""outside"":false,""outsidePx"":0},{""x"":1150.7,""y"":792,""t"":573,""outside"":false,""outsidePx"":0},{""x"":1170,""y"":778,""t"":589,""outside"":false,""outsidePx"":0},{""x"":1191.3,""y"":765.3,""t"":605,""outside"":false,""outsidePx"":0},{""x"":1210.7,""y"":753.3,""t"":622,""outside"":false,""outsidePx"":0},{""x"":1230,""y"":742.7,""t"":639,""outside"":false,""outsidePx"":0},{""x"":1245.3,""y"":734,""t"":655,""outside"":false,""outsidePx"":0},{""x"":1261.3,""y"":725.3,""t"":672,""outside"":false,""outsidePx"":0},{""x"":1276.7,""y"":714.7,""t"":689,""outside"":false,""outsidePx"":0},{""x"":1290.7,""y"":708,""t"":705,""outside"":false,""outsidePx"":0},{""x"":1308.7,""y"":699.3,""t"":722,""outside"":false,""outsidePx"":0},{""x"":1329.3,""y"":692,""t"":739,""outside"":false,""outsidePx"":0},{""x"":1348.7,""y"":685.3,""t"":756,""outside"":false,""outsidePx"":0},{""x"":1370,""y"":678,""t"":772,""outside"":false,""outsidePx"":0},{""x"":1390.7,""y"":669.3,""t"":789,""outside"":false,""outsidePx"":0},{""x"":1410,""y"":658.7,""t"":805,""outside"":false,""outsidePx"":0},{""x"":1427.3,""y"":652,""t"":822,""outside"":false,""outsidePx"":0},{""x"":1443.3,""y"":643.3,""t"":839,""outside"":false,""outsidePx"":0},{""x"":1460.7,""y"":634.7,""t"":855,""outside"":false,""outsidePx"":0},{""x"":1478,""y"":624,""t"":872,""outside"":false,""outsidePx"":0},{""x"":1499.3,""y"":613.3,""t"":889,""outside"":false,""outsidePx"":0},{""x"":1520,""y"":602.7,""t"":905,""outside"":false,""outsidePx"":0},{""x"":1544.7,""y"":592.7,""t"":922,""outside"":false,""outsidePx"":0},{""x"":1570.7,""y"":578.7,""t"":939,""outside"":false,""outsidePx"":0},{""x"":1597.3,""y"":564.7,""t"":955,""outside"":false,""outsidePx"":0},{""x"":1620,""y"":552,""t"":972,""outside"":false,""outsidePx"":0},{""x"":1646,""y"":538,""t"":989,""outside"":false,""outsidePx"":0},{""x"":1672.7,""y"":524,""t"":1005,""outside"":false,""outsidePx"":0},{""x"":1698.7,""y"":510,""t"":1022,""outside"":false,""outsidePx"":0},{""x"":1718,""y"":498,""t"":1039,""outside"":false,""outsidePx"":0},{""x"":1738.7,""y"":485.3,""t"":1055,""outside"":false,""outsidePx"":0},{""x"":1760,""y"":470,""t"":1072,""outside"":false,""outsidePx"":0},{""x"":1782.7,""y"":452.7,""t"":1089,""outside"":false,""outsidePx"":0},{""x"":1812.7,""y"":431.3,""t"":1105,""outside"":false,""outsidePx"":0},{""x"":1836.7,""y"":414,""t"":1122,""outside"":false,""outsidePx"":0},{""x"":1861.3,""y"":398,""t"":1139,""outside"":false,""outsidePx"":0},{""x"":1884,""y"":384,""t"":1155,""outside"":false,""outsidePx"":0},{""x"":1903.3,""y"":372,""t"":1172,""outside"":false,""outsidePx"":0},{""x"":1920.7,""y"":359.3,""t"":1189,""outside"":false,""outsidePx"":0},{""x"":1936.7,""y"":349.3,""t"":1205,""outside"":false,""outsidePx"":0},{""x"":1954,""y"":336.7,""t"":1222,""outside"":false,""outsidePx"":0},{""x"":1973.3,""y"":324.7,""t"":1239,""outside"":false,""outsidePx"":0},{""x"":1992.7,""y"":312.7,""t"":1255,""outside"":false,""outsidePx"":0},{""x"":2008.7,""y"":303.3,""t"":1272,""outside"":false,""outsidePx"":0},{""x"":2017.3,""y"":298.7,""t"":1289,""outside"":false,""outsidePx"":0},{""x"":2018.7,""y"":298.7,""t"":1305,""outside"":false,""outsidePx"":0},{""x"":2018,""y"":298.7,""t"":1360,""outside"":false,""outsidePx"":0},{""x"":2014.7,""y"":301.3,""t"":1372,""outside"":false,""outsidePx"":0}]"
hayashi,main,practice,C2,幅狭条件,A固定・W狭い,70,1350,19.286,2,21,51,51,51,2026-09-29T07:49:30.943Z,2026-09-29T07:49:32.381Z,1438,150,1171,1021,true,true,deviation,1978.7,312.7,1,true,1,167,8.1,false,"[{""startMs"":362,""startX"":965.3,""startY"":944,""maxOutsidePx"":8.1,""endMs"":529,""endX"":1136.7,""endY"":842.7,""durationMs"":167}]","[{""x"":610.7,""y"":1116.7,""t"":0,""outside"":false,""outsidePx"":0},{""x"":612,""y"":1116.7,""t"":45,""outside"":false,""outsidePx"":0},{""x"":617.3,""y"":1114,""t"":63,""outside"":false,""outsidePx"":0},{""x"":626,""y"":1108.7,""t"":79,""outside"":false,""outsidePx"":0},{""x"":636.7,""y"":1103.3,""t"":96,""outside"":false,""outsidePx"":0},{""x"":652,""y"":1096.7,""t"":112,""outside"":false,""outsidePx"":0},{""x"":671.3,""y"":1086,""t"":129,""outside"":false,""outsidePx"":0},{""x"":696,""y"":1073.3,""t"":146,""outside"":false,""outsidePx"":0},{""x"":720.7,""y"":1061.3,""t"":162,""outside"":false,""outsidePx"":0},{""x"":744.7,""y"":1049.3,""t"":179,""outside"":false,""outsidePx"":0},{""x"":769.3,""y"":1036.7,""t"":195,""outside"":false,""outsidePx"":0},{""x"":790.7,""y"":1028,""t"":212,""outside"":false,""outsidePx"":0},{""x"":806,""y"":1022.7,""t"":229,""outside"":false,""outsidePx"":0},{""x"":818.7,""y"":1017.3,""t"":246,""outside"":false,""outsidePx"":0},{""x"":830.7,""y"":1012.7,""t"":262,""outside"":false,""outsidePx"":0},{""x"":844.7,""y"":1005.3,""t"":279,""outside"":false,""outsidePx"":0},{""x"":864,""y"":994.7,""t"":295,""outside"":false,""outsidePx"":0},{""x"":890,""y"":980.7,""t"":312,""outside"":false,""outsidePx"":0},{""x"":918,""y"":965.3,""t"":329,""outside"":false,""outsidePx"":0},{""x"":942.7,""y"":952.7,""t"":345,""outside"":false,""outsidePx"":0},{""x"":965.3,""y"":944,""t"":362,""outside"":true,""outsidePx"":1.7},{""x"":981.3,""y"":938.7,""t"":379,""outside"":true,""outsidePx"":5},{""x"":993.3,""y"":933.3,""t"":395,""outside"":true,""outsidePx"":6.4},{""x"":1007.3,""y"":926.7,""t"":412,""outside"":true,""outsidePx"":7.6},{""x"":1023.3,""y"":918,""t"":429,""outside"":true,""outsidePx"":8.1},{""x"":1042.7,""y"":905.3,""t"":445,""outside"":true,""outsidePx"":6.8},{""x"":1065.3,""y"":891.3,""t"":462,""outside"":true,""outsidePx"":6},{""x"":1084.7,""y"":879.3,""t"":479,""outside"":true,""outsidePx"":5.3},{""x"":1102,""y"":868.7,""t"":495,""outside"":true,""outsidePx"":4.7},{""x"":1121.3,""y"":856.7,""t"":512,""outside"":true,""outsidePx"":4},{""x"":1136.7,""y"":842.7,""t"":529,""outside"":false,""outsidePx"":0},{""x"":1154.7,""y"":830.7,""t"":545,""outside"":false,""outsidePx"":0},{""x"":1170,""y"":816.7,""t"":562,""outside"":false,""outsidePx"":0},{""x"":1184,""y"":804,""t"":579,""outside"":false,""outsidePx"":0},{""x"":1200,""y"":792,""t"":595,""outside"":false,""outsidePx"":0},{""x"":1216,""y"":778,""t"":612,""outside"":false,""outsidePx"":0},{""x"":1231.3,""y"":764,""t"":629,""outside"":false,""outsidePx"":0},{""x"":1245.3,""y"":751.3,""t"":645,""outside"":false,""outsidePx"":0},{""x"":1261.3,""y"":736,""t"":662,""outside"":false,""outsidePx"":0},{""x"":1278.7,""y"":722,""t"":679,""outside"":false,""outsidePx"":0},{""x"":1294.7,""y"":709.3,""t"":695,""outside"":false,""outsidePx"":0},{""x"":1312,""y"":697.3,""t"":712,""outside"":false,""outsidePx"":0},{""x"":1326,""y"":685.3,""t"":729,""outside"":false,""outsidePx"":0},{""x"":1338,""y"":674.7,""t"":745,""outside"":false,""outsidePx"":0},{""x"":1357.3,""y"":662.7,""t"":762,""outside"":false,""outsidePx"":0},{""x"":1371.3,""y"":650,""t"":779,""outside"":false,""outsidePx"":0},{""x"":1387.3,""y"":639.3,""t"":795,""outside"":false,""outsidePx"":0},{""x"":1402.7,""y"":629.3,""t"":812,""outside"":false,""outsidePx"":0},{""x"":1418.7,""y"":620.7,""t"":829,""outside"":false,""outsidePx"":0},{""x"":1436,""y"":611.3,""t"":846,""outside"":false,""outsidePx"":0},{""x"":1455.3,""y"":601.3,""t"":862,""outside"":false,""outsidePx"":0},{""x"":1471.3,""y"":592.7,""t"":879,""outside"":false,""outsidePx"":0},{""x"":1488.7,""y"":583.3,""t"":895,""outside"":false,""outsidePx"":0},{""x"":1511.3,""y"":574.7,""t"":912,""outside"":false,""outsidePx"":0},{""x"":1532.7,""y"":564.7,""t"":929,""outside"":false,""outsidePx"":0},{""x"":1553.3,""y"":555.3,""t"":945,""outside"":false,""outsidePx"":0},{""x"":1578,""y"":545.3,""t"":962,""outside"":false,""outsidePx"":0},{""x"":1597.3,""y"":534.7,""t"":979,""outside"":false,""outsidePx"":0},{""x"":1626.7,""y"":520.7,""t"":995,""outside"":false,""outsidePx"":0},{""x"":1648,""y"":512,""t"":1012,""outside"":false,""outsidePx"":0},{""x"":1667.3,""y"":501.3,""t"":1029,""outside"":false,""outsidePx"":0},{""x"":1686.7,""y"":490.7,""t"":1045,""outside"":false,""outsidePx"":0},{""x"":1704,""y"":482,""t"":1062,""outside"":false,""outsidePx"":0},{""x"":1721.3,""y"":470,""t"":1079,""outside"":false,""outsidePx"":0},{""x"":1744,""y"":457.3,""t"":1095,""outside"":false,""outsidePx"":0},{""x"":1770.7,""y"":442,""t"":1112,""outside"":false,""outsidePx"":0},{""x"":1794.7,""y"":428,""t"":1128,""outside"":false,""outsidePx"":0},{""x"":1824.7,""y"":408.7,""t"":1145,""outside"":false,""outsidePx"":0},{""x"":1856,""y"":391.3,""t"":1162,""outside"":false,""outsidePx"":0},{""x"":1875.3,""y"":380.7,""t"":1179,""outside"":false,""outsidePx"":0},{""x"":1892.7,""y"":368.7,""t"":1195,""outside"":false,""outsidePx"":0},{""x"":1906.7,""y"":359.3,""t"":1212,""outside"":false,""outsidePx"":0},{""x"":1917.3,""y"":352.7,""t"":1229,""outside"":false,""outsidePx"":0},{""x"":1928,""y"":344,""t"":1245,""outside"":false,""outsidePx"":0},{""x"":1942,""y"":335.3,""t"":1262,""outside"":false,""outsidePx"":0},{""x"":1956,""y"":326.7,""t"":1279,""outside"":false,""outsidePx"":0},{""x"":1966.7,""y"":319.3,""t"":1295,""outside"":false,""outsidePx"":0},{""x"":1973.3,""y"":314,""t"":1312,""outside"":false,""outsidePx"":0},{""x"":1976.7,""y"":312.7,""t"":1329,""outside"":false,""outsidePx"":0},{""x"":1978.7,""y"":312.7,""t"":1345,""outside"":false,""outsidePx"":0}]"
hayashi,main,practice,C2,幅狭条件,A固定・W狭い,70,1350,19.286,2,22,52,52,52,2026-09-29T07:49:33.054Z,2026-09-29T07:49:34.468Z,1415,131,1060,929,true,true,none,1975.3,307.3,1,false,0,0,0,false,[],"[{""x"":605.3,""y"":1106.7,""t"":0,""outside"":false,""outsidePx"":0},{""x"":605.3,""y"":1105.3,""t"":57,""outside"":false,""outsidePx"":0},{""x"":608.7,""y"":1101.3,""t"":68,""outside"":false,""outsidePx"":0},{""x"":620.7,""y"":1092.7,""t"":84,""outside"":false,""outsidePx"":0},{""x"":642,""y"":1082.7,""t"":101,""outside"":false,""outsidePx"":0},{""x"":670,""y"":1070,""t"":118,""outside"":false,""outsidePx"":0},{""x"":702.7,""y"":1056,""t"":134,""outside"":false,""outsidePx"":0},{""x"":736,""y"":1040.7,""t"":151,""outside"":false,""outsidePx"":0},{""x"":769.3,""y"":1024.7,""t"":168,""outside"":false,""outsidePx"":0},{""x"":792,""y"":1014,""t"":184,""outside"":false,""outsidePx"":0},{""x"":813.3,""y"":1003.3,""t"":201,""outside"":false,""outsidePx"":0},{""x"":832.7,""y"":989.3,""t"":218,""outside"":false,""outsidePx"":0},{""x"":856.7,""y"":975.3,""t"":234,""outside"":false,""outsidePx"":0},{""x"":880,""y"":961.3,""t"":251,""outside"":false,""outsidePx"":0},{""x"":902.7,""y"":947.3,""t"":267,""outside"":false,""outsidePx"":0},{""x"":923.3,""y"":933.3,""t"":284,""outside"":false,""outsidePx"":0},{""x"":942.7,""y"":923.3,""t"":301,""outside"":false,""outsidePx"":0},{""x"":960,""y"":910.7,""t"":318,""outside"":false,""outsidePx"":0},{""x"":979.3,""y"":896.7,""t"":334,""outside"":false,""outsidePx"":0},{""x"":998.7,""y"":882.7,""t"":351,""outside"":false,""outsidePx"":0},{""x"":1018,""y"":870.7,""t"":368,""outside"":false,""outsidePx"":0},{""x"":1038.7,""y"":858.7,""t"":384,""outside"":false,""outsidePx"":0},{""x"":1058,""y"":846,""t"":401,""outside"":false,""outsidePx"":0},{""x"":1077.3,""y"":837.3,""t"":418,""outside"":false,""outsidePx"":0},{""x"":1096.7,""y"":826.7,""t"":434,""outside"":false,""outsidePx"":0},{""x"":1114,""y"":816.7,""t"":451,""outside"":false,""outsidePx"":0},{""x"":1133.3,""y"":806,""t"":468,""outside"":false,""outsidePx"":0},{""x"":1154.7,""y"":792,""t"":484,""outside"":false,""outsidePx"":0},{""x"":1175.3,""y"":781.3,""t"":501,""outside"":false,""outsidePx"":0},{""x"":1196.7,""y"":772.7,""t"":517,""outside"":false,""outsidePx"":0},{""x"":1214,""y"":764,""t"":534,""outside"":false,""outsidePx"":0},{""x"":1228,""y"":756.7,""t"":551,""outside"":false,""outsidePx"":0},{""x"":1242,""y"":748,""t"":568,""outside"":false,""outsidePx"":0},{""x"":1254,""y"":742.7,""t"":584,""outside"":false,""outsidePx"":0},{""x"":1268,""y"":734,""t"":601,""outside"":false,""outsidePx"":0},{""x"":1287.3,""y"":722,""t"":618,""outside"":false,""outsidePx"":0},{""x"":1308.7,""y"":709.3,""t"":634,""outside"":false,""outsidePx"":0},{""x"":1328,""y"":699.3,""t"":651,""outside"":false,""outsidePx"":0},{""x"":1345.3,""y"":688.7,""t"":668,""outside"":false,""outsidePx"":0},{""x"":1362.7,""y"":678,""t"":684,""outside"":false,""outsidePx"":0},{""x"":1376.7,""y"":669.3,""t"":701,""outside"":false,""outsidePx"":0},{""x"":1396,""y"":658.7,""t"":718,""outside"":false,""outsidePx"":0},{""x"":1415.3,""y"":646.7,""t"":734,""outside"":false,""outsidePx"":0},{""x"":1436,""y"":634.7,""t"":751,""outside"":false,""outsidePx"":0},{""x"":1460.7,""y"":620.7,""t"":767,""outside"":false,""outsidePx"":0},{""x"":1486.7,""y"":606.7,""t"":784,""outside"":false,""outsidePx"":0},{""x"":1510,""y"":592.7,""t"":801,""outside"":false,""outsidePx"":0},{""x"":1538,""y"":576.7,""t"":817,""outside"":false,""outsidePx"":0},{""x"":1566,""y"":559.3,""t"":834,""outside"":false,""outsidePx"":0},{""x"":1592,""y"":545.3,""t"":851,""outside"":false,""outsidePx"":0},{""x"":1616.7,""y"":529.3,""t"":867,""outside"":false,""outsidePx"":0},{""x"":1640.7,""y"":515.3,""t"":884,""outside"":false,""outsidePx"":0},{""x"":1660,""y"":503.3,""t"":901,""outside"":false,""outsidePx"":0},{""x"":1682.7,""y"":487.3,""t"":918,""outside"":false,""outsidePx"":0},{""x"":1702,""y"":475.3,""t"":934,""outside"":false,""outsidePx"":0},{""x"":1718,""y"":464.7,""t"":951,""outside"":false,""outsidePx"":0},{""x"":1737.3,""y"":454,""t"":967,""outside"":false,""outsidePx"":0},{""x"":1756.7,""y"":442,""t"":984,""outside"":false,""outsidePx"":0},{""x"":1780.7,""y"":426,""t"":1001,""outside"":false,""outsidePx"":0},{""x"":1807.3,""y"":408.7,""t"":1018,""outside"":false,""outsidePx"":0},{""x"":1832,""y"":392.7,""t"":1034,""outside"":false,""outsidePx"":0},{""x"":1850.7,""y"":380.7,""t"":1051,""outside"":false,""outsidePx"":0},{""x"":1866.7,""y"":370,""t"":1067,""outside"":false,""outsidePx"":0},{""x"":1880.7,""y"":361.3,""t"":1084,""outside"":false,""outsidePx"":0},{""x"":1889.3,""y"":356,""t"":1101,""outside"":false,""outsidePx"":0},{""x"":1898,""y"":350.7,""t"":1117,""outside"":false,""outsidePx"":0},{""x"":1905.3,""y"":347.3,""t"":1134,""outside"":false,""outsidePx"":0},{""x"":1916,""y"":340.7,""t"":1151,""outside"":false,""outsidePx"":0},{""x"":1926,""y"":333.3,""t"":1167,""outside"":false,""outsidePx"":0},{""x"":1934.7,""y"":328,""t"":1184,""outside"":false,""outsidePx"":0},{""x"":1944,""y"":322.7,""t"":1201,""outside"":false,""outsidePx"":0},{""x"":1952.7,""y"":319.3,""t"":1217,""outside"":false,""outsidePx"":0},{""x"":1958,""y"":316,""t"":1235,""outside"":false,""outsidePx"":0},{""x"":1959.3,""y"":316,""t"":1295,""outside"":false,""outsidePx"":0},{""x"":1959.3,""y"":314,""t"":1308,""outside"":false,""outsidePx"":0},{""x"":1961.3,""y"":314,""t"":1318,""outside"":false,""outsidePx"":0},{""x"":1964.7,""y"":312.7,""t"":1334,""outside"":false,""outsidePx"":0},{""x"":1970,""y"":308.7,""t"":1351,""outside"":false,""outsidePx"":0},{""x"":1973.3,""y"":307.3,""t"":1368,""outside"":false,""outsidePx"":0},{""x"":1975.3,""y"":307.3,""t"":1384,""outside"":false,""outsidePx"":0}]"
hayashi,main,practice,C2,幅狭条件,A固定・W狭い,70,1350,19.286,2,23,53,53,53,2026-09-29T07:49:35.074Z,2026-09-29T07:49:36.339Z,1266,145,1032,887,true,true,none,1970,328,1,false,0,0,0,false,[],"[{""x"":568,""y"":1142,""t"":0,""outside"":false,""outsidePx"":0},{""x"":572,""y"":1140,""t"":15,""outside"":false,""outsidePx"":0},{""x"":573.3,""y"":1138.7,""t"":31,""outside"":false,""outsidePx"":0},{""x"":580.7,""y"":1133.3,""t"":48,""outside"":false,""outsidePx"":0},{""x"":589.3,""y"":1128,""t"":64,""outside"":false,""outsidePx"":0},{""x"":604.7,""y"":1117.3,""t"":81,""outside"":false,""outsidePx"":0},{""x"":626,""y"":1105.3,""t"":98,""outside"":false,""outsidePx"":0},{""x"":648.7,""y"":1092.7,""t"":114,""outside"":false,""outsidePx"":0},{""x"":674.7,""y"":1075.3,""t"":131,""outside"":false,""outsidePx"":0},{""x"":701.3,""y"":1058,""t"":147,""outside"":false,""outsidePx"":0},{""x"":724,""y"":1045.3,""t"":164,""outside"":false,""outsidePx"":0},{""x"":746.7,""y"":1035.3,""t"":181,""outside"":false,""outsidePx"":0},{""x"":764,""y"":1024.7,""t"":198,""outside"":false,""outsidePx"":0},{""x"":783.3,""y"":1014,""t"":214,""outside"":false,""outsidePx"":0},{""x"":804.7,""y"":1002,""t"":231,""outside"":false,""outsidePx"":0},{""x"":827.3,""y"":989.3,""t"":247,""outside"":false,""outsidePx"":0},{""x"":850,""y"":977.3,""t"":264,""outside"":false,""outsidePx"":0},{""x"":872.7,""y"":965.3,""t"":281,""outside"":false,""outsidePx"":0},{""x"":897.3,""y"":951.3,""t"":297,""outside"":false,""outsidePx"":0},{""x"":923.3,""y"":937.3,""t"":314,""outside"":false,""outsidePx"":0},{""x"":948,""y"":921.3,""t"":331,""outside"":false,""outsidePx"":0},{""x"":968.7,""y"":907.3,""t"":348,""outside"":false,""outsidePx"":0},{""x"":992,""y"":890,""t"":364,""outside"":false,""outsidePx"":0},{""x"":1012.7,""y"":874,""t"":381,""outside"":false,""outsidePx"":0},{""x"":1034,""y"":858.7,""t"":397,""outside"":false,""outsidePx"":0},{""x"":1056.7,""y"":844.7,""t"":414,""outside"":false,""outsidePx"":0},{""x"":1079.3,""y"":828.7,""t"":431,""outside"":false,""outsidePx"":0},{""x"":1105.3,""y"":812.7,""t"":447,""outside"":false,""outsidePx"":0},{""x"":1126.7,""y"":798.7,""t"":464,""outside"":false,""outsidePx"":0},{""x"":1147.3,""y"":784.7,""t"":481,""outside"":false,""outsidePx"":0},{""x"":1172,""y"":769.3,""t"":497,""outside"":false,""outsidePx"":0},{""x"":1194.7,""y"":751.3,""t"":514,""outside"":false,""outsidePx"":0},{""x"":1219.3,""y"":734,""t"":531,""outside"":false,""outsidePx"":0},{""x"":1244,""y"":716.7,""t"":547,""outside"":false,""outsidePx"":0},{""x"":1270,""y"":700.7,""t"":564,""outside"":false,""outsidePx"":0},{""x"":1296,""y"":685.3,""t"":581,""outside"":false,""outsidePx"":0},{""x"":1324,""y"":669.3,""t"":597,""outside"":false,""outsidePx"":0},{""x"":1348.7,""y"":655.3,""t"":614,""outside"":false,""outsidePx"":0},{""x"":1373.3,""y"":643.3,""t"":631,""outside"":false,""outsidePx"":0},{""x"":1394,""y"":632.7,""t"":647,""outside"":false,""outsidePx"":0},{""x"":1415.3,""y"":622,""t"":664,""outside"":false,""outsidePx"":0},{""x"":1436,""y"":611.3,""t"":681,""outside"":false,""outsidePx"":0},{""x"":1462.7,""y"":599.3,""t"":697,""outside"":false,""outsidePx"":0},{""x"":1485.3,""y"":587.3,""t"":714,""outside"":false,""outsidePx"":0},{""x"":1504.7,""y"":578.7,""t"":731,""outside"":false,""outsidePx"":0},{""x"":1522,""y"":569.3,""t"":747,""outside"":false,""outsidePx"":0},{""x"":1536,""y"":562.7,""t"":764,""outside"":false,""outsidePx"":0},{""x"":1548,""y"":557.3,""t"":781,""outside"":false,""outsidePx"":0},{""x"":1562,""y"":548.7,""t"":798,""outside"":false,""outsidePx"":0},{""x"":1576,""y"":540,""t"":814,""outside"":false,""outsidePx"":0},{""x"":1597.3,""y"":531.3,""t"":831,""outside"":false,""outsidePx"":0},{""x"":1618,""y"":520.7,""t"":847,""outside"":false,""outsidePx"":0},{""x"":1640.7,""y"":508.7,""t"":864,""outside"":false,""outsidePx"":0},{""x"":1668.7,""y"":492.7,""t"":881,""outside"":false,""outsidePx"":0},{""x"":1696.7,""y"":476.7,""t"":897,""outside"":false,""outsidePx"":0},{""x"":1720,""y"":462.7,""t"":914,""outside"":false,""outsidePx"":0},{""x"":1746,""y"":448.7,""t"":931,""outside"":false,""outsidePx"":0},{""x"":1772,""y"":434.7,""t"":947,""outside"":false,""outsidePx"":0},{""x"":1793.3,""y"":422.7,""t"":964,""outside"":false,""outsidePx"":0},{""x"":1812.7,""y"":410.7,""t"":981,""outside"":false,""outsidePx"":0},{""x"":1830,""y"":400,""t"":997,""outside"":false,""outsidePx"":0},{""x"":1846,""y"":391.3,""t"":1014,""outside"":false,""outsidePx"":0},{""x"":1863.3,""y"":382.7,""t"":1031,""outside"":false,""outsidePx"":0},{""x"":1880.7,""y"":373.3,""t"":1047,""outside"":false,""outsidePx"":0},{""x"":1898,""y"":364.7,""t"":1064,""outside"":false,""outsidePx"":0},{""x"":1916,""y"":354.7,""t"":1081,""outside"":false,""outsidePx"":0},{""x"":1931.3,""y"":347.3,""t"":1097,""outside"":false,""outsidePx"":0},{""x"":1947.3,""y"":338.7,""t"":1114,""outside"":false,""outsidePx"":0},{""x"":1961.3,""y"":331.3,""t"":1131,""outside"":false,""outsidePx"":0},{""x"":1968,""y"":328,""t"":1147,""outside"":false,""outsidePx"":0},{""x"":1970,""y"":328,""t"":1164,""outside"":false,""outsidePx"":0}]"
hayashi,main,practice,C2,幅狭条件,A固定・W狭い,70,1350,19.286,2,24,54,54,54,2026-09-29T07:49:37.119Z,2026-09-29T07:49:38.698Z,1580,154,1343,1189,true,true,none,1976.7,310.7,1,false,0,0,0,false,[],"[{""x"":577.3,""y"":1102.7,""t"":0,""outside"":false,""outsidePx"":0},{""x"":578.7,""y"":1102.7,""t"":36,""outside"":false,""outsidePx"":0},{""x"":586,""y"":1098,""t"":52,""outside"":false,""outsidePx"":0},{""x"":598,""y"":1092.7,""t"":69,""outside"":false,""outsidePx"":0},{""x"":614,""y"":1086,""t"":86,""outside"":false,""outsidePx"":0},{""x"":631.3,""y"":1078.7,""t"":102,""outside"":false,""outsidePx"":0},{""x"":652,""y"":1070,""t"":119,""outside"":false,""outsidePx"":0},{""x"":673.3,""y"":1061.3,""t"":136,""outside"":false,""outsidePx"":0},{""x"":690.7,""y"":1052.7,""t"":152,""outside"":false,""outsidePx"":0},{""x"":708,""y"":1044,""t"":169,""outside"":false,""outsidePx"":0},{""x"":720.7,""y"":1036.7,""t"":186,""outside"":false,""outsidePx"":0},{""x"":732.7,""y"":1031.3,""t"":203,""outside"":false,""outsidePx"":0},{""x"":743.3,""y"":1028,""t"":219,""outside"":false,""outsidePx"":0},{""x"":752,""y"":1022.7,""t"":236,""outside"":false,""outsidePx"":0},{""x"":762.7,""y"":1017.3,""t"":253,""outside"":false,""outsidePx"":0},{""x"":776.7,""y"":1010.7,""t"":269,""outside"":false,""outsidePx"":0},{""x"":790.7,""y"":1003.3,""t"":286,""outside"":false,""outsidePx"":0},{""x"":806,""y"":996.7,""t"":303,""outside"":false,""outsidePx"":0},{""x"":820,""y"":991.3,""t"":319,""outside"":false,""outsidePx"":0},{""x"":832.7,""y"":988,""t"":336,""outside"":false,""outsidePx"":0},{""x"":846.7,""y"":980.7,""t"":352,""outside"":false,""outsidePx"":0},{""x"":862,""y"":972,""t"":369,""outside"":false,""outsidePx"":0},{""x"":878,""y"":963.3,""t"":386,""outside"":false,""outsidePx"":0},{""x"":894,""y"":956.7,""t"":402,""outside"":false,""outsidePx"":0},{""x"":909.3,""y"":947.3,""t"":419,""outside"":false,""outsidePx"":0},{""x"":925.3,""y"":942.7,""t"":436,""outside"":false,""outsidePx"":0},{""x"":937.3,""y"":937.3,""t"":452,""outside"":false,""outsidePx"":0},{""x"":953.3,""y"":930,""t"":469,""outside"":false,""outsidePx"":0},{""x"":972.7,""y"":919.3,""t"":485,""outside"":false,""outsidePx"":0},{""x"":988,""y"":910.7,""t"":502,""outside"":false,""outsidePx"":0},{""x"":1002,""y"":904,""t"":519,""outside"":false,""outsidePx"":0},{""x"":1016,""y"":896.7,""t"":535,""outside"":false,""outsidePx"":0},{""x"":1030,""y"":888,""t"":552,""outside"":false,""outsidePx"":0},{""x"":1044,""y"":879.3,""t"":569,""outside"":false,""outsidePx"":0},{""x"":1056.7,""y"":870.7,""t"":586,""outside"":false,""outsidePx"":0},{""x"":1068.7,""y"":863.3,""t"":602,""outside"":false,""outsidePx"":0},{""x"":1079.3,""y"":858.7,""t"":619,""outside"":false,""outsidePx"":0},{""x"":1090,""y"":851.3,""t"":635,""outside"":false,""outsidePx"":0},{""x"":1105.3,""y"":842.7,""t"":652,""outside"":false,""outsidePx"":0},{""x"":1122.7,""y"":832,""t"":669,""outside"":false,""outsidePx"":0},{""x"":1142,""y"":820,""t"":685,""outside"":false,""outsidePx"":0},{""x"":1158,""y"":811.3,""t"":702,""outside"":false,""outsidePx"":0},{""x"":1168.7,""y"":804,""t"":719,""outside"":false,""outsidePx"":0},{""x"":1180.7,""y"":798.7,""t"":735,""outside"":false,""outsidePx"":0},{""x"":1192.7,""y"":790,""t"":752,""outside"":false,""outsidePx"":0},{""x"":1206.7,""y"":781.3,""t"":769,""outside"":false,""outsidePx"":0},{""x"":1222.7,""y"":770.7,""t"":786,""outside"":false,""outsidePx"":0},{""x"":1236.7,""y"":762,""t"":802,""outside"":false,""outsidePx"":0},{""x"":1250.7,""y"":753.3,""t"":819,""outside"":false,""outsidePx"":0},{""x"":1266.7,""y"":742.7,""t"":835,""outside"":false,""outsidePx"":0},{""x"":1282,""y"":732.7,""t"":852,""outside"":false,""outsidePx"":0},{""x"":1300,""y"":720,""t"":869,""outside"":false,""outsidePx"":0},{""x"":1318.7,""y"":709.3,""t"":885,""outside"":false,""outsidePx"":0},{""x"":1336.7,""y"":699.3,""t"":902,""outside"":false,""outsidePx"":0},{""x"":1359.3,""y"":686.7,""t"":919,""outside"":false,""outsidePx"":0},{""x"":1382,""y"":672.7,""t"":935,""outside"":false,""outsidePx"":0},{""x"":1401.3,""y"":660.7,""t"":952,""outside"":false,""outsidePx"":0},{""x"":1415.3,""y"":652,""t"":969,""outside"":false,""outsidePx"":0},{""x"":1427.3,""y"":644.7,""t"":985,""outside"":false,""outsidePx"":0},{""x"":1440,""y"":638,""t"":1002,""outside"":false,""outsidePx"":0},{""x"":1455.3,""y"":625.3,""t"":1019,""outside"":false,""outsidePx"":0},{""x"":1474.7,""y"":613.3,""t"":1035,""outside"":false,""outsidePx"":0},{""x"":1496,""y"":601.3,""t"":1052,""outside"":false,""outsidePx"":0},{""x"":1514.7,""y"":588.7,""t"":1069,""outside"":false,""outsidePx"":0},{""x"":1534,""y"":576.7,""t"":1085,""outside"":false,""outsidePx"":0},{""x"":1548,""y"":568,""t"":1113,""outside"":false,""outsidePx"":0},{""x"":1574.7,""y"":548.7,""t"":1120,""outside"":false,""outsidePx"":0},{""x"":1590,""y"":536.7,""t"":1136,""outside"":false,""outsidePx"":0},{""x"":1608,""y"":522.7,""t"":1152,""outside"":false,""outsidePx"":0},{""x"":1630.7,""y"":506.7,""t"":1169,""outside"":false,""outsidePx"":0},{""x"":1653.3,""y"":490.7,""t"":1186,""outside"":false,""outsidePx"":0},{""x"":1678,""y"":475.3,""t"":1202,""outside"":false,""outsidePx"":0},{""x"":1704,""y"":456,""t"":1219,""outside"":false,""outsidePx"":0},{""x"":1732,""y"":440,""t"":1236,""outside"":false,""outsidePx"":0},{""x"":1762,""y"":424.7,""t"":1252,""outside"":false,""outsidePx"":0},{""x"":1784.7,""y"":412,""t"":1269,""outside"":false,""outsidePx"":0},{""x"":1805.3,""y"":401.3,""t"":1286,""outside"":false,""outsidePx"":0},{""x"":1821.3,""y"":392.7,""t"":1302,""outside"":false,""outsidePx"":0},{""x"":1835.3,""y"":386,""t"":1319,""outside"":false,""outsidePx"":0},{""x"":1849.3,""y"":377.3,""t"":1335,""outside"":false,""outsidePx"":0},{""x"":1868.7,""y"":366.7,""t"":1352,""outside"":false,""outsidePx"":0},{""x"":1889.3,""y"":356,""t"":1369,""outside"":false,""outsidePx"":0},{""x"":1908.7,""y"":345.3,""t"":1386,""outside"":false,""outsidePx"":0},{""x"":1928,""y"":335.3,""t"":1402,""outside"":false,""outsidePx"":0},{""x"":1947.3,""y"":324.7,""t"":1419,""outside"":false,""outsidePx"":0},{""x"":1962.7,""y"":317.3,""t"":1436,""outside"":false,""outsidePx"":0},{""x"":1973.3,""y"":312.7,""t"":1452,""outside"":false,""outsidePx"":0},{""x"":1975.3,""y"":310.7,""t"":1469,""outside"":false,""outsidePx"":0},{""x"":1976.7,""y"":310.7,""t"":1485,""outside"":false,""outsidePx"":0}]"
hayashi,main,practice,C2,幅狭条件,A固定・W狭い,70,1350,19.286,2,25,55,55,55,2026-09-29T07:49:39.739Z,2026-09-29T07:49:40.992Z,1253,141,1048,907,true,true,none,1998,322.7,1,false,0,0,0,false,[],"[{""x"":591.3,""y"":1110,""t"":0,""outside"":false,""outsidePx"":0},{""x"":592.7,""y"":1110,""t"":18,""outside"":false,""outsidePx"":0},{""x"":594.7,""y"":1106.7,""t"":31,""outside"":false,""outsidePx"":0},{""x"":601.3,""y"":1103.3,""t"":48,""outside"":false,""outsidePx"":0},{""x"":610,""y"":1098,""t"":65,""outside"":false,""outsidePx"":0},{""x"":622.7,""y"":1092.7,""t"":81,""outside"":false,""outsidePx"":0},{""x"":638,""y"":1084,""t"":98,""outside"":false,""outsidePx"":0},{""x"":652,""y"":1075.3,""t"":114,""outside"":false,""outsidePx"":0},{""x"":674.7,""y"":1061.3,""t"":131,""outside"":false,""outsidePx"":0},{""x"":701.3,""y"":1044,""t"":148,""outside"":false,""outsidePx"":0},{""x"":727.3,""y"":1028,""t"":164,""outside"":false,""outsidePx"":0},{""x"":752,""y"":1014,""t"":181,""outside"":false,""outsidePx"":0},{""x"":771.3,""y"":1005.3,""t"":198,""outside"":false,""outsidePx"":0},{""x"":783.3,""y"":998.7,""t"":214,""outside"":false,""outsidePx"":0},{""x"":794,""y"":993.3,""t"":231,""outside"":false,""outsidePx"":0},{""x"":808,""y"":984.7,""t"":248,""outside"":false,""outsidePx"":0},{""x"":825.3,""y"":972,""t"":264,""outside"":false,""outsidePx"":0},{""x"":848,""y"":960,""t"":281,""outside"":false,""outsidePx"":0},{""x"":869.3,""y"":947.3,""t"":298,""outside"":false,""outsidePx"":0},{""x"":890,""y"":938.7,""t"":314,""outside"":false,""outsidePx"":0},{""x"":912.7,""y"":930,""t"":331,""outside"":false,""outsidePx"":0},{""x"":934,""y"":919.3,""t"":348,""outside"":false,""outsidePx"":0},{""x"":950,""y"":914.7,""t"":364,""outside"":false,""outsidePx"":0},{""x"":962,""y"":907.3,""t"":381,""outside"":false,""outsidePx"":0},{""x"":974,""y"":900.7,""t"":398,""outside"":false,""outsidePx"":0},{""x"":992,""y"":890,""t"":414,""outside"":false,""outsidePx"":0},{""x"":1016,""y"":876,""t"":431,""outside"":false,""outsidePx"":0},{""x"":1038.7,""y"":862,""t"":448,""outside"":false,""outsidePx"":0},{""x"":1058,""y"":853.3,""t"":464,""outside"":false,""outsidePx"":0},{""x"":1074,""y"":844.7,""t"":481,""outside"":false,""outsidePx"":0},{""x"":1086,""y"":839.3,""t"":498,""outside"":false,""outsidePx"":0},{""x"":1096.7,""y"":830.7,""t"":514,""outside"":false,""outsidePx"":0},{""x"":1112.7,""y"":820,""t"":531,""outside"":false,""outsidePx"":0},{""x"":1133.3,""y"":806,""t"":548,""outside"":false,""outsidePx"":0},{""x"":1160,""y"":792,""t"":564,""outside"":false,""outsidePx"":0},{""x"":1191.3,""y"":776,""t"":581,""outside"":false,""outsidePx"":0},{""x"":1222.7,""y"":760.7,""t"":598,""outside"":false,""outsidePx"":0},{""x"":1258,""y"":742.7,""t"":614,""outside"":false,""outsidePx"":0},{""x"":1289.3,""y"":727.3,""t"":631,""outside"":false,""outsidePx"":0},{""x"":1312,""y"":713.3,""t"":648,""outside"":false,""outsidePx"":0},{""x"":1334.7,""y"":699.3,""t"":664,""outside"":false,""outsidePx"":0},{""x"":1356,""y"":685.3,""t"":681,""outside"":false,""outsidePx"":0},{""x"":1380,""y"":669.3,""t"":698,""outside"":false,""outsidePx"":0},{""x"":1404.7,""y"":653.3,""t"":714,""outside"":false,""outsidePx"":0},{""x"":1430.7,""y"":636,""t"":731,""outside"":false,""outsidePx"":0},{""x"":1455.3,""y"":618.7,""t"":748,""outside"":false,""outsidePx"":0},{""x"":1474.7,""y"":604.7,""t"":764,""outside"":false,""outsidePx"":0},{""x"":1492,""y"":592.7,""t"":781,""outside"":false,""outsidePx"":0},{""x"":1511.3,""y"":578.7,""t"":798,""outside"":false,""outsidePx"":0},{""x"":1532.7,""y"":564.7,""t"":814,""outside"":false,""outsidePx"":0},{""x"":1553.3,""y"":552,""t"":831,""outside"":false,""outsidePx"":0},{""x"":1574.7,""y"":538,""t"":848,""outside"":false,""outsidePx"":0},{""x"":1594,""y"":526,""t"":864,""outside"":false,""outsidePx"":0},{""x"":1616.7,""y"":512,""t"":881,""outside"":false,""outsidePx"":0},{""x"":1637.3,""y"":499.3,""t"":898,""outside"":false,""outsidePx"":0},{""x"":1664,""y"":487.3,""t"":914,""outside"":false,""outsidePx"":0},{""x"":1692,""y"":473.3,""t"":931,""outside"":false,""outsidePx"":0},{""x"":1720,""y"":459.3,""t"":948,""outside"":false,""outsidePx"":0},{""x"":1742.7,""y"":447.3,""t"":964,""outside"":false,""outsidePx"":0},{""x"":1768.7,""y"":436.7,""t"":981,""outside"":false,""outsidePx"":0},{""x"":1793.3,""y"":424.7,""t"":997,""outside"":false,""outsidePx"":0},{""x"":1818,""y"":412,""t"":1014,""outside"":false,""outsidePx"":0},{""x"":1846,""y"":400,""t"":1031,""outside"":false,""outsidePx"":0},{""x"":1866.7,""y"":387.3,""t"":1048,""outside"":false,""outsidePx"":0},{""x"":1888,""y"":377.3,""t"":1064,""outside"":false,""outsidePx"":0},{""x"":1906.7,""y"":366.7,""t"":1081,""outside"":false,""outsidePx"":0},{""x"":1928,""y"":356,""t"":1097,""outside"":false,""outsidePx"":0},{""x"":1948.7,""y"":347.3,""t"":1114,""outside"":false,""outsidePx"":0},{""x"":1968,""y"":336.7,""t"":1131,""outside"":false,""outsidePx"":0},{""x"":1982,""y"":331.3,""t"":1148,""outside"":false,""outsidePx"":0},{""x"":1992.7,""y"":326.7,""t"":1164,""outside"":false,""outsidePx"":0},{""x"":1998,""y"":322.7,""t"":1181,""outside"":false,""outsidePx"":0}]"
hayashi,main,practice,C2,幅狭条件,A固定・W狭い,70,1350,19.286,2,26,56,56,56,2026-09-29T07:49:41.652Z,2026-09-29T07:49:42.940Z,1288,151,1061,910,true,true,none,1982,331.3,1,false,0,0,0,false,[],"[{""x"":564.7,""y"":1128,""t"":0,""outside"":false,""outsidePx"":0},{""x"":566.7,""y"":1128,""t"":2,""outside"":false,""outsidePx"":0},{""x"":568,""y"":1126,""t"":19,""outside"":false,""outsidePx"":0},{""x"":570,""y"":1126,""t"":35,""outside"":false,""outsidePx"":0},{""x"":572,""y"":1124.7,""t"":52,""outside"":false,""outsidePx"":0},{""x"":582,""y"":1120.7,""t"":68,""outside"":false,""outsidePx"":0},{""x"":598,""y"":1114,""t"":85,""outside"":false,""outsidePx"":0},{""x"":622.7,""y"":1103.3,""t"":101,""outside"":false,""outsidePx"":0},{""x"":650.7,""y"":1091.3,""t"":118,""outside"":false,""outsidePx"":0},{""x"":674.7,""y"":1078.7,""t"":135,""outside"":false,""outsidePx"":0},{""x"":701.3,""y"":1066.7,""t"":151,""outside"":false,""outsidePx"":0},{""x"":724,""y"":1054.7,""t"":168,""outside"":false,""outsidePx"":0},{""x"":744.7,""y"":1042,""t"":185,""outside"":false,""outsidePx"":0},{""x"":768,""y"":1030,""t"":201,""outside"":false,""outsidePx"":0},{""x"":788.7,""y"":1019.3,""t"":218,""outside"":false,""outsidePx"":0},{""x"":806,""y"":1010.7,""t"":235,""outside"":false,""outsidePx"":0},{""x"":825.3,""y"":1000,""t"":251,""outside"":false,""outsidePx"":0},{""x"":841.3,""y"":991.3,""t"":268,""outside"":false,""outsidePx"":0},{""x"":855.3,""y"":982.7,""t"":285,""outside"":false,""outsidePx"":0},{""x"":869.3,""y"":974,""t"":301,""outside"":false,""outsidePx"":0},{""x"":883.3,""y"":966.7,""t"":318,""outside"":false,""outsidePx"":0},{""x"":898.7,""y"":956.7,""t"":335,""outside"":false,""outsidePx"":0},{""x"":918,""y"":944,""t"":352,""outside"":false,""outsidePx"":0},{""x"":934,""y"":933.3,""t"":368,""outside"":false,""outsidePx"":0},{""x"":951.3,""y"":924.7,""t"":385,""outside"":false,""outsidePx"":0},{""x"":968.7,""y"":914.7,""t"":401,""outside"":false,""outsidePx"":0},{""x"":986.7,""y"":902,""t"":418,""outside"":false,""outsidePx"":0},{""x"":1004,""y"":890,""t"":435,""outside"":false,""outsidePx"":0},{""x"":1023.3,""y"":876,""t"":451,""outside"":false,""outsidePx"":0},{""x"":1040.7,""y"":863.3,""t"":468,""outside"":false,""outsidePx"":0},{""x"":1060,""y"":851.3,""t"":485,""outside"":false,""outsidePx"":0},{""x"":1082.7,""y"":837.3,""t"":501,""outside"":false,""outsidePx"":0},{""x"":1105.3,""y"":823.3,""t"":518,""outside"":false,""outsidePx"":0},{""x"":1130,""y"":807.3,""t"":535,""outside"":false,""outsidePx"":0},{""x"":1156,""y"":790,""t"":551,""outside"":false,""outsidePx"":0},{""x"":1178.7,""y"":776,""t"":568,""outside"":false,""outsidePx"":0},{""x"":1198,""y"":762,""t"":585,""outside"":false,""outsidePx"":0},{""x"":1220.7,""y"":751.3,""t"":601,""outside"":false,""outsidePx"":0},{""x"":1240,""y"":739.3,""t"":618,""outside"":false,""outsidePx"":0},{""x"":1259.3,""y"":727.3,""t"":635,""outside"":false,""outsidePx"":0},{""x"":1280.7,""y"":716.7,""t"":651,""outside"":false,""outsidePx"":0},{""x"":1298,""y"":706,""t"":668,""outside"":false,""outsidePx"":0},{""x"":1317.3,""y"":692,""t"":685,""outside"":false,""outsidePx"":0},{""x"":1340,""y"":678,""t"":701,""outside"":false,""outsidePx"":0},{""x"":1362.7,""y"":664,""t"":718,""outside"":false,""outsidePx"":0},{""x"":1388.7,""y"":652,""t"":735,""outside"":false,""outsidePx"":0},{""x"":1413.3,""y"":636,""t"":751,""outside"":false,""outsidePx"":0},{""x"":1443.3,""y"":620.7,""t"":768,""outside"":false,""outsidePx"":0},{""x"":1471.3,""y"":606.7,""t"":785,""outside"":false,""outsidePx"":0},{""x"":1500.7,""y"":590.7,""t"":801,""outside"":false,""outsidePx"":0},{""x"":1530.7,""y"":576.7,""t"":818,""outside"":false,""outsidePx"":0},{""x"":1556.7,""y"":560.7,""t"":835,""outside"":false,""outsidePx"":0},{""x"":1581.3,""y"":546.7,""t"":851,""outside"":false,""outsidePx"":0},{""x"":1606,""y"":532.7,""t"":868,""outside"":false,""outsidePx"":0},{""x"":1626.7,""y"":522.7,""t"":885,""outside"":false,""outsidePx"":0},{""x"":1648,""y"":510,""t"":901,""outside"":false,""outsidePx"":0},{""x"":1672.7,""y"":498,""t"":918,""outside"":false,""outsidePx"":0},{""x"":1695.3,""y"":487.3,""t"":935,""outside"":false,""outsidePx"":0},{""x"":1721.3,""y"":475.3,""t"":951,""outside"":false,""outsidePx"":0},{""x"":1751.3,""y"":461.3,""t"":968,""outside"":false,""outsidePx"":0},{""x"":1777.3,""y"":447.3,""t"":985,""outside"":false,""outsidePx"":0},{""x"":1802,""y"":434.7,""t"":1001,""outside"":false,""outsidePx"":0},{""x"":1824.7,""y"":422.7,""t"":1018,""outside"":false,""outsidePx"":0},{""x"":1842,""y"":414,""t"":1035,""outside"":false,""outsidePx"":0},{""x"":1860,""y"":403.3,""t"":1051,""outside"":false,""outsidePx"":0},{""x"":1880.7,""y"":391.3,""t"":1068,""outside"":false,""outsidePx"":0},{""x"":1900,""y"":380.7,""t"":1085,""outside"":false,""outsidePx"":0},{""x"":1928,""y"":364.7,""t"":1101,""outside"":false,""outsidePx"":0},{""x"":1948.7,""y"":350.7,""t"":1118,""outside"":false,""outsidePx"":0},{""x"":1962.7,""y"":342,""t"":1135,""outside"":false,""outsidePx"":0},{""x"":1972,""y"":336.7,""t"":1151,""outside"":false,""outsidePx"":0},{""x"":1975.3,""y"":335.3,""t"":1168,""outside"":false,""outsidePx"":0},{""x"":1978.7,""y"":333.3,""t"":1185,""outside"":false,""outsidePx"":0},{""x"":1980.7,""y"":333.3,""t"":1202,""outside"":false,""outsidePx"":0},{""x"":1980.7,""y"":331.3,""t"":1218,""outside"":false,""outsidePx"":0},{""x"":1982,""y"":331.3,""t"":1278,""outside"":false,""outsidePx"":0}]"
hayashi,main,practice,C2,幅狭条件,A固定・W狭い,70,1350,19.286,2,27,57,57,57,2026-09-29T07:49:43.568Z,2026-09-29T07:49:44.959Z,1390,169,1137,968,true,true,none,1962.7,312.7,1,false,0,0,0,false,[],"[{""x"":561.3,""y"":1124,""t"":0,""outside"":false,""outsidePx"":0},{""x"":568,""y"":1119.3,""t"":18,""outside"":false,""outsidePx"":0},{""x"":576.7,""y"":1115.3,""t"":35,""outside"":false,""outsidePx"":0},{""x"":582,""y"":1112,""t"":51,""outside"":false,""outsidePx"":0},{""x"":590.7,""y"":1108.7,""t"":68,""outside"":false,""outsidePx"":0},{""x"":600,""y"":1103.3,""t"":85,""outside"":false,""outsidePx"":0},{""x"":612,""y"":1098,""t"":101,""outside"":false,""outsidePx"":0},{""x"":632.7,""y"":1089.3,""t"":118,""outside"":false,""outsidePx"":0},{""x"":656,""y"":1078.7,""t"":135,""outside"":false,""outsidePx"":0},{""x"":676.7,""y"":1070,""t"":151,""outside"":false,""outsidePx"":0},{""x"":696,""y"":1061.3,""t"":168,""outside"":false,""outsidePx"":0},{""x"":712,""y"":1056,""t"":185,""outside"":false,""outsidePx"":0},{""x"":722,""y"":1050.7,""t"":201,""outside"":false,""outsidePx"":0},{""x"":736,""y"":1044,""t"":218,""outside"":false,""outsidePx"":0},{""x"":748.7,""y"":1036.7,""t"":235,""outside"":false,""outsidePx"":0},{""x"":764,""y"":1031.3,""t"":251,""outside"":false,""outsidePx"":0},{""x"":780,""y"":1022.7,""t"":268,""outside"":false,""outsidePx"":0},{""x"":799.3,""y"":1014,""t"":285,""outside"":false,""outsidePx"":0},{""x"":822,""y"":1002,""t"":301,""outside"":false,""outsidePx"":0},{""x"":846.7,""y"":989.3,""t"":318,""outside"":false,""outsidePx"":0},{""x"":869.3,""y"":977.3,""t"":335,""outside"":false,""outsidePx"":0},{""x"":888.7,""y"":966.7,""t"":351,""outside"":false,""outsidePx"":0},{""x"":906,""y"":954.7,""t"":368,""outside"":false,""outsidePx"":0},{""x"":922,""y"":946,""t"":385,""outside"":false,""outsidePx"":0},{""x"":937.3,""y"":935.3,""t"":401,""outside"":false,""outsidePx"":0},{""x"":953.3,""y"":926.7,""t"":418,""outside"":false,""outsidePx"":0},{""x"":968.7,""y"":916,""t"":435,""outside"":false,""outsidePx"":0},{""x"":984.7,""y"":905.3,""t"":451,""outside"":false,""outsidePx"":0},{""x"":1004,""y"":895.3,""t"":468,""outside"":false,""outsidePx"":0},{""x"":1026.7,""y"":881.3,""t"":484,""outside"":false,""outsidePx"":0},{""x"":1049.3,""y"":868.7,""t"":501,""outside"":false,""outsidePx"":0},{""x"":1068.7,""y"":854.7,""t"":518,""outside"":false,""outsidePx"":0},{""x"":1086,""y"":840.7,""t"":534,""outside"":false,""outsidePx"":0},{""x"":1102,""y"":828.7,""t"":551,""outside"":false,""outsidePx"":0},{""x"":1118,""y"":816.7,""t"":568,""outside"":false,""outsidePx"":0},{""x"":1136.7,""y"":804,""t"":585,""outside"":false,""outsidePx"":0},{""x"":1156,""y"":790,""t"":601,""outside"":false,""outsidePx"":0},{""x"":1177.3,""y"":774.7,""t"":618,""outside"":false,""outsidePx"":0},{""x"":1203.3,""y"":753.3,""t"":635,""outside"":false,""outsidePx"":0},{""x"":1233.3,""y"":730.7,""t"":651,""outside"":false,""outsidePx"":0},{""x"":1262.7,""y"":709.3,""t"":668,""outside"":false,""outsidePx"":0},{""x"":1292.7,""y"":688.7,""t"":684,""outside"":false,""outsidePx"":0},{""x"":1314,""y"":674.7,""t"":701,""outside"":false,""outsidePx"":0},{""x"":1342,""y"":657.3,""t"":718,""outside"":false,""outsidePx"":0},{""x"":1366,""y"":643.3,""t"":735,""outside"":false,""outsidePx"":0},{""x"":1388.7,""y"":630.7,""t"":751,""outside"":false,""outsidePx"":0},{""x"":1406.7,""y"":622,""t"":768,""outside"":false,""outsidePx"":0},{""x"":1426,""y"":610,""t"":784,""outside"":false,""outsidePx"":0},{""x"":1443.3,""y"":599.3,""t"":801,""outside"":false,""outsidePx"":0},{""x"":1466,""y"":588.7,""t"":818,""outside"":false,""outsidePx"":0},{""x"":1488.7,""y"":576.7,""t"":834,""outside"":false,""outsidePx"":0},{""x"":1513.3,""y"":564.7,""t"":851,""outside"":false,""outsidePx"":0},{""x"":1542.7,""y"":548.7,""t"":868,""outside"":false,""outsidePx"":0},{""x"":1570.7,""y"":531.3,""t"":884,""outside"":false,""outsidePx"":0},{""x"":1597.3,""y"":517.3,""t"":901,""outside"":false,""outsidePx"":0},{""x"":1626.7,""y"":501.3,""t"":918,""outside"":false,""outsidePx"":0},{""x"":1656.7,""y"":484,""t"":934,""outside"":false,""outsidePx"":0},{""x"":1684.7,""y"":468,""t"":951,""outside"":false,""outsidePx"":0},{""x"":1709.3,""y"":454,""t"":968,""outside"":false,""outsidePx"":0},{""x"":1726.7,""y"":445.3,""t"":984,""outside"":false,""outsidePx"":0},{""x"":1737.3,""y"":438.7,""t"":1001,""outside"":false,""outsidePx"":0},{""x"":1751.3,""y"":429.3,""t"":1018,""outside"":false,""outsidePx"":0},{""x"":1763.3,""y"":422.7,""t"":1035,""outside"":false,""outsidePx"":0},{""x"":1780.7,""y"":414,""t"":1051,""outside"":false,""outsidePx"":0},{""x"":1800,""y"":403.3,""t"":1068,""outside"":false,""outsidePx"":0},{""x"":1818,""y"":392.7,""t"":1084,""outside"":false,""outsidePx"":0},{""x"":1833.3,""y"":384,""t"":1101,""outside"":false,""outsidePx"":0},{""x"":1846,""y"":377.3,""t"":1118,""outside"":false,""outsidePx"":0},{""x"":1856,""y"":372,""t"":1135,""outside"":false,""outsidePx"":0},{""x"":1868.7,""y"":364.7,""t"":1151,""outside"":false,""outsidePx"":0},{""x"":1882.7,""y"":356,""t"":1168,""outside"":false,""outsidePx"":0},{""x"":1898,""y"":349.3,""t"":1184,""outside"":false,""outsidePx"":0},{""x"":1910.7,""y"":342,""t"":1201,""outside"":false,""outsidePx"":0},{""x"":1919.3,""y"":336.7,""t"":1218,""outside"":false,""outsidePx"":0},{""x"":1922.7,""y"":335.3,""t"":1235,""outside"":false,""outsidePx"":0},{""x"":1924.7,""y"":333.3,""t"":1251,""outside"":false,""outsidePx"":0},{""x"":1926,""y"":333.3,""t"":1268,""outside"":false,""outsidePx"":0},{""x"":1928,""y"":331.3,""t"":1284,""outside"":false,""outsidePx"":0},{""x"":1933.3,""y"":328,""t"":1301,""outside"":false,""outsidePx"":0},{""x"":1944,""y"":322.7,""t"":1318,""outside"":false,""outsidePx"":0},{""x"":1956,""y"":316,""t"":1334,""outside"":false,""outsidePx"":0},{""x"":1962.7,""y"":314,""t"":1351,""outside"":false,""outsidePx"":0},{""x"":1962.7,""y"":312.7,""t"":1368,""outside"":false,""outsidePx"":0}]"
hayashi,main,practice,C2,幅狭条件,A固定・W狭い,70,1350,19.286,2,28,58,58,58,2026-09-29T07:49:45.784Z,2026-09-29T07:49:47.232Z,1448,158,1208,1050,true,true,none,2014,319.3,1,false,0,0,0,false,[],"[{""x"":590,""y"":1141.3,""t"":0,""outside"":false,""outsidePx"":0},{""x"":590,""y"":1140,""t"":31,""outside"":false,""outsidePx"":0},{""x"":590.7,""y"":1140,""t"":36,""outside"":false,""outsidePx"":0},{""x"":596,""y"":1136.7,""t"":53,""outside"":false,""outsidePx"":0},{""x"":603.3,""y"":1133.3,""t"":69,""outside"":false,""outsidePx"":0},{""x"":612,""y"":1128,""t"":86,""outside"":false,""outsidePx"":0},{""x"":628,""y"":1122.7,""t"":102,""outside"":false,""outsidePx"":0},{""x"":646.7,""y"":1112,""t"":119,""outside"":false,""outsidePx"":0},{""x"":670,""y"":1100,""t"":136,""outside"":false,""outsidePx"":0},{""x"":698,""y"":1082.7,""t"":152,""outside"":false,""outsidePx"":0},{""x"":722,""y"":1070,""t"":169,""outside"":false,""outsidePx"":0},{""x"":744.7,""y"":1059.3,""t"":186,""outside"":false,""outsidePx"":0},{""x"":762.7,""y"":1049.3,""t"":202,""outside"":false,""outsidePx"":0},{""x"":774.7,""y"":1042,""t"":219,""outside"":false,""outsidePx"":0},{""x"":788.7,""y"":1035.3,""t"":236,""outside"":false,""outsidePx"":0},{""x"":802.7,""y"":1026.7,""t"":252,""outside"":false,""outsidePx"":0},{""x"":814.7,""y"":1021.3,""t"":269,""outside"":false,""outsidePx"":0},{""x"":828.7,""y"":1016,""t"":286,""outside"":false,""outsidePx"":0},{""x"":846.7,""y"":1005.3,""t"":302,""outside"":false,""outsidePx"":0},{""x"":866,""y"":993.3,""t"":319,""outside"":false,""outsidePx"":0},{""x"":886.7,""y"":979.3,""t"":336,""outside"":false,""outsidePx"":0},{""x"":909.3,""y"":963.3,""t"":352,""outside"":false,""outsidePx"":0},{""x"":926.7,""y"":951.3,""t"":369,""outside"":false,""outsidePx"":0},{""x"":942.7,""y"":940.7,""t"":385,""outside"":false,""outsidePx"":0},{""x"":956.7,""y"":930,""t"":402,""outside"":false,""outsidePx"":0},{""x"":967.3,""y"":923.3,""t"":419,""outside"":false,""outsidePx"":0},{""x"":982.7,""y"":914.7,""t"":436,""outside"":false,""outsidePx"":0},{""x"":998.7,""y"":902,""t"":452,""outside"":false,""outsidePx"":0},{""x"":1014.7,""y"":891.3,""t"":469,""outside"":false,""outsidePx"":0},{""x"":1032,""y"":879.3,""t"":486,""outside"":false,""outsidePx"":0},{""x"":1049.3,""y"":865.3,""t"":502,""outside"":false,""outsidePx"":0},{""x"":1063.3,""y"":854.7,""t"":519,""outside"":false,""outsidePx"":0},{""x"":1080.7,""y"":842.7,""t"":535,""outside"":false,""outsidePx"":0},{""x"":1098.7,""y"":830.7,""t"":552,""outside"":false,""outsidePx"":0},{""x"":1114,""y"":820,""t"":569,""outside"":false,""outsidePx"":0},{""x"":1133.3,""y"":804,""t"":585,""outside"":false,""outsidePx"":0},{""x"":1150.7,""y"":792,""t"":602,""outside"":false,""outsidePx"":0},{""x"":1168.7,""y"":778,""t"":619,""outside"":false,""outsidePx"":0},{""x"":1182.7,""y"":770.7,""t"":635,""outside"":false,""outsidePx"":0},{""x"":1194.7,""y"":764,""t"":652,""outside"":false,""outsidePx"":0},{""x"":1206.7,""y"":756.7,""t"":669,""outside"":false,""outsidePx"":0},{""x"":1220.7,""y"":750,""t"":685,""outside"":false,""outsidePx"":0},{""x"":1236.7,""y"":739.3,""t"":702,""outside"":false,""outsidePx"":0},{""x"":1256,""y"":728.7,""t"":719,""outside"":false,""outsidePx"":0},{""x"":1272,""y"":720,""t"":735,""outside"":false,""outsidePx"":0},{""x"":1286,""y"":711.3,""t"":752,""outside"":false,""outsidePx"":0},{""x"":1300,""y"":702.7,""t"":769,""outside"":false,""outsidePx"":0},{""x"":1317.3,""y"":694,""t"":785,""outside"":false,""outsidePx"":0},{""x"":1334.7,""y"":683.3,""t"":802,""outside"":false,""outsidePx"":0},{""x"":1352,""y"":672.7,""t"":819,""outside"":false,""outsidePx"":0},{""x"":1366,""y"":664,""t"":835,""outside"":false,""outsidePx"":0},{""x"":1376.7,""y"":658.7,""t"":852,""outside"":false,""outsidePx"":0},{""x"":1384,""y"":655.3,""t"":869,""outside"":false,""outsidePx"":0},{""x"":1390.7,""y"":652,""t"":886,""outside"":false,""outsidePx"":0},{""x"":1401.3,""y"":646.7,""t"":902,""outside"":false,""outsidePx"":0},{""x"":1415.3,""y"":638,""t"":919,""outside"":false,""outsidePx"":0},{""x"":1434.7,""y"":627.3,""t"":935,""outside"":false,""outsidePx"":0},{""x"":1458.7,""y"":613.3,""t"":952,""outside"":false,""outsidePx"":0},{""x"":1482,""y"":601.3,""t"":969,""outside"":false,""outsidePx"":0},{""x"":1510,""y"":587.3,""t"":985,""outside"":false,""outsidePx"":0},{""x"":1532.7,""y"":574.7,""t"":1002,""outside"":false,""outsidePx"":0},{""x"":1552,""y"":566,""t"":1019,""outside"":false,""outsidePx"":0},{""x"":1570.7,""y"":557.3,""t"":1035,""outside"":false,""outsidePx"":0},{""x"":1592,""y"":546.7,""t"":1052,""outside"":false,""outsidePx"":0},{""x"":1614.7,""y"":534.7,""t"":1069,""outside"":false,""outsidePx"":0},{""x"":1637.3,""y"":522.7,""t"":1085,""outside"":false,""outsidePx"":0},{""x"":1662,""y"":510,""t"":1102,""outside"":false,""outsidePx"":0},{""x"":1690,""y"":496,""t"":1119,""outside"":false,""outsidePx"":0},{""x"":1721.3,""y"":480.7,""t"":1135,""outside"":false,""outsidePx"":0},{""x"":1752.7,""y"":464.7,""t"":1152,""outside"":false,""outsidePx"":0},{""x"":1786,""y"":447.3,""t"":1169,""outside"":false,""outsidePx"":0},{""x"":1822.7,""y"":426,""t"":1185,""outside"":false,""outsidePx"":0},{""x"":1860,""y"":405.3,""t"":1202,""outside"":false,""outsidePx"":0},{""x"":1896.7,""y"":386,""t"":1219,""outside"":false,""outsidePx"":0},{""x"":1930,""y"":366.7,""t"":1235,""outside"":false,""outsidePx"":0},{""x"":1961.3,""y"":350.7,""t"":1252,""outside"":false,""outsidePx"":0},{""x"":1982,""y"":340.7,""t"":1269,""outside"":false,""outsidePx"":0},{""x"":1996,""y"":331.3,""t"":1285,""outside"":false,""outsidePx"":0},{""x"":2006.7,""y"":324.7,""t"":1302,""outside"":false,""outsidePx"":0},{""x"":2012,""y"":321.3,""t"":1319,""outside"":false,""outsidePx"":0},{""x"":2014,""y"":319.3,""t"":1336,""outside"":false,""outsidePx"":0}]"
hayashi,main,practice,C2,幅狭条件,A固定・W狭い,70,1350,19.286,2,29,59,59,59,2026-09-29T07:49:47.943Z,2026-09-29T07:49:49.570Z,1628,192,1251,1059,true,true,none,1994.7,305.3,1,false,0,0,0,false,[],"[{""x"":609.3,""y"":1114.7,""t"":0,""outside"":false,""outsidePx"":0},{""x"":610,""y"":1114.7,""t"":68,""outside"":false,""outsidePx"":0},{""x"":615.3,""y"":1110.7,""t"":78,""outside"":false,""outsidePx"":0},{""x"":626,""y"":1103.3,""t"":93,""outside"":false,""outsidePx"":0},{""x"":636.7,""y"":1098,""t"":110,""outside"":false,""outsidePx"":0},{""x"":646.7,""y"":1091.3,""t"":126,""outside"":false,""outsidePx"":0},{""x"":657.3,""y"":1086,""t"":143,""outside"":false,""outsidePx"":0},{""x"":670,""y"":1078.7,""t"":160,""outside"":false,""outsidePx"":0},{""x"":684,""y"":1072,""t"":176,""outside"":false,""outsidePx"":0},{""x"":699.3,""y"":1063.3,""t"":193,""outside"":false,""outsidePx"":0},{""x"":716.7,""y"":1052.7,""t"":210,""outside"":false,""outsidePx"":0},{""x"":734.7,""y"":1044,""t"":226,""outside"":false,""outsidePx"":0},{""x"":750,""y"":1036.7,""t"":243,""outside"":false,""outsidePx"":0},{""x"":764,""y"":1030,""t"":259,""outside"":false,""outsidePx"":0},{""x"":776.7,""y"":1024.7,""t"":276,""outside"":false,""outsidePx"":0},{""x"":786.7,""y"":1017.3,""t"":293,""outside"":false,""outsidePx"":0},{""x"":797.3,""y"":1010.7,""t"":310,""outside"":false,""outsidePx"":0},{""x"":811.3,""y"":1000,""t"":326,""outside"":false,""outsidePx"":0},{""x"":828.7,""y"":989.3,""t"":343,""outside"":false,""outsidePx"":0},{""x"":852,""y"":974,""t"":359,""outside"":false,""outsidePx"":0},{""x"":876,""y"":960,""t"":376,""outside"":false,""outsidePx"":0},{""x"":892,""y"":949.3,""t"":393,""outside"":false,""outsidePx"":0},{""x"":906,""y"":942.7,""t"":410,""outside"":false,""outsidePx"":0},{""x"":914.7,""y"":937.3,""t"":426,""outside"":false,""outsidePx"":0},{""x"":923.3,""y"":932,""t"":443,""outside"":false,""outsidePx"":0},{""x"":937.3,""y"":923.3,""t"":460,""outside"":false,""outsidePx"":0},{""x"":958.7,""y"":909.3,""t"":476,""outside"":false,""outsidePx"":0},{""x"":981.3,""y"":895.3,""t"":493,""outside"":false,""outsidePx"":0},{""x"":1002,""y"":884.7,""t"":509,""outside"":false,""outsidePx"":0},{""x"":1018,""y"":876,""t"":526,""outside"":false,""outsidePx"":0},{""x"":1028.7,""y"":870.7,""t"":543,""outside"":false,""outsidePx"":0},{""x"":1038.7,""y"":863.3,""t"":559,""outside"":false,""outsidePx"":0},{""x"":1052.7,""y"":853.3,""t"":576,""outside"":false,""outsidePx"":0},{""x"":1070.7,""y"":842.7,""t"":593,""outside"":false,""outsidePx"":0},{""x"":1091.3,""y"":834,""t"":609,""outside"":false,""outsidePx"":0},{""x"":1107.3,""y"":825.3,""t"":626,""outside"":false,""outsidePx"":0},{""x"":1122.7,""y"":818,""t"":643,""outside"":false,""outsidePx"":0},{""x"":1142,""y"":807.3,""t"":659,""outside"":false,""outsidePx"":0},{""x"":1164.7,""y"":795.3,""t"":676,""outside"":false,""outsidePx"":0},{""x"":1184,""y"":784.7,""t"":693,""outside"":false,""outsidePx"":0},{""x"":1205.3,""y"":774.7,""t"":709,""outside"":false,""outsidePx"":0},{""x"":1220.7,""y"":764,""t"":726,""outside"":false,""outsidePx"":0},{""x"":1242,""y"":751.3,""t"":743,""outside"":false,""outsidePx"":0},{""x"":1259.3,""y"":741.3,""t"":759,""outside"":false,""outsidePx"":0},{""x"":1278.7,""y"":728.7,""t"":776,""outside"":false,""outsidePx"":0},{""x"":1300,""y"":718.7,""t"":793,""outside"":false,""outsidePx"":0},{""x"":1322.7,""y"":706,""t"":809,""outside"":false,""outsidePx"":0},{""x"":1342,""y"":694,""t"":826,""outside"":false,""outsidePx"":0},{""x"":1360.7,""y"":681.3,""t"":843,""outside"":false,""outsidePx"":0},{""x"":1384,""y"":669.3,""t"":859,""outside"":false,""outsidePx"":0},{""x"":1408,""y"":655.3,""t"":876,""outside"":false,""outsidePx"":0},{""x"":1432.7,""y"":639.3,""t"":893,""outside"":false,""outsidePx"":0},{""x"":1458.7,""y"":624,""t"":909,""outside"":false,""outsidePx"":0},{""x"":1485.3,""y"":608,""t"":926,""outside"":false,""outsidePx"":0},{""x"":1508,""y"":596,""t"":943,""outside"":false,""outsidePx"":0},{""x"":1527.3,""y"":585.3,""t"":959,""outside"":false,""outsidePx"":0},{""x"":1544.7,""y"":574.7,""t"":976,""outside"":false,""outsidePx"":0},{""x"":1560.7,""y"":564.7,""t"":993,""outside"":false,""outsidePx"":0},{""x"":1584.7,""y"":550.7,""t"":1009,""outside"":false,""outsidePx"":0},{""x"":1611.3,""y"":531.3,""t"":1026,""outside"":false,""outsidePx"":0},{""x"":1637.3,""y"":515.3,""t"":1043,""outside"":false,""outsidePx"":0},{""x"":1668.7,""y"":498,""t"":1059,""outside"":false,""outsidePx"":0},{""x"":1692,""y"":484,""t"":1076,""outside"":false,""outsidePx"":0},{""x"":1709.3,""y"":473.3,""t"":1093,""outside"":false,""outsidePx"":0},{""x"":1724.7,""y"":464.7,""t"":1109,""outside"":false,""outsidePx"":0},{""x"":1740.7,""y"":456,""t"":1126,""outside"":false,""outsidePx"":0},{""x"":1754.7,""y"":447.3,""t"":1143,""outside"":false,""outsidePx"":0},{""x"":1772,""y"":438.7,""t"":1159,""outside"":false,""outsidePx"":0},{""x"":1791.3,""y"":428,""t"":1176,""outside"":false,""outsidePx"":0},{""x"":1808.7,""y"":415.3,""t"":1193,""outside"":false,""outsidePx"":0},{""x"":1828,""y"":405.3,""t"":1209,""outside"":false,""outsidePx"":0},{""x"":1842,""y"":394.7,""t"":1226,""outside"":false,""outsidePx"":0},{""x"":1858,""y"":386,""t"":1243,""outside"":false,""outsidePx"":0},{""x"":1870,""y"":377.3,""t"":1259,""outside"":false,""outsidePx"":0},{""x"":1878.7,""y"":370,""t"":1276,""outside"":false,""outsidePx"":0},{""x"":1889.3,""y"":363.3,""t"":1293,""outside"":false,""outsidePx"":0},{""x"":1898,""y"":359.3,""t"":1309,""outside"":false,""outsidePx"":0},{""x"":1903.3,""y"":356,""t"":1326,""outside"":false,""outsidePx"":0},{""x"":1908.7,""y"":352.7,""t"":1343,""outside"":false,""outsidePx"":0},{""x"":1916,""y"":349.3,""t"":1360,""outside"":false,""outsidePx"":0},{""x"":1920.7,""y"":345.3,""t"":1376,""outside"":false,""outsidePx"":0},{""x"":1924.7,""y"":342,""t"":1393,""outside"":false,""outsidePx"":0},{""x"":1928,""y"":340.7,""t"":1410,""outside"":false,""outsidePx"":0},{""x"":1931.3,""y"":336.7,""t"":1426,""outside"":false,""outsidePx"":0},{""x"":1936.7,""y"":335.3,""t"":1443,""outside"":false,""outsidePx"":0},{""x"":1940,""y"":331.3,""t"":1459,""outside"":false,""outsidePx"":0},{""x"":1944,""y"":330,""t"":1476,""outside"":false,""outsidePx"":0},{""x"":1948.7,""y"":326.7,""t"":1493,""outside"":false,""outsidePx"":0},{""x"":1954,""y"":324.7,""t"":1509,""outside"":false,""outsidePx"":0},{""x"":1962.7,""y"":321.3,""t"":1526,""outside"":false,""outsidePx"":0},{""x"":1975.3,""y"":314,""t"":1543,""outside"":false,""outsidePx"":0},{""x"":1987.3,""y"":308.7,""t"":1559,""outside"":false,""outsidePx"":0},{""x"":1994.7,""y"":305.3,""t"":1576,""outside"":false,""outsidePx"":0}]"
hayashi,main,practice,C2,幅狭条件,A固定・W狭い,70,1350,19.286,2,30,60,60,60,2026-09-29T07:49:50.271Z,2026-09-29T07:49:51.533Z,1262,172,1008,836,true,true,deviation,2000,328,1,true,1,200,4.2,false,"[{""startMs"":814,""startX"":1541.3,""startY"":610,""maxOutsidePx"":4.2,""endMs"":1014,""endX"":1891.3,""endY"":406.7,""durationMs"":200}]","[{""x"":593.3,""y"":1110,""t"":0,""outside"":false,""outsidePx"":0},{""x"":591.3,""y"":1110,""t"":15,""outside"":false,""outsidePx"":0},{""x"":591.3,""y"":1111.3,""t"":31,""outside"":false,""outsidePx"":0},{""x"":592.7,""y"":1111.3,""t"":84,""outside"":false,""outsidePx"":0},{""x"":600,""y"":1106.7,""t"":98,""outside"":false,""outsidePx"":0},{""x"":617.3,""y"":1098,""t"":114,""outside"":false,""outsidePx"":0},{""x"":634.7,""y"":1089.3,""t"":131,""outside"":false,""outsidePx"":0},{""x"":659.3,""y"":1073.3,""t"":148,""outside"":false,""outsidePx"":0},{""x"":684,""y"":1059.3,""t"":164,""outside"":false,""outsidePx"":0},{""x"":702.7,""y"":1047.3,""t"":181,""outside"":false,""outsidePx"":0},{""x"":722,""y"":1036.7,""t"":197,""outside"":false,""outsidePx"":0},{""x"":743.3,""y"":1026.7,""t"":214,""outside"":false,""outsidePx"":0},{""x"":764,""y"":1014,""t"":231,""outside"":false,""outsidePx"":0},{""x"":788.7,""y"":1000,""t"":248,""outside"":false,""outsidePx"":0},{""x"":811.3,""y"":988,""t"":264,""outside"":false,""outsidePx"":0},{""x"":830.7,""y"":977.3,""t"":281,""outside"":false,""outsidePx"":0},{""x"":846.7,""y"":966.7,""t"":298,""outside"":false,""outsidePx"":0},{""x"":860.7,""y"":956.7,""t"":314,""outside"":false,""outsidePx"":0},{""x"":876,""y"":949.3,""t"":331,""outside"":false,""outsidePx"":0},{""x"":890,""y"":940.7,""t"":348,""outside"":false,""outsidePx"":0},{""x"":904,""y"":932,""t"":364,""outside"":false,""outsidePx"":0},{""x"":922,""y"":921.3,""t"":381,""outside"":false,""outsidePx"":0},{""x"":939.3,""y"":909.3,""t"":398,""outside"":false,""outsidePx"":0},{""x"":960,""y"":898.7,""t"":414,""outside"":false,""outsidePx"":0},{""x"":978,""y"":886.7,""t"":431,""outside"":false,""outsidePx"":0},{""x"":998.7,""y"":876,""t"":447,""outside"":false,""outsidePx"":0},{""x"":1018,""y"":865.3,""t"":464,""outside"":false,""outsidePx"":0},{""x"":1037.3,""y"":858.7,""t"":481,""outside"":false,""outsidePx"":0},{""x"":1052.7,""y"":851.3,""t"":498,""outside"":false,""outsidePx"":0},{""x"":1068.7,""y"":844.7,""t"":514,""outside"":false,""outsidePx"":0},{""x"":1084.7,""y"":837.3,""t"":531,""outside"":false,""outsidePx"":0},{""x"":1102,""y"":828.7,""t"":547,""outside"":false,""outsidePx"":0},{""x"":1121.3,""y"":820,""t"":564,""outside"":false,""outsidePx"":0},{""x"":1146,""y"":809.3,""t"":581,""outside"":false,""outsidePx"":0},{""x"":1172,""y"":795.3,""t"":598,""outside"":false,""outsidePx"":0},{""x"":1205.3,""y"":779.3,""t"":614,""outside"":false,""outsidePx"":0},{""x"":1244,""y"":762,""t"":631,""outside"":false,""outsidePx"":0},{""x"":1278.7,""y"":744.7,""t"":647,""outside"":false,""outsidePx"":0},{""x"":1310,""y"":728.7,""t"":664,""outside"":false,""outsidePx"":0},{""x"":1340,""y"":713.3,""t"":681,""outside"":false,""outsidePx"":0},{""x"":1368,""y"":699.3,""t"":697,""outside"":false,""outsidePx"":0},{""x"":1390.7,""y"":688.7,""t"":714,""outside"":false,""outsidePx"":0},{""x"":1413.3,""y"":676.7,""t"":731,""outside"":false,""outsidePx"":0},{""x"":1436,""y"":666,""t"":747,""outside"":false,""outsidePx"":0},{""x"":1460.7,""y"":652,""t"":764,""outside"":false,""outsidePx"":0},{""x"":1486.7,""y"":636,""t"":781,""outside"":false,""outsidePx"":0},{""x"":1514.7,""y"":622,""t"":797,""outside"":false,""outsidePx"":0},{""x"":1541.3,""y"":610,""t"":814,""outside"":true,""outsidePx"":0.4},{""x"":1570.7,""y"":592.7,""t"":831,""outside"":true,""outsidePx"":0.1},{""x"":1600.7,""y"":576.7,""t"":847,""outside"":true,""outsidePx"":1.2},{""x"":1639.3,""y"":557.3,""t"":864,""outside"":true,""outsidePx"":3.8},{""x"":1676,""y"":536.7,""t"":881,""outside"":true,""outsidePx"":4.2},{""x"":1706,""y"":518.7,""t"":897,""outside"":true,""outsidePx"":3.6},{""x"":1735.3,""y"":501.3,""t"":914,""outside"":true,""outsidePx"":3.3},{""x"":1762,""y"":485.3,""t"":931,""outside"":true,""outsidePx"":2.8},{""x"":1788,""y"":470,""t"":947,""outside"":true,""outsidePx"":2.5},{""x"":1814,""y"":454,""t"":964,""outside"":true,""outsidePx"":1.6},{""x"":1838.7,""y"":438.7,""t"":981,""outside"":true,""outsidePx"":0.7},{""x"":1863.3,""y"":424.7,""t"":997,""outside"":true,""outsidePx"":0.9},{""x"":1891.3,""y"":406.7,""t"":1014,""outside"":false,""outsidePx"":0},{""x"":1917.3,""y"":389.3,""t"":1031,""outside"":false,""outsidePx"":0},{""x"":1940,""y"":373.3,""t"":1047,""outside"":false,""outsidePx"":0},{""x"":1961.3,""y"":361.3,""t"":1064,""outside"":false,""outsidePx"":0},{""x"":1975.3,""y"":350.7,""t"":1081,""outside"":false,""outsidePx"":0},{""x"":1982,""y"":345.3,""t"":1098,""outside"":false,""outsidePx"":0},{""x"":1987.3,""y"":340.7,""t"":1114,""outside"":false,""outsidePx"":0},{""x"":1992.7,""y"":335.3,""t"":1131,""outside"":false,""outsidePx"":0},{""x"":1998,""y"":331.3,""t"":1148,""outside"":false,""outsidePx"":0},{""x"":2000,""y"":330,""t"":1165,""outside"":false,""outsidePx"":0},{""x"":2000,""y"":328,""t"":1181,""outside"":false,""outsidePx"":0}]"
hayashi,main,practice,C3,距離大条件,W固定・A長い,35,675,19.286,3,1,61,61,61,2026-09-29T07:49:53.384Z,2026-09-29T07:49:54.617Z,1232,227,973,746,true,true,none,1702,473.3,1,false,0,0,0,false,[],"[{""x"":897.3,""y"":956.7,""t"":0,""outside"":false,""outsidePx"":0},{""x"":898.7,""y"":954.7,""t"":18,""outside"":false,""outsidePx"":0},{""x"":902.7,""y"":951.3,""t"":34,""outside"":false,""outsidePx"":0},{""x"":906,""y"":949.3,""t"":51,""outside"":false,""outsidePx"":0},{""x"":908,""y"":947.3,""t"":68,""outside"":false,""outsidePx"":0},{""x"":911.3,""y"":946,""t"":84,""outside"":false,""outsidePx"":0},{""x"":916.7,""y"":940.7,""t"":101,""outside"":false,""outsidePx"":0},{""x"":923.3,""y"":935.3,""t"":117,""outside"":false,""outsidePx"":0},{""x"":936,""y"":928.7,""t"":134,""outside"":false,""outsidePx"":0},{""x"":946,""y"":921.3,""t"":151,""outside"":false,""outsidePx"":0},{""x"":956.7,""y"":914.7,""t"":167,""outside"":false,""outsidePx"":0},{""x"":965.3,""y"":907.3,""t"":184,""outside"":false,""outsidePx"":0},{""x"":974,""y"":900.7,""t"":201,""outside"":false,""outsidePx"":0},{""x"":982.7,""y"":895.3,""t"":217,""outside"":false,""outsidePx"":0},{""x"":993.3,""y"":886.7,""t"":234,""outside"":false,""outsidePx"":0},{""x"":1002,""y"":879.3,""t"":251,""outside"":false,""outsidePx"":0},{""x"":1012.7,""y"":872.7,""t"":267,""outside"":false,""outsidePx"":0},{""x"":1023.3,""y"":863.3,""t"":284,""outside"":false,""outsidePx"":0},{""x"":1034,""y"":856.7,""t"":301,""outside"":false,""outsidePx"":0},{""x"":1042.7,""y"":849.3,""t"":317,""outside"":false,""outsidePx"":0},{""x"":1049.3,""y"":844.7,""t"":334,""outside"":false,""outsidePx"":0},{""x"":1058,""y"":839.3,""t"":351,""outside"":false,""outsidePx"":0},{""x"":1068.7,""y"":834,""t"":367,""outside"":false,""outsidePx"":0},{""x"":1082.7,""y"":825.3,""t"":384,""outside"":false,""outsidePx"":0},{""x"":1100,""y"":814.7,""t"":401,""outside"":false,""outsidePx"":0},{""x"":1118,""y"":807.3,""t"":417,""outside"":false,""outsidePx"":0},{""x"":1133.3,""y"":798.7,""t"":434,""outside"":false,""outsidePx"":0},{""x"":1144,""y"":793.3,""t"":451,""outside"":false,""outsidePx"":0},{""x"":1152.7,""y"":788.7,""t"":467,""outside"":false,""outsidePx"":0},{""x"":1163.3,""y"":783.3,""t"":484,""outside"":false,""outsidePx"":0},{""x"":1174,""y"":776,""t"":501,""outside"":false,""outsidePx"":0},{""x"":1188,""y"":770.7,""t"":517,""outside"":false,""outsidePx"":0},{""x"":1202,""y"":764,""t"":534,""outside"":false,""outsidePx"":0},{""x"":1212,""y"":758.7,""t"":551,""outside"":false,""outsidePx"":0},{""x"":1222.7,""y"":751.3,""t"":568,""outside"":false,""outsidePx"":0},{""x"":1234.7,""y"":742.7,""t"":584,""outside"":false,""outsidePx"":0},{""x"":1247.3,""y"":736,""t"":601,""outside"":false,""outsidePx"":0},{""x"":1261.3,""y"":728.7,""t"":618,""outside"":false,""outsidePx"":0},{""x"":1275.3,""y"":720,""t"":634,""outside"":false,""outsidePx"":0},{""x"":1289.3,""y"":711.3,""t"":651,""outside"":false,""outsidePx"":0},{""x"":1304.7,""y"":700.7,""t"":667,""outside"":false,""outsidePx"":0},{""x"":1318.7,""y"":692,""t"":684,""outside"":false,""outsidePx"":0},{""x"":1331.3,""y"":683.3,""t"":701,""outside"":false,""outsidePx"":0},{""x"":1345.3,""y"":674.7,""t"":717,""outside"":false,""outsidePx"":0},{""x"":1359.3,""y"":666,""t"":734,""outside"":false,""outsidePx"":0},{""x"":1374.7,""y"":655.3,""t"":750,""outside"":false,""outsidePx"":0},{""x"":1394,""y"":643.3,""t"":767,""outside"":false,""outsidePx"":0},{""x"":1412,""y"":634.7,""t"":784,""outside"":false,""outsidePx"":0},{""x"":1426,""y"":627.3,""t"":800,""outside"":false,""outsidePx"":0},{""x"":1438,""y"":618.7,""t"":817,""outside"":false,""outsidePx"":0},{""x"":1450,""y"":611.3,""t"":834,""outside"":false,""outsidePx"":0},{""x"":1460.7,""y"":604.7,""t"":850,""outside"":false,""outsidePx"":0},{""x"":1474.7,""y"":596,""t"":867,""outside"":false,""outsidePx"":0},{""x"":1492,""y"":587.3,""t"":884,""outside"":false,""outsidePx"":0},{""x"":1508,""y"":578.7,""t"":900,""outside"":false,""outsidePx"":0},{""x"":1525.3,""y"":569.3,""t"":917,""outside"":false,""outsidePx"":0},{""x"":1541.3,""y"":559.3,""t"":934,""outside"":false,""outsidePx"":0},{""x"":1553.3,""y"":554,""t"":951,""outside"":false,""outsidePx"":0},{""x"":1564,""y"":546.7,""t"":967,""outside"":false,""outsidePx"":0},{""x"":1576,""y"":540,""t"":984,""outside"":false,""outsidePx"":0},{""x"":1590,""y"":532.7,""t"":1001,""outside"":false,""outsidePx"":0},{""x"":1609.3,""y"":522.7,""t"":1017,""outside"":false,""outsidePx"":0},{""x"":1628.7,""y"":513.3,""t"":1034,""outside"":false,""outsidePx"":0},{""x"":1646,""y"":504.7,""t"":1051,""outside"":false,""outsidePx"":0},{""x"":1664,""y"":494.7,""t"":1067,""outside"":false,""outsidePx"":0},{""x"":1678,""y"":487.3,""t"":1084,""outside"":false,""outsidePx"":0},{""x"":1692,""y"":480.7,""t"":1100,""outside"":false,""outsidePx"":0},{""x"":1698.7,""y"":476.7,""t"":1117,""outside"":false,""outsidePx"":0},{""x"":1702,""y"":475.3,""t"":1134,""outside"":false,""outsidePx"":0},{""x"":1702,""y"":473.3,""t"":1184,""outside"":false,""outsidePx"":0}]"
hayashi,main,practice,C3,距離大条件,W固定・A長い,35,675,19.286,3,2,62,62,62,2026-09-29T07:49:55.656Z,2026-09-29T07:49:56.902Z,1246,200,955,755,true,true,none,1698.7,466.7,1,false,0,0,0,false,[],"[{""x"":887.3,""y"":946.7,""t"":0,""outside"":false,""outsidePx"":0},{""x"":888.7,""y"":946.7,""t"":31,""outside"":false,""outsidePx"":0},{""x"":892,""y"":944,""t"":45,""outside"":false,""outsidePx"":0},{""x"":900.7,""y"":940.7,""t"":62,""outside"":false,""outsidePx"":0},{""x"":908,""y"":937.3,""t"":78,""outside"":false,""outsidePx"":0},{""x"":918,""y"":932,""t"":95,""outside"":false,""outsidePx"":0},{""x"":926.7,""y"":928.7,""t"":112,""outside"":false,""outsidePx"":0},{""x"":939.3,""y"":923.3,""t"":128,""outside"":false,""outsidePx"":0},{""x"":951.3,""y"":914.7,""t"":145,""outside"":false,""outsidePx"":0},{""x"":964,""y"":905.3,""t"":161,""outside"":false,""outsidePx"":0},{""x"":976,""y"":896.7,""t"":178,""outside"":false,""outsidePx"":0},{""x"":986.7,""y"":891.3,""t"":195,""outside"":false,""outsidePx"":0},{""x"":993.3,""y"":888,""t"":212,""outside"":false,""outsidePx"":0},{""x"":998.7,""y"":884.7,""t"":229,""outside"":false,""outsidePx"":0},{""x"":1006,""y"":879.3,""t"":245,""outside"":false,""outsidePx"":0},{""x"":1012.7,""y"":876,""t"":262,""outside"":false,""outsidePx"":0},{""x"":1020,""y"":870.7,""t"":278,""outside"":false,""outsidePx"":0},{""x"":1028.7,""y"":865.3,""t"":295,""outside"":false,""outsidePx"":0},{""x"":1035.3,""y"":862,""t"":312,""outside"":false,""outsidePx"":0},{""x"":1042.7,""y"":856.7,""t"":328,""outside"":false,""outsidePx"":0},{""x"":1051.3,""y"":849.3,""t"":345,""outside"":false,""outsidePx"":0},{""x"":1060,""y"":844.7,""t"":361,""outside"":false,""outsidePx"":0},{""x"":1066.7,""y"":839.3,""t"":378,""outside"":false,""outsidePx"":0},{""x"":1074,""y"":834,""t"":395,""outside"":false,""outsidePx"":0},{""x"":1082.7,""y"":830.7,""t"":412,""outside"":false,""outsidePx"":0},{""x"":1091.3,""y"":825.3,""t"":428,""outside"":false,""outsidePx"":0},{""x"":1100,""y"":820,""t"":445,""outside"":false,""outsidePx"":0},{""x"":1108.7,""y"":816.7,""t"":461,""outside"":false,""outsidePx"":0},{""x"":1122.7,""y"":807.3,""t"":478,""outside"":false,""outsidePx"":0},{""x"":1140.7,""y"":798.7,""t"":495,""outside"":false,""outsidePx"":0},{""x"":1158,""y"":788.7,""t"":512,""outside"":false,""outsidePx"":0},{""x"":1174,""y"":779.3,""t"":528,""outside"":false,""outsidePx"":0},{""x"":1184,""y"":772.7,""t"":545,""outside"":false,""outsidePx"":0},{""x"":1196.7,""y"":767.3,""t"":561,""outside"":false,""outsidePx"":0},{""x"":1210.7,""y"":758.7,""t"":578,""outside"":false,""outsidePx"":0},{""x"":1226,""y"":750,""t"":595,""outside"":false,""outsidePx"":0},{""x"":1242,""y"":741.3,""t"":612,""outside"":false,""outsidePx"":0},{""x"":1261.3,""y"":730.7,""t"":628,""outside"":false,""outsidePx"":0},{""x"":1275.3,""y"":722,""t"":645,""outside"":false,""outsidePx"":0},{""x"":1289.3,""y"":714.7,""t"":661,""outside"":false,""outsidePx"":0},{""x"":1301.3,""y"":706,""t"":678,""outside"":false,""outsidePx"":0},{""x"":1317.3,""y"":697.3,""t"":695,""outside"":false,""outsidePx"":0},{""x"":1331.3,""y"":686.7,""t"":712,""outside"":false,""outsidePx"":0},{""x"":1348.7,""y"":676.7,""t"":728,""outside"":false,""outsidePx"":0},{""x"":1364.7,""y"":667.3,""t"":745,""outside"":false,""outsidePx"":0},{""x"":1382,""y"":655.3,""t"":761,""outside"":false,""outsidePx"":0},{""x"":1396,""y"":644.7,""t"":778,""outside"":false,""outsidePx"":0},{""x"":1410,""y"":636,""t"":795,""outside"":false,""outsidePx"":0},{""x"":1424,""y"":627.3,""t"":811,""outside"":false,""outsidePx"":0},{""x"":1440,""y"":616.7,""t"":828,""outside"":false,""outsidePx"":0},{""x"":1458.7,""y"":606.7,""t"":845,""outside"":false,""outsidePx"":0},{""x"":1476.7,""y"":597.3,""t"":861,""outside"":false,""outsidePx"":0},{""x"":1496,""y"":587.3,""t"":878,""outside"":false,""outsidePx"":0},{""x"":1508,""y"":580,""t"":895,""outside"":false,""outsidePx"":0},{""x"":1522,""y"":573.3,""t"":911,""outside"":false,""outsidePx"":0},{""x"":1536,""y"":564.7,""t"":928,""outside"":false,""outsidePx"":0},{""x"":1555.3,""y"":552,""t"":945,""outside"":false,""outsidePx"":0},{""x"":1576,""y"":541.3,""t"":961,""outside"":false,""outsidePx"":0},{""x"":1595.3,""y"":529.3,""t"":978,""outside"":false,""outsidePx"":0},{""x"":1611.3,""y"":520.7,""t"":995,""outside"":false,""outsidePx"":0},{""x"":1623.3,""y"":513.3,""t"":1011,""outside"":false,""outsidePx"":0},{""x"":1630.7,""y"":508.7,""t"":1028,""outside"":false,""outsidePx"":0},{""x"":1639.3,""y"":503.3,""t"":1045,""outside"":false,""outsidePx"":0},{""x"":1648,""y"":498,""t"":1061,""outside"":false,""outsidePx"":0},{""x"":1653.3,""y"":494.7,""t"":1078,""outside"":false,""outsidePx"":0},{""x"":1658.7,""y"":489.3,""t"":1095,""outside"":false,""outsidePx"":0},{""x"":1665.3,""y"":485.3,""t"":1111,""outside"":false,""outsidePx"":0},{""x"":1672.7,""y"":482,""t"":1128,""outside"":false,""outsidePx"":0},{""x"":1682.7,""y"":475.3,""t"":1145,""outside"":false,""outsidePx"":0},{""x"":1692,""y"":470,""t"":1161,""outside"":false,""outsidePx"":0},{""x"":1698.7,""y"":466.7,""t"":1178,""outside"":false,""outsidePx"":0}]"
hayashi,main,practice,C3,距離大条件,W固定・A長い,35,675,19.286,3,3,63,63,63,2026-09-29T07:49:57.453Z,2026-09-29T07:49:58.571Z,1119,176,811,635,true,true,deviation,1728.7,466.7,1,true,4,117,1.6,false,"[{""startMs"":648,""startX"":1424,""startY"":657.3,""maxOutsidePx"":0.2,""endMs"":665,""endX"":1441.3,""endY"":646.7,""durationMs"":17},{""startMs"":681,""startX"":1457.3,""startY"":638,""maxOutsidePx"":0.2,""endMs"":698,""endX"":1469.3,""endY"":630.7,""durationMs"":17},{""startMs"":715,""startX"":1485.3,""startY"":622,""maxOutsidePx"":0.7,""endMs"":748,""endX"":1524,""endY"":599.3,""durationMs"":33},{""startMs"":765,""startX"":1544.7,""startY"":588.7,""maxOutsidePx"":1.6,""endMs"":815,""endX"":1583.3,""endY"":564.7,""durationMs"":50}]","[{""x"":864,""y"":952.7,""t"":0,""outside"":false,""outsidePx"":0},{""x"":864,""y"":951.3,""t"":15,""outside"":false,""outsidePx"":0},{""x"":866,""y"":951.3,""t"":39,""outside"":false,""outsidePx"":0},{""x"":867.3,""y"":951.3,""t"":53,""outside"":false,""outsidePx"":0},{""x"":870.7,""y"":947.3,""t"":65,""outside"":false,""outsidePx"":0},{""x"":884.7,""y"":942.7,""t"":82,""outside"":false,""outsidePx"":0},{""x"":900.7,""y"":935.3,""t"":98,""outside"":false,""outsidePx"":0},{""x"":918,""y"":926.7,""t"":115,""outside"":false,""outsidePx"":0},{""x"":939.3,""y"":918,""t"":131,""outside"":false,""outsidePx"":0},{""x"":958.7,""y"":909.3,""t"":148,""outside"":false,""outsidePx"":0},{""x"":978,""y"":898.7,""t"":165,""outside"":false,""outsidePx"":0},{""x"":995.3,""y"":888,""t"":181,""outside"":false,""outsidePx"":0},{""x"":1010.7,""y"":877.3,""t"":198,""outside"":false,""outsidePx"":0},{""x"":1028.7,""y"":867.3,""t"":215,""outside"":false,""outsidePx"":0},{""x"":1044,""y"":858.7,""t"":231,""outside"":false,""outsidePx"":0},{""x"":1056.7,""y"":851.3,""t"":248,""outside"":false,""outsidePx"":0},{""x"":1070.7,""y"":842.7,""t"":265,""outside"":false,""outsidePx"":0},{""x"":1086,""y"":834,""t"":281,""outside"":false,""outsidePx"":0},{""x"":1100,""y"":826.7,""t"":298,""outside"":false,""outsidePx"":0},{""x"":1112.7,""y"":818,""t"":315,""outside"":false,""outsidePx"":0},{""x"":1124.7,""y"":811.3,""t"":331,""outside"":false,""outsidePx"":0},{""x"":1136.7,""y"":804,""t"":348,""outside"":false,""outsidePx"":0},{""x"":1150.7,""y"":797.3,""t"":365,""outside"":false,""outsidePx"":0},{""x"":1164.7,""y"":790,""t"":381,""outside"":false,""outsidePx"":0},{""x"":1174,""y"":784.7,""t"":398,""outside"":false,""outsidePx"":0},{""x"":1184,""y"":778,""t"":415,""outside"":false,""outsidePx"":0},{""x"":1200,""y"":770.7,""t"":431,""outside"":false,""outsidePx"":0},{""x"":1216,""y"":762,""t"":448,""outside"":false,""outsidePx"":0},{""x"":1236.7,""y"":751.3,""t"":465,""outside"":false,""outsidePx"":0},{""x"":1256,""y"":741.3,""t"":481,""outside"":false,""outsidePx"":0},{""x"":1272,""y"":734,""t"":498,""outside"":false,""outsidePx"":0},{""x"":1287.3,""y"":727.3,""t"":515,""outside"":false,""outsidePx"":0},{""x"":1301.3,""y"":720,""t"":531,""outside"":false,""outsidePx"":0},{""x"":1312,""y"":714.7,""t"":548,""outside"":false,""outsidePx"":0},{""x"":1328,""y"":706,""t"":565,""outside"":false,""outsidePx"":0},{""x"":1348.7,""y"":695.3,""t"":581,""outside"":false,""outsidePx"":0},{""x"":1368,""y"":686.7,""t"":598,""outside"":false,""outsidePx"":0},{""x"":1388.7,""y"":676.7,""t"":615,""outside"":false,""outsidePx"":0},{""x"":1408,""y"":666,""t"":631,""outside"":false,""outsidePx"":0},{""x"":1424,""y"":657.3,""t"":648,""outside"":true,""outsidePx"":0.2},{""x"":1441.3,""y"":646.7,""t"":665,""outside"":false,""outsidePx"":0},{""x"":1457.3,""y"":638,""t"":681,""outside"":true,""outsidePx"":0.2},{""x"":1469.3,""y"":630.7,""t"":698,""outside"":false,""outsidePx"":0},{""x"":1485.3,""y"":622,""t"":715,""outside"":true,""outsidePx"":0.3},{""x"":1504.7,""y"":611.3,""t"":732,""outside"":true,""outsidePx"":0.7},{""x"":1524,""y"":599.3,""t"":748,""outside"":false,""outsidePx"":0},{""x"":1544.7,""y"":588.7,""t"":765,""outside"":true,""outsidePx"":1.1},{""x"":1560.7,""y"":580,""t"":781,""outside"":true,""outsidePx"":1.6},{""x"":1572.7,""y"":571.3,""t"":798,""outside"":true,""outsidePx"":0.1},{""x"":1583.3,""y"":564.7,""t"":815,""outside"":false,""outsidePx"":0},{""x"":1595.3,""y"":555.3,""t"":831,""outside"":false,""outsidePx"":0},{""x"":1611.3,""y"":545.3,""t"":848,""outside"":false,""outsidePx"":0},{""x"":1628.7,""y"":532.7,""t"":865,""outside"":false,""outsidePx"":0},{""x"":1644.7,""y"":522.7,""t"":881,""outside"":false,""outsidePx"":0},{""x"":1658.7,""y"":513.3,""t"":898,""outside"":false,""outsidePx"":0},{""x"":1672.7,""y"":503.3,""t"":915,""outside"":false,""outsidePx"":0},{""x"":1682.7,""y"":496,""t"":931,""outside"":false,""outsidePx"":0},{""x"":1693.3,""y"":489.3,""t"":948,""outside"":false,""outsidePx"":0},{""x"":1704,""y"":480.7,""t"":965,""outside"":false,""outsidePx"":0},{""x"":1712.7,""y"":475.3,""t"":981,""outside"":false,""outsidePx"":0},{""x"":1721.3,""y"":471.3,""t"":998,""outside"":false,""outsidePx"":0},{""x"":1724.7,""y"":468,""t"":1015,""outside"":false,""outsidePx"":0},{""x"":1726.7,""y"":466.7,""t"":1031,""outside"":false,""outsidePx"":0},{""x"":1728.7,""y"":466.7,""t"":1054,""outside"":false,""outsidePx"":0}]"
hayashi,main,practice,C3,距離大条件,W固定・A長い,35,675,19.286,3,4,64,64,64,2026-09-29T07:49:59.126Z,2026-09-29T07:50:00.222Z,1096,156,802,646,true,true,none,1690,475.3,1,false,0,0,0,false,[],"[{""x"":894.7,""y"":942,""t"":0,""outside"":false,""outsidePx"":0},{""x"":895.3,""y"":940.7,""t"":42,""outside"":false,""outsidePx"":0},{""x"":900.7,""y"":938.7,""t"":59,""outside"":false,""outsidePx"":0},{""x"":909.3,""y"":933.3,""t"":75,""outside"":false,""outsidePx"":0},{""x"":918,""y"":930,""t"":92,""outside"":false,""outsidePx"":0},{""x"":930.7,""y"":923.3,""t"":108,""outside"":false,""outsidePx"":0},{""x"":950,""y"":914.7,""t"":125,""outside"":false,""outsidePx"":0},{""x"":970.7,""y"":902,""t"":142,""outside"":false,""outsidePx"":0},{""x"":993.3,""y"":890,""t"":158,""outside"":false,""outsidePx"":0},{""x"":1010.7,""y"":877.3,""t"":175,""outside"":false,""outsidePx"":0},{""x"":1030,""y"":867.3,""t"":192,""outside"":false,""outsidePx"":0},{""x"":1046,""y"":856.7,""t"":208,""outside"":false,""outsidePx"":0},{""x"":1058,""y"":849.3,""t"":225,""outside"":false,""outsidePx"":0},{""x"":1070.7,""y"":842.7,""t"":242,""outside"":false,""outsidePx"":0},{""x"":1079.3,""y"":837.3,""t"":259,""outside"":false,""outsidePx"":0},{""x"":1088,""y"":830.7,""t"":276,""outside"":false,""outsidePx"":0},{""x"":1096.7,""y"":825.3,""t"":292,""outside"":false,""outsidePx"":0},{""x"":1107.3,""y"":818,""t"":309,""outside"":false,""outsidePx"":0},{""x"":1121.3,""y"":809.3,""t"":325,""outside"":false,""outsidePx"":0},{""x"":1135.3,""y"":800.7,""t"":342,""outside"":false,""outsidePx"":0},{""x"":1146,""y"":795.3,""t"":358,""outside"":false,""outsidePx"":0},{""x"":1156,""y"":790,""t"":375,""outside"":false,""outsidePx"":0},{""x"":1164.7,""y"":784.7,""t"":392,""outside"":false,""outsidePx"":0},{""x"":1174,""y"":781.3,""t"":409,""outside"":false,""outsidePx"":0},{""x"":1184,""y"":774.7,""t"":425,""outside"":false,""outsidePx"":0},{""x"":1198,""y"":767.3,""t"":442,""outside"":false,""outsidePx"":0},{""x"":1214,""y"":758.7,""t"":458,""outside"":false,""outsidePx"":0},{""x"":1228,""y"":751.3,""t"":475,""outside"":false,""outsidePx"":0},{""x"":1238.7,""y"":746.7,""t"":492,""outside"":false,""outsidePx"":0},{""x"":1248.7,""y"":741.3,""t"":508,""outside"":false,""outsidePx"":0},{""x"":1262.7,""y"":734,""t"":525,""outside"":false,""outsidePx"":0},{""x"":1276.7,""y"":725.3,""t"":542,""outside"":false,""outsidePx"":0},{""x"":1289.3,""y"":720,""t"":558,""outside"":false,""outsidePx"":0},{""x"":1304.7,""y"":713.3,""t"":575,""outside"":false,""outsidePx"":0},{""x"":1317.3,""y"":706,""t"":592,""outside"":false,""outsidePx"":0},{""x"":1331.3,""y"":700.7,""t"":608,""outside"":false,""outsidePx"":0},{""x"":1346.7,""y"":692,""t"":625,""outside"":false,""outsidePx"":0},{""x"":1366,""y"":681.3,""t"":642,""outside"":false,""outsidePx"":0},{""x"":1385.3,""y"":669.3,""t"":658,""outside"":false,""outsidePx"":0},{""x"":1406.7,""y"":658.7,""t"":675,""outside"":false,""outsidePx"":0},{""x"":1426,""y"":646.7,""t"":692,""outside"":false,""outsidePx"":0},{""x"":1444.7,""y"":636,""t"":708,""outside"":false,""outsidePx"":0},{""x"":1464,""y"":622,""t"":725,""outside"":false,""outsidePx"":0},{""x"":1486.7,""y"":606.7,""t"":742,""outside"":false,""outsidePx"":0},{""x"":1511.3,""y"":588.7,""t"":758,""outside"":false,""outsidePx"":0},{""x"":1539.3,""y"":571.3,""t"":775,""outside"":false,""outsidePx"":0},{""x"":1560.7,""y"":559.3,""t"":791,""outside"":false,""outsidePx"":0},{""x"":1578,""y"":546.7,""t"":808,""outside"":false,""outsidePx"":0},{""x"":1590,""y"":538,""t"":825,""outside"":false,""outsidePx"":0},{""x"":1597.3,""y"":532.7,""t"":842,""outside"":false,""outsidePx"":0},{""x"":1604,""y"":527.3,""t"":858,""outside"":false,""outsidePx"":0},{""x"":1612.7,""y"":522.7,""t"":875,""outside"":false,""outsidePx"":0},{""x"":1623.3,""y"":515.3,""t"":892,""outside"":false,""outsidePx"":0},{""x"":1634,""y"":506.7,""t"":909,""outside"":false,""outsidePx"":0},{""x"":1646,""y"":499.3,""t"":925,""outside"":false,""outsidePx"":0},{""x"":1658.7,""y"":492.7,""t"":942,""outside"":false,""outsidePx"":0},{""x"":1668.7,""y"":487.3,""t"":959,""outside"":false,""outsidePx"":0},{""x"":1676,""y"":482,""t"":975,""outside"":false,""outsidePx"":0},{""x"":1684.7,""y"":478.7,""t"":992,""outside"":false,""outsidePx"":0},{""x"":1690,""y"":475.3,""t"":1008,""outside"":false,""outsidePx"":0}]"
hayashi,main,practice,C3,距離大条件,W固定・A長い,35,675,19.286,3,5,65,65,65,2026-09-29T07:50:00.769Z,2026-09-29T07:50:01.976Z,1207,137,898,761,true,true,deviation,1714.7,473.3,1,true,1,166,4.3,false,"[{""startMs"":765,""startX"":1448.7,""startY"":643.3,""maxOutsidePx"":4.3,""endMs"":931,""endX"":1611.3,""endY"":548.7,""durationMs"":166}]","[{""x"":889.3,""y"":940,""t"":0,""outside"":false,""outsidePx"":0},{""x"":890,""y"":940,""t"":27,""outside"":false,""outsidePx"":0},{""x"":892,""y"":940,""t"":35,""outside"":false,""outsidePx"":0},{""x"":900.7,""y"":933.3,""t"":49,""outside"":false,""outsidePx"":0},{""x"":914.7,""y"":926.7,""t"":65,""outside"":false,""outsidePx"":0},{""x"":926.7,""y"":919.3,""t"":82,""outside"":false,""outsidePx"":0},{""x"":940.7,""y"":912.7,""t"":98,""outside"":false,""outsidePx"":0},{""x"":956.7,""y"":904,""t"":115,""outside"":false,""outsidePx"":0},{""x"":979.3,""y"":893.3,""t"":131,""outside"":false,""outsidePx"":0},{""x"":1002,""y"":881.3,""t"":148,""outside"":false,""outsidePx"":0},{""x"":1018,""y"":872.7,""t"":165,""outside"":false,""outsidePx"":0},{""x"":1032,""y"":865.3,""t"":181,""outside"":false,""outsidePx"":0},{""x"":1042.7,""y"":856.7,""t"":198,""outside"":false,""outsidePx"":0},{""x"":1052.7,""y"":851.3,""t"":215,""outside"":false,""outsidePx"":0},{""x"":1063.3,""y"":842.7,""t"":231,""outside"":false,""outsidePx"":0},{""x"":1072,""y"":837.3,""t"":248,""outside"":false,""outsidePx"":0},{""x"":1084.7,""y"":830.7,""t"":265,""outside"":false,""outsidePx"":0},{""x"":1096.7,""y"":823.3,""t"":282,""outside"":false,""outsidePx"":0},{""x"":1105.3,""y"":816.7,""t"":299,""outside"":false,""outsidePx"":0},{""x"":1114,""y"":811.3,""t"":315,""outside"":false,""outsidePx"":0},{""x"":1124.7,""y"":804,""t"":332,""outside"":false,""outsidePx"":0},{""x"":1133.3,""y"":798.7,""t"":348,""outside"":false,""outsidePx"":0},{""x"":1142,""y"":793.3,""t"":365,""outside"":false,""outsidePx"":0},{""x"":1150.7,""y"":786.7,""t"":381,""outside"":false,""outsidePx"":0},{""x"":1160,""y"":783.3,""t"":398,""outside"":false,""outsidePx"":0},{""x"":1170,""y"":778,""t"":415,""outside"":false,""outsidePx"":0},{""x"":1180.7,""y"":772.7,""t"":431,""outside"":false,""outsidePx"":0},{""x"":1191.3,""y"":765.3,""t"":448,""outside"":false,""outsidePx"":0},{""x"":1203.3,""y"":760.7,""t"":465,""outside"":false,""outsidePx"":0},{""x"":1216,""y"":753.3,""t"":481,""outside"":false,""outsidePx"":0},{""x"":1228,""y"":746.7,""t"":498,""outside"":false,""outsidePx"":0},{""x"":1244,""y"":737.3,""t"":515,""outside"":false,""outsidePx"":0},{""x"":1259.3,""y"":732.7,""t"":531,""outside"":false,""outsidePx"":0},{""x"":1275.3,""y"":725.3,""t"":548,""outside"":false,""outsidePx"":0},{""x"":1292.7,""y"":720,""t"":565,""outside"":false,""outsidePx"":0},{""x"":1304.7,""y"":714.7,""t"":582,""outside"":false,""outsidePx"":0},{""x"":1315.3,""y"":711.3,""t"":598,""outside"":false,""outsidePx"":0},{""x"":1326,""y"":706,""t"":615,""outside"":false,""outsidePx"":0},{""x"":1338,""y"":699.3,""t"":631,""outside"":false,""outsidePx"":0},{""x"":1352,""y"":692,""t"":648,""outside"":false,""outsidePx"":0},{""x"":1370,""y"":683.3,""t"":665,""outside"":false,""outsidePx"":0},{""x"":1385.3,""y"":674.7,""t"":681,""outside"":false,""outsidePx"":0},{""x"":1401.3,""y"":667.3,""t"":698,""outside"":false,""outsidePx"":0},{""x"":1413.3,""y"":662.7,""t"":715,""outside"":false,""outsidePx"":0},{""x"":1422,""y"":657.3,""t"":731,""outside"":false,""outsidePx"":0},{""x"":1432.7,""y"":652,""t"":748,""outside"":false,""outsidePx"":0},{""x"":1448.7,""y"":643.3,""t"":765,""outside"":true,""outsidePx"":0.4},{""x"":1466,""y"":634.7,""t"":781,""outside"":true,""outsidePx"":1.6},{""x"":1483.3,""y"":624,""t"":798,""outside"":true,""outsidePx"":1},{""x"":1500.7,""y"":615.3,""t"":815,""outside"":true,""outsidePx"":2.2},{""x"":1520,""y"":604.7,""t"":831,""outside"":true,""outsidePx"":2.6},{""x"":1538,""y"":596,""t"":848,""outside"":true,""outsidePx"":4.1},{""x"":1553.3,""y"":587.3,""t"":865,""outside"":true,""outsidePx"":4.3},{""x"":1569.3,""y"":576.7,""t"":881,""outside"":true,""outsidePx"":3},{""x"":1581.3,""y"":568,""t"":898,""outside"":true,""outsidePx"":1.5},{""x"":1595.3,""y"":559.3,""t"":915,""outside"":true,""outsidePx"":1},{""x"":1611.3,""y"":548.7,""t"":931,""outside"":false,""outsidePx"":0},{""x"":1625.3,""y"":540,""t"":948,""outside"":false,""outsidePx"":0},{""x"":1639.3,""y"":531.3,""t"":965,""outside"":false,""outsidePx"":0},{""x"":1648,""y"":522.7,""t"":981,""outside"":false,""outsidePx"":0},{""x"":1658.7,""y"":515.3,""t"":998,""outside"":false,""outsidePx"":0},{""x"":1668.7,""y"":506.7,""t"":1015,""outside"":false,""outsidePx"":0},{""x"":1681.3,""y"":498,""t"":1032,""outside"":false,""outsidePx"":0},{""x"":1692,""y"":489.3,""t"":1048,""outside"":false,""outsidePx"":0},{""x"":1698.7,""y"":482,""t"":1065,""outside"":false,""outsidePx"":0},{""x"":1706,""y"":478.7,""t"":1081,""outside"":false,""outsidePx"":0},{""x"":1710.7,""y"":475.3,""t"":1098,""outside"":false,""outsidePx"":0},{""x"":1712.7,""y"":473.3,""t"":1115,""outside"":false,""outsidePx"":0},{""x"":1714.7,""y"":473.3,""t"":1131,""outside"":false,""outsidePx"":0}]"
hayashi,main,practice,C3,距離大条件,W固定・A長い,35,675,19.286,3,6,66,66,66,2026-09-29T07:50:02.890Z,2026-09-29T07:50:04.001Z,1112,163,753,590,true,true,none,1700.7,475.3,1,false,0,0,0,false,[],"[{""x"":896,""y"":943.3,""t"":0,""outside"":false,""outsidePx"":0},{""x"":897.3,""y"":943.3,""t"":11,""outside"":false,""outsidePx"":0},{""x"":898.7,""y"":942.7,""t"":27,""outside"":false,""outsidePx"":0},{""x"":904,""y"":938.7,""t"":44,""outside"":false,""outsidePx"":0},{""x"":911.3,""y"":933.3,""t"":60,""outside"":false,""outsidePx"":0},{""x"":923.3,""y"":928.7,""t"":77,""outside"":false,""outsidePx"":0},{""x"":937.3,""y"":921.3,""t"":94,""outside"":false,""outsidePx"":0},{""x"":950,""y"":914.7,""t"":111,""outside"":false,""outsidePx"":0},{""x"":962,""y"":907.3,""t"":127,""outside"":false,""outsidePx"":0},{""x"":974,""y"":898.7,""t"":144,""outside"":false,""outsidePx"":0},{""x"":986.7,""y"":891.3,""t"":160,""outside"":false,""outsidePx"":0},{""x"":996.7,""y"":882.7,""t"":177,""outside"":false,""outsidePx"":0},{""x"":1007.3,""y"":876,""t"":194,""outside"":false,""outsidePx"":0},{""x"":1020,""y"":868.7,""t"":211,""outside"":false,""outsidePx"":0},{""x"":1032,""y"":860,""t"":227,""outside"":false,""outsidePx"":0},{""x"":1048,""y"":849.3,""t"":244,""outside"":false,""outsidePx"":0},{""x"":1060,""y"":842.7,""t"":260,""outside"":false,""outsidePx"":0},{""x"":1072,""y"":835.3,""t"":277,""outside"":false,""outsidePx"":0},{""x"":1082.7,""y"":830.7,""t"":294,""outside"":false,""outsidePx"":0},{""x"":1091.3,""y"":825.3,""t"":310,""outside"":false,""outsidePx"":0},{""x"":1104,""y"":816.7,""t"":327,""outside"":false,""outsidePx"":0},{""x"":1118,""y"":807.3,""t"":344,""outside"":false,""outsidePx"":0},{""x"":1132,""y"":798.7,""t"":360,""outside"":false,""outsidePx"":0},{""x"":1147.3,""y"":792,""t"":377,""outside"":false,""outsidePx"":0},{""x"":1160,""y"":786.7,""t"":394,""outside"":false,""outsidePx"":0},{""x"":1170,""y"":779.3,""t"":410,""outside"":false,""outsidePx"":0},{""x"":1184,""y"":772.7,""t"":427,""outside"":false,""outsidePx"":0},{""x"":1200,""y"":764,""t"":444,""outside"":false,""outsidePx"":0},{""x"":1220.7,""y"":755.3,""t"":460,""outside"":false,""outsidePx"":0},{""x"":1242,""y"":746.7,""t"":477,""outside"":false,""outsidePx"":0},{""x"":1259.3,""y"":739.3,""t"":494,""outside"":false,""outsidePx"":0},{""x"":1275.3,""y"":732.7,""t"":510,""outside"":false,""outsidePx"":0},{""x"":1290.7,""y"":723.3,""t"":527,""outside"":false,""outsidePx"":0},{""x"":1304.7,""y"":716.7,""t"":544,""outside"":false,""outsidePx"":0},{""x"":1324,""y"":706,""t"":560,""outside"":false,""outsidePx"":0},{""x"":1348.7,""y"":694,""t"":577,""outside"":false,""outsidePx"":0},{""x"":1373.3,""y"":678,""t"":593,""outside"":false,""outsidePx"":0},{""x"":1399.3,""y"":664,""t"":610,""outside"":false,""outsidePx"":0},{""x"":1416.7,""y"":655.3,""t"":627,""outside"":false,""outsidePx"":0},{""x"":1434.7,""y"":646.7,""t"":643,""outside"":false,""outsidePx"":0},{""x"":1450,""y"":638,""t"":660,""outside"":false,""outsidePx"":0},{""x"":1468,""y"":624,""t"":677,""outside"":false,""outsidePx"":0},{""x"":1490.7,""y"":608,""t"":693,""outside"":false,""outsidePx"":0},{""x"":1514.7,""y"":590.7,""t"":710,""outside"":false,""outsidePx"":0},{""x"":1536,""y"":576.7,""t"":727,""outside"":false,""outsidePx"":0},{""x"":1560.7,""y"":559.3,""t"":743,""outside"":false,""outsidePx"":0},{""x"":1581.3,""y"":546.7,""t"":760,""outside"":false,""outsidePx"":0},{""x"":1595.3,""y"":536.7,""t"":777,""outside"":false,""outsidePx"":0},{""x"":1608,""y"":529.3,""t"":793,""outside"":false,""outsidePx"":0},{""x"":1614.7,""y"":524,""t"":810,""outside"":false,""outsidePx"":0},{""x"":1623.3,""y"":518.7,""t"":827,""outside"":false,""outsidePx"":0},{""x"":1632,""y"":512,""t"":843,""outside"":false,""outsidePx"":0},{""x"":1640.7,""y"":506.7,""t"":861,""outside"":false,""outsidePx"":0},{""x"":1648,""y"":501.3,""t"":877,""outside"":false,""outsidePx"":0},{""x"":1656.7,""y"":498,""t"":893,""outside"":false,""outsidePx"":0},{""x"":1664,""y"":492.7,""t"":910,""outside"":false,""outsidePx"":0},{""x"":1667.3,""y"":490.7,""t"":927,""outside"":false,""outsidePx"":0},{""x"":1668.7,""y"":490.7,""t"":944,""outside"":false,""outsidePx"":0},{""x"":1670.7,""y"":489.3,""t"":960,""outside"":false,""outsidePx"":0},{""x"":1674,""y"":487.3,""t"":977,""outside"":false,""outsidePx"":0},{""x"":1681.3,""y"":484,""t"":993,""outside"":false,""outsidePx"":0},{""x"":1688,""y"":480.7,""t"":1010,""outside"":false,""outsidePx"":0},{""x"":1696.7,""y"":476.7,""t"":1027,""outside"":false,""outsidePx"":0},{""x"":1700.7,""y"":475.3,""t"":1044,""outside"":false,""outsidePx"":0}]"
hayashi,main,practice,C3,距離大条件,W固定・A長い,35,675,19.286,3,7,67,67,67,2026-09-29T07:50:04.535Z,2026-09-29T07:50:05.589Z,1054,156,796,640,true,true,none,1686.7,484,1,false,0,0,0,false,[],"[{""x"":878.7,""y"":936.7,""t"":0,""outside"":false,""outsidePx"":0},{""x"":880,""y"":936.7,""t"":67,""outside"":false,""outsidePx"":0},{""x"":884.7,""y"":935.3,""t"":82,""outside"":false,""outsidePx"":0},{""x"":897.3,""y"":930,""t"":98,""outside"":false,""outsidePx"":0},{""x"":918,""y"":919.3,""t"":115,""outside"":false,""outsidePx"":0},{""x"":946,""y"":907.3,""t"":132,""outside"":false,""outsidePx"":0},{""x"":974,""y"":893.3,""t"":148,""outside"":false,""outsidePx"":0},{""x"":1002,""y"":881.3,""t"":165,""outside"":false,""outsidePx"":0},{""x"":1030,""y"":868.7,""t"":182,""outside"":false,""outsidePx"":0},{""x"":1051.3,""y"":856.7,""t"":198,""outside"":false,""outsidePx"":0},{""x"":1072,""y"":844.7,""t"":215,""outside"":false,""outsidePx"":0},{""x"":1090,""y"":834,""t"":232,""outside"":false,""outsidePx"":0},{""x"":1104,""y"":823.3,""t"":248,""outside"":false,""outsidePx"":0},{""x"":1119.3,""y"":816.7,""t"":265,""outside"":false,""outsidePx"":0},{""x"":1136.7,""y"":807.3,""t"":282,""outside"":false,""outsidePx"":0},{""x"":1150.7,""y"":798.7,""t"":298,""outside"":false,""outsidePx"":0},{""x"":1164.7,""y"":790,""t"":315,""outside"":false,""outsidePx"":0},{""x"":1174,""y"":784.7,""t"":332,""outside"":false,""outsidePx"":0},{""x"":1180.7,""y"":779.3,""t"":349,""outside"":false,""outsidePx"":0},{""x"":1191.3,""y"":774.7,""t"":365,""outside"":false,""outsidePx"":0},{""x"":1203.3,""y"":767.3,""t"":382,""outside"":false,""outsidePx"":0},{""x"":1216,""y"":758.7,""t"":399,""outside"":false,""outsidePx"":0},{""x"":1226,""y"":751.3,""t"":415,""outside"":false,""outsidePx"":0},{""x"":1236.7,""y"":746.7,""t"":432,""outside"":false,""outsidePx"":0},{""x"":1248.7,""y"":739.3,""t"":449,""outside"":false,""outsidePx"":0},{""x"":1261.3,""y"":732.7,""t"":465,""outside"":false,""outsidePx"":0},{""x"":1272,""y"":723.3,""t"":482,""outside"":false,""outsidePx"":0},{""x"":1286,""y"":714.7,""t"":498,""outside"":false,""outsidePx"":0},{""x"":1300,""y"":708,""t"":515,""outside"":false,""outsidePx"":0},{""x"":1312,""y"":700.7,""t"":532,""outside"":false,""outsidePx"":0},{""x"":1326,""y"":695.3,""t"":548,""outside"":false,""outsidePx"":0},{""x"":1340,""y"":686.7,""t"":565,""outside"":false,""outsidePx"":0},{""x"":1356,""y"":678,""t"":582,""outside"":false,""outsidePx"":0},{""x"":1371.3,""y"":669.3,""t"":598,""outside"":false,""outsidePx"":0},{""x"":1387.3,""y"":660.7,""t"":615,""outside"":false,""outsidePx"":0},{""x"":1406.7,""y"":650,""t"":632,""outside"":false,""outsidePx"":0},{""x"":1426,""y"":639.3,""t"":648,""outside"":false,""outsidePx"":0},{""x"":1444.7,""y"":629.3,""t"":665,""outside"":false,""outsidePx"":0},{""x"":1466,""y"":616.7,""t"":682,""outside"":false,""outsidePx"":0},{""x"":1483.3,""y"":606.7,""t"":698,""outside"":false,""outsidePx"":0},{""x"":1497.3,""y"":597.3,""t"":715,""outside"":false,""outsidePx"":0},{""x"":1513.3,""y"":587.3,""t"":732,""outside"":false,""outsidePx"":0},{""x"":1530.7,""y"":576.7,""t"":748,""outside"":false,""outsidePx"":0},{""x"":1544.7,""y"":568,""t"":765,""outside"":false,""outsidePx"":0},{""x"":1560.7,""y"":560.7,""t"":782,""outside"":false,""outsidePx"":0},{""x"":1574.7,""y"":552,""t"":798,""outside"":false,""outsidePx"":0},{""x"":1592,""y"":543.3,""t"":815,""outside"":false,""outsidePx"":0},{""x"":1609.3,""y"":531.3,""t"":832,""outside"":false,""outsidePx"":0},{""x"":1628.7,""y"":520.7,""t"":848,""outside"":false,""outsidePx"":0},{""x"":1644.7,""y"":512,""t"":865,""outside"":false,""outsidePx"":0},{""x"":1654.7,""y"":504.7,""t"":882,""outside"":false,""outsidePx"":0},{""x"":1660,""y"":501.3,""t"":898,""outside"":false,""outsidePx"":0},{""x"":1664,""y"":498,""t"":915,""outside"":false,""outsidePx"":0},{""x"":1668.7,""y"":494.7,""t"":932,""outside"":false,""outsidePx"":0},{""x"":1676,""y"":490.7,""t"":948,""outside"":false,""outsidePx"":0},{""x"":1681.3,""y"":487.3,""t"":965,""outside"":false,""outsidePx"":0},{""x"":1684.7,""y"":484,""t"":982,""outside"":false,""outsidePx"":0},{""x"":1686.7,""y"":484,""t"":999,""outside"":false,""outsidePx"":0}]"
hayashi,main,practice,C3,距離大条件,W固定・A長い,35,675,19.286,3,8,68,68,68,2026-09-29T07:50:06.130Z,2026-09-29T07:50:07.166Z,1037,147,761,614,true,true,none,1672.7,487.3,1,false,0,0,0,false,[],"[{""x"":899.3,""y"":943.3,""t"":0,""outside"":false,""outsidePx"":0},{""x"":900.7,""y"":943.3,""t"":60,""outside"":false,""outsidePx"":0},{""x"":904,""y"":940.7,""t"":70,""outside"":false,""outsidePx"":0},{""x"":918,""y"":933.3,""t"":87,""outside"":false,""outsidePx"":0},{""x"":942.7,""y"":921.3,""t"":103,""outside"":false,""outsidePx"":0},{""x"":964,""y"":909.3,""t"":120,""outside"":false,""outsidePx"":0},{""x"":982.7,""y"":900.7,""t"":137,""outside"":false,""outsidePx"":0},{""x"":996.7,""y"":893.3,""t"":153,""outside"":false,""outsidePx"":0},{""x"":1014.7,""y"":882.7,""t"":170,""outside"":false,""outsidePx"":0},{""x"":1035.3,""y"":870.7,""t"":186,""outside"":false,""outsidePx"":0},{""x"":1054.7,""y"":858.7,""t"":203,""outside"":false,""outsidePx"":0},{""x"":1076,""y"":844.7,""t"":220,""outside"":false,""outsidePx"":0},{""x"":1093.3,""y"":832,""t"":236,""outside"":false,""outsidePx"":0},{""x"":1107.3,""y"":823.3,""t"":253,""outside"":false,""outsidePx"":0},{""x"":1118,""y"":814.7,""t"":270,""outside"":false,""outsidePx"":0},{""x"":1128,""y"":807.3,""t"":286,""outside"":false,""outsidePx"":0},{""x"":1138.7,""y"":800.7,""t"":303,""outside"":false,""outsidePx"":0},{""x"":1152.7,""y"":792,""t"":320,""outside"":false,""outsidePx"":0},{""x"":1168.7,""y"":781.3,""t"":336,""outside"":false,""outsidePx"":0},{""x"":1180.7,""y"":774.7,""t"":353,""outside"":false,""outsidePx"":0},{""x"":1191.3,""y"":769.3,""t"":370,""outside"":false,""outsidePx"":0},{""x"":1202,""y"":760.7,""t"":386,""outside"":false,""outsidePx"":0},{""x"":1214,""y"":753.3,""t"":403,""outside"":false,""outsidePx"":0},{""x"":1226,""y"":744.7,""t"":420,""outside"":false,""outsidePx"":0},{""x"":1244,""y"":734,""t"":436,""outside"":false,""outsidePx"":0},{""x"":1256,""y"":727.3,""t"":453,""outside"":false,""outsidePx"":0},{""x"":1264.7,""y"":723.3,""t"":470,""outside"":false,""outsidePx"":0},{""x"":1272,""y"":720,""t"":487,""outside"":false,""outsidePx"":0},{""x"":1278.7,""y"":716.7,""t"":503,""outside"":false,""outsidePx"":0},{""x"":1289.3,""y"":709.3,""t"":520,""outside"":false,""outsidePx"":0},{""x"":1301.3,""y"":704.7,""t"":537,""outside"":false,""outsidePx"":0},{""x"":1317.3,""y"":695.3,""t"":553,""outside"":false,""outsidePx"":0},{""x"":1336.7,""y"":686.7,""t"":570,""outside"":false,""outsidePx"":0},{""x"":1354,""y"":678,""t"":586,""outside"":false,""outsidePx"":0},{""x"":1374.7,""y"":669.3,""t"":603,""outside"":false,""outsidePx"":0},{""x"":1398,""y"":660.7,""t"":620,""outside"":false,""outsidePx"":0},{""x"":1416.7,""y"":652,""t"":636,""outside"":false,""outsidePx"":0},{""x"":1434.7,""y"":643.3,""t"":653,""outside"":false,""outsidePx"":0},{""x"":1457.3,""y"":630.7,""t"":670,""outside"":false,""outsidePx"":0},{""x"":1478,""y"":620.7,""t"":686,""outside"":false,""outsidePx"":0},{""x"":1499.3,""y"":608,""t"":703,""outside"":false,""outsidePx"":0},{""x"":1524,""y"":592.7,""t"":720,""outside"":false,""outsidePx"":0},{""x"":1546.7,""y"":578.7,""t"":736,""outside"":false,""outsidePx"":0},{""x"":1569.3,""y"":566,""t"":753,""outside"":false,""outsidePx"":0},{""x"":1586.7,""y"":554,""t"":770,""outside"":false,""outsidePx"":0},{""x"":1598.7,""y"":545.3,""t"":786,""outside"":false,""outsidePx"":0},{""x"":1612.7,""y"":534.7,""t"":803,""outside"":false,""outsidePx"":0},{""x"":1626.7,""y"":522.7,""t"":820,""outside"":false,""outsidePx"":0},{""x"":1640.7,""y"":512,""t"":836,""outside"":false,""outsidePx"":0},{""x"":1654.7,""y"":501.3,""t"":853,""outside"":false,""outsidePx"":0},{""x"":1664,""y"":494.7,""t"":870,""outside"":false,""outsidePx"":0},{""x"":1667.3,""y"":490.7,""t"":887,""outside"":false,""outsidePx"":0},{""x"":1668.7,""y"":489.3,""t"":903,""outside"":false,""outsidePx"":0},{""x"":1670.7,""y"":489.3,""t"":920,""outside"":false,""outsidePx"":0},{""x"":1672.7,""y"":489.3,""t"":945,""outside"":false,""outsidePx"":0},{""x"":1672.7,""y"":487.3,""t"":954,""outside"":false,""outsidePx"":0}]"
hayashi,main,practice,C3,距離大条件,W固定・A長い,35,675,19.286,3,9,69,69,69,2026-09-29T07:50:07.683Z,2026-09-29T07:50:08.689Z,1006,192,734,542,true,true,none,1732,468,1,false,0,0,0,false,[],"[{""x"":838.7,""y"":966,""t"":0,""outside"":false,""outsidePx"":0},{""x"":839.3,""y"":966,""t"":16,""outside"":false,""outsidePx"":0},{""x"":846.7,""y"":963.3,""t"":33,""outside"":false,""outsidePx"":0},{""x"":855.3,""y"":958,""t"":49,""outside"":false,""outsidePx"":0},{""x"":866,""y"":951.3,""t"":66,""outside"":false,""outsidePx"":0},{""x"":880,""y"":942.7,""t"":83,""outside"":false,""outsidePx"":0},{""x"":897.3,""y"":933.3,""t"":99,""outside"":false,""outsidePx"":0},{""x"":912.7,""y"":924.7,""t"":116,""outside"":false,""outsidePx"":0},{""x"":928.7,""y"":916,""t"":133,""outside"":false,""outsidePx"":0},{""x"":942.7,""y"":909.3,""t"":149,""outside"":false,""outsidePx"":0},{""x"":958.7,""y"":900.7,""t"":166,""outside"":false,""outsidePx"":0},{""x"":976,""y"":893.3,""t"":183,""outside"":false,""outsidePx"":0},{""x"":995.3,""y"":881.3,""t"":199,""outside"":false,""outsidePx"":0},{""x"":1014.7,""y"":872.7,""t"":216,""outside"":false,""outsidePx"":0},{""x"":1030,""y"":863.3,""t"":233,""outside"":false,""outsidePx"":0},{""x"":1044,""y"":854.7,""t"":249,""outside"":false,""outsidePx"":0},{""x"":1062,""y"":844.7,""t"":266,""outside"":false,""outsidePx"":0},{""x"":1079.3,""y"":834,""t"":283,""outside"":false,""outsidePx"":0},{""x"":1096.7,""y"":825.3,""t"":299,""outside"":false,""outsidePx"":0},{""x"":1114,""y"":814.7,""t"":316,""outside"":false,""outsidePx"":0},{""x"":1132,""y"":804,""t"":333,""outside"":false,""outsidePx"":0},{""x"":1150.7,""y"":793.3,""t"":349,""outside"":false,""outsidePx"":0},{""x"":1174,""y"":784.7,""t"":366,""outside"":false,""outsidePx"":0},{""x"":1194.7,""y"":776,""t"":382,""outside"":false,""outsidePx"":0},{""x"":1212,""y"":767.3,""t"":399,""outside"":false,""outsidePx"":0},{""x"":1230,""y"":756.7,""t"":416,""outside"":false,""outsidePx"":0},{""x"":1247.3,""y"":746.7,""t"":433,""outside"":false,""outsidePx"":0},{""x"":1261.3,""y"":737.3,""t"":449,""outside"":false,""outsidePx"":0},{""x"":1278.7,""y"":727.3,""t"":466,""outside"":false,""outsidePx"":0},{""x"":1296,""y"":718.7,""t"":482,""outside"":false,""outsidePx"":0},{""x"":1310,""y"":709.3,""t"":499,""outside"":false,""outsidePx"":0},{""x"":1328,""y"":700.7,""t"":516,""outside"":false,""outsidePx"":0},{""x"":1342,""y"":692,""t"":532,""outside"":false,""outsidePx"":0},{""x"":1356,""y"":683.3,""t"":549,""outside"":false,""outsidePx"":0},{""x"":1370,""y"":676.7,""t"":566,""outside"":false,""outsidePx"":0},{""x"":1385.3,""y"":666,""t"":582,""outside"":false,""outsidePx"":0},{""x"":1404.7,""y"":653.3,""t"":599,""outside"":false,""outsidePx"":0},{""x"":1426,""y"":638,""t"":616,""outside"":false,""outsidePx"":0},{""x"":1444.7,""y"":625.3,""t"":632,""outside"":false,""outsidePx"":0},{""x"":1468,""y"":611.3,""t"":649,""outside"":false,""outsidePx"":0},{""x"":1488.7,""y"":599.3,""t"":666,""outside"":false,""outsidePx"":0},{""x"":1510,""y"":588.7,""t"":682,""outside"":false,""outsidePx"":0},{""x"":1530.7,""y"":576.7,""t"":699,""outside"":false,""outsidePx"":0},{""x"":1552,""y"":564.7,""t"":716,""outside"":false,""outsidePx"":0},{""x"":1570.7,""y"":554,""t"":732,""outside"":false,""outsidePx"":0},{""x"":1592,""y"":543.3,""t"":749,""outside"":false,""outsidePx"":0},{""x"":1611.3,""y"":534.7,""t"":766,""outside"":false,""outsidePx"":0},{""x"":1626.7,""y"":527.3,""t"":782,""outside"":false,""outsidePx"":0},{""x"":1642.7,""y"":518.7,""t"":799,""outside"":false,""outsidePx"":0},{""x"":1658.7,""y"":512,""t"":816,""outside"":false,""outsidePx"":0},{""x"":1670.7,""y"":503.3,""t"":832,""outside"":false,""outsidePx"":0},{""x"":1686.7,""y"":494.7,""t"":849,""outside"":false,""outsidePx"":0},{""x"":1704,""y"":485.3,""t"":866,""outside"":false,""outsidePx"":0},{""x"":1720,""y"":475.3,""t"":884,""outside"":false,""outsidePx"":0},{""x"":1730,""y"":470,""t"":899,""outside"":false,""outsidePx"":0},{""x"":1732,""y"":468,""t"":916,""outside"":false,""outsidePx"":0}]"
hayashi,main,practice,C3,距離大条件,W固定・A長い,35,675,19.286,3,10,70,70,70,2026-09-29T07:50:10.120Z,2026-09-29T07:50:10.397Z,276,,,,false,false,pointerup_mid_path,927.3,932.7,0,false,0,0,0,false,[],"[{""x"":903.3,""y"":956,""t"":0,""outside"":false,""outsidePx"":0},{""x"":903.3,""y"":954.7,""t"":29,""outside"":false,""outsidePx"":0},{""x"":906,""y"":951.3,""t"":45,""outside"":false,""outsidePx"":0},{""x"":909.3,""y"":949.3,""t"":62,""outside"":false,""outsidePx"":0},{""x"":912.7,""y"":946,""t"":79,""outside"":false,""outsidePx"":0},{""x"":914.7,""y"":946,""t"":96,""outside"":false,""outsidePx"":0},{""x"":916.7,""y"":944,""t"":113,""outside"":false,""outsidePx"":0},{""x"":920,""y"":940.7,""t"":129,""outside"":false,""outsidePx"":0},{""x"":926.7,""y"":937.3,""t"":146,""outside"":false,""outsidePx"":0},{""x"":936,""y"":932,""t"":162,""outside"":false,""outsidePx"":0},{""x"":942.7,""y"":928.7,""t"":179,""outside"":false,""outsidePx"":0},{""x"":944.7,""y"":926.7,""t"":196,""outside"":false,""outsidePx"":0},{""x"":943.3,""y"":928,""t"":246,""outside"":false,""outsidePx"":0},{""x"":936.7,""y"":929.3,""t"":262,""outside"":false,""outsidePx"":0},{""x"":927.3,""y"":932.7,""t"":276,""outside"":false,""outsidePx"":0}]"
hayashi,main,practice,C3,距離大条件,W固定・A長い,35,675,19.286,3,10,70,70,71,2026-09-29T07:50:10.497Z,2026-09-29T07:50:10.564Z,67,,,,false,false,pointerup_mid_path,904,937.3,0,false,0,0,0,false,[],"[{""x"":895.3,""y"":940.7,""t"":0,""outside"":false,""outsidePx"":0},{""x"":897.3,""y"":940.7,""t"":1,""outside"":false,""outsidePx"":0},{""x"":902.7,""y"":937.3,""t"":18,""outside"":false,""outsidePx"":0},{""x"":904,""y"":937.3,""t"":35,""outside"":false,""outsidePx"":0}]"
hayashi,main,practice,C3,距離大条件,W固定・A長い,35,675,19.286,3,10,70,70,72,2026-09-29T07:50:10.692Z,2026-09-29T07:50:11.845Z,1152,211,821,610,false,true,near_goal_pointerup,1678,468,1,true,2,295,1.8,false,"[{""startMs"":790,""startX"":1528.7,""startY"":555.3,""maxOutsidePx"":0.8,""endMs"":806,""endX"":1548,""endY"":546.7,""durationMs"":16},{""startMs"":873,""startX"":1604,""startY"":512,""maxOutsidePx"":1.8,""endMs"":1152,""endX"":1678,""endY"":468,""durationMs"":279}]","[{""x"":894.7,""y"":943.3,""t"":0,""outside"":false,""outsidePx"":0},{""x"":894.7,""y"":942.7,""t"":23,""outside"":false,""outsidePx"":0},{""x"":897.3,""y"":940.7,""t"":40,""outside"":false,""outsidePx"":0},{""x"":900.7,""y"":938.7,""t"":57,""outside"":false,""outsidePx"":0},{""x"":909.3,""y"":935.3,""t"":73,""outside"":false,""outsidePx"":0},{""x"":918,""y"":930,""t"":90,""outside"":false,""outsidePx"":0},{""x"":926.7,""y"":926.7,""t"":106,""outside"":false,""outsidePx"":0},{""x"":939.3,""y"":921.3,""t"":123,""outside"":false,""outsidePx"":0},{""x"":951.3,""y"":916,""t"":140,""outside"":false,""outsidePx"":0},{""x"":964,""y"":910.7,""t"":156,""outside"":false,""outsidePx"":0},{""x"":974,""y"":905.3,""t"":173,""outside"":false,""outsidePx"":0},{""x"":981.3,""y"":902,""t"":190,""outside"":false,""outsidePx"":0},{""x"":990,""y"":896.7,""t"":207,""outside"":false,""outsidePx"":0},{""x"":996.7,""y"":893.3,""t"":224,""outside"":false,""outsidePx"":0},{""x"":1000.7,""y"":891.3,""t"":240,""outside"":false,""outsidePx"":0},{""x"":1006,""y"":890,""t"":256,""outside"":false,""outsidePx"":0},{""x"":1014.7,""y"":884.7,""t"":273,""outside"":false,""outsidePx"":0},{""x"":1026.7,""y"":877.3,""t"":290,""outside"":false,""outsidePx"":0},{""x"":1044,""y"":867.3,""t"":306,""outside"":false,""outsidePx"":0},{""x"":1065.3,""y"":854.7,""t"":323,""outside"":false,""outsidePx"":0},{""x"":1086,""y"":842.7,""t"":340,""outside"":false,""outsidePx"":0},{""x"":1100,""y"":834,""t"":356,""outside"":false,""outsidePx"":0},{""x"":1112.7,""y"":825.3,""t"":373,""outside"":false,""outsidePx"":0},{""x"":1119.3,""y"":820,""t"":390,""outside"":false,""outsidePx"":0},{""x"":1130,""y"":812.7,""t"":406,""outside"":false,""outsidePx"":0},{""x"":1140.7,""y"":806,""t"":423,""outside"":false,""outsidePx"":0},{""x"":1150.7,""y"":798.7,""t"":440,""outside"":false,""outsidePx"":0},{""x"":1163.3,""y"":792,""t"":456,""outside"":false,""outsidePx"":0},{""x"":1175.3,""y"":784.7,""t"":473,""outside"":false,""outsidePx"":0},{""x"":1184,""y"":779.3,""t"":490,""outside"":false,""outsidePx"":0},{""x"":1192.7,""y"":774.7,""t"":506,""outside"":false,""outsidePx"":0},{""x"":1205.3,""y"":769.3,""t"":523,""outside"":false,""outsidePx"":0},{""x"":1217.3,""y"":760.7,""t"":540,""outside"":false,""outsidePx"":0},{""x"":1233.3,""y"":748,""t"":557,""outside"":false,""outsidePx"":0},{""x"":1252.7,""y"":734,""t"":573,""outside"":false,""outsidePx"":0},{""x"":1272,""y"":720,""t"":590,""outside"":false,""outsidePx"":0},{""x"":1289.3,""y"":709.3,""t"":606,""outside"":false,""outsidePx"":0},{""x"":1310,""y"":695.3,""t"":623,""outside"":false,""outsidePx"":0},{""x"":1328,""y"":683.3,""t"":639,""outside"":false,""outsidePx"":0},{""x"":1346.7,""y"":671.3,""t"":656,""outside"":false,""outsidePx"":0},{""x"":1368,""y"":655.3,""t"":673,""outside"":false,""outsidePx"":0},{""x"":1390.7,""y"":639.3,""t"":689,""outside"":false,""outsidePx"":0},{""x"":1413.3,""y"":624,""t"":706,""outside"":false,""outsidePx"":0},{""x"":1438,""y"":610,""t"":723,""outside"":false,""outsidePx"":0},{""x"":1460.7,""y"":596,""t"":740,""outside"":false,""outsidePx"":0},{""x"":1482,""y"":583.3,""t"":756,""outside"":false,""outsidePx"":0},{""x"":1506,""y"":569.3,""t"":773,""outside"":false,""outsidePx"":0},{""x"":1528.7,""y"":555.3,""t"":790,""outside"":true,""outsidePx"":0.8},{""x"":1548,""y"":546.7,""t"":806,""outside"":false,""outsidePx"":0},{""x"":1566,""y"":536.7,""t"":823,""outside"":false,""outsidePx"":0},{""x"":1581.3,""y"":527.3,""t"":839,""outside"":false,""outsidePx"":0},{""x"":1594,""y"":518.7,""t"":856,""outside"":false,""outsidePx"":0},{""x"":1604,""y"":512,""t"":873,""outside"":true,""outsidePx"":0.6},{""x"":1614.7,""y"":504.7,""t"":890,""outside"":true,""outsidePx"":1.7},{""x"":1630.7,""y"":496,""t"":906,""outside"":true,""outsidePx"":1.2},{""x"":1646,""y"":487.3,""t"":923,""outside"":true,""outsidePx"":1},{""x"":1658.7,""y"":480.7,""t"":940,""outside"":true,""outsidePx"":0.4},{""x"":1668.7,""y"":473.3,""t"":956,""outside"":true,""outsidePx"":1.8},{""x"":1676,""y"":470,""t"":973,""outside"":true,""outsidePx"":1},{""x"":1678,""y"":468,""t"":990,""outside"":true,""outsidePx"":1.7}]"
hayashi,main,practice,C3,距離大条件,W固定・A長い,35,675,19.286,3,11,71,71,73,2026-09-29T07:50:12.481Z,2026-09-29T07:50:13.247Z,766,139,582,443,true,true,deviation,1704,478.7,1,true,1,150,4.5,false,"[{""startMs"":151,""startX"":1012.7,""startY"":896.7,""maxOutsidePx"":4.5,""endMs"":301,""endX"":1222.7,""endY"":769.3,""durationMs"":150}]","[{""x"":895.3,""y"":947.3,""t"":0,""outside"":false,""outsidePx"":0},{""x"":895.3,""y"":946,""t"":18,""outside"":false,""outsidePx"":0},{""x"":897.3,""y"":946,""t"":35,""outside"":false,""outsidePx"":0},{""x"":898.7,""y"":942.7,""t"":51,""outside"":false,""outsidePx"":0},{""x"":906,""y"":938.7,""t"":68,""outside"":false,""outsidePx"":0},{""x"":922,""y"":932,""t"":85,""outside"":false,""outsidePx"":0},{""x"":940.7,""y"":924.7,""t"":101,""outside"":false,""outsidePx"":0},{""x"":967.3,""y"":914.7,""t"":118,""outside"":false,""outsidePx"":0},{""x"":990,""y"":905.3,""t"":135,""outside"":false,""outsidePx"":0},{""x"":1012.7,""y"":896.7,""t"":151,""outside"":true,""outsidePx"":1.8},{""x"":1035.3,""y"":886.7,""t"":168,""outside"":true,""outsidePx"":4.5},{""x"":1054.7,""y"":874,""t"":184,""outside"":true,""outsidePx"":3.2},{""x"":1079.3,""y"":860,""t"":201,""outside"":true,""outsidePx"":3.4},{""x"":1104,""y"":844.7,""t"":218,""outside"":true,""outsidePx"":2.5},{""x"":1126.7,""y"":830.7,""t"":234,""outside"":true,""outsidePx"":1.7},{""x"":1150.7,""y"":816.7,""t"":251,""outside"":true,""outsidePx"":1.5},{""x"":1177.3,""y"":800.7,""t"":268,""outside"":true,""outsidePx"":1},{""x"":1200,""y"":786.7,""t"":285,""outside"":true,""outsidePx"":0.2},{""x"":1222.7,""y"":769.3,""t"":301,""outside"":false,""outsidePx"":0},{""x"":1244,""y"":753.3,""t"":318,""outside"":false,""outsidePx"":0},{""x"":1264.7,""y"":737.3,""t"":334,""outside"":false,""outsidePx"":0},{""x"":1286,""y"":722,""t"":351,""outside"":false,""outsidePx"":0},{""x"":1312,""y"":700.7,""t"":368,""outside"":false,""outsidePx"":0},{""x"":1340,""y"":680,""t"":384,""outside"":false,""outsidePx"":0},{""x"":1366,""y"":662.7,""t"":401,""outside"":false,""outsidePx"":0},{""x"":1387.3,""y"":650,""t"":418,""outside"":false,""outsidePx"":0},{""x"":1404.7,""y"":638,""t"":435,""outside"":false,""outsidePx"":0},{""x"":1422,""y"":625.3,""t"":451,""outside"":false,""outsidePx"":0},{""x"":1443.3,""y"":615.3,""t"":468,""outside"":false,""outsidePx"":0},{""x"":1466,""y"":601.3,""t"":484,""outside"":false,""outsidePx"":0},{""x"":1486.7,""y"":590.7,""t"":501,""outside"":false,""outsidePx"":0},{""x"":1506,""y"":582,""t"":518,""outside"":false,""outsidePx"":0},{""x"":1522,""y"":574.7,""t"":534,""outside"":false,""outsidePx"":0},{""x"":1539.3,""y"":566,""t"":551,""outside"":false,""outsidePx"":0},{""x"":1555.3,""y"":559.3,""t"":568,""outside"":false,""outsidePx"":0},{""x"":1574.7,""y"":548.7,""t"":584,""outside"":false,""outsidePx"":0},{""x"":1595.3,""y"":538,""t"":601,""outside"":false,""outsidePx"":0},{""x"":1620,""y"":526,""t"":618,""outside"":false,""outsidePx"":0},{""x"":1642.7,""y"":513.3,""t"":634,""outside"":false,""outsidePx"":0},{""x"":1664,""y"":501.3,""t"":651,""outside"":false,""outsidePx"":0},{""x"":1681.3,""y"":492.7,""t"":668,""outside"":false,""outsidePx"":0},{""x"":1692,""y"":487.3,""t"":685,""outside"":false,""outsidePx"":0},{""x"":1696.7,""y"":484,""t"":701,""outside"":false,""outsidePx"":0},{""x"":1700.7,""y"":480.7,""t"":718,""outside"":false,""outsidePx"":0},{""x"":1704,""y"":478.7,""t"":735,""outside"":false,""outsidePx"":0}]"
hayashi,main,practice,C3,距離大条件,W固定・A長い,35,675,19.286,3,12,72,72,74,2026-09-29T07:50:13.814Z,2026-09-29T07:50:14.798Z,985,142,743,601,true,true,none,1709.3,484,1,false,0,0,0,false,[],"[{""x"":884,""y"":945.3,""t"":0,""outside"":false,""outsidePx"":0},{""x"":884,""y"":946.7,""t"":1,""outside"":false,""outsidePx"":0},{""x"":886.7,""y"":942.7,""t"":52,""outside"":false,""outsidePx"":0},{""x"":897.3,""y"":937.3,""t"":68,""outside"":false,""outsidePx"":0},{""x"":909.3,""y"":928.7,""t"":85,""outside"":false,""outsidePx"":0},{""x"":925.3,""y"":919.3,""t"":101,""outside"":false,""outsidePx"":0},{""x"":948,""y"":907.3,""t"":118,""outside"":false,""outsidePx"":0},{""x"":974,""y"":895.3,""t"":135,""outside"":false,""outsidePx"":0},{""x"":1002,""y"":879.3,""t"":151,""outside"":false,""outsidePx"":0},{""x"":1021.3,""y"":868.7,""t"":168,""outside"":false,""outsidePx"":0},{""x"":1042.7,""y"":858.7,""t"":185,""outside"":false,""outsidePx"":0},{""x"":1062,""y"":846,""t"":201,""outside"":false,""outsidePx"":0},{""x"":1077.3,""y"":835.3,""t"":218,""outside"":false,""outsidePx"":0},{""x"":1094.7,""y"":825.3,""t"":234,""outside"":false,""outsidePx"":0},{""x"":1107.3,""y"":818,""t"":251,""outside"":false,""outsidePx"":0},{""x"":1118,""y"":812.7,""t"":268,""outside"":false,""outsidePx"":0},{""x"":1126.7,""y"":809.3,""t"":285,""outside"":false,""outsidePx"":0},{""x"":1136.7,""y"":802.7,""t"":301,""outside"":false,""outsidePx"":0},{""x"":1147.3,""y"":795.3,""t"":318,""outside"":false,""outsidePx"":0},{""x"":1161.3,""y"":788.7,""t"":335,""outside"":false,""outsidePx"":0},{""x"":1172,""y"":783.3,""t"":351,""outside"":false,""outsidePx"":0},{""x"":1180.7,""y"":778,""t"":368,""outside"":false,""outsidePx"":0},{""x"":1191.3,""y"":772.7,""t"":384,""outside"":false,""outsidePx"":0},{""x"":1200,""y"":767.3,""t"":401,""outside"":false,""outsidePx"":0},{""x"":1208.7,""y"":760.7,""t"":418,""outside"":false,""outsidePx"":0},{""x"":1219.3,""y"":755.3,""t"":435,""outside"":false,""outsidePx"":0},{""x"":1231.3,""y"":748,""t"":452,""outside"":false,""outsidePx"":0},{""x"":1244,""y"":741.3,""t"":468,""outside"":false,""outsidePx"":0},{""x"":1258,""y"":732.7,""t"":485,""outside"":false,""outsidePx"":0},{""x"":1275.3,""y"":725.3,""t"":501,""outside"":false,""outsidePx"":0},{""x"":1287.3,""y"":718.7,""t"":518,""outside"":false,""outsidePx"":0},{""x"":1303.3,""y"":709.3,""t"":535,""outside"":false,""outsidePx"":0},{""x"":1320.7,""y"":699.3,""t"":551,""outside"":false,""outsidePx"":0},{""x"":1342,""y"":685.3,""t"":568,""outside"":false,""outsidePx"":0},{""x"":1368,""y"":671.3,""t"":585,""outside"":false,""outsidePx"":0},{""x"":1392.7,""y"":660.7,""t"":601,""outside"":false,""outsidePx"":0},{""x"":1418.7,""y"":648.7,""t"":618,""outside"":false,""outsidePx"":0},{""x"":1443.3,""y"":636,""t"":635,""outside"":false,""outsidePx"":0},{""x"":1466,""y"":624,""t"":651,""outside"":false,""outsidePx"":0},{""x"":1486.7,""y"":611.3,""t"":668,""outside"":false,""outsidePx"":0},{""x"":1508,""y"":599.3,""t"":684,""outside"":false,""outsidePx"":0},{""x"":1525.3,""y"":590.7,""t"":701,""outside"":false,""outsidePx"":0},{""x"":1546.7,""y"":578.7,""t"":718,""outside"":false,""outsidePx"":0},{""x"":1569.3,""y"":566,""t"":734,""outside"":false,""outsidePx"":0},{""x"":1586.7,""y"":555.3,""t"":751,""outside"":false,""outsidePx"":0},{""x"":1606,""y"":545.3,""t"":768,""outside"":false,""outsidePx"":0},{""x"":1625.3,""y"":532.7,""t"":784,""outside"":false,""outsidePx"":0},{""x"":1639.3,""y"":526,""t"":801,""outside"":false,""outsidePx"":0},{""x"":1658.7,""y"":513.3,""t"":818,""outside"":false,""outsidePx"":0},{""x"":1679.3,""y"":501.3,""t"":834,""outside"":false,""outsidePx"":0},{""x"":1695.3,""y"":490.7,""t"":851,""outside"":false,""outsidePx"":0},{""x"":1706,""y"":485.3,""t"":868,""outside"":false,""outsidePx"":0},{""x"":1709.3,""y"":484,""t"":885,""outside"":false,""outsidePx"":0}]"
hayashi,main,practice,C3,距離大条件,W固定・A長い,35,675,19.286,3,13,73,73,75,2026-09-29T07:50:15.601Z,2026-09-29T07:50:16.643Z,1042,154,690,536,true,true,none,1688,476.7,1,false,0,0,0,false,[],"[{""x"":890,""y"":952.7,""t"":0,""outside"":false,""outsidePx"":0},{""x"":892,""y"":952.7,""t"":35,""outside"":false,""outsidePx"":0},{""x"":895.3,""y"":949.3,""t"":49,""outside"":false,""outsidePx"":0},{""x"":906,""y"":942.7,""t"":66,""outside"":false,""outsidePx"":0},{""x"":922,""y"":933.3,""t"":82,""outside"":false,""outsidePx"":0},{""x"":936,""y"":926.7,""t"":99,""outside"":false,""outsidePx"":0},{""x"":950,""y"":918,""t"":116,""outside"":false,""outsidePx"":0},{""x"":964,""y"":910.7,""t"":133,""outside"":false,""outsidePx"":0},{""x"":982.7,""y"":896.7,""t"":149,""outside"":false,""outsidePx"":0},{""x"":1004,""y"":881.3,""t"":166,""outside"":false,""outsidePx"":0},{""x"":1021.3,""y"":868.7,""t"":182,""outside"":false,""outsidePx"":0},{""x"":1044,""y"":853.3,""t"":199,""outside"":false,""outsidePx"":0},{""x"":1065.3,""y"":840.7,""t"":215,""outside"":false,""outsidePx"":0},{""x"":1080.7,""y"":830.7,""t"":232,""outside"":false,""outsidePx"":0},{""x"":1096.7,""y"":821.3,""t"":249,""outside"":false,""outsidePx"":0},{""x"":1110.7,""y"":811.3,""t"":266,""outside"":false,""outsidePx"":0},{""x"":1122.7,""y"":804,""t"":282,""outside"":false,""outsidePx"":0},{""x"":1136.7,""y"":797.3,""t"":299,""outside"":false,""outsidePx"":0},{""x"":1156,""y"":788.7,""t"":316,""outside"":false,""outsidePx"":0},{""x"":1175.3,""y"":778,""t"":332,""outside"":false,""outsidePx"":0},{""x"":1202,""y"":764,""t"":349,""outside"":false,""outsidePx"":0},{""x"":1219.3,""y"":753.3,""t"":366,""outside"":false,""outsidePx"":0},{""x"":1231.3,""y"":746.7,""t"":382,""outside"":false,""outsidePx"":0},{""x"":1242,""y"":741.3,""t"":399,""outside"":false,""outsidePx"":0},{""x"":1254,""y"":734,""t"":416,""outside"":false,""outsidePx"":0},{""x"":1268,""y"":727.3,""t"":432,""outside"":false,""outsidePx"":0},{""x"":1286,""y"":716.7,""t"":449,""outside"":false,""outsidePx"":0},{""x"":1303.3,""y"":708,""t"":465,""outside"":false,""outsidePx"":0},{""x"":1320.7,""y"":699.3,""t"":482,""outside"":false,""outsidePx"":0},{""x"":1336.7,""y"":690.7,""t"":499,""outside"":false,""outsidePx"":0},{""x"":1354,""y"":680,""t"":515,""outside"":false,""outsidePx"":0},{""x"":1376.7,""y"":667.3,""t"":532,""outside"":false,""outsidePx"":0},{""x"":1399.3,""y"":652,""t"":549,""outside"":false,""outsidePx"":0},{""x"":1422,""y"":639.3,""t"":565,""outside"":false,""outsidePx"":0},{""x"":1440,""y"":627.3,""t"":582,""outside"":false,""outsidePx"":0},{""x"":1455.3,""y"":618.7,""t"":598,""outside"":false,""outsidePx"":0},{""x"":1472.7,""y"":606.7,""t"":615,""outside"":false,""outsidePx"":0},{""x"":1490.7,""y"":594,""t"":632,""outside"":false,""outsidePx"":0},{""x"":1514.7,""y"":580,""t"":649,""outside"":false,""outsidePx"":0},{""x"":1539.3,""y"":566,""t"":666,""outside"":false,""outsidePx"":0},{""x"":1560.7,""y"":554,""t"":682,""outside"":false,""outsidePx"":0},{""x"":1580,""y"":541.3,""t"":699,""outside"":false,""outsidePx"":0},{""x"":1597.3,""y"":532.7,""t"":715,""outside"":false,""outsidePx"":0},{""x"":1611.3,""y"":526,""t"":732,""outside"":false,""outsidePx"":0},{""x"":1622,""y"":518.7,""t"":749,""outside"":false,""outsidePx"":0},{""x"":1630.7,""y"":512,""t"":765,""outside"":false,""outsidePx"":0},{""x"":1640.7,""y"":504.7,""t"":783,""outside"":false,""outsidePx"":0},{""x"":1651.3,""y"":499.3,""t"":799,""outside"":false,""outsidePx"":0},{""x"":1658.7,""y"":494.7,""t"":816,""outside"":false,""outsidePx"":0},{""x"":1660,""y"":494.7,""t"":832,""outside"":false,""outsidePx"":0},{""x"":1660,""y"":492.7,""t"":849,""outside"":false,""outsidePx"":0},{""x"":1662,""y"":492.7,""t"":866,""outside"":false,""outsidePx"":0},{""x"":1665.3,""y"":490.7,""t"":882,""outside"":false,""outsidePx"":0},{""x"":1667.3,""y"":489.3,""t"":899,""outside"":false,""outsidePx"":0},{""x"":1668.7,""y"":487.3,""t"":916,""outside"":false,""outsidePx"":0},{""x"":1670.7,""y"":487.3,""t"":936,""outside"":false,""outsidePx"":0},{""x"":1672.7,""y"":487.3,""t"":949,""outside"":false,""outsidePx"":0},{""x"":1676,""y"":484,""t"":965,""outside"":false,""outsidePx"":0},{""x"":1682.7,""y"":480.7,""t"":982,""outside"":false,""outsidePx"":0},{""x"":1688,""y"":476.7,""t"":999,""outside"":false,""outsidePx"":0}]"
hayashi,main,practice,C3,距離大条件,W固定・A長い,35,675,19.286,3,14,74,74,76,2026-09-29T07:50:17.580Z,2026-09-29T07:50:18.692Z,1113,248,854,606,false,true,near_goal_pointerup,1681.3,461.3,1,true,1,262,6.8,false,"[{""startMs"":851,""startX"":1558.7,""startY"":538,""maxOutsidePx"":6.8,""endMs"":1113,""endX"":1681.3,""endY"":461.3,""durationMs"":262}]","[{""x"":884,""y"":950.7,""t"":0,""outside"":false,""outsidePx"":0},{""x"":884.7,""y"":949.3,""t"":52,""outside"":false,""outsidePx"":0},{""x"":886.7,""y"":947.3,""t"":68,""outside"":false,""outsidePx"":0},{""x"":894,""y"":944,""t"":85,""outside"":false,""outsidePx"":0},{""x"":904,""y"":937.3,""t"":101,""outside"":false,""outsidePx"":0},{""x"":914.7,""y"":930,""t"":118,""outside"":false,""outsidePx"":0},{""x"":926.7,""y"":923.3,""t"":135,""outside"":false,""outsidePx"":0},{""x"":939.3,""y"":912.7,""t"":151,""outside"":false,""outsidePx"":0},{""x"":953.3,""y"":904,""t"":168,""outside"":false,""outsidePx"":0},{""x"":962,""y"":896.7,""t"":185,""outside"":false,""outsidePx"":0},{""x"":967.3,""y"":893.3,""t"":201,""outside"":false,""outsidePx"":0},{""x"":970.7,""y"":891.3,""t"":218,""outside"":false,""outsidePx"":0},{""x"":978,""y"":888,""t"":235,""outside"":false,""outsidePx"":0},{""x"":986.7,""y"":882.7,""t"":251,""outside"":false,""outsidePx"":0},{""x"":998.7,""y"":876,""t"":268,""outside"":false,""outsidePx"":0},{""x"":1009.3,""y"":870.7,""t"":285,""outside"":false,""outsidePx"":0},{""x"":1021.3,""y"":862,""t"":301,""outside"":false,""outsidePx"":0},{""x"":1035.3,""y"":853.3,""t"":318,""outside"":false,""outsidePx"":0},{""x"":1049.3,""y"":844.7,""t"":334,""outside"":false,""outsidePx"":0},{""x"":1065.3,""y"":834,""t"":351,""outside"":false,""outsidePx"":0},{""x"":1077.3,""y"":825.3,""t"":368,""outside"":false,""outsidePx"":0},{""x"":1091.3,""y"":816.7,""t"":384,""outside"":false,""outsidePx"":0},{""x"":1104,""y"":807.3,""t"":401,""outside"":false,""outsidePx"":0},{""x"":1114,""y"":800.7,""t"":418,""outside"":false,""outsidePx"":0},{""x"":1124.7,""y"":795.3,""t"":434,""outside"":false,""outsidePx"":0},{""x"":1136.7,""y"":790,""t"":451,""outside"":false,""outsidePx"":0},{""x"":1150.7,""y"":781.3,""t"":468,""outside"":false,""outsidePx"":0},{""x"":1172,""y"":770.7,""t"":484,""outside"":false,""outsidePx"":0},{""x"":1194.7,""y"":760.7,""t"":501,""outside"":false,""outsidePx"":0},{""x"":1212,""y"":750,""t"":518,""outside"":false,""outsidePx"":0},{""x"":1228,""y"":741.3,""t"":534,""outside"":false,""outsidePx"":0},{""x"":1242,""y"":732.7,""t"":551,""outside"":false,""outsidePx"":0},{""x"":1256,""y"":725.3,""t"":568,""outside"":false,""outsidePx"":0},{""x"":1270,""y"":714.7,""t"":584,""outside"":false,""outsidePx"":0},{""x"":1289.3,""y"":702.7,""t"":601,""outside"":false,""outsidePx"":0},{""x"":1312,""y"":690.7,""t"":618,""outside"":false,""outsidePx"":0},{""x"":1332.7,""y"":678,""t"":634,""outside"":false,""outsidePx"":0},{""x"":1346.7,""y"":672.7,""t"":651,""outside"":false,""outsidePx"":0},{""x"":1356,""y"":667.3,""t"":668,""outside"":false,""outsidePx"":0},{""x"":1366,""y"":660.7,""t"":684,""outside"":false,""outsidePx"":0},{""x"":1378.7,""y"":653.3,""t"":701,""outside"":false,""outsidePx"":0},{""x"":1398,""y"":641.3,""t"":718,""outside"":false,""outsidePx"":0},{""x"":1424,""y"":625.3,""t"":734,""outside"":false,""outsidePx"":0},{""x"":1454,""y"":606.7,""t"":751,""outside"":false,""outsidePx"":0},{""x"":1476.7,""y"":594,""t"":768,""outside"":false,""outsidePx"":0},{""x"":1497.3,""y"":580,""t"":784,""outside"":false,""outsidePx"":0},{""x"":1511.3,""y"":571.3,""t"":801,""outside"":false,""outsidePx"":0},{""x"":1527.3,""y"":560.7,""t"":818,""outside"":false,""outsidePx"":0},{""x"":1542.7,""y"":548.7,""t"":834,""outside"":false,""outsidePx"":0},{""x"":1558.7,""y"":538,""t"":851,""outside"":true,""outsidePx"":0.8},{""x"":1581.3,""y"":522.7,""t"":868,""outside"":true,""outsidePx"":2.7},{""x"":1604,""y"":508.7,""t"":884,""outside"":true,""outsidePx"":3.5},{""x"":1625.3,""y"":496,""t"":901,""outside"":true,""outsidePx"":3.8},{""x"":1650,""y"":480.7,""t"":918,""outside"":true,""outsidePx"":4.8},{""x"":1667.3,""y"":470,""t"":934,""outside"":true,""outsidePx"":5.3},{""x"":1676,""y"":464.7,""t"":951,""outside"":true,""outsidePx"":5.6},{""x"":1679.3,""y"":462.7,""t"":968,""outside"":true,""outsidePx"":5.7},{""x"":1679.3,""y"":461.3,""t"":1040,""outside"":true,""outsidePx"":6.8},{""x"":1681.3,""y"":461.3,""t"":1051,""outside"":true,""outsidePx"":5.8}]"
hayashi,main,practice,C3,距離大条件,W固定・A長い,35,675,19.286,3,15,75,75,77,2026-09-29T07:50:19.618Z,2026-09-29T07:50:20.645Z,1026,151,747,596,true,true,deviation,1706,468,1,true,1,34,0.9,false,"[{""startMs"":512,""startX"":1340,""startY"":706,""maxOutsidePx"":0.9,""endMs"":546,""endX"":1371.3,""endY"":686.7,""durationMs"":34}]","[{""x"":890,""y"":942,""t"":0,""outside"":false,""outsidePx"":0},{""x"":892,""y"":942,""t"":19,""outside"":false,""outsidePx"":0},{""x"":894,""y"":942,""t"":30,""outside"":false,""outsidePx"":0},{""x"":902.7,""y"":938.7,""t"":46,""outside"":false,""outsidePx"":0},{""x"":914.7,""y"":933.3,""t"":63,""outside"":false,""outsidePx"":0},{""x"":928.7,""y"":926.7,""t"":79,""outside"":false,""outsidePx"":0},{""x"":944.7,""y"":918,""t"":96,""outside"":false,""outsidePx"":0},{""x"":958.7,""y"":910.7,""t"":112,""outside"":false,""outsidePx"":0},{""x"":974,""y"":902,""t"":129,""outside"":false,""outsidePx"":0},{""x"":986.7,""y"":896.7,""t"":146,""outside"":false,""outsidePx"":0},{""x"":1000.7,""y"":891.3,""t"":162,""outside"":false,""outsidePx"":0},{""x"":1016,""y"":882.7,""t"":179,""outside"":false,""outsidePx"":0},{""x"":1035.3,""y"":874,""t"":196,""outside"":false,""outsidePx"":0},{""x"":1052.7,""y"":863.3,""t"":213,""outside"":false,""outsidePx"":0},{""x"":1070.7,""y"":853.3,""t"":229,""outside"":false,""outsidePx"":0},{""x"":1091.3,""y"":840.7,""t"":246,""outside"":false,""outsidePx"":0},{""x"":1110.7,""y"":830.7,""t"":262,""outside"":false,""outsidePx"":0},{""x"":1124.7,""y"":821.3,""t"":279,""outside"":false,""outsidePx"":0},{""x"":1136.7,""y"":814.7,""t"":296,""outside"":false,""outsidePx"":0},{""x"":1147.3,""y"":806,""t"":312,""outside"":false,""outsidePx"":0},{""x"":1161.3,""y"":798.7,""t"":329,""outside"":false,""outsidePx"":0},{""x"":1174,""y"":790,""t"":346,""outside"":false,""outsidePx"":0},{""x"":1186,""y"":783.3,""t"":362,""outside"":false,""outsidePx"":0},{""x"":1202,""y"":776,""t"":379,""outside"":false,""outsidePx"":0},{""x"":1217.3,""y"":767.3,""t"":396,""outside"":false,""outsidePx"":0},{""x"":1233.3,""y"":758.7,""t"":412,""outside"":false,""outsidePx"":0},{""x"":1252.7,""y"":748,""t"":429,""outside"":false,""outsidePx"":0},{""x"":1270,""y"":739.3,""t"":446,""outside"":false,""outsidePx"":0},{""x"":1287.3,""y"":730.7,""t"":462,""outside"":false,""outsidePx"":0},{""x"":1306.7,""y"":722,""t"":479,""outside"":false,""outsidePx"":0},{""x"":1324,""y"":713.3,""t"":496,""outside"":false,""outsidePx"":0},{""x"":1340,""y"":706,""t"":512,""outside"":true,""outsidePx"":0.4},{""x"":1356,""y"":697.3,""t"":529,""outside"":true,""outsidePx"":0.9},{""x"":1371.3,""y"":686.7,""t"":546,""outside"":false,""outsidePx"":0},{""x"":1387.3,""y"":678,""t"":562,""outside"":false,""outsidePx"":0},{""x"":1402.7,""y"":667.3,""t"":579,""outside"":false,""outsidePx"":0},{""x"":1416.7,""y"":658.7,""t"":596,""outside"":false,""outsidePx"":0},{""x"":1430.7,""y"":648.7,""t"":612,""outside"":false,""outsidePx"":0},{""x"":1448.7,""y"":638,""t"":629,""outside"":false,""outsidePx"":0},{""x"":1466,""y"":625.3,""t"":646,""outside"":false,""outsidePx"":0},{""x"":1485.3,""y"":611.3,""t"":662,""outside"":false,""outsidePx"":0},{""x"":1506,""y"":596,""t"":679,""outside"":false,""outsidePx"":0},{""x"":1527.3,""y"":582,""t"":696,""outside"":false,""outsidePx"":0},{""x"":1541.3,""y"":573.3,""t"":712,""outside"":false,""outsidePx"":0},{""x"":1556.7,""y"":560.7,""t"":729,""outside"":false,""outsidePx"":0},{""x"":1569.3,""y"":550.7,""t"":746,""outside"":false,""outsidePx"":0},{""x"":1588.7,""y"":536.7,""t"":762,""outside"":false,""outsidePx"":0},{""x"":1609.3,""y"":522.7,""t"":779,""outside"":false,""outsidePx"":0},{""x"":1632,""y"":508.7,""t"":796,""outside"":false,""outsidePx"":0},{""x"":1651.3,""y"":498,""t"":812,""outside"":false,""outsidePx"":0},{""x"":1667.3,""y"":489.3,""t"":829,""outside"":false,""outsidePx"":0},{""x"":1676,""y"":484,""t"":846,""outside"":false,""outsidePx"":0},{""x"":1679.3,""y"":482,""t"":862,""outside"":false,""outsidePx"":0},{""x"":1682.7,""y"":480.7,""t"":879,""outside"":false,""outsidePx"":0},{""x"":1684.7,""y"":480.7,""t"":896,""outside"":false,""outsidePx"":0},{""x"":1688,""y"":476.7,""t"":912,""outside"":false,""outsidePx"":0},{""x"":1693.3,""y"":475.3,""t"":929,""outside"":false,""outsidePx"":0},{""x"":1698.7,""y"":471.3,""t"":946,""outside"":false,""outsidePx"":0},{""x"":1704,""y"":470,""t"":962,""outside"":false,""outsidePx"":0},{""x"":1706,""y"":468,""t"":979,""outside"":false,""outsidePx"":0}]"
hayashi,main,practice,C3,距離大条件,W固定・A長い,35,675,19.286,3,16,76,76,78,2026-09-29T07:50:21.193Z,2026-09-29T07:50:22.170Z,977,153,597,444,false,true,near_goal_pointerup,1704,508.7,1,true,1,673,25.6,true,"[{""startMs"":304,""startX"":1170,""startY"":807.3,""maxOutsidePx"":25.6,""endMs"":977,""endX"":1704,""endY"":508.7,""durationMs"":673}]","[{""x"":866.7,""y"":954,""t"":0,""outside"":false,""outsidePx"":0},{""x"":867.3,""y"":952.7,""t"":55,""outside"":false,""outsidePx"":0},{""x"":872.7,""y"":949.3,""t"":71,""outside"":false,""outsidePx"":0},{""x"":884.7,""y"":942.7,""t"":88,""outside"":false,""outsidePx"":0},{""x"":906,""y"":933.3,""t"":104,""outside"":false,""outsidePx"":0},{""x"":932,""y"":919.3,""t"":121,""outside"":false,""outsidePx"":0},{""x"":964,""y"":905.3,""t"":138,""outside"":false,""outsidePx"":0},{""x"":992,""y"":891.3,""t"":154,""outside"":false,""outsidePx"":0},{""x"":1016,""y"":881.3,""t"":171,""outside"":false,""outsidePx"":0},{""x"":1037.3,""y"":874,""t"":188,""outside"":false,""outsidePx"":0},{""x"":1051.3,""y"":865.3,""t"":204,""outside"":false,""outsidePx"":0},{""x"":1066.7,""y"":858.7,""t"":221,""outside"":false,""outsidePx"":0},{""x"":1088,""y"":844.7,""t"":238,""outside"":false,""outsidePx"":0},{""x"":1108.7,""y"":832,""t"":254,""outside"":false,""outsidePx"":0},{""x"":1130,""y"":823.3,""t"":271,""outside"":false,""outsidePx"":0},{""x"":1150.7,""y"":814.7,""t"":288,""outside"":false,""outsidePx"":0},{""x"":1170,""y"":807.3,""t"":304,""outside"":true,""outsidePx"":3.1},{""x"":1191.3,""y"":797.3,""t"":321,""outside"":true,""outsidePx"":5.1},{""x"":1216,""y"":784.7,""t"":338,""outside"":true,""outsidePx"":6.5},{""x"":1240,""y"":772.7,""t"":354,""outside"":true,""outsidePx"":8.1},{""x"":1268,""y"":758.7,""t"":371,""outside"":true,""outsidePx"":10},{""x"":1303.3,""y"":741.3,""t"":388,""outside"":true,""outsidePx"":12.6},{""x"":1340,""y"":722,""t"":404,""outside"":true,""outsidePx"":14.2},{""x"":1370,""y"":708,""t"":421,""outside"":true,""outsidePx"":17.1},{""x"":1392.7,""y"":697.3,""t"":438,""outside"":true,""outsidePx"":19.2},{""x"":1413.3,""y"":685.3,""t"":454,""outside"":true,""outsidePx"":19.1},{""x"":1430.7,""y"":676.7,""t"":471,""outside"":true,""outsidePx"":20.3},{""x"":1448.7,""y"":666,""t"":488,""outside"":true,""outsidePx"":20.1},{""x"":1469.3,""y"":653.3,""t"":504,""outside"":true,""outsidePx"":19.4},{""x"":1492,""y"":641.3,""t"":521,""outside"":true,""outsidePx"":20.4},{""x"":1518.7,""y"":629.3,""t"":538,""outside"":true,""outsidePx"":23.3},{""x"":1542.7,""y"":616.7,""t"":554,""outside"":true,""outsidePx"":24.3},{""x"":1566,""y"":604.7,""t"":571,""outside"":true,""outsidePx"":25.6},{""x"":1583.3,""y"":594,""t"":588,""outside"":true,""outsidePx"":25},{""x"":1600.7,""y"":582,""t"":604,""outside"":true,""outsidePx"":23.3},{""x"":1618,""y"":571.3,""t"":621,""outside"":true,""outsidePx"":22.8},{""x"":1636,""y"":557.3,""t"":638,""outside"":true,""outsidePx"":19.6},{""x"":1650,""y"":548.7,""t"":654,""outside"":true,""outsidePx"":19.1},{""x"":1660,""y"":541.3,""t"":671,""outside"":true,""outsidePx"":17.8},{""x"":1668.7,""y"":534.7,""t"":688,""outside"":true,""outsidePx"":16.3},{""x"":1676,""y"":529.3,""t"":704,""outside"":true,""outsidePx"":15.4},{""x"":1684.7,""y"":522.7,""t"":721,""outside"":true,""outsidePx"":13.9},{""x"":1692,""y"":517.3,""t"":738,""outside"":true,""outsidePx"":13},{""x"":1698.7,""y"":512,""t"":755,""outside"":true,""outsidePx"":11.7},{""x"":1704,""y"":508.7,""t"":771,""outside"":true,""outsidePx"":11.5}]"
hayashi,main,practice,C3,距離大条件,W固定・A長い,35,675,19.286,3,17,77,77,79,2026-09-29T07:50:22.935Z,2026-09-29T07:50:23.989Z,1055,149,795,646,true,true,none,1681.3,490.7,1,false,0,0,0,false,[],"[{""x"":880.7,""y"":946.7,""t"":0,""outside"":false,""outsidePx"":0},{""x"":880.7,""y"":946,""t"":46,""outside"":false,""outsidePx"":0},{""x"":884.7,""y"":944,""t"":62,""outside"":false,""outsidePx"":0},{""x"":898.7,""y"":937.3,""t"":79,""outside"":false,""outsidePx"":0},{""x"":918,""y"":926.7,""t"":95,""outside"":false,""outsidePx"":0},{""x"":939.3,""y"":916,""t"":112,""outside"":false,""outsidePx"":0},{""x"":962,""y"":905.3,""t"":129,""outside"":false,""outsidePx"":0},{""x"":984.7,""y"":893.3,""t"":145,""outside"":false,""outsidePx"":0},{""x"":1006,""y"":884.7,""t"":162,""outside"":false,""outsidePx"":0},{""x"":1024.7,""y"":874,""t"":179,""outside"":false,""outsidePx"":0},{""x"":1042.7,""y"":863.3,""t"":195,""outside"":false,""outsidePx"":0},{""x"":1054.7,""y"":854.7,""t"":212,""outside"":false,""outsidePx"":0},{""x"":1066.7,""y"":848,""t"":229,""outside"":false,""outsidePx"":0},{""x"":1077.3,""y"":840.7,""t"":245,""outside"":false,""outsidePx"":0},{""x"":1090,""y"":832,""t"":262,""outside"":false,""outsidePx"":0},{""x"":1107.3,""y"":821.3,""t"":279,""outside"":false,""outsidePx"":0},{""x"":1122.7,""y"":809.3,""t"":295,""outside"":false,""outsidePx"":0},{""x"":1138.7,""y"":798.7,""t"":312,""outside"":false,""outsidePx"":0},{""x"":1154.7,""y"":786.7,""t"":329,""outside"":false,""outsidePx"":0},{""x"":1170,""y"":778,""t"":345,""outside"":false,""outsidePx"":0},{""x"":1182.7,""y"":769.3,""t"":362,""outside"":false,""outsidePx"":0},{""x"":1200,""y"":758.7,""t"":379,""outside"":false,""outsidePx"":0},{""x"":1214,""y"":750,""t"":395,""outside"":false,""outsidePx"":0},{""x"":1226,""y"":742.7,""t"":412,""outside"":false,""outsidePx"":0},{""x"":1238.7,""y"":734,""t"":429,""outside"":false,""outsidePx"":0},{""x"":1250.7,""y"":727.3,""t"":445,""outside"":false,""outsidePx"":0},{""x"":1261.3,""y"":722,""t"":462,""outside"":false,""outsidePx"":0},{""x"":1272,""y"":716.7,""t"":479,""outside"":false,""outsidePx"":0},{""x"":1282,""y"":711.3,""t"":495,""outside"":false,""outsidePx"":0},{""x"":1296,""y"":704.7,""t"":512,""outside"":false,""outsidePx"":0},{""x"":1312,""y"":695.3,""t"":529,""outside"":false,""outsidePx"":0},{""x"":1329.3,""y"":686.7,""t"":545,""outside"":false,""outsidePx"":0},{""x"":1346.7,""y"":678,""t"":562,""outside"":false,""outsidePx"":0},{""x"":1364.7,""y"":669.3,""t"":579,""outside"":false,""outsidePx"":0},{""x"":1382,""y"":660.7,""t"":595,""outside"":false,""outsidePx"":0},{""x"":1398,""y"":653.3,""t"":612,""outside"":false,""outsidePx"":0},{""x"":1413.3,""y"":646.7,""t"":629,""outside"":false,""outsidePx"":0},{""x"":1426,""y"":639.3,""t"":645,""outside"":false,""outsidePx"":0},{""x"":1440,""y"":632.7,""t"":662,""outside"":false,""outsidePx"":0},{""x"":1452,""y"":624,""t"":679,""outside"":false,""outsidePx"":0},{""x"":1464,""y"":616.7,""t"":695,""outside"":false,""outsidePx"":0},{""x"":1478,""y"":608,""t"":712,""outside"":false,""outsidePx"":0},{""x"":1492,""y"":599.3,""t"":728,""outside"":false,""outsidePx"":0},{""x"":1510,""y"":588.7,""t"":745,""outside"":false,""outsidePx"":0},{""x"":1530.7,""y"":576.7,""t"":762,""outside"":false,""outsidePx"":0},{""x"":1552,""y"":564.7,""t"":779,""outside"":false,""outsidePx"":0},{""x"":1572.7,""y"":552,""t"":795,""outside"":false,""outsidePx"":0},{""x"":1590,""y"":541.3,""t"":812,""outside"":false,""outsidePx"":0},{""x"":1602.7,""y"":532.7,""t"":829,""outside"":false,""outsidePx"":0},{""x"":1609.3,""y"":529.3,""t"":845,""outside"":false,""outsidePx"":0},{""x"":1612.7,""y"":527.3,""t"":862,""outside"":false,""outsidePx"":0},{""x"":1616.7,""y"":526,""t"":879,""outside"":false,""outsidePx"":0},{""x"":1623.3,""y"":522.7,""t"":895,""outside"":false,""outsidePx"":0},{""x"":1634,""y"":517.3,""t"":912,""outside"":false,""outsidePx"":0},{""x"":1648,""y"":510,""t"":929,""outside"":false,""outsidePx"":0},{""x"":1660,""y"":503.3,""t"":945,""outside"":false,""outsidePx"":0},{""x"":1667.3,""y"":499.3,""t"":962,""outside"":false,""outsidePx"":0},{""x"":1672.7,""y"":496,""t"":979,""outside"":false,""outsidePx"":0},{""x"":1678,""y"":492.7,""t"":996,""outside"":false,""outsidePx"":0},{""x"":1681.3,""y"":490.7,""t"":1012,""outside"":false,""outsidePx"":0}]"
hayashi,main,practice,C3,距離大条件,W固定・A長い,35,675,19.286,3,18,78,78,80,2026-09-29T07:50:24.707Z,2026-09-29T07:50:25.822Z,1116,189,879,690,true,true,none,1702,476.7,1,false,0,0,0,false,[],"[{""x"":880,""y"":944,""t"":0,""outside"":false,""outsidePx"":0},{""x"":888.7,""y"":942.7,""t"":23,""outside"":false,""outsidePx"":0},{""x"":897.3,""y"":938.7,""t"":40,""outside"":false,""outsidePx"":0},{""x"":906,""y"":935.3,""t"":57,""outside"":false,""outsidePx"":0},{""x"":914.7,""y"":932,""t"":73,""outside"":false,""outsidePx"":0},{""x"":923.3,""y"":926.7,""t"":90,""outside"":false,""outsidePx"":0},{""x"":932,""y"":923.3,""t"":107,""outside"":false,""outsidePx"":0},{""x"":940.7,""y"":918,""t"":124,""outside"":false,""outsidePx"":0},{""x"":951.3,""y"":912.7,""t"":140,""outside"":false,""outsidePx"":0},{""x"":960,""y"":907.3,""t"":157,""outside"":false,""outsidePx"":0},{""x"":974,""y"":898.7,""t"":173,""outside"":false,""outsidePx"":0},{""x"":990,""y"":890,""t"":190,""outside"":false,""outsidePx"":0},{""x"":1004,""y"":882.7,""t"":207,""outside"":false,""outsidePx"":0},{""x"":1016,""y"":877.3,""t"":224,""outside"":false,""outsidePx"":0},{""x"":1026.7,""y"":872.7,""t"":240,""outside"":false,""outsidePx"":0},{""x"":1035.3,""y"":865.3,""t"":257,""outside"":false,""outsidePx"":0},{""x"":1049.3,""y"":860,""t"":273,""outside"":false,""outsidePx"":0},{""x"":1063.3,""y"":851.3,""t"":290,""outside"":false,""outsidePx"":0},{""x"":1080.7,""y"":842.7,""t"":307,""outside"":false,""outsidePx"":0},{""x"":1098.7,""y"":832,""t"":323,""outside"":false,""outsidePx"":0},{""x"":1114,""y"":821.3,""t"":340,""outside"":false,""outsidePx"":0},{""x"":1132,""y"":811.3,""t"":357,""outside"":false,""outsidePx"":0},{""x"":1147.3,""y"":800.7,""t"":373,""outside"":false,""outsidePx"":0},{""x"":1163.3,""y"":793.3,""t"":390,""outside"":false,""outsidePx"":0},{""x"":1174,""y"":788.7,""t"":407,""outside"":false,""outsidePx"":0},{""x"":1182.7,""y"":784.7,""t"":423,""outside"":false,""outsidePx"":0},{""x"":1192.7,""y"":778,""t"":440,""outside"":false,""outsidePx"":0},{""x"":1203.3,""y"":772.7,""t"":457,""outside"":false,""outsidePx"":0},{""x"":1214,""y"":767.3,""t"":473,""outside"":false,""outsidePx"":0},{""x"":1230,""y"":760.7,""t"":490,""outside"":false,""outsidePx"":0},{""x"":1245.3,""y"":751.3,""t"":507,""outside"":false,""outsidePx"":0},{""x"":1264.7,""y"":742.7,""t"":523,""outside"":false,""outsidePx"":0},{""x"":1280.7,""y"":736,""t"":540,""outside"":false,""outsidePx"":0},{""x"":1292.7,""y"":728.7,""t"":557,""outside"":false,""outsidePx"":0},{""x"":1308.7,""y"":718.7,""t"":573,""outside"":false,""outsidePx"":0},{""x"":1326,""y"":708,""t"":590,""outside"":false,""outsidePx"":0},{""x"":1343.3,""y"":697.3,""t"":607,""outside"":false,""outsidePx"":0},{""x"":1357.3,""y"":688.7,""t"":624,""outside"":false,""outsidePx"":0},{""x"":1371.3,""y"":681.3,""t"":640,""outside"":false,""outsidePx"":0},{""x"":1385.3,""y"":672.7,""t"":657,""outside"":false,""outsidePx"":0},{""x"":1398,""y"":662.7,""t"":673,""outside"":false,""outsidePx"":0},{""x"":1410,""y"":655.3,""t"":690,""outside"":false,""outsidePx"":0},{""x"":1418.7,""y"":648.7,""t"":707,""outside"":false,""outsidePx"":0},{""x"":1430.7,""y"":639.3,""t"":724,""outside"":false,""outsidePx"":0},{""x"":1446.7,""y"":629.3,""t"":740,""outside"":false,""outsidePx"":0},{""x"":1462.7,""y"":618.7,""t"":757,""outside"":false,""outsidePx"":0},{""x"":1483.3,""y"":606.7,""t"":774,""outside"":false,""outsidePx"":0},{""x"":1504.7,""y"":592.7,""t"":790,""outside"":false,""outsidePx"":0},{""x"":1518.7,""y"":582,""t"":807,""outside"":false,""outsidePx"":0},{""x"":1530.7,""y"":574.7,""t"":823,""outside"":false,""outsidePx"":0},{""x"":1544.7,""y"":566,""t"":840,""outside"":false,""outsidePx"":0},{""x"":1558.7,""y"":559.3,""t"":857,""outside"":false,""outsidePx"":0},{""x"":1567.3,""y"":554,""t"":874,""outside"":false,""outsidePx"":0},{""x"":1583.3,""y"":545.3,""t"":890,""outside"":false,""outsidePx"":0},{""x"":1600.7,""y"":534.7,""t"":907,""outside"":false,""outsidePx"":0},{""x"":1620,""y"":524,""t"":924,""outside"":false,""outsidePx"":0},{""x"":1640.7,""y"":512,""t"":940,""outside"":false,""outsidePx"":0},{""x"":1662,""y"":501.3,""t"":957,""outside"":false,""outsidePx"":0},{""x"":1679.3,""y"":490.7,""t"":974,""outside"":false,""outsidePx"":0},{""x"":1688,""y"":485.3,""t"":990,""outside"":false,""outsidePx"":0},{""x"":1695.3,""y"":480.7,""t"":1007,""outside"":false,""outsidePx"":0},{""x"":1696.7,""y"":480.7,""t"":1024,""outside"":false,""outsidePx"":0},{""x"":1698.7,""y"":478.7,""t"":1040,""outside"":false,""outsidePx"":0},{""x"":1700.7,""y"":478.7,""t"":1066,""outside"":false,""outsidePx"":0},{""x"":1700.7,""y"":476.7,""t"":1074,""outside"":false,""outsidePx"":0},{""x"":1702,""y"":476.7,""t"":1099,""outside"":false,""outsidePx"":0}]"
hayashi,main,practice,C3,距離大条件,W固定・A長い,35,675,19.286,3,19,79,79,81,2026-09-29T07:50:26.476Z,2026-09-29T07:50:27.635Z,1159,132,761,629,true,true,deviation,1688,476.7,1,true,1,67,1.8,false,"[{""startMs"":587,""startX"":1412,""startY"":664,""maxOutsidePx"":1.8,""endMs"":654,""endX"":1471.3,""endY"":629.3,""durationMs"":67}]","[{""x"":882,""y"":943.3,""t"":0,""outside"":false,""outsidePx"":0},{""x"":886.7,""y"":940.7,""t"":38,""outside"":false,""outsidePx"":0},{""x"":897.3,""y"":933.3,""t"":54,""outside"":false,""outsidePx"":0},{""x"":914.7,""y"":923.3,""t"":71,""outside"":false,""outsidePx"":0},{""x"":934,""y"":914.7,""t"":87,""outside"":false,""outsidePx"":0},{""x"":953.3,""y"":905.3,""t"":104,""outside"":false,""outsidePx"":0},{""x"":974,""y"":896.7,""t"":121,""outside"":false,""outsidePx"":0},{""x"":995.3,""y"":888,""t"":137,""outside"":false,""outsidePx"":0},{""x"":1012.7,""y"":879.3,""t"":154,""outside"":false,""outsidePx"":0},{""x"":1028.7,""y"":872.7,""t"":171,""outside"":false,""outsidePx"":0},{""x"":1040.7,""y"":865.3,""t"":187,""outside"":false,""outsidePx"":0},{""x"":1051.3,""y"":858.7,""t"":204,""outside"":false,""outsidePx"":0},{""x"":1065.3,""y"":849.3,""t"":221,""outside"":false,""outsidePx"":0},{""x"":1079.3,""y"":840.7,""t"":237,""outside"":false,""outsidePx"":0},{""x"":1093.3,""y"":834,""t"":254,""outside"":false,""outsidePx"":0},{""x"":1105.3,""y"":825.3,""t"":271,""outside"":false,""outsidePx"":0},{""x"":1119.3,""y"":818,""t"":287,""outside"":false,""outsidePx"":0},{""x"":1132,""y"":812.7,""t"":304,""outside"":false,""outsidePx"":0},{""x"":1144,""y"":806,""t"":320,""outside"":false,""outsidePx"":0},{""x"":1160,""y"":797.3,""t"":337,""outside"":false,""outsidePx"":0},{""x"":1174,""y"":788.7,""t"":354,""outside"":false,""outsidePx"":0},{""x"":1191.3,""y"":778,""t"":371,""outside"":false,""outsidePx"":0},{""x"":1206.7,""y"":767.3,""t"":387,""outside"":false,""outsidePx"":0},{""x"":1222.7,""y"":756.7,""t"":404,""outside"":false,""outsidePx"":0},{""x"":1238.7,""y"":748,""t"":421,""outside"":false,""outsidePx"":0},{""x"":1248.7,""y"":742.7,""t"":437,""outside"":false,""outsidePx"":0},{""x"":1259.3,""y"":737.3,""t"":454,""outside"":false,""outsidePx"":0},{""x"":1270,""y"":732.7,""t"":471,""outside"":false,""outsidePx"":0},{""x"":1280.7,""y"":728.7,""t"":487,""outside"":false,""outsidePx"":0},{""x"":1292.7,""y"":722,""t"":504,""outside"":false,""outsidePx"":0},{""x"":1312,""y"":711.3,""t"":521,""outside"":false,""outsidePx"":0},{""x"":1331.3,""y"":700.7,""t"":538,""outside"":false,""outsidePx"":0},{""x"":1359.3,""y"":686.7,""t"":554,""outside"":false,""outsidePx"":0},{""x"":1388.7,""y"":672.7,""t"":571,""outside"":false,""outsidePx"":0},{""x"":1412,""y"":664,""t"":587,""outside"":true,""outsidePx"":0},{""x"":1430.7,""y"":655.3,""t"":604,""outside"":true,""outsidePx"":1.8},{""x"":1444.7,""y"":646.7,""t"":621,""outside"":true,""outsidePx"":1.3},{""x"":1457.3,""y"":638,""t"":637,""outside"":true,""outsidePx"":0.2},{""x"":1471.3,""y"":629.3,""t"":654,""outside"":false,""outsidePx"":0},{""x"":1486.7,""y"":616.7,""t"":671,""outside"":false,""outsidePx"":0},{""x"":1508,""y"":602.7,""t"":688,""outside"":false,""outsidePx"":0},{""x"":1527.3,""y"":590.7,""t"":704,""outside"":false,""outsidePx"":0},{""x"":1544.7,""y"":578.7,""t"":721,""outside"":false,""outsidePx"":0},{""x"":1558.7,""y"":569.3,""t"":737,""outside"":false,""outsidePx"":0},{""x"":1570.7,""y"":560.7,""t"":754,""outside"":false,""outsidePx"":0},{""x"":1583.3,""y"":550.7,""t"":771,""outside"":false,""outsidePx"":0},{""x"":1597.3,""y"":540,""t"":788,""outside"":false,""outsidePx"":0},{""x"":1612.7,""y"":527.3,""t"":804,""outside"":false,""outsidePx"":0},{""x"":1625.3,""y"":518.7,""t"":821,""outside"":false,""outsidePx"":0},{""x"":1630.7,""y"":515.3,""t"":837,""outside"":false,""outsidePx"":0},{""x"":1637.3,""y"":510,""t"":854,""outside"":false,""outsidePx"":0},{""x"":1644.7,""y"":504.7,""t"":871,""outside"":false,""outsidePx"":0},{""x"":1650,""y"":501.3,""t"":887,""outside"":false,""outsidePx"":0},{""x"":1653.3,""y"":499.3,""t"":904,""outside"":false,""outsidePx"":0},{""x"":1653.3,""y"":498,""t"":921,""outside"":false,""outsidePx"":0},{""x"":1654.7,""y"":496,""t"":938,""outside"":false,""outsidePx"":0},{""x"":1660,""y"":492.7,""t"":954,""outside"":false,""outsidePx"":0},{""x"":1665.3,""y"":489.3,""t"":971,""outside"":false,""outsidePx"":0},{""x"":1672.7,""y"":485.3,""t"":988,""outside"":false,""outsidePx"":0},{""x"":1676,""y"":484,""t"":1004,""outside"":false,""outsidePx"":0},{""x"":1678,""y"":482,""t"":1021,""outside"":false,""outsidePx"":0},{""x"":1679.3,""y"":482,""t"":1037,""outside"":false,""outsidePx"":0},{""x"":1682.7,""y"":480.7,""t"":1054,""outside"":false,""outsidePx"":0},{""x"":1682.7,""y"":478.7,""t"":1125,""outside"":false,""outsidePx"":0},{""x"":1684.7,""y"":478.7,""t"":1137,""outside"":false,""outsidePx"":0},{""x"":1688,""y"":476.7,""t"":1154,""outside"":false,""outsidePx"":0}]"
hayashi,main,practice,C3,距離大条件,W固定・A長い,35,675,19.286,3,20,80,80,82,2026-09-29T07:50:28.946Z,2026-09-29T07:50:30.253Z,1307,259,1017,758,false,true,near_goal_pointerup,1678.7,469.3,1,true,2,100,0.7,false,"[{""startMs"":1200,""startX"":1681.3,""startY"":468,""maxOutsidePx"":0.7,""endMs"":1295,""endX"":1680,""endY"":469.3,""durationMs"":95},{""startMs"":1302,""startX"":1678.7,""startY"":469.3,""maxOutsidePx"":0.3,""endMs"":1307,""endX"":1678.7,""endY"":469.3,""durationMs"":5}]","[{""x"":875.3,""y"":936.7,""t"":0,""outside"":false,""outsidePx"":0},{""x"":876,""y"":936.7,""t"":55,""outside"":false,""outsidePx"":0},{""x"":878,""y"":936.7,""t"":67,""outside"":false,""outsidePx"":0},{""x"":884.7,""y"":933.3,""t"":84,""outside"":false,""outsidePx"":0},{""x"":894,""y"":932,""t"":101,""outside"":false,""outsidePx"":0},{""x"":908,""y"":926.7,""t"":117,""outside"":false,""outsidePx"":0},{""x"":918,""y"":923.3,""t"":134,""outside"":false,""outsidePx"":0},{""x"":925.3,""y"":919.3,""t"":150,""outside"":false,""outsidePx"":0},{""x"":934,""y"":916,""t"":167,""outside"":false,""outsidePx"":0},{""x"":942.7,""y"":910.7,""t"":184,""outside"":false,""outsidePx"":0},{""x"":950,""y"":907.3,""t"":200,""outside"":false,""outsidePx"":0},{""x"":956.7,""y"":904,""t"":217,""outside"":false,""outsidePx"":0},{""x"":967.3,""y"":898.7,""t"":234,""outside"":false,""outsidePx"":0},{""x"":981.3,""y"":891.3,""t"":251,""outside"":false,""outsidePx"":0},{""x"":992,""y"":884.7,""t"":267,""outside"":false,""outsidePx"":0},{""x"":1000.7,""y"":879.3,""t"":284,""outside"":false,""outsidePx"":0},{""x"":1007.3,""y"":874,""t"":300,""outside"":false,""outsidePx"":0},{""x"":1016,""y"":868.7,""t"":317,""outside"":false,""outsidePx"":0},{""x"":1024.7,""y"":863.3,""t"":334,""outside"":false,""outsidePx"":0},{""x"":1032,""y"":860,""t"":350,""outside"":false,""outsidePx"":0},{""x"":1044,""y"":853.3,""t"":367,""outside"":false,""outsidePx"":0},{""x"":1056.7,""y"":844.7,""t"":384,""outside"":false,""outsidePx"":0},{""x"":1065.3,""y"":839.3,""t"":400,""outside"":false,""outsidePx"":0},{""x"":1076,""y"":832,""t"":417,""outside"":false,""outsidePx"":0},{""x"":1086,""y"":825.3,""t"":434,""outside"":false,""outsidePx"":0},{""x"":1100,""y"":814.7,""t"":450,""outside"":false,""outsidePx"":0},{""x"":1108.7,""y"":809.3,""t"":467,""outside"":false,""outsidePx"":0},{""x"":1118,""y"":804,""t"":484,""outside"":false,""outsidePx"":0},{""x"":1124.7,""y"":800.7,""t"":500,""outside"":false,""outsidePx"":0},{""x"":1135.3,""y"":793.3,""t"":517,""outside"":false,""outsidePx"":0},{""x"":1146,""y"":786.7,""t"":534,""outside"":false,""outsidePx"":0},{""x"":1152.7,""y"":783.3,""t"":551,""outside"":false,""outsidePx"":0},{""x"":1168.7,""y"":774.7,""t"":567,""outside"":false,""outsidePx"":0},{""x"":1178.7,""y"":769.3,""t"":584,""outside"":false,""outsidePx"":0},{""x"":1191.3,""y"":762,""t"":600,""outside"":false,""outsidePx"":0},{""x"":1202,""y"":755.3,""t"":617,""outside"":false,""outsidePx"":0},{""x"":1214,""y"":748,""t"":634,""outside"":false,""outsidePx"":0},{""x"":1226,""y"":741.3,""t"":651,""outside"":false,""outsidePx"":0},{""x"":1240,""y"":734,""t"":667,""outside"":false,""outsidePx"":0},{""x"":1254,""y"":727.3,""t"":684,""outside"":false,""outsidePx"":0},{""x"":1262.7,""y"":722,""t"":700,""outside"":false,""outsidePx"":0},{""x"":1278.7,""y"":714.7,""t"":717,""outside"":false,""outsidePx"":0},{""x"":1296,""y"":704.7,""t"":734,""outside"":false,""outsidePx"":0},{""x"":1314,""y"":695.3,""t"":750,""outside"":false,""outsidePx"":0},{""x"":1329.3,""y"":688.7,""t"":767,""outside"":false,""outsidePx"":0},{""x"":1345.3,""y"":680,""t"":784,""outside"":false,""outsidePx"":0},{""x"":1362.7,""y"":672.7,""t"":801,""outside"":false,""outsidePx"":0},{""x"":1378.7,""y"":666,""t"":817,""outside"":false,""outsidePx"":0},{""x"":1394,""y"":657.3,""t"":834,""outside"":false,""outsidePx"":0},{""x"":1408,""y"":650,""t"":850,""outside"":false,""outsidePx"":0},{""x"":1424,""y"":641.3,""t"":867,""outside"":false,""outsidePx"":0},{""x"":1438,""y"":632.7,""t"":884,""outside"":false,""outsidePx"":0},{""x"":1458.7,""y"":624,""t"":900,""outside"":false,""outsidePx"":0},{""x"":1474.7,""y"":616.7,""t"":918,""outside"":false,""outsidePx"":0},{""x"":1488.7,""y"":608,""t"":934,""outside"":false,""outsidePx"":0},{""x"":1500.7,""y"":601.3,""t"":950,""outside"":false,""outsidePx"":0},{""x"":1518.7,""y"":592.7,""t"":967,""outside"":false,""outsidePx"":0},{""x"":1534,""y"":580,""t"":984,""outside"":false,""outsidePx"":0},{""x"":1555.3,""y"":568,""t"":1001,""outside"":false,""outsidePx"":0},{""x"":1572.7,""y"":552,""t"":1017,""outside"":false,""outsidePx"":0},{""x"":1592,""y"":536.7,""t"":1034,""outside"":false,""outsidePx"":0},{""x"":1604,""y"":526,""t"":1050,""outside"":false,""outsidePx"":0},{""x"":1614.7,""y"":517.3,""t"":1067,""outside"":false,""outsidePx"":0},{""x"":1625.3,""y"":510,""t"":1083,""outside"":false,""outsidePx"":0},{""x"":1636,""y"":501.3,""t"":1100,""outside"":false,""outsidePx"":0},{""x"":1642.7,""y"":494.7,""t"":1117,""outside"":false,""outsidePx"":0},{""x"":1648,""y"":490.7,""t"":1133,""outside"":false,""outsidePx"":0},{""x"":1654.7,""y"":485.3,""t"":1150,""outside"":false,""outsidePx"":0},{""x"":1665.3,""y"":478.7,""t"":1167,""outside"":false,""outsidePx"":0},{""x"":1676,""y"":471.3,""t"":1184,""outside"":false,""outsidePx"":0},{""x"":1681.3,""y"":468,""t"":1200,""outside"":true,""outsidePx"":0.1},{""x"":1680,""y"":468,""t"":1279,""outside"":true,""outsidePx"":0.7},{""x"":1680,""y"":469.3,""t"":1295,""outside"":false,""outsidePx"":0},{""x"":1678.7,""y"":469.3,""t"":1302,""outside"":true,""outsidePx"":0.3}]"
hayashi,main,practice,C3,距離大条件,W固定・A長い,35,675,19.286,3,21,81,81,83,2026-09-29T07:50:31.433Z,2026-09-29T07:50:32.602Z,1169,211,948,737,true,true,none,1674,482,1,false,0,0,0,false,[],"[{""x"":889.3,""y"":936.7,""t"":0,""outside"":false,""outsidePx"":0},{""x"":887.3,""y"":936.7,""t"":13,""outside"":false,""outsidePx"":0},{""x"":885.3,""y"":938,""t"":29,""outside"":false,""outsidePx"":0},{""x"":884,""y"":940,""t"":47,""outside"":false,""outsidePx"":0},{""x"":888.7,""y"":937.3,""t"":96,""outside"":false,""outsidePx"":0},{""x"":895.3,""y"":930,""t"":112,""outside"":false,""outsidePx"":0},{""x"":908,""y"":923.3,""t"":129,""outside"":false,""outsidePx"":0},{""x"":922,""y"":916,""t"":146,""outside"":false,""outsidePx"":0},{""x"":939.3,""y"":905.3,""t"":162,""outside"":false,""outsidePx"":0},{""x"":956.7,""y"":898.7,""t"":180,""outside"":false,""outsidePx"":0},{""x"":972.7,""y"":890,""t"":197,""outside"":false,""outsidePx"":0},{""x"":986.7,""y"":882.7,""t"":214,""outside"":false,""outsidePx"":0},{""x"":995.3,""y"":877.3,""t"":230,""outside"":false,""outsidePx"":0},{""x"":1004,""y"":874,""t"":247,""outside"":false,""outsidePx"":0},{""x"":1010.7,""y"":870.7,""t"":263,""outside"":false,""outsidePx"":0},{""x"":1023.3,""y"":863.3,""t"":280,""outside"":false,""outsidePx"":0},{""x"":1035.3,""y"":858.7,""t"":297,""outside"":false,""outsidePx"":0},{""x"":1042.7,""y"":854.7,""t"":313,""outside"":false,""outsidePx"":0},{""x"":1052.7,""y"":849.3,""t"":330,""outside"":false,""outsidePx"":0},{""x"":1062,""y"":846,""t"":347,""outside"":false,""outsidePx"":0},{""x"":1070.7,""y"":842.7,""t"":363,""outside"":false,""outsidePx"":0},{""x"":1079.3,""y"":839.3,""t"":380,""outside"":false,""outsidePx"":0},{""x"":1090,""y"":834,""t"":396,""outside"":false,""outsidePx"":0},{""x"":1098.7,""y"":828.7,""t"":414,""outside"":false,""outsidePx"":0},{""x"":1107.3,""y"":825.3,""t"":430,""outside"":false,""outsidePx"":0},{""x"":1118,""y"":820,""t"":447,""outside"":false,""outsidePx"":0},{""x"":1130,""y"":814.7,""t"":463,""outside"":false,""outsidePx"":0},{""x"":1142,""y"":807.3,""t"":480,""outside"":false,""outsidePx"":0},{""x"":1156,""y"":800.7,""t"":497,""outside"":false,""outsidePx"":0},{""x"":1170,""y"":795.3,""t"":513,""outside"":false,""outsidePx"":0},{""x"":1188,""y"":786.7,""t"":530,""outside"":false,""outsidePx"":0},{""x"":1203.3,""y"":779.3,""t"":547,""outside"":false,""outsidePx"":0},{""x"":1217.3,""y"":772.7,""t"":563,""outside"":false,""outsidePx"":0},{""x"":1228,""y"":765.3,""t"":580,""outside"":false,""outsidePx"":0},{""x"":1236.7,""y"":762,""t"":597,""outside"":false,""outsidePx"":0},{""x"":1248.7,""y"":755.3,""t"":613,""outside"":false,""outsidePx"":0},{""x"":1261.3,""y"":746.7,""t"":630,""outside"":false,""outsidePx"":0},{""x"":1276.7,""y"":737.3,""t"":647,""outside"":false,""outsidePx"":0},{""x"":1294.7,""y"":727.3,""t"":664,""outside"":false,""outsidePx"":0},{""x"":1308.7,""y"":720,""t"":680,""outside"":false,""outsidePx"":0},{""x"":1320.7,""y"":714.7,""t"":697,""outside"":false,""outsidePx"":0},{""x"":1331.3,""y"":708,""t"":714,""outside"":false,""outsidePx"":0},{""x"":1345.3,""y"":699.3,""t"":730,""outside"":false,""outsidePx"":0},{""x"":1364.7,""y"":686.7,""t"":747,""outside"":false,""outsidePx"":0},{""x"":1382,""y"":674.7,""t"":763,""outside"":false,""outsidePx"":0},{""x"":1401.3,""y"":662.7,""t"":780,""outside"":false,""outsidePx"":0},{""x"":1418.7,""y"":652,""t"":797,""outside"":false,""outsidePx"":0},{""x"":1434.7,""y"":641.3,""t"":814,""outside"":false,""outsidePx"":0},{""x"":1452,""y"":630.7,""t"":830,""outside"":false,""outsidePx"":0},{""x"":1466,""y"":622,""t"":847,""outside"":false,""outsidePx"":0},{""x"":1480,""y"":613.3,""t"":863,""outside"":false,""outsidePx"":0},{""x"":1500.7,""y"":601.3,""t"":880,""outside"":false,""outsidePx"":0},{""x"":1520,""y"":588.7,""t"":897,""outside"":false,""outsidePx"":0},{""x"":1536,""y"":578.7,""t"":914,""outside"":false,""outsidePx"":0},{""x"":1555.3,""y"":566,""t"":930,""outside"":false,""outsidePx"":0},{""x"":1572.7,""y"":554,""t"":947,""outside"":false,""outsidePx"":0},{""x"":1584.7,""y"":545.3,""t"":963,""outside"":false,""outsidePx"":0},{""x"":1600.7,""y"":531.3,""t"":980,""outside"":false,""outsidePx"":0},{""x"":1618,""y"":518.7,""t"":997,""outside"":false,""outsidePx"":0},{""x"":1636,""y"":506.7,""t"":1013,""outside"":false,""outsidePx"":0},{""x"":1653.3,""y"":496,""t"":1030,""outside"":false,""outsidePx"":0},{""x"":1665.3,""y"":487.3,""t"":1047,""outside"":false,""outsidePx"":0},{""x"":1670.7,""y"":484,""t"":1064,""outside"":false,""outsidePx"":0},{""x"":1672.7,""y"":484,""t"":1129,""outside"":false,""outsidePx"":0},{""x"":1674,""y"":482,""t"":1146,""outside"":false,""outsidePx"":0}]"
hayashi,main,practice,C3,距離大条件,W固定・A長い,35,675,19.286,3,22,82,82,84,2026-09-29T07:50:33.564Z,2026-09-29T07:50:34.783Z,1219,188,925,737,true,true,deviation,1720,461.3,1,true,1,250,14.6,false,"[{""startMs"":449,""startX"":1198,""startY"":788.7,""maxOutsidePx"":14.6,""endMs"":699,""endX"":1426,""endY"":655.3,""durationMs"":250}]","[{""x"":887.3,""y"":948.7,""t"":0,""outside"":false,""outsidePx"":0},{""x"":890,""y"":946,""t"":33,""outside"":false,""outsidePx"":0},{""x"":894,""y"":942.7,""t"":49,""outside"":false,""outsidePx"":0},{""x"":900.7,""y"":938.7,""t"":66,""outside"":false,""outsidePx"":0},{""x"":912.7,""y"":932,""t"":82,""outside"":false,""outsidePx"":0},{""x"":925.3,""y"":926.7,""t"":99,""outside"":false,""outsidePx"":0},{""x"":937.3,""y"":921.3,""t"":115,""outside"":false,""outsidePx"":0},{""x"":950,""y"":916,""t"":132,""outside"":false,""outsidePx"":0},{""x"":958.7,""y"":910.7,""t"":149,""outside"":false,""outsidePx"":0},{""x"":968.7,""y"":905.3,""t"":166,""outside"":false,""outsidePx"":0},{""x"":984.7,""y"":895.3,""t"":182,""outside"":false,""outsidePx"":0},{""x"":998.7,""y"":886.7,""t"":199,""outside"":false,""outsidePx"":0},{""x"":1018,""y"":874,""t"":216,""outside"":false,""outsidePx"":0},{""x"":1035.3,""y"":863.3,""t"":233,""outside"":false,""outsidePx"":0},{""x"":1054.7,""y"":853.3,""t"":249,""outside"":false,""outsidePx"":0},{""x"":1070.7,""y"":844.7,""t"":266,""outside"":false,""outsidePx"":0},{""x"":1086,""y"":835.3,""t"":282,""outside"":false,""outsidePx"":0},{""x"":1098.7,""y"":828.7,""t"":299,""outside"":false,""outsidePx"":0},{""x"":1110.7,""y"":823.3,""t"":316,""outside"":false,""outsidePx"":0},{""x"":1122.7,""y"":818,""t"":332,""outside"":false,""outsidePx"":0},{""x"":1136.7,""y"":811.3,""t"":349,""outside"":false,""outsidePx"":0},{""x"":1149.3,""y"":806,""t"":366,""outside"":false,""outsidePx"":0},{""x"":1161.3,""y"":802.7,""t"":382,""outside"":false,""outsidePx"":0},{""x"":1170,""y"":798.7,""t"":399,""outside"":false,""outsidePx"":0},{""x"":1177.3,""y"":795.3,""t"":416,""outside"":false,""outsidePx"":0},{""x"":1184,""y"":792,""t"":432,""outside"":false,""outsidePx"":0},{""x"":1198,""y"":788.7,""t"":449,""outside"":true,""outsidePx"":1},{""x"":1214,""y"":781.3,""t"":466,""outside"":true,""outsidePx"":2.6},{""x"":1236.7,""y"":774.7,""t"":482,""outside"":true,""outsidePx"":8.2},{""x"":1252.7,""y"":769.3,""t"":499,""outside"":true,""outsidePx"":11.6},{""x"":1266.7,""y"":764,""t"":516,""outside"":true,""outsidePx"":13.9},{""x"":1280.7,""y"":756.7,""t"":533,""outside"":true,""outsidePx"":14.6},{""x"":1294.7,""y"":748,""t"":549,""outside"":true,""outsidePx"":14.1},{""x"":1314,""y"":737.3,""t"":566,""outside"":true,""outsidePx"":14.5},{""x"":1331.3,""y"":725.3,""t"":583,""outside"":true,""outsidePx"":12.8},{""x"":1350.7,""y"":714.7,""t"":599,""outside"":true,""outsidePx"":13.2},{""x"":1364.7,""y"":706,""t"":616,""outside"":true,""outsidePx"":12.7},{""x"":1378.7,""y"":695.3,""t"":632,""outside"":true,""outsidePx"":10.5},{""x"":1390.7,""y"":685.3,""t"":649,""outside"":true,""outsidePx"":7.8},{""x"":1401.3,""y"":674.7,""t"":666,""outside"":true,""outsidePx"":3.9},{""x"":1413.3,""y"":666,""t"":682,""outside"":true,""outsidePx"":2.4},{""x"":1426,""y"":655.3,""t"":699,""outside"":false,""outsidePx"":0},{""x"":1434.7,""y"":646.7,""t"":716,""outside"":false,""outsidePx"":0},{""x"":1441.3,""y"":641.3,""t"":732,""outside"":false,""outsidePx"":0},{""x"":1446.7,""y"":636,""t"":749,""outside"":false,""outsidePx"":0},{""x"":1454,""y"":630.7,""t"":765,""outside"":false,""outsidePx"":0},{""x"":1460.7,""y"":625.3,""t"":782,""outside"":false,""outsidePx"":0},{""x"":1468,""y"":620.7,""t"":799,""outside"":false,""outsidePx"":0},{""x"":1472.7,""y"":616.7,""t"":816,""outside"":false,""outsidePx"":0},{""x"":1480,""y"":611.3,""t"":832,""outside"":false,""outsidePx"":0},{""x"":1486.7,""y"":608,""t"":849,""outside"":false,""outsidePx"":0},{""x"":1497.3,""y"":601.3,""t"":866,""outside"":false,""outsidePx"":0},{""x"":1516.7,""y"":588.7,""t"":883,""outside"":false,""outsidePx"":0},{""x"":1538,""y"":576.7,""t"":899,""outside"":false,""outsidePx"":0},{""x"":1562,""y"":562.7,""t"":915,""outside"":false,""outsidePx"":0},{""x"":1584.7,""y"":552,""t"":932,""outside"":false,""outsidePx"":0},{""x"":1600.7,""y"":541.3,""t"":949,""outside"":false,""outsidePx"":0},{""x"":1612.7,""y"":534.7,""t"":966,""outside"":false,""outsidePx"":0},{""x"":1623.3,""y"":527.3,""t"":983,""outside"":false,""outsidePx"":0},{""x"":1632,""y"":522.7,""t"":999,""outside"":false,""outsidePx"":0},{""x"":1639.3,""y"":517.3,""t"":1016,""outside"":false,""outsidePx"":0},{""x"":1653.3,""y"":508.7,""t"":1033,""outside"":false,""outsidePx"":0},{""x"":1662,""y"":503.3,""t"":1049,""outside"":false,""outsidePx"":0},{""x"":1672.7,""y"":494.7,""t"":1066,""outside"":false,""outsidePx"":0},{""x"":1682.7,""y"":487.3,""t"":1083,""outside"":false,""outsidePx"":0},{""x"":1692,""y"":482,""t"":1099,""outside"":false,""outsidePx"":0},{""x"":1700.7,""y"":475.3,""t"":1116,""outside"":false,""outsidePx"":0},{""x"":1709.3,""y"":468,""t"":1133,""outside"":false,""outsidePx"":0},{""x"":1718,""y"":462.7,""t"":1149,""outside"":false,""outsidePx"":0},{""x"":1720,""y"":461.3,""t"":1166,""outside"":false,""outsidePx"":0}]"
hayashi,main,practice,C3,距離大条件,W固定・A長い,35,675,19.286,3,23,83,83,85,2026-09-29T07:50:35.371Z,2026-09-29T07:50:36.558Z,1187,172,867,695,true,true,deviation,1710.7,456,1,true,3,302,5.9,false,"[{""startMs"":325,""startX"":1142,""startY"":820,""maxOutsidePx"":0.9,""endMs"":359,""endX"":1160,""endY"":809.3,""durationMs"":34},{""startMs"":492,""startX"":1264.7,""startY"":750,""maxOutsidePx"":5.9,""endMs"":743,""endX"":1466,""endY"":632.7,""durationMs"":251},{""startMs"":992,""startX"":1653.3,""startY"":484,""maxOutsidePx"":0.2,""endMs"":1009,""endX"":1664,""endY"":478.7,""durationMs"":17}]","[{""x"":896,""y"":942,""t"":0,""outside"":false,""outsidePx"":0},{""x"":897.3,""y"":942,""t"":76,""outside"":false,""outsidePx"":0},{""x"":900.7,""y"":938.7,""t"":91,""outside"":false,""outsidePx"":0},{""x"":911.3,""y"":933.3,""t"":109,""outside"":false,""outsidePx"":0},{""x"":930.7,""y"":926.7,""t"":126,""outside"":false,""outsidePx"":0},{""x"":950,""y"":918,""t"":142,""outside"":false,""outsidePx"":0},{""x"":972.7,""y"":907.3,""t"":159,""outside"":false,""outsidePx"":0},{""x"":996.7,""y"":893.3,""t"":175,""outside"":false,""outsidePx"":0},{""x"":1021.3,""y"":882.7,""t"":192,""outside"":false,""outsidePx"":0},{""x"":1040.7,""y"":872.7,""t"":209,""outside"":false,""outsidePx"":0},{""x"":1062,""y"":863.3,""t"":226,""outside"":false,""outsidePx"":0},{""x"":1079.3,""y"":854.7,""t"":242,""outside"":false,""outsidePx"":0},{""x"":1091.3,""y"":848,""t"":259,""outside"":false,""outsidePx"":0},{""x"":1104,""y"":840.7,""t"":276,""outside"":false,""outsidePx"":0},{""x"":1114,""y"":835.3,""t"":292,""outside"":false,""outsidePx"":0},{""x"":1130,""y"":826.7,""t"":309,""outside"":false,""outsidePx"":0},{""x"":1142,""y"":820,""t"":325,""outside"":true,""outsidePx"":0.1},{""x"":1149.3,""y"":816.7,""t"":342,""outside"":true,""outsidePx"":0.9},{""x"":1160,""y"":809.3,""t"":359,""outside"":false,""outsidePx"":0},{""x"":1168.7,""y"":804,""t"":376,""outside"":false,""outsidePx"":0},{""x"":1178.7,""y"":797.3,""t"":392,""outside"":false,""outsidePx"":0},{""x"":1191.3,""y"":790,""t"":409,""outside"":false,""outsidePx"":0},{""x"":1206.7,""y"":779.3,""t"":426,""outside"":false,""outsidePx"":0},{""x"":1219.3,""y"":772.7,""t"":442,""outside"":false,""outsidePx"":0},{""x"":1234.7,""y"":765.3,""t"":459,""outside"":false,""outsidePx"":0},{""x"":1252.7,""y"":755.3,""t"":475,""outside"":false,""outsidePx"":0},{""x"":1264.7,""y"":750,""t"":492,""outside"":true,""outsidePx"":0.8},{""x"":1273.3,""y"":746.7,""t"":509,""outside"":true,""outsidePx"":2.3},{""x"":1278.7,""y"":742.7,""t"":526,""outside"":true,""outsidePx"":1.5},{""x"":1289.3,""y"":737.3,""t"":543,""outside"":true,""outsidePx"":2.2},{""x"":1303.3,""y"":728.7,""t"":559,""outside"":true,""outsidePx"":1.7},{""x"":1320.7,""y"":720,""t"":576,""outside"":true,""outsidePx"":2.8},{""x"":1334.7,""y"":713.3,""t"":592,""outside"":true,""outsidePx"":4.1},{""x"":1350.7,""y"":704.7,""t"":609,""outside"":true,""outsidePx"":4.6},{""x"":1362.7,""y"":699.3,""t"":625,""outside"":true,""outsidePx"":5.9},{""x"":1371.3,""y"":694,""t"":642,""outside"":true,""outsidePx"":5.7},{""x"":1384,""y"":686.7,""t"":658,""outside"":true,""outsidePx"":5.6},{""x"":1399.3,""y"":676.7,""t"":675,""outside"":true,""outsidePx"":4.6},{""x"":1416.7,""y"":666,""t"":692,""outside"":true,""outsidePx"":4.1},{""x"":1434.7,""y"":655.3,""t"":709,""outside"":true,""outsidePx"":3.8},{""x"":1452,""y"":643.3,""t"":726,""outside"":true,""outsidePx"":2.1},{""x"":1466,""y"":632.7,""t"":743,""outside"":false,""outsidePx"":0},{""x"":1482,""y"":622,""t"":759,""outside"":false,""outsidePx"":0},{""x"":1496,""y"":611.3,""t"":776,""outside"":false,""outsidePx"":0},{""x"":1513.3,""y"":597.3,""t"":792,""outside"":false,""outsidePx"":0},{""x"":1530.7,""y"":587.3,""t"":809,""outside"":false,""outsidePx"":0},{""x"":1548,""y"":573.3,""t"":826,""outside"":false,""outsidePx"":0},{""x"":1558.7,""y"":564.7,""t"":842,""outside"":false,""outsidePx"":0},{""x"":1567.3,""y"":557.3,""t"":859,""outside"":false,""outsidePx"":0},{""x"":1578,""y"":546.7,""t"":875,""outside"":false,""outsidePx"":0},{""x"":1590,""y"":536.7,""t"":892,""outside"":false,""outsidePx"":0},{""x"":1602.7,""y"":524,""t"":909,""outside"":false,""outsidePx"":0},{""x"":1609.3,""y"":515.3,""t"":926,""outside"":false,""outsidePx"":0},{""x"":1622,""y"":506.7,""t"":942,""outside"":false,""outsidePx"":0},{""x"":1634,""y"":498,""t"":959,""outside"":false,""outsidePx"":0},{""x"":1642.7,""y"":490.7,""t"":976,""outside"":false,""outsidePx"":0},{""x"":1653.3,""y"":484,""t"":992,""outside"":true,""outsidePx"":0.2},{""x"":1664,""y"":478.7,""t"":1009,""outside"":false,""outsidePx"":0},{""x"":1672.7,""y"":473.3,""t"":1025,""outside"":false,""outsidePx"":0},{""x"":1684.7,""y"":468,""t"":1042,""outside"":false,""outsidePx"":0},{""x"":1696.7,""y"":461.3,""t"":1059,""outside"":false,""outsidePx"":0},{""x"":1706,""y"":457.3,""t"":1075,""outside"":false,""outsidePx"":0},{""x"":1710.7,""y"":456,""t"":1092,""outside"":false,""outsidePx"":0}]"
hayashi,main,practice,C3,距離大条件,W固定・A長い,35,675,19.286,3,24,84,84,86,2026-09-29T07:50:37.430Z,2026-09-29T07:50:39.299Z,1869,198,1472,1274,true,true,deviation,1708,458.7,1,true,2,200,6.7,false,"[{""startMs"":265,""startX"":1034,""startY"":882.7,""maxOutsidePx"":0.4,""endMs"":282,""endX"":1042.7,""endY"":876,""durationMs"":17},{""startMs"":1281,""startX"":1448.7,""startY"":644.7,""maxOutsidePx"":6.7,""endMs"":1464,""endX"":1574.7,""endY"":569.3,""durationMs"":183}]","[{""x"":888.7,""y"":951.3,""t"":0,""outside"":false,""outsidePx"":0},{""x"":894,""y"":946,""t"":16,""outside"":false,""outsidePx"":0},{""x"":897.3,""y"":942.7,""t"":32,""outside"":false,""outsidePx"":0},{""x"":900.7,""y"":942.7,""t"":50,""outside"":false,""outsidePx"":0},{""x"":902.7,""y"":940.7,""t"":66,""outside"":false,""outsidePx"":0},{""x"":909.3,""y"":937.3,""t"":83,""outside"":false,""outsidePx"":0},{""x"":920,""y"":933.3,""t"":99,""outside"":false,""outsidePx"":0},{""x"":936,""y"":926.7,""t"":116,""outside"":false,""outsidePx"":0},{""x"":948,""y"":921.3,""t"":132,""outside"":false,""outsidePx"":0},{""x"":958.7,""y"":918,""t"":149,""outside"":false,""outsidePx"":0},{""x"":972.7,""y"":912.7,""t"":166,""outside"":false,""outsidePx"":0},{""x"":982.7,""y"":907.3,""t"":182,""outside"":false,""outsidePx"":0},{""x"":996.7,""y"":902,""t"":200,""outside"":false,""outsidePx"":0},{""x"":1007.3,""y"":895.3,""t"":216,""outside"":false,""outsidePx"":0},{""x"":1014.7,""y"":891.3,""t"":232,""outside"":false,""outsidePx"":0},{""x"":1023.3,""y"":886.7,""t"":249,""outside"":false,""outsidePx"":0},{""x"":1034,""y"":882.7,""t"":265,""outside"":true,""outsidePx"":0.4},{""x"":1042.7,""y"":876,""t"":282,""outside"":false,""outsidePx"":0},{""x"":1052.7,""y"":870.7,""t"":299,""outside"":false,""outsidePx"":0},{""x"":1062,""y"":863.3,""t"":316,""outside"":false,""outsidePx"":0},{""x"":1070.7,""y"":858.7,""t"":333,""outside"":false,""outsidePx"":0},{""x"":1077.3,""y"":853.3,""t"":349,""outside"":false,""outsidePx"":0},{""x"":1088,""y"":846,""t"":366,""outside"":false,""outsidePx"":0},{""x"":1102,""y"":837.3,""t"":382,""outside"":false,""outsidePx"":0},{""x"":1114,""y"":830.7,""t"":399,""outside"":false,""outsidePx"":0},{""x"":1122.7,""y"":826.7,""t"":416,""outside"":false,""outsidePx"":0},{""x"":1130,""y"":821.3,""t"":432,""outside"":false,""outsidePx"":0},{""x"":1135.3,""y"":820,""t"":449,""outside"":false,""outsidePx"":0},{""x"":1140.7,""y"":816.7,""t"":466,""outside"":false,""outsidePx"":0},{""x"":1149.3,""y"":811.3,""t"":483,""outside"":false,""outsidePx"":0},{""x"":1158,""y"":806,""t"":500,""outside"":false,""outsidePx"":0},{""x"":1164.7,""y"":802.7,""t"":516,""outside"":false,""outsidePx"":0},{""x"":1172,""y"":797.3,""t"":533,""outside"":false,""outsidePx"":0},{""x"":1177.3,""y"":793.3,""t"":550,""outside"":false,""outsidePx"":0},{""x"":1182.7,""y"":792,""t"":566,""outside"":false,""outsidePx"":0},{""x"":1189.3,""y"":786.7,""t"":583,""outside"":false,""outsidePx"":0},{""x"":1194.7,""y"":783.3,""t"":599,""outside"":false,""outsidePx"":0},{""x"":1198,""y"":783.3,""t"":616,""outside"":false,""outsidePx"":0},{""x"":1198,""y"":781.3,""t"":633,""outside"":false,""outsidePx"":0},{""x"":1197.3,""y"":782.7,""t"":681,""outside"":false,""outsidePx"":0},{""x"":1192,""y"":786,""t"":697,""outside"":false,""outsidePx"":0},{""x"":1183.3,""y"":791.3,""t"":714,""outside"":false,""outsidePx"":0},{""x"":1176,""y"":794.7,""t"":731,""outside"":false,""outsidePx"":0},{""x"":1172.7,""y"":796.7,""t"":748,""outside"":false,""outsidePx"":0},{""x"":1175.3,""y"":793.3,""t"":798,""outside"":false,""outsidePx"":0},{""x"":1178.7,""y"":790,""t"":814,""outside"":false,""outsidePx"":0},{""x"":1186,""y"":784.7,""t"":831,""outside"":false,""outsidePx"":0},{""x"":1194.7,""y"":779.3,""t"":848,""outside"":false,""outsidePx"":0},{""x"":1205.3,""y"":774.7,""t"":864,""outside"":false,""outsidePx"":0},{""x"":1217.3,""y"":767.3,""t"":881,""outside"":false,""outsidePx"":0},{""x"":1226,""y"":762,""t"":897,""outside"":false,""outsidePx"":0},{""x"":1234.7,""y"":756.7,""t"":914,""outside"":false,""outsidePx"":0},{""x"":1242,""y"":750,""t"":931,""outside"":false,""outsidePx"":0},{""x"":1252.7,""y"":742.7,""t"":948,""outside"":false,""outsidePx"":0},{""x"":1264.7,""y"":734,""t"":964,""outside"":false,""outsidePx"":0},{""x"":1276.7,""y"":727.3,""t"":981,""outside"":false,""outsidePx"":0},{""x"":1287.3,""y"":720,""t"":998,""outside"":false,""outsidePx"":0},{""x"":1294.7,""y"":716.7,""t"":1014,""outside"":false,""outsidePx"":0},{""x"":1300,""y"":713.3,""t"":1031,""outside"":false,""outsidePx"":0},{""x"":1306.7,""y"":708,""t"":1048,""outside"":false,""outsidePx"":0},{""x"":1314,""y"":702.7,""t"":1064,""outside"":false,""outsidePx"":0},{""x"":1324,""y"":697.3,""t"":1081,""outside"":false,""outsidePx"":0},{""x"":1332.7,""y"":694,""t"":1098,""outside"":false,""outsidePx"":0},{""x"":1342,""y"":688.7,""t"":1114,""outside"":false,""outsidePx"":0},{""x"":1348.7,""y"":685.3,""t"":1131,""outside"":false,""outsidePx"":0},{""x"":1356,""y"":681.3,""t"":1147,""outside"":false,""outsidePx"":0},{""x"":1366,""y"":676.7,""t"":1164,""outside"":false,""outsidePx"":0},{""x"":1376.7,""y"":672.7,""t"":1181,""outside"":false,""outsidePx"":0},{""x"":1387.3,""y"":667.3,""t"":1198,""outside"":false,""outsidePx"":0},{""x"":1399.3,""y"":662.7,""t"":1214,""outside"":false,""outsidePx"":0},{""x"":1413.3,""y"":657.3,""t"":1231,""outside"":false,""outsidePx"":0},{""x"":1427.3,""y"":653.3,""t"":1247,""outside"":false,""outsidePx"":0},{""x"":1438,""y"":648.7,""t"":1264,""outside"":false,""outsidePx"":0},{""x"":1448.7,""y"":644.7,""t"":1281,""outside"":true,""outsidePx"":1.6},{""x"":1458.7,""y"":641.3,""t"":1298,""outside"":true,""outsidePx"":3.7},{""x"":1469.3,""y"":636,""t"":1314,""outside"":true,""outsidePx"":4.4},{""x"":1482,""y"":630.7,""t"":1331,""outside"":true,""outsidePx"":6.1},{""x"":1492,""y"":624,""t"":1348,""outside"":true,""outsidePx"":5.4},{""x"":1506,""y"":616.7,""t"":1364,""outside"":true,""outsidePx"":6},{""x"":1516.7,""y"":611.3,""t"":1381,""outside"":true,""outsidePx"":6.7},{""x"":1527.3,""y"":604.7,""t"":1398,""outside"":true,""outsidePx"":6.3},{""x"":1539.3,""y"":597.3,""t"":1414,""outside"":true,""outsidePx"":5.9},{""x"":1550,""y"":588.7,""t"":1431,""outside"":true,""outsidePx"":3.8},{""x"":1562,""y"":578.7,""t"":1447,""outside"":true,""outsidePx"":1.1},{""x"":1574.7,""y"":569.3,""t"":1464,""outside"":false,""outsidePx"":0},{""x"":1584.7,""y"":559.3,""t"":1481,""outside"":false,""outsidePx"":0},{""x"":1594,""y"":550.7,""t"":1497,""outside"":false,""outsidePx"":0},{""x"":1604,""y"":540,""t"":1514,""outside"":false,""outsidePx"":0},{""x"":1612.7,""y"":531.3,""t"":1531,""outside"":false,""outsidePx"":0},{""x"":1620,""y"":524,""t"":1547,""outside"":false,""outsidePx"":0},{""x"":1625.3,""y"":517.3,""t"":1564,""outside"":false,""outsidePx"":0},{""x"":1630.7,""y"":512,""t"":1581,""outside"":false,""outsidePx"":0},{""x"":1636,""y"":506.7,""t"":1597,""outside"":false,""outsidePx"":0},{""x"":1642.7,""y"":501.3,""t"":1614,""outside"":false,""outsidePx"":0},{""x"":1650,""y"":494.7,""t"":1631,""outside"":false,""outsidePx"":0},{""x"":1658.7,""y"":487.3,""t"":1647,""outside"":false,""outsidePx"":0},{""x"":1667.3,""y"":482,""t"":1664,""outside"":false,""outsidePx"":0},{""x"":1678,""y"":475.3,""t"":1681,""outside"":false,""outsidePx"":0},{""x"":1686.7,""y"":470,""t"":1698,""outside"":false,""outsidePx"":0},{""x"":1695.3,""y"":466.7,""t"":1714,""outside"":false,""outsidePx"":0},{""x"":1700.7,""y"":462.7,""t"":1731,""outside"":false,""outsidePx"":0},{""x"":1707.3,""y"":459.3,""t"":1747,""outside"":false,""outsidePx"":0},{""x"":1709.3,""y"":457.3,""t"":1764,""outside"":false,""outsidePx"":0},{""x"":1709.3,""y"":458.7,""t"":1863,""outside"":false,""outsidePx"":0},{""x"":1708,""y"":458.7,""t"":1868,""outside"":false,""outsidePx"":0}]"
hayashi,main,practice,C3,距離大条件,W固定・A長い,35,675,19.286,3,25,85,85,87,2026-09-29T07:50:40.004Z,2026-09-29T07:50:41.606Z,1602,178,1282,1104,true,true,none,1681.3,487.3,1,false,0,0,0,false,[],"[{""x"":884,""y"":943.3,""t"":0,""outside"":false,""outsidePx"":0},{""x"":882,""y"":943.3,""t"":7,""outside"":false,""outsidePx"":0},{""x"":883.3,""y"":942.7,""t"":32,""outside"":false,""outsidePx"":0},{""x"":884.7,""y"":940.7,""t"":41,""outside"":false,""outsidePx"":0},{""x"":895.3,""y"":933.3,""t"":58,""outside"":false,""outsidePx"":0},{""x"":904,""y"":926.7,""t"":75,""outside"":false,""outsidePx"":0},{""x"":918,""y"":918,""t"":91,""outside"":false,""outsidePx"":0},{""x"":932,""y"":910.7,""t"":108,""outside"":false,""outsidePx"":0},{""x"":946,""y"":904,""t"":125,""outside"":false,""outsidePx"":0},{""x"":956.7,""y"":898.7,""t"":141,""outside"":false,""outsidePx"":0},{""x"":968.7,""y"":893.3,""t"":158,""outside"":false,""outsidePx"":0},{""x"":984.7,""y"":886.7,""t"":175,""outside"":false,""outsidePx"":0},{""x"":993.3,""y"":882.7,""t"":192,""outside"":false,""outsidePx"":0},{""x"":1004,""y"":879.3,""t"":208,""outside"":false,""outsidePx"":0},{""x"":1009.3,""y"":876,""t"":225,""outside"":false,""outsidePx"":0},{""x"":1018,""y"":872.7,""t"":242,""outside"":false,""outsidePx"":0},{""x"":1030,""y"":867.3,""t"":258,""outside"":false,""outsidePx"":0},{""x"":1040.7,""y"":862,""t"":275,""outside"":false,""outsidePx"":0},{""x"":1051.3,""y"":858.7,""t"":292,""outside"":false,""outsidePx"":0},{""x"":1060,""y"":853.3,""t"":308,""outside"":false,""outsidePx"":0},{""x"":1068.7,""y"":849.3,""t"":325,""outside"":false,""outsidePx"":0},{""x"":1079.3,""y"":844.7,""t"":342,""outside"":false,""outsidePx"":0},{""x"":1090,""y"":839.3,""t"":358,""outside"":false,""outsidePx"":0},{""x"":1098.7,""y"":834,""t"":375,""outside"":false,""outsidePx"":0},{""x"":1105.3,""y"":830.7,""t"":391,""outside"":false,""outsidePx"":0},{""x"":1110.7,""y"":828.7,""t"":408,""outside"":false,""outsidePx"":0},{""x"":1114,""y"":825.3,""t"":425,""outside"":false,""outsidePx"":0},{""x"":1121.3,""y"":821.3,""t"":442,""outside"":false,""outsidePx"":0},{""x"":1130,""y"":816.7,""t"":458,""outside"":false,""outsidePx"":0},{""x"":1135.3,""y"":812.7,""t"":475,""outside"":false,""outsidePx"":0},{""x"":1144,""y"":807.3,""t"":491,""outside"":false,""outsidePx"":0},{""x"":1152.7,""y"":804,""t"":509,""outside"":false,""outsidePx"":0},{""x"":1161.3,""y"":798.7,""t"":525,""outside"":false,""outsidePx"":0},{""x"":1170,""y"":792,""t"":542,""outside"":false,""outsidePx"":0},{""x"":1175.3,""y"":788.7,""t"":559,""outside"":false,""outsidePx"":0},{""x"":1180.7,""y"":783.3,""t"":575,""outside"":false,""outsidePx"":0},{""x"":1188,""y"":779.3,""t"":592,""outside"":false,""outsidePx"":0},{""x"":1194.7,""y"":774.7,""t"":608,""outside"":false,""outsidePx"":0},{""x"":1205.3,""y"":767.3,""t"":625,""outside"":false,""outsidePx"":0},{""x"":1214,""y"":762,""t"":642,""outside"":false,""outsidePx"":0},{""x"":1222.7,""y"":755.3,""t"":658,""outside"":false,""outsidePx"":0},{""x"":1230,""y"":751.3,""t"":675,""outside"":false,""outsidePx"":0},{""x"":1233.3,""y"":748,""t"":692,""outside"":false,""outsidePx"":0},{""x"":1240,""y"":742.7,""t"":709,""outside"":false,""outsidePx"":0},{""x"":1248.7,""y"":737.3,""t"":725,""outside"":false,""outsidePx"":0},{""x"":1259.3,""y"":732.7,""t"":742,""outside"":false,""outsidePx"":0},{""x"":1270,""y"":727.3,""t"":758,""outside"":false,""outsidePx"":0},{""x"":1276.7,""y"":722,""t"":775,""outside"":false,""outsidePx"":0},{""x"":1284,""y"":716.7,""t"":791,""outside"":false,""outsidePx"":0},{""x"":1292.7,""y"":713.3,""t"":808,""outside"":false,""outsidePx"":0},{""x"":1303.3,""y"":704.7,""t"":825,""outside"":false,""outsidePx"":0},{""x"":1317.3,""y"":695.3,""t"":841,""outside"":false,""outsidePx"":0},{""x"":1331.3,""y"":688.7,""t"":859,""outside"":false,""outsidePx"":0},{""x"":1345.3,""y"":681.3,""t"":875,""outside"":false,""outsidePx"":0},{""x"":1356,""y"":676.7,""t"":891,""outside"":false,""outsidePx"":0},{""x"":1362.7,""y"":671.3,""t"":908,""outside"":false,""outsidePx"":0},{""x"":1370,""y"":666,""t"":925,""outside"":false,""outsidePx"":0},{""x"":1382,""y"":658.7,""t"":942,""outside"":false,""outsidePx"":0},{""x"":1396,""y"":652,""t"":958,""outside"":false,""outsidePx"":0},{""x"":1408,""y"":644.7,""t"":976,""outside"":false,""outsidePx"":0},{""x"":1418.7,""y"":639.3,""t"":992,""outside"":false,""outsidePx"":0},{""x"":1427.3,""y"":634.7,""t"":1009,""outside"":false,""outsidePx"":0},{""x"":1436,""y"":629.3,""t"":1025,""outside"":false,""outsidePx"":0},{""x"":1446.7,""y"":622,""t"":1041,""outside"":false,""outsidePx"":0},{""x"":1454,""y"":618.7,""t"":1058,""outside"":false,""outsidePx"":0},{""x"":1460.7,""y"":615.3,""t"":1075,""outside"":false,""outsidePx"":0},{""x"":1468,""y"":610,""t"":1091,""outside"":false,""outsidePx"":0},{""x"":1474.7,""y"":606.7,""t"":1109,""outside"":false,""outsidePx"":0},{""x"":1483.3,""y"":601.3,""t"":1125,""outside"":false,""outsidePx"":0},{""x"":1496,""y"":594,""t"":1142,""outside"":false,""outsidePx"":0},{""x"":1506,""y"":588.7,""t"":1158,""outside"":false,""outsidePx"":0},{""x"":1514.7,""y"":583.3,""t"":1175,""outside"":false,""outsidePx"":0},{""x"":1522,""y"":580,""t"":1192,""outside"":false,""outsidePx"":0},{""x"":1528.7,""y"":574.7,""t"":1208,""outside"":false,""outsidePx"":0},{""x"":1538,""y"":571.3,""t"":1225,""outside"":false,""outsidePx"":0},{""x"":1546.7,""y"":566,""t"":1242,""outside"":false,""outsidePx"":0},{""x"":1556.7,""y"":559.3,""t"":1258,""outside"":false,""outsidePx"":0},{""x"":1569.3,""y"":554,""t"":1274,""outside"":false,""outsidePx"":0},{""x"":1576,""y"":548.7,""t"":1291,""outside"":false,""outsidePx"":0},{""x"":1583.3,""y"":545.3,""t"":1308,""outside"":false,""outsidePx"":0},{""x"":1590,""y"":541.3,""t"":1326,""outside"":false,""outsidePx"":0},{""x"":1600.7,""y"":536.7,""t"":1342,""outside"":false,""outsidePx"":0},{""x"":1612.7,""y"":529.3,""t"":1358,""outside"":false,""outsidePx"":0},{""x"":1625.3,""y"":522.7,""t"":1375,""outside"":false,""outsidePx"":0},{""x"":1634,""y"":517.3,""t"":1392,""outside"":false,""outsidePx"":0},{""x"":1642.7,""y"":513.3,""t"":1408,""outside"":false,""outsidePx"":0},{""x"":1648,""y"":510,""t"":1425,""outside"":false,""outsidePx"":0},{""x"":1654.7,""y"":506.7,""t"":1442,""outside"":false,""outsidePx"":0},{""x"":1662,""y"":501.3,""t"":1459,""outside"":false,""outsidePx"":0},{""x"":1670.7,""y"":496,""t"":1475,""outside"":false,""outsidePx"":0},{""x"":1676,""y"":492.7,""t"":1492,""outside"":false,""outsidePx"":0},{""x"":1679.3,""y"":489.3,""t"":1508,""outside"":false,""outsidePx"":0},{""x"":1681.3,""y"":489.3,""t"":1525,""outside"":false,""outsidePx"":0},{""x"":1681.3,""y"":487.3,""t"":1542,""outside"":false,""outsidePx"":0}]"
hayashi,main,practice,C3,距離大条件,W固定・A長い,35,675,19.286,3,26,86,86,88,2026-09-29T07:50:42.296Z,2026-09-29T07:50:43.837Z,1541,228,1205,977,true,true,none,1674,487.3,1,false,0,0,0,false,[],"[{""x"":870.7,""y"":943.3,""t"":0,""outside"":false,""outsidePx"":0},{""x"":874.7,""y"":942.7,""t"":31,""outside"":false,""outsidePx"":0},{""x"":878,""y"":940.7,""t"":48,""outside"":false,""outsidePx"":0},{""x"":884.7,""y"":937.3,""t"":64,""outside"":false,""outsidePx"":0},{""x"":894,""y"":932,""t"":81,""outside"":false,""outsidePx"":0},{""x"":908,""y"":924.7,""t"":98,""outside"":false,""outsidePx"":0},{""x"":923.3,""y"":916,""t"":114,""outside"":false,""outsidePx"":0},{""x"":939.3,""y"":909.3,""t"":131,""outside"":false,""outsidePx"":0},{""x"":950,""y"":904,""t"":148,""outside"":false,""outsidePx"":0},{""x"":956.7,""y"":900.7,""t"":165,""outside"":false,""outsidePx"":0},{""x"":960,""y"":898.7,""t"":181,""outside"":false,""outsidePx"":0},{""x"":967.3,""y"":895.3,""t"":198,""outside"":false,""outsidePx"":0},{""x"":976,""y"":888,""t"":214,""outside"":false,""outsidePx"":0},{""x"":986.7,""y"":882.7,""t"":231,""outside"":false,""outsidePx"":0},{""x"":996.7,""y"":877.3,""t"":248,""outside"":false,""outsidePx"":0},{""x"":1004,""y"":874,""t"":264,""outside"":false,""outsidePx"":0},{""x"":1007.3,""y"":870.7,""t"":281,""outside"":false,""outsidePx"":0},{""x"":1012.7,""y"":868.7,""t"":298,""outside"":false,""outsidePx"":0},{""x"":1018,""y"":865.3,""t"":314,""outside"":false,""outsidePx"":0},{""x"":1023.3,""y"":862,""t"":331,""outside"":false,""outsidePx"":0},{""x"":1032,""y"":860,""t"":348,""outside"":false,""outsidePx"":0},{""x"":1042.7,""y"":853.3,""t"":364,""outside"":false,""outsidePx"":0},{""x"":1051.3,""y"":849.3,""t"":381,""outside"":false,""outsidePx"":0},{""x"":1060,""y"":844.7,""t"":398,""outside"":false,""outsidePx"":0},{""x"":1066.7,""y"":840.7,""t"":414,""outside"":false,""outsidePx"":0},{""x"":1074,""y"":837.3,""t"":431,""outside"":false,""outsidePx"":0},{""x"":1082.7,""y"":834,""t"":448,""outside"":false,""outsidePx"":0},{""x"":1093.3,""y"":826.7,""t"":464,""outside"":false,""outsidePx"":0},{""x"":1105.3,""y"":821.3,""t"":481,""outside"":false,""outsidePx"":0},{""x"":1116,""y"":816.7,""t"":498,""outside"":false,""outsidePx"":0},{""x"":1126.7,""y"":811.3,""t"":514,""outside"":false,""outsidePx"":0},{""x"":1133.3,""y"":806,""t"":531,""outside"":false,""outsidePx"":0},{""x"":1142,""y"":802.7,""t"":548,""outside"":false,""outsidePx"":0},{""x"":1150.7,""y"":797.3,""t"":564,""outside"":false,""outsidePx"":0},{""x"":1158,""y"":792,""t"":581,""outside"":false,""outsidePx"":0},{""x"":1168.7,""y"":788.7,""t"":598,""outside"":false,""outsidePx"":0},{""x"":1177.3,""y"":781.3,""t"":614,""outside"":false,""outsidePx"":0},{""x"":1186,""y"":776,""t"":631,""outside"":false,""outsidePx"":0},{""x"":1196.7,""y"":769.3,""t"":648,""outside"":false,""outsidePx"":0},{""x"":1205.3,""y"":762,""t"":664,""outside"":false,""outsidePx"":0},{""x"":1214,""y"":756.7,""t"":681,""outside"":false,""outsidePx"":0},{""x"":1224.7,""y"":750,""t"":698,""outside"":false,""outsidePx"":0},{""x"":1234.7,""y"":744.7,""t"":714,""outside"":false,""outsidePx"":0},{""x"":1244,""y"":739.3,""t"":731,""outside"":false,""outsidePx"":0},{""x"":1252.7,""y"":734,""t"":748,""outside"":false,""outsidePx"":0},{""x"":1261.3,""y"":728.7,""t"":765,""outside"":false,""outsidePx"":0},{""x"":1270,""y"":722,""t"":781,""outside"":false,""outsidePx"":0},{""x"":1282,""y"":714.7,""t"":798,""outside"":false,""outsidePx"":0},{""x"":1294.7,""y"":706,""t"":814,""outside"":false,""outsidePx"":0},{""x"":1306.7,""y"":699.3,""t"":831,""outside"":false,""outsidePx"":0},{""x"":1324,""y"":690.7,""t"":848,""outside"":false,""outsidePx"":0},{""x"":1338,""y"":683.3,""t"":864,""outside"":false,""outsidePx"":0},{""x"":1350.7,""y"":678,""t"":881,""outside"":false,""outsidePx"":0},{""x"":1360.7,""y"":671.3,""t"":898,""outside"":false,""outsidePx"":0},{""x"":1371.3,""y"":666,""t"":915,""outside"":false,""outsidePx"":0},{""x"":1380,""y"":660.7,""t"":931,""outside"":false,""outsidePx"":0},{""x"":1390.7,""y"":655.3,""t"":948,""outside"":false,""outsidePx"":0},{""x"":1404.7,""y"":648.7,""t"":964,""outside"":false,""outsidePx"":0},{""x"":1415.3,""y"":641.3,""t"":981,""outside"":false,""outsidePx"":0},{""x"":1424,""y"":636,""t"":998,""outside"":false,""outsidePx"":0},{""x"":1434.7,""y"":629.3,""t"":1014,""outside"":false,""outsidePx"":0},{""x"":1444.7,""y"":624,""t"":1031,""outside"":false,""outsidePx"":0},{""x"":1457.3,""y"":616.7,""t"":1048,""outside"":false,""outsidePx"":0},{""x"":1469.3,""y"":611.3,""t"":1064,""outside"":false,""outsidePx"":0},{""x"":1480,""y"":604.7,""t"":1081,""outside"":false,""outsidePx"":0},{""x"":1490.7,""y"":597.3,""t"":1098,""outside"":false,""outsidePx"":0},{""x"":1499.3,""y"":592.7,""t"":1114,""outside"":false,""outsidePx"":0},{""x"":1510,""y"":585.3,""t"":1131,""outside"":false,""outsidePx"":0},{""x"":1522,""y"":578.7,""t"":1148,""outside"":false,""outsidePx"":0},{""x"":1534,""y"":568,""t"":1164,""outside"":false,""outsidePx"":0},{""x"":1550,""y"":559.3,""t"":1181,""outside"":false,""outsidePx"":0},{""x"":1562,""y"":548.7,""t"":1198,""outside"":false,""outsidePx"":0},{""x"":1576,""y"":540,""t"":1214,""outside"":false,""outsidePx"":0},{""x"":1592,""y"":529.3,""t"":1231,""outside"":false,""outsidePx"":0},{""x"":1608,""y"":520.7,""t"":1247,""outside"":false,""outsidePx"":0},{""x"":1620,""y"":513.3,""t"":1264,""outside"":false,""outsidePx"":0},{""x"":1632,""y"":506.7,""t"":1281,""outside"":false,""outsidePx"":0},{""x"":1637.3,""y"":503.3,""t"":1298,""outside"":false,""outsidePx"":0},{""x"":1640.7,""y"":501.3,""t"":1314,""outside"":false,""outsidePx"":0},{""x"":1642.7,""y"":501.3,""t"":1331,""outside"":false,""outsidePx"":0},{""x"":1646,""y"":499.3,""t"":1347,""outside"":false,""outsidePx"":0},{""x"":1650,""y"":498,""t"":1364,""outside"":false,""outsidePx"":0},{""x"":1651.3,""y"":496,""t"":1381,""outside"":false,""outsidePx"":0},{""x"":1653.3,""y"":496,""t"":1398,""outside"":false,""outsidePx"":0},{""x"":1654.7,""y"":496,""t"":1415,""outside"":false,""outsidePx"":0},{""x"":1658.7,""y"":494.7,""t"":1431,""outside"":false,""outsidePx"":0},{""x"":1667.3,""y"":490.7,""t"":1447,""outside"":false,""outsidePx"":0},{""x"":1672.7,""y"":487.3,""t"":1464,""outside"":false,""outsidePx"":0},{""x"":1674,""y"":487.3,""t"":1481,""outside"":false,""outsidePx"":0}]"
hayashi,main,practice,C3,距離大条件,W固定・A長い,35,675,19.286,3,27,87,87,89,2026-09-29T07:50:44.477Z,2026-09-29T07:50:45.721Z,1244,156,896,740,true,true,deviation,1679.3,494.7,1,true,1,116,3.2,false,"[{""startMs"":850,""startX"":1542.7,""startY"":588.7,""maxOutsidePx"":3.2,""endMs"":966,""endX"":1618,""endY"":543.3,""durationMs"":116}]","[{""x"":885.3,""y"":948.7,""t"":0,""outside"":false,""outsidePx"":0},{""x"":885.3,""y"":947.3,""t"":49,""outside"":false,""outsidePx"":0},{""x"":888.7,""y"":946,""t"":66,""outside"":false,""outsidePx"":0},{""x"":894,""y"":940.7,""t"":83,""outside"":false,""outsidePx"":0},{""x"":904,""y"":933.3,""t"":100,""outside"":false,""outsidePx"":0},{""x"":925.3,""y"":921.3,""t"":116,""outside"":false,""outsidePx"":0},{""x"":951.3,""y"":905.3,""t"":133,""outside"":false,""outsidePx"":0},{""x"":976,""y"":891.3,""t"":150,""outside"":false,""outsidePx"":0},{""x"":1000.7,""y"":879.3,""t"":166,""outside"":false,""outsidePx"":0},{""x"":1018,""y"":868.7,""t"":183,""outside"":false,""outsidePx"":0},{""x"":1030,""y"":860,""t"":199,""outside"":false,""outsidePx"":0},{""x"":1044,""y"":851.3,""t"":216,""outside"":false,""outsidePx"":0},{""x"":1056.7,""y"":844.7,""t"":233,""outside"":false,""outsidePx"":0},{""x"":1066.7,""y"":839.3,""t"":250,""outside"":false,""outsidePx"":0},{""x"":1079.3,""y"":834,""t"":266,""outside"":false,""outsidePx"":0},{""x"":1088,""y"":828.7,""t"":283,""outside"":false,""outsidePx"":0},{""x"":1096.7,""y"":825.3,""t"":300,""outside"":false,""outsidePx"":0},{""x"":1108.7,""y"":816.7,""t"":316,""outside"":false,""outsidePx"":0},{""x"":1122.7,""y"":809.3,""t"":333,""outside"":false,""outsidePx"":0},{""x"":1136.7,""y"":802.7,""t"":350,""outside"":false,""outsidePx"":0},{""x"":1147.3,""y"":795.3,""t"":366,""outside"":false,""outsidePx"":0},{""x"":1160,""y"":790,""t"":383,""outside"":false,""outsidePx"":0},{""x"":1170,""y"":784.7,""t"":400,""outside"":false,""outsidePx"":0},{""x"":1178.7,""y"":778,""t"":416,""outside"":false,""outsidePx"":0},{""x"":1189.3,""y"":770.7,""t"":433,""outside"":false,""outsidePx"":0},{""x"":1200,""y"":765.3,""t"":450,""outside"":false,""outsidePx"":0},{""x"":1210.7,""y"":758.7,""t"":466,""outside"":false,""outsidePx"":0},{""x"":1224.7,""y"":751.3,""t"":483,""outside"":false,""outsidePx"":0},{""x"":1236.7,""y"":746.7,""t"":499,""outside"":false,""outsidePx"":0},{""x"":1247.3,""y"":739.3,""t"":516,""outside"":false,""outsidePx"":0},{""x"":1256,""y"":736,""t"":533,""outside"":false,""outsidePx"":0},{""x"":1266.7,""y"":728.7,""t"":549,""outside"":false,""outsidePx"":0},{""x"":1276.7,""y"":723.3,""t"":566,""outside"":false,""outsidePx"":0},{""x"":1287.3,""y"":718.7,""t"":583,""outside"":false,""outsidePx"":0},{""x"":1303.3,""y"":709.3,""t"":600,""outside"":false,""outsidePx"":0},{""x"":1320.7,""y"":699.3,""t"":616,""outside"":false,""outsidePx"":0},{""x"":1338,""y"":690.7,""t"":633,""outside"":false,""outsidePx"":0},{""x"":1356,""y"":681.3,""t"":650,""outside"":false,""outsidePx"":0},{""x"":1373.3,""y"":672.7,""t"":666,""outside"":false,""outsidePx"":0},{""x"":1387.3,""y"":664,""t"":683,""outside"":false,""outsidePx"":0},{""x"":1402.7,""y"":655.3,""t"":700,""outside"":false,""outsidePx"":0},{""x"":1420.7,""y"":646.7,""t"":716,""outside"":false,""outsidePx"":0},{""x"":1438,""y"":639.3,""t"":733,""outside"":false,""outsidePx"":0},{""x"":1455.3,""y"":632.7,""t"":750,""outside"":false,""outsidePx"":0},{""x"":1468,""y"":627.3,""t"":766,""outside"":false,""outsidePx"":0},{""x"":1478,""y"":620.7,""t"":783,""outside"":false,""outsidePx"":0},{""x"":1490.7,""y"":615.3,""t"":800,""outside"":false,""outsidePx"":0},{""x"":1506,""y"":608,""t"":816,""outside"":false,""outsidePx"":0},{""x"":1522,""y"":599.3,""t"":833,""outside"":false,""outsidePx"":0},{""x"":1542.7,""y"":588.7,""t"":850,""outside"":true,""outsidePx"":0.1},{""x"":1562,""y"":580,""t"":866,""outside"":true,""outsidePx"":2.3},{""x"":1572.7,""y"":573.3,""t"":883,""outside"":true,""outsidePx"":1.8},{""x"":1584.7,""y"":568,""t"":900,""outside"":true,""outsidePx"":3.2},{""x"":1595.3,""y"":560.7,""t"":916,""outside"":true,""outsidePx"":2.2},{""x"":1602.7,""y"":555.3,""t"":933,""outside"":true,""outsidePx"":1.2},{""x"":1609.3,""y"":550.7,""t"":950,""outside"":true,""outsidePx"":0.5},{""x"":1618,""y"":543.3,""t"":966,""outside"":false,""outsidePx"":0},{""x"":1623.3,""y"":538,""t"":983,""outside"":false,""outsidePx"":0},{""x"":1632,""y"":529.3,""t"":999,""outside"":false,""outsidePx"":0},{""x"":1639.3,""y"":526,""t"":1017,""outside"":false,""outsidePx"":0},{""x"":1646,""y"":520.7,""t"":1033,""outside"":false,""outsidePx"":0},{""x"":1651.3,""y"":517.3,""t"":1050,""outside"":false,""outsidePx"":0},{""x"":1654.7,""y"":513.3,""t"":1066,""outside"":false,""outsidePx"":0},{""x"":1658.7,""y"":512,""t"":1083,""outside"":false,""outsidePx"":0},{""x"":1660,""y"":510,""t"":1099,""outside"":false,""outsidePx"":0},{""x"":1664,""y"":506.7,""t"":1116,""outside"":false,""outsidePx"":0},{""x"":1667.3,""y"":503.3,""t"":1133,""outside"":false,""outsidePx"":0},{""x"":1670.7,""y"":501.3,""t"":1149,""outside"":false,""outsidePx"":0},{""x"":1676,""y"":496,""t"":1166,""outside"":false,""outsidePx"":0},{""x"":1679.3,""y"":494.7,""t"":1183,""outside"":false,""outsidePx"":0}]"
hayashi,main,practice,C3,距離大条件,W固定・A長い,35,675,19.286,3,28,88,88,90,2026-09-29T07:50:46.440Z,2026-09-29T07:50:47.837Z,1397,225,1134,909,true,true,none,1704,470,1,false,0,0,0,false,[],"[{""x"":908,""y"":951.3,""t"":0,""outside"":false,""outsidePx"":0},{""x"":909.3,""y"":951.3,""t"":73,""outside"":false,""outsidePx"":0},{""x"":911.3,""y"":947.3,""t"":87,""outside"":false,""outsidePx"":0},{""x"":918,""y"":942.7,""t"":103,""outside"":false,""outsidePx"":0},{""x"":932,""y"":935.3,""t"":120,""outside"":false,""outsidePx"":0},{""x"":944.7,""y"":928.7,""t"":137,""outside"":false,""outsidePx"":0},{""x"":953.3,""y"":923.3,""t"":153,""outside"":false,""outsidePx"":0},{""x"":960,""y"":919.3,""t"":170,""outside"":false,""outsidePx"":0},{""x"":965.3,""y"":916,""t"":187,""outside"":false,""outsidePx"":0},{""x"":974,""y"":910.7,""t"":203,""outside"":false,""outsidePx"":0},{""x"":988,""y"":900.7,""t"":220,""outside"":false,""outsidePx"":0},{""x"":1004,""y"":890,""t"":237,""outside"":false,""outsidePx"":0},{""x"":1020,""y"":881.3,""t"":253,""outside"":false,""outsidePx"":0},{""x"":1028.7,""y"":876,""t"":270,""outside"":false,""outsidePx"":0},{""x"":1030,""y"":874,""t"":287,""outside"":false,""outsidePx"":0},{""x"":1029.3,""y"":874,""t"":306,""outside"":false,""outsidePx"":0},{""x"":1025.3,""y"":875.3,""t"":320,""outside"":false,""outsidePx"":0},{""x"":1020.7,""y"":878.7,""t"":337,""outside"":false,""outsidePx"":0},{""x"":1016.7,""y"":880.7,""t"":353,""outside"":false,""outsidePx"":0},{""x"":1015.3,""y"":880.7,""t"":370,""outside"":false,""outsidePx"":0},{""x"":1016,""y"":880.7,""t"":399,""outside"":false,""outsidePx"":0},{""x"":1016,""y"":879.3,""t"":407,""outside"":false,""outsidePx"":0},{""x"":1021.3,""y"":876,""t"":421,""outside"":false,""outsidePx"":0},{""x"":1032,""y"":868.7,""t"":438,""outside"":false,""outsidePx"":0},{""x"":1048,""y"":858.7,""t"":455,""outside"":false,""outsidePx"":0},{""x"":1070.7,""y"":846,""t"":471,""outside"":false,""outsidePx"":0},{""x"":1091.3,""y"":835.3,""t"":488,""outside"":false,""outsidePx"":0},{""x"":1112.7,""y"":825.3,""t"":505,""outside"":false,""outsidePx"":0},{""x"":1130,""y"":816.7,""t"":522,""outside"":false,""outsidePx"":0},{""x"":1147.3,""y"":806,""t"":538,""outside"":false,""outsidePx"":0},{""x"":1160,""y"":798.7,""t"":555,""outside"":false,""outsidePx"":0},{""x"":1168.7,""y"":793.3,""t"":572,""outside"":false,""outsidePx"":0},{""x"":1182.7,""y"":784.7,""t"":588,""outside"":false,""outsidePx"":0},{""x"":1198,""y"":778,""t"":605,""outside"":false,""outsidePx"":0},{""x"":1208.7,""y"":770.7,""t"":621,""outside"":false,""outsidePx"":0},{""x"":1219.3,""y"":765.3,""t"":639,""outside"":false,""outsidePx"":0},{""x"":1228,""y"":760.7,""t"":656,""outside"":false,""outsidePx"":0},{""x"":1236.7,""y"":756.7,""t"":672,""outside"":false,""outsidePx"":0},{""x"":1244,""y"":751.3,""t"":688,""outside"":false,""outsidePx"":0},{""x"":1256,""y"":744.7,""t"":705,""outside"":false,""outsidePx"":0},{""x"":1268,""y"":739.3,""t"":722,""outside"":false,""outsidePx"":0},{""x"":1280.7,""y"":732.7,""t"":739,""outside"":false,""outsidePx"":0},{""x"":1290.7,""y"":727.3,""t"":755,""outside"":false,""outsidePx"":0},{""x"":1296,""y"":722,""t"":772,""outside"":false,""outsidePx"":0},{""x"":1303.3,""y"":718.7,""t"":788,""outside"":false,""outsidePx"":0},{""x"":1310,""y"":714.7,""t"":806,""outside"":false,""outsidePx"":0},{""x"":1322.7,""y"":708,""t"":822,""outside"":false,""outsidePx"":0},{""x"":1334.7,""y"":700.7,""t"":839,""outside"":false,""outsidePx"":0},{""x"":1346.7,""y"":694,""t"":855,""outside"":false,""outsidePx"":0},{""x"":1359.3,""y"":686.7,""t"":872,""outside"":false,""outsidePx"":0},{""x"":1373.3,""y"":678,""t"":888,""outside"":false,""outsidePx"":0},{""x"":1387.3,""y"":669.3,""t"":905,""outside"":false,""outsidePx"":0},{""x"":1396,""y"":664,""t"":922,""outside"":false,""outsidePx"":0},{""x"":1408,""y"":657.3,""t"":939,""outside"":false,""outsidePx"":0},{""x"":1422,""y"":648.7,""t"":955,""outside"":false,""outsidePx"":0},{""x"":1436,""y"":639.3,""t"":971,""outside"":false,""outsidePx"":0},{""x"":1454,""y"":629.3,""t"":988,""outside"":false,""outsidePx"":0},{""x"":1464,""y"":620.7,""t"":1004,""outside"":false,""outsidePx"":0},{""x"":1478,""y"":611.3,""t"":1021,""outside"":false,""outsidePx"":0},{""x"":1488.7,""y"":602.7,""t"":1038,""outside"":false,""outsidePx"":0},{""x"":1500.7,""y"":596,""t"":1054,""outside"":false,""outsidePx"":0},{""x"":1513.3,""y"":588.7,""t"":1072,""outside"":false,""outsidePx"":0},{""x"":1532.7,""y"":578.7,""t"":1088,""outside"":false,""outsidePx"":0},{""x"":1548,""y"":568,""t"":1105,""outside"":false,""outsidePx"":0},{""x"":1564,""y"":557.3,""t"":1121,""outside"":false,""outsidePx"":0},{""x"":1576,""y"":550.7,""t"":1138,""outside"":false,""outsidePx"":0},{""x"":1588.7,""y"":541.3,""t"":1155,""outside"":false,""outsidePx"":0},{""x"":1602.7,""y"":532.7,""t"":1171,""outside"":false,""outsidePx"":0},{""x"":1616.7,""y"":524,""t"":1188,""outside"":false,""outsidePx"":0},{""x"":1636,""y"":512,""t"":1205,""outside"":false,""outsidePx"":0},{""x"":1660,""y"":496,""t"":1221,""outside"":false,""outsidePx"":0},{""x"":1678,""y"":487.3,""t"":1238,""outside"":false,""outsidePx"":0},{""x"":1695.3,""y"":476.7,""t"":1255,""outside"":false,""outsidePx"":0},{""x"":1700.7,""y"":473.3,""t"":1272,""outside"":false,""outsidePx"":0},{""x"":1702,""y"":473.3,""t"":1288,""outside"":false,""outsidePx"":0},{""x"":1702,""y"":471.3,""t"":1309,""outside"":false,""outsidePx"":0},{""x"":1704,""y"":471.3,""t"":1321,""outside"":false,""outsidePx"":0},{""x"":1704,""y"":470,""t"":1338,""outside"":false,""outsidePx"":0}]"
hayashi,main,practice,C3,距離大条件,W固定・A長い,35,675,19.286,3,29,89,89,91,2026-09-29T07:50:48.423Z,2026-09-29T07:50:49.794Z,1370,251,1066,815,true,true,none,1688,475.3,1,false,0,0,0,false,[],"[{""x"":889.3,""y"":946.7,""t"":0,""outside"":false,""outsidePx"":0},{""x"":890,""y"":946.7,""t"":97,""outside"":false,""outsidePx"":0},{""x"":890,""y"":946,""t"":106,""outside"":false,""outsidePx"":0},{""x"":894,""y"":944,""t"":121,""outside"":false,""outsidePx"":0},{""x"":898.7,""y"":940.7,""t"":138,""outside"":false,""outsidePx"":0},{""x"":906,""y"":935.3,""t"":155,""outside"":false,""outsidePx"":0},{""x"":918,""y"":930,""t"":171,""outside"":false,""outsidePx"":0},{""x"":932,""y"":923.3,""t"":188,""outside"":false,""outsidePx"":0},{""x"":946,""y"":916,""t"":204,""outside"":false,""outsidePx"":0},{""x"":960,""y"":909.3,""t"":221,""outside"":false,""outsidePx"":0},{""x"":978,""y"":900.7,""t"":238,""outside"":false,""outsidePx"":0},{""x"":993.3,""y"":891.3,""t"":254,""outside"":false,""outsidePx"":0},{""x"":1009.3,""y"":882.7,""t"":271,""outside"":false,""outsidePx"":0},{""x"":1018,""y"":877.3,""t"":287,""outside"":false,""outsidePx"":0},{""x"":1024.7,""y"":874,""t"":305,""outside"":false,""outsidePx"":0},{""x"":1030,""y"":870.7,""t"":321,""outside"":false,""outsidePx"":0},{""x"":1037.3,""y"":865.3,""t"":338,""outside"":false,""outsidePx"":0},{""x"":1046,""y"":858.7,""t"":354,""outside"":false,""outsidePx"":0},{""x"":1056.7,""y"":849.3,""t"":371,""outside"":false,""outsidePx"":0},{""x"":1066.7,""y"":842.7,""t"":388,""outside"":false,""outsidePx"":0},{""x"":1079.3,""y"":835.3,""t"":404,""outside"":false,""outsidePx"":0},{""x"":1088,""y"":828.7,""t"":421,""outside"":false,""outsidePx"":0},{""x"":1098.7,""y"":821.3,""t"":437,""outside"":false,""outsidePx"":0},{""x"":1105.3,""y"":814.7,""t"":454,""outside"":false,""outsidePx"":0},{""x"":1112.7,""y"":811.3,""t"":471,""outside"":false,""outsidePx"":0},{""x"":1119.3,""y"":806,""t"":487,""outside"":false,""outsidePx"":0},{""x"":1128,""y"":800.7,""t"":504,""outside"":false,""outsidePx"":0},{""x"":1138.7,""y"":795.3,""t"":520,""outside"":false,""outsidePx"":0},{""x"":1147.3,""y"":790,""t"":537,""outside"":false,""outsidePx"":0},{""x"":1158,""y"":784.7,""t"":553,""outside"":false,""outsidePx"":0},{""x"":1168.7,""y"":779.3,""t"":570,""outside"":false,""outsidePx"":0},{""x"":1177.3,""y"":774.7,""t"":586,""outside"":false,""outsidePx"":0},{""x"":1186,""y"":767.3,""t"":603,""outside"":false,""outsidePx"":0},{""x"":1202,""y"":760.7,""t"":620,""outside"":false,""outsidePx"":0},{""x"":1216,""y"":753.3,""t"":637,""outside"":false,""outsidePx"":0},{""x"":1231.3,""y"":744.7,""t"":653,""outside"":false,""outsidePx"":0},{""x"":1248.7,""y"":736,""t"":670,""outside"":false,""outsidePx"":0},{""x"":1264.7,""y"":727.3,""t"":687,""outside"":false,""outsidePx"":0},{""x"":1278.7,""y"":718.7,""t"":703,""outside"":false,""outsidePx"":0},{""x"":1294.7,""y"":711.3,""t"":720,""outside"":false,""outsidePx"":0},{""x"":1310,""y"":702.7,""t"":737,""outside"":false,""outsidePx"":0},{""x"":1326,""y"":694,""t"":754,""outside"":false,""outsidePx"":0},{""x"":1340,""y"":685.3,""t"":770,""outside"":false,""outsidePx"":0},{""x"":1352,""y"":676.7,""t"":788,""outside"":false,""outsidePx"":0},{""x"":1364.7,""y"":667.3,""t"":804,""outside"":false,""outsidePx"":0},{""x"":1376.7,""y"":658.7,""t"":820,""outside"":false,""outsidePx"":0},{""x"":1392.7,""y"":650,""t"":837,""outside"":false,""outsidePx"":0},{""x"":1406.7,""y"":639.3,""t"":853,""outside"":false,""outsidePx"":0},{""x"":1418.7,""y"":632.7,""t"":871,""outside"":false,""outsidePx"":0},{""x"":1429.3,""y"":625.3,""t"":886,""outside"":false,""outsidePx"":0},{""x"":1441.3,""y"":618.7,""t"":904,""outside"":false,""outsidePx"":0},{""x"":1454,""y"":611.3,""t"":920,""outside"":false,""outsidePx"":0},{""x"":1466,""y"":604.7,""t"":937,""outside"":false,""outsidePx"":0},{""x"":1478,""y"":594,""t"":953,""outside"":false,""outsidePx"":0},{""x"":1492,""y"":583.3,""t"":970,""outside"":false,""outsidePx"":0},{""x"":1508,""y"":574.7,""t"":986,""outside"":false,""outsidePx"":0},{""x"":1525.3,""y"":564.7,""t"":1003,""outside"":false,""outsidePx"":0},{""x"":1536,""y"":557.3,""t"":1020,""outside"":false,""outsidePx"":0},{""x"":1546.7,""y"":552,""t"":1037,""outside"":false,""outsidePx"":0},{""x"":1556.7,""y"":546.7,""t"":1053,""outside"":false,""outsidePx"":0},{""x"":1569.3,""y"":540,""t"":1070,""outside"":false,""outsidePx"":0},{""x"":1584.7,""y"":531.3,""t"":1086,""outside"":false,""outsidePx"":0},{""x"":1600.7,""y"":524,""t"":1103,""outside"":false,""outsidePx"":0},{""x"":1616.7,""y"":517.3,""t"":1120,""outside"":false,""outsidePx"":0},{""x"":1632,""y"":510,""t"":1136,""outside"":false,""outsidePx"":0},{""x"":1644.7,""y"":503.3,""t"":1154,""outside"":false,""outsidePx"":0},{""x"":1653.3,""y"":498,""t"":1170,""outside"":false,""outsidePx"":0},{""x"":1656.7,""y"":494.7,""t"":1187,""outside"":false,""outsidePx"":0},{""x"":1660,""y"":494.7,""t"":1203,""outside"":false,""outsidePx"":0},{""x"":1662,""y"":492.7,""t"":1220,""outside"":false,""outsidePx"":0},{""x"":1664,""y"":490.7,""t"":1237,""outside"":false,""outsidePx"":0},{""x"":1665.3,""y"":489.3,""t"":1254,""outside"":false,""outsidePx"":0},{""x"":1670.7,""y"":485.3,""t"":1270,""outside"":false,""outsidePx"":0},{""x"":1678,""y"":482,""t"":1287,""outside"":false,""outsidePx"":0},{""x"":1684.7,""y"":478.7,""t"":1303,""outside"":false,""outsidePx"":0},{""x"":1688,""y"":475.3,""t"":1320,""outside"":false,""outsidePx"":0}]"
hayashi,main,practice,C3,距離大条件,W固定・A長い,35,675,19.286,3,30,90,90,92,2026-09-29T07:50:50.437Z,2026-09-29T07:50:51.735Z,1299,200,1044,844,true,true,none,1688,482,1,false,0,0,0,false,[],"[{""x"":885.3,""y"":945.3,""t"":0,""outside"":false,""outsidePx"":0},{""x"":886.7,""y"":945.3,""t"":46,""outside"":false,""outsidePx"":0},{""x"":888.7,""y"":944,""t"":56,""outside"":false,""outsidePx"":0},{""x"":892,""y"":942.7,""t"":73,""outside"":false,""outsidePx"":0},{""x"":898.7,""y"":937.3,""t"":90,""outside"":false,""outsidePx"":0},{""x"":911.3,""y"":932,""t"":106,""outside"":false,""outsidePx"":0},{""x"":925.3,""y"":926.7,""t"":123,""outside"":false,""outsidePx"":0},{""x"":940.7,""y"":918,""t"":140,""outside"":false,""outsidePx"":0},{""x"":954.7,""y"":910.7,""t"":156,""outside"":false,""outsidePx"":0},{""x"":967.3,""y"":905.3,""t"":173,""outside"":false,""outsidePx"":0},{""x"":981.3,""y"":898.7,""t"":190,""outside"":false,""outsidePx"":0},{""x"":996.7,""y"":891.3,""t"":206,""outside"":false,""outsidePx"":0},{""x"":1010.7,""y"":884.7,""t"":223,""outside"":false,""outsidePx"":0},{""x"":1021.3,""y"":879.3,""t"":239,""outside"":false,""outsidePx"":0},{""x"":1032,""y"":870.7,""t"":256,""outside"":false,""outsidePx"":0},{""x"":1042.7,""y"":863.3,""t"":273,""outside"":false,""outsidePx"":0},{""x"":1054.7,""y"":856.7,""t"":289,""outside"":false,""outsidePx"":0},{""x"":1062,""y"":851.3,""t"":306,""outside"":false,""outsidePx"":0},{""x"":1070.7,""y"":846,""t"":323,""outside"":false,""outsidePx"":0},{""x"":1082.7,""y"":837.3,""t"":339,""outside"":false,""outsidePx"":0},{""x"":1094.7,""y"":830.7,""t"":356,""outside"":false,""outsidePx"":0},{""x"":1105.3,""y"":823.3,""t"":373,""outside"":false,""outsidePx"":0},{""x"":1116,""y"":816.7,""t"":389,""outside"":false,""outsidePx"":0},{""x"":1124.7,""y"":811.3,""t"":406,""outside"":false,""outsidePx"":0},{""x"":1135.3,""y"":806,""t"":422,""outside"":false,""outsidePx"":0},{""x"":1144,""y"":800.7,""t"":439,""outside"":false,""outsidePx"":0},{""x"":1154.7,""y"":795.3,""t"":456,""outside"":false,""outsidePx"":0},{""x"":1163.3,""y"":790,""t"":473,""outside"":false,""outsidePx"":0},{""x"":1174,""y"":783.3,""t"":489,""outside"":false,""outsidePx"":0},{""x"":1188,""y"":774.7,""t"":506,""outside"":false,""outsidePx"":0},{""x"":1202,""y"":764,""t"":523,""outside"":false,""outsidePx"":0},{""x"":1217.3,""y"":755.3,""t"":539,""outside"":false,""outsidePx"":0},{""x"":1231.3,""y"":748,""t"":556,""outside"":false,""outsidePx"":0},{""x"":1238.7,""y"":744.7,""t"":573,""outside"":false,""outsidePx"":0},{""x"":1247.3,""y"":739.3,""t"":589,""outside"":false,""outsidePx"":0},{""x"":1256,""y"":732.7,""t"":606,""outside"":false,""outsidePx"":0},{""x"":1266.7,""y"":725.3,""t"":623,""outside"":false,""outsidePx"":0},{""x"":1282,""y"":716.7,""t"":639,""outside"":false,""outsidePx"":0},{""x"":1296,""y"":708,""t"":656,""outside"":false,""outsidePx"":0},{""x"":1310,""y"":699.3,""t"":673,""outside"":false,""outsidePx"":0},{""x"":1326,""y"":688.7,""t"":689,""outside"":false,""outsidePx"":0},{""x"":1338,""y"":681.3,""t"":706,""outside"":false,""outsidePx"":0},{""x"":1348.7,""y"":676.7,""t"":723,""outside"":false,""outsidePx"":0},{""x"":1357.3,""y"":669.3,""t"":739,""outside"":false,""outsidePx"":0},{""x"":1368,""y"":662.7,""t"":756,""outside"":false,""outsidePx"":0},{""x"":1378.7,""y"":655.3,""t"":774,""outside"":false,""outsidePx"":0},{""x"":1392.7,""y"":646.7,""t"":790,""outside"":false,""outsidePx"":0},{""x"":1404.7,""y"":639.3,""t"":806,""outside"":false,""outsidePx"":0},{""x"":1418.7,""y"":630.7,""t"":823,""outside"":false,""outsidePx"":0},{""x"":1430.7,""y"":622,""t"":840,""outside"":false,""outsidePx"":0},{""x"":1443.3,""y"":615.3,""t"":856,""outside"":false,""outsidePx"":0},{""x"":1452,""y"":610,""t"":873,""outside"":false,""outsidePx"":0},{""x"":1460.7,""y"":604.7,""t"":889,""outside"":false,""outsidePx"":0},{""x"":1469.3,""y"":599.3,""t"":906,""outside"":false,""outsidePx"":0},{""x"":1482,""y"":590.7,""t"":923,""outside"":false,""outsidePx"":0},{""x"":1496,""y"":582,""t"":939,""outside"":false,""outsidePx"":0},{""x"":1508,""y"":576.7,""t"":956,""outside"":false,""outsidePx"":0},{""x"":1518.7,""y"":571.3,""t"":972,""outside"":false,""outsidePx"":0},{""x"":1527.3,""y"":564.7,""t"":989,""outside"":false,""outsidePx"":0},{""x"":1536,""y"":559.3,""t"":1006,""outside"":false,""outsidePx"":0},{""x"":1546.7,""y"":552,""t"":1023,""outside"":false,""outsidePx"":0},{""x"":1562,""y"":543.3,""t"":1039,""outside"":false,""outsidePx"":0},{""x"":1580,""y"":536.7,""t"":1056,""outside"":false,""outsidePx"":0},{""x"":1597.3,""y"":527.3,""t"":1073,""outside"":false,""outsidePx"":0},{""x"":1612.7,""y"":520.7,""t"":1089,""outside"":false,""outsidePx"":0},{""x"":1632,""y"":513.3,""t"":1106,""outside"":false,""outsidePx"":0},{""x"":1646,""y"":508.7,""t"":1122,""outside"":false,""outsidePx"":0},{""x"":1654.7,""y"":503.3,""t"":1139,""outside"":false,""outsidePx"":0},{""x"":1662,""y"":499.3,""t"":1156,""outside"":false,""outsidePx"":0},{""x"":1668.7,""y"":494.7,""t"":1173,""outside"":false,""outsidePx"":0},{""x"":1676,""y"":490.7,""t"":1189,""outside"":false,""outsidePx"":0},{""x"":1678,""y"":489.3,""t"":1206,""outside"":false,""outsidePx"":0},{""x"":1679.3,""y"":487.3,""t"":1223,""outside"":false,""outsidePx"":0},{""x"":1682.7,""y"":485.3,""t"":1239,""outside"":false,""outsidePx"":0},{""x"":1686.7,""y"":484,""t"":1256,""outside"":false,""outsidePx"":0},{""x"":1688,""y"":482,""t"":1273,""outside"":false,""outsidePx"":0}]"
hayashi,main,practice,C3,距離大条件,W固定・A長い,35,675,19.286,3,31,91,91,93,2026-09-29T07:50:52.365Z,2026-09-29T07:50:53.633Z,1268,201,1019,818,true,true,none,1668.7,496,1,false,0,0,0,false,[],"[{""x"":882,""y"":936.7,""t"":0,""outside"":false,""outsidePx"":0},{""x"":882,""y"":935.3,""t"":50,""outside"":false,""outsidePx"":0},{""x"":883.3,""y"":935.3,""t"":61,""outside"":false,""outsidePx"":0},{""x"":886.7,""y"":933.3,""t"":78,""outside"":false,""outsidePx"":0},{""x"":890,""y"":930,""t"":94,""outside"":false,""outsidePx"":0},{""x"":898.7,""y"":924.7,""t"":111,""outside"":false,""outsidePx"":0},{""x"":909.3,""y"":918,""t"":127,""outside"":false,""outsidePx"":0},{""x"":928.7,""y"":907.3,""t"":144,""outside"":false,""outsidePx"":0},{""x"":951.3,""y"":895.3,""t"":161,""outside"":false,""outsidePx"":0},{""x"":967.3,""y"":888,""t"":178,""outside"":false,""outsidePx"":0},{""x"":979.3,""y"":882.7,""t"":194,""outside"":false,""outsidePx"":0},{""x"":988,""y"":877.3,""t"":211,""outside"":false,""outsidePx"":0},{""x"":995.3,""y"":874,""t"":228,""outside"":false,""outsidePx"":0},{""x"":1002,""y"":870.7,""t"":245,""outside"":false,""outsidePx"":0},{""x"":1010.7,""y"":865.3,""t"":261,""outside"":false,""outsidePx"":0},{""x"":1021.3,""y"":860,""t"":277,""outside"":false,""outsidePx"":0},{""x"":1034,""y"":854.7,""t"":294,""outside"":false,""outsidePx"":0},{""x"":1042.7,""y"":849.3,""t"":311,""outside"":false,""outsidePx"":0},{""x"":1052.7,""y"":844.7,""t"":327,""outside"":false,""outsidePx"":0},{""x"":1065.3,""y"":839.3,""t"":344,""outside"":false,""outsidePx"":0},{""x"":1076,""y"":834,""t"":361,""outside"":false,""outsidePx"":0},{""x"":1086,""y"":828.7,""t"":377,""outside"":false,""outsidePx"":0},{""x"":1100,""y"":821.3,""t"":394,""outside"":false,""outsidePx"":0},{""x"":1112.7,""y"":814.7,""t"":411,""outside"":false,""outsidePx"":0},{""x"":1122.7,""y"":809.3,""t"":427,""outside"":false,""outsidePx"":0},{""x"":1132,""y"":804,""t"":444,""outside"":false,""outsidePx"":0},{""x"":1140.7,""y"":800.7,""t"":460,""outside"":false,""outsidePx"":0},{""x"":1147.3,""y"":797.3,""t"":477,""outside"":false,""outsidePx"":0},{""x"":1161.3,""y"":790,""t"":494,""outside"":false,""outsidePx"":0},{""x"":1175.3,""y"":783.3,""t"":510,""outside"":false,""outsidePx"":0},{""x"":1189.3,""y"":776,""t"":527,""outside"":false,""outsidePx"":0},{""x"":1200,""y"":769.3,""t"":544,""outside"":false,""outsidePx"":0},{""x"":1208.7,""y"":764,""t"":561,""outside"":false,""outsidePx"":0},{""x"":1220.7,""y"":755.3,""t"":577,""outside"":false,""outsidePx"":0},{""x"":1233.3,""y"":746.7,""t"":594,""outside"":false,""outsidePx"":0},{""x"":1248.7,""y"":737.3,""t"":610,""outside"":false,""outsidePx"":0},{""x"":1264.7,""y"":730.7,""t"":627,""outside"":false,""outsidePx"":0},{""x"":1280.7,""y"":722,""t"":644,""outside"":false,""outsidePx"":0},{""x"":1294.7,""y"":714.7,""t"":660,""outside"":false,""outsidePx"":0},{""x"":1310,""y"":704.7,""t"":677,""outside"":false,""outsidePx"":0},{""x"":1320.7,""y"":697.3,""t"":694,""outside"":false,""outsidePx"":0},{""x"":1329.3,""y"":692,""t"":711,""outside"":false,""outsidePx"":0},{""x"":1336.7,""y"":686.7,""t"":727,""outside"":false,""outsidePx"":0},{""x"":1348.7,""y"":680,""t"":744,""outside"":false,""outsidePx"":0},{""x"":1368,""y"":667.3,""t"":760,""outside"":false,""outsidePx"":0},{""x"":1384,""y"":657.3,""t"":777,""outside"":false,""outsidePx"":0},{""x"":1398,""y"":650,""t"":794,""outside"":false,""outsidePx"":0},{""x"":1408,""y"":643.3,""t"":810,""outside"":false,""outsidePx"":0},{""x"":1415.3,""y"":639.3,""t"":827,""outside"":false,""outsidePx"":0},{""x"":1422,""y"":634.7,""t"":844,""outside"":false,""outsidePx"":0},{""x"":1434.7,""y"":625.3,""t"":860,""outside"":false,""outsidePx"":0},{""x"":1446.7,""y"":615.3,""t"":877,""outside"":false,""outsidePx"":0},{""x"":1462.7,""y"":604.7,""t"":894,""outside"":false,""outsidePx"":0},{""x"":1482,""y"":594,""t"":911,""outside"":false,""outsidePx"":0},{""x"":1494,""y"":588.7,""t"":927,""outside"":false,""outsidePx"":0},{""x"":1506,""y"":583.3,""t"":944,""outside"":false,""outsidePx"":0},{""x"":1514.7,""y"":578.7,""t"":961,""outside"":false,""outsidePx"":0},{""x"":1527.3,""y"":571.3,""t"":977,""outside"":false,""outsidePx"":0},{""x"":1544.7,""y"":560.7,""t"":994,""outside"":false,""outsidePx"":0},{""x"":1562,""y"":552,""t"":1011,""outside"":false,""outsidePx"":0},{""x"":1578,""y"":543.3,""t"":1027,""outside"":false,""outsidePx"":0},{""x"":1592,""y"":536.7,""t"":1044,""outside"":false,""outsidePx"":0},{""x"":1602.7,""y"":531.3,""t"":1060,""outside"":false,""outsidePx"":0},{""x"":1612.7,""y"":526,""t"":1077,""outside"":false,""outsidePx"":0},{""x"":1625.3,""y"":518.7,""t"":1094,""outside"":false,""outsidePx"":0},{""x"":1639.3,""y"":512,""t"":1110,""outside"":false,""outsidePx"":0},{""x"":1653.3,""y"":504.7,""t"":1127,""outside"":false,""outsidePx"":0},{""x"":1662,""y"":501.3,""t"":1144,""outside"":false,""outsidePx"":0},{""x"":1665.3,""y"":499.3,""t"":1160,""outside"":false,""outsidePx"":0},{""x"":1665.3,""y"":498,""t"":1212,""outside"":false,""outsidePx"":0},{""x"":1667.3,""y"":498,""t"":1227,""outside"":false,""outsidePx"":0},{""x"":1668.7,""y"":496,""t"":1244,""outside"":false,""outsidePx"":0}]"
hayashi,main,practice,C3,距離大条件,W固定・A長い,35,675,19.286,3,32,92,92,94,2026-09-29T07:50:54.353Z,2026-09-29T07:50:55.830Z,1477,238,1148,910,true,true,deviation,1678,480.7,1,true,1,283,12.4,false,"[{""startMs"":406,""startX"":1124.7,""startY"":832,""maxOutsidePx"":12.4,""endMs"":689,""endX"":1338,""endY"":706,""durationMs"":283}]","[{""x"":866.7,""y"":959.3,""t"":0,""outside"":false,""outsidePx"":0},{""x"":867.3,""y"":959.3,""t"":33,""outside"":false,""outsidePx"":0},{""x"":869.3,""y"":958,""t"":42,""outside"":false,""outsidePx"":0},{""x"":872.7,""y"":956.7,""t"":56,""outside"":false,""outsidePx"":0},{""x"":876,""y"":952.7,""t"":73,""outside"":false,""outsidePx"":0},{""x"":884.7,""y"":947.3,""t"":90,""outside"":false,""outsidePx"":0},{""x"":895.3,""y"":942.7,""t"":106,""outside"":false,""outsidePx"":0},{""x"":911.3,""y"":937.3,""t"":122,""outside"":false,""outsidePx"":0},{""x"":925.3,""y"":930,""t"":139,""outside"":false,""outsidePx"":0},{""x"":939.3,""y"":923.3,""t"":156,""outside"":false,""outsidePx"":0},{""x"":951.3,""y"":919.3,""t"":173,""outside"":false,""outsidePx"":0},{""x"":964,""y"":912.7,""t"":189,""outside"":false,""outsidePx"":0},{""x"":974,""y"":909.3,""t"":206,""outside"":false,""outsidePx"":0},{""x"":981.3,""y"":904,""t"":223,""outside"":false,""outsidePx"":0},{""x"":993.3,""y"":896.7,""t"":239,""outside"":false,""outsidePx"":0},{""x"":1004,""y"":890,""t"":256,""outside"":false,""outsidePx"":0},{""x"":1018,""y"":882.7,""t"":273,""outside"":false,""outsidePx"":0},{""x"":1034,""y"":876,""t"":289,""outside"":false,""outsidePx"":0},{""x"":1048,""y"":868.7,""t"":306,""outside"":false,""outsidePx"":0},{""x"":1058,""y"":863.3,""t"":323,""outside"":false,""outsidePx"":0},{""x"":1068.7,""y"":858.7,""t"":339,""outside"":false,""outsidePx"":0},{""x"":1080.7,""y"":851.3,""t"":356,""outside"":false,""outsidePx"":0},{""x"":1093.3,""y"":846,""t"":372,""outside"":false,""outsidePx"":0},{""x"":1105.3,""y"":839.3,""t"":389,""outside"":false,""outsidePx"":0},{""x"":1124.7,""y"":832,""t"":406,""outside"":true,""outsidePx"":1.8},{""x"":1144,""y"":823.3,""t"":423,""outside"":true,""outsidePx"":4},{""x"":1164.7,""y"":814.7,""t"":439,""outside"":true,""outsidePx"":6.8},{""x"":1186,""y"":804,""t"":456,""outside"":true,""outsidePx"":8.2},{""x"":1203.3,""y"":793.3,""t"":472,""outside"":true,""outsidePx"":7.7},{""x"":1219.3,""y"":786.7,""t"":489,""outside"":true,""outsidePx"":9.9},{""x"":1230,""y"":781.3,""t"":506,""outside"":true,""outsidePx"":10.6},{""x"":1240,""y"":776,""t"":523,""outside"":true,""outsidePx"":11},{""x"":1250.7,""y"":770.7,""t"":539,""outside"":true,""outsidePx"":11.7},{""x"":1261.3,""y"":765.3,""t"":556,""outside"":true,""outsidePx"":12.4},{""x"":1272,""y"":758.7,""t"":572,""outside"":true,""outsidePx"":12},{""x"":1278.7,""y"":753.3,""t"":589,""outside"":true,""outsidePx"":10.7},{""x"":1286,""y"":750,""t"":606,""outside"":true,""outsidePx"":11.5},{""x"":1292.7,""y"":742.7,""t"":623,""outside"":true,""outsidePx"":8.5},{""x"":1303.3,""y"":734,""t"":639,""outside"":true,""outsidePx"":6.3},{""x"":1315.3,""y"":723.3,""t"":656,""outside"":true,""outsidePx"":3.1},{""x"":1328,""y"":713.3,""t"":672,""outside"":true,""outsidePx"":0.7},{""x"":1338,""y"":706,""t"":689,""outside"":false,""outsidePx"":0},{""x"":1345.3,""y"":700.7,""t"":706,""outside"":false,""outsidePx"":0},{""x"":1348.7,""y"":697.3,""t"":723,""outside"":false,""outsidePx"":0},{""x"":1352,""y"":694,""t"":739,""outside"":false,""outsidePx"":0},{""x"":1357.3,""y"":688.7,""t"":756,""outside"":false,""outsidePx"":0},{""x"":1362.7,""y"":685.3,""t"":772,""outside"":false,""outsidePx"":0},{""x"":1366,""y"":680,""t"":789,""outside"":false,""outsidePx"":0},{""x"":1371.3,""y"":674.7,""t"":806,""outside"":false,""outsidePx"":0},{""x"":1376.7,""y"":671.3,""t"":823,""outside"":false,""outsidePx"":0},{""x"":1385.3,""y"":664,""t"":839,""outside"":false,""outsidePx"":0},{""x"":1392.7,""y"":657.3,""t"":856,""outside"":false,""outsidePx"":0},{""x"":1399.3,""y"":652,""t"":873,""outside"":false,""outsidePx"":0},{""x"":1408,""y"":644.7,""t"":889,""outside"":false,""outsidePx"":0},{""x"":1415.3,""y"":639.3,""t"":906,""outside"":false,""outsidePx"":0},{""x"":1422,""y"":634.7,""t"":922,""outside"":false,""outsidePx"":0},{""x"":1429.3,""y"":629.3,""t"":939,""outside"":false,""outsidePx"":0},{""x"":1441.3,""y"":620.7,""t"":956,""outside"":false,""outsidePx"":0},{""x"":1454,""y"":610,""t"":973,""outside"":false,""outsidePx"":0},{""x"":1464,""y"":602.7,""t"":989,""outside"":false,""outsidePx"":0},{""x"":1471.3,""y"":597.3,""t"":1006,""outside"":false,""outsidePx"":0},{""x"":1478,""y"":592.7,""t"":1022,""outside"":false,""outsidePx"":0},{""x"":1485.3,""y"":587.3,""t"":1039,""outside"":false,""outsidePx"":0},{""x"":1494,""y"":582,""t"":1056,""outside"":false,""outsidePx"":0},{""x"":1504.7,""y"":574.7,""t"":1072,""outside"":false,""outsidePx"":0},{""x"":1514.7,""y"":569.3,""t"":1089,""outside"":false,""outsidePx"":0},{""x"":1527.3,""y"":562.7,""t"":1106,""outside"":false,""outsidePx"":0},{""x"":1541.3,""y"":554,""t"":1123,""outside"":false,""outsidePx"":0},{""x"":1555.3,""y"":546.7,""t"":1139,""outside"":false,""outsidePx"":0},{""x"":1576,""y"":536.7,""t"":1156,""outside"":false,""outsidePx"":0},{""x"":1594,""y"":526,""t"":1172,""outside"":false,""outsidePx"":0},{""x"":1608,""y"":518.7,""t"":1189,""outside"":false,""outsidePx"":0},{""x"":1618,""y"":513.3,""t"":1206,""outside"":false,""outsidePx"":0},{""x"":1628.7,""y"":508.7,""t"":1222,""outside"":false,""outsidePx"":0},{""x"":1637.3,""y"":503.3,""t"":1240,""outside"":false,""outsidePx"":0},{""x"":1648,""y"":496,""t"":1256,""outside"":false,""outsidePx"":0},{""x"":1658.7,""y"":490.7,""t"":1273,""outside"":false,""outsidePx"":0},{""x"":1664,""y"":487.3,""t"":1289,""outside"":false,""outsidePx"":0},{""x"":1667.3,""y"":487.3,""t"":1306,""outside"":false,""outsidePx"":0},{""x"":1667.3,""y"":485.3,""t"":1322,""outside"":false,""outsidePx"":0},{""x"":1668.7,""y"":485.3,""t"":1339,""outside"":false,""outsidePx"":0},{""x"":1670.7,""y"":484,""t"":1356,""outside"":false,""outsidePx"":0},{""x"":1674,""y"":482,""t"":1372,""outside"":false,""outsidePx"":0},{""x"":1676,""y"":482,""t"":1431,""outside"":false,""outsidePx"":0},{""x"":1676,""y"":480.7,""t"":1440,""outside"":false,""outsidePx"":0},{""x"":1678,""y"":480.7,""t"":1456,""outside"":false,""outsidePx"":0}]"
hayashi,main,practice,C3,距離大条件,W固定・A長い,35,675,19.286,3,33,93,93,95,2026-09-29T07:50:56.447Z,2026-09-29T07:50:57.600Z,1154,152,933,781,false,true,near_goal_pointerup,1648,498,1,true,1,50,0.8,false,"[{""startMs"":528,""startX"":1238.7,""startY"":723.3,""maxOutsidePx"":0.8,""endMs"":578,""endX"":1276.7,""endY"":702.7,""durationMs"":50}]","[{""x"":885.3,""y"":945.3,""t"":0,""outside"":false,""outsidePx"":0},{""x"":885.3,""y"":944,""t"":27,""outside"":false,""outsidePx"":0},{""x"":886.7,""y"":944,""t"":45,""outside"":false,""outsidePx"":0},{""x"":890,""y"":938.7,""t"":62,""outside"":false,""outsidePx"":0},{""x"":904,""y"":932,""t"":78,""outside"":false,""outsidePx"":0},{""x"":918,""y"":924.7,""t"":95,""outside"":false,""outsidePx"":0},{""x"":937.3,""y"":914.7,""t"":111,""outside"":false,""outsidePx"":0},{""x"":954.7,""y"":904,""t"":128,""outside"":false,""outsidePx"":0},{""x"":978,""y"":891.3,""t"":145,""outside"":false,""outsidePx"":0},{""x"":996.7,""y"":881.3,""t"":161,""outside"":false,""outsidePx"":0},{""x"":1010.7,""y"":872.7,""t"":178,""outside"":false,""outsidePx"":0},{""x"":1021.3,""y"":865.3,""t"":195,""outside"":false,""outsidePx"":0},{""x"":1030,""y"":860,""t"":211,""outside"":false,""outsidePx"":0},{""x"":1038.7,""y"":856.7,""t"":228,""outside"":false,""outsidePx"":0},{""x"":1051.3,""y"":849.3,""t"":245,""outside"":false,""outsidePx"":0},{""x"":1065.3,""y"":842.7,""t"":261,""outside"":false,""outsidePx"":0},{""x"":1074,""y"":837.3,""t"":278,""outside"":false,""outsidePx"":0},{""x"":1080.7,""y"":832,""t"":295,""outside"":false,""outsidePx"":0},{""x"":1091.3,""y"":825.3,""t"":312,""outside"":false,""outsidePx"":0},{""x"":1104,""y"":816.7,""t"":328,""outside"":false,""outsidePx"":0},{""x"":1116,""y"":807.3,""t"":345,""outside"":false,""outsidePx"":0},{""x"":1132,""y"":798.7,""t"":362,""outside"":false,""outsidePx"":0},{""x"":1146,""y"":790,""t"":378,""outside"":false,""outsidePx"":0},{""x"":1154.7,""y"":784.7,""t"":395,""outside"":false,""outsidePx"":0},{""x"":1161.3,""y"":779.3,""t"":411,""outside"":false,""outsidePx"":0},{""x"":1170,""y"":772.7,""t"":428,""outside"":false,""outsidePx"":0},{""x"":1180.7,""y"":764,""t"":445,""outside"":false,""outsidePx"":0},{""x"":1194.7,""y"":751.3,""t"":462,""outside"":false,""outsidePx"":0},{""x"":1206.7,""y"":742.7,""t"":478,""outside"":false,""outsidePx"":0},{""x"":1217.3,""y"":736,""t"":495,""outside"":false,""outsidePx"":0},{""x"":1228,""y"":730.7,""t"":512,""outside"":false,""outsidePx"":0},{""x"":1238.7,""y"":723.3,""t"":528,""outside"":true,""outsidePx"":0.3},{""x"":1252.7,""y"":714.7,""t"":545,""outside"":true,""outsidePx"":0.8},{""x"":1264.7,""y"":708,""t"":561,""outside"":true,""outsidePx"":0.6},{""x"":1276.7,""y"":702.7,""t"":578,""outside"":false,""outsidePx"":0},{""x"":1289.3,""y"":695.3,""t"":595,""outside"":false,""outsidePx"":0},{""x"":1300,""y"":690.7,""t"":611,""outside"":false,""outsidePx"":0},{""x"":1312,""y"":685.3,""t"":628,""outside"":false,""outsidePx"":0},{""x"":1324,""y"":680,""t"":645,""outside"":false,""outsidePx"":0},{""x"":1338,""y"":674.7,""t"":661,""outside"":false,""outsidePx"":0},{""x"":1352,""y"":667.3,""t"":678,""outside"":false,""outsidePx"":0},{""x"":1368,""y"":660.7,""t"":695,""outside"":false,""outsidePx"":0},{""x"":1380,""y"":653.3,""t"":712,""outside"":false,""outsidePx"":0},{""x"":1398,""y"":646.7,""t"":728,""outside"":false,""outsidePx"":0},{""x"":1413.3,""y"":638,""t"":745,""outside"":false,""outsidePx"":0},{""x"":1429.3,""y"":630.7,""t"":761,""outside"":false,""outsidePx"":0},{""x"":1441.3,""y"":624,""t"":778,""outside"":false,""outsidePx"":0},{""x"":1457.3,""y"":616.7,""t"":795,""outside"":false,""outsidePx"":0},{""x"":1471.3,""y"":608,""t"":812,""outside"":false,""outsidePx"":0},{""x"":1485.3,""y"":599.3,""t"":828,""outside"":false,""outsidePx"":0},{""x"":1500.7,""y"":590.7,""t"":845,""outside"":false,""outsidePx"":0},{""x"":1516.7,""y"":582,""t"":862,""outside"":false,""outsidePx"":0},{""x"":1530.7,""y"":573.3,""t"":878,""outside"":false,""outsidePx"":0},{""x"":1542.7,""y"":566,""t"":895,""outside"":false,""outsidePx"":0},{""x"":1556.7,""y"":557.3,""t"":911,""outside"":false,""outsidePx"":0},{""x"":1567.3,""y"":552,""t"":928,""outside"":false,""outsidePx"":0},{""x"":1580,""y"":545.3,""t"":945,""outside"":false,""outsidePx"":0},{""x"":1590,""y"":536.7,""t"":961,""outside"":false,""outsidePx"":0},{""x"":1602.7,""y"":527.3,""t"":978,""outside"":false,""outsidePx"":0},{""x"":1616.7,""y"":518.7,""t"":995,""outside"":false,""outsidePx"":0},{""x"":1626.7,""y"":513.3,""t"":1011,""outside"":false,""outsidePx"":0},{""x"":1632,""y"":510,""t"":1028,""outside"":false,""outsidePx"":0},{""x"":1636,""y"":508.7,""t"":1045,""outside"":false,""outsidePx"":0},{""x"":1636,""y"":506.7,""t"":1061,""outside"":false,""outsidePx"":0},{""x"":1637.3,""y"":504.7,""t"":1078,""outside"":false,""outsidePx"":0},{""x"":1640.7,""y"":503.3,""t"":1095,""outside"":false,""outsidePx"":0},{""x"":1646,""y"":499.3,""t"":1112,""outside"":false,""outsidePx"":0},{""x"":1648,""y"":498,""t"":1128,""outside"":false,""outsidePx"":0}]"
hayashi,main,practice,C3,距離大条件,W固定・A長い,35,675,19.286,3,34,94,94,96,2026-09-29T07:50:59.058Z,2026-09-29T07:51:00.310Z,1253,153,945,792,true,true,none,1665.3,498,1,false,0,0,0,false,[],"[{""x"":890.7,""y"":945.3,""t"":0,""outside"":false,""outsidePx"":0},{""x"":892,""y"":945.3,""t"":55,""outside"":false,""outsidePx"":0},{""x"":898.7,""y"":940.7,""t"":67,""outside"":false,""outsidePx"":0},{""x"":912.7,""y"":933.3,""t"":83,""outside"":false,""outsidePx"":0},{""x"":934,""y"":924.7,""t"":100,""outside"":false,""outsidePx"":0},{""x"":956.7,""y"":914.7,""t"":117,""outside"":false,""outsidePx"":0},{""x"":976,""y"":905.3,""t"":133,""outside"":false,""outsidePx"":0},{""x"":990,""y"":896.7,""t"":150,""outside"":false,""outsidePx"":0},{""x"":998.7,""y"":890,""t"":166,""outside"":false,""outsidePx"":0},{""x"":1009.3,""y"":882.7,""t"":183,""outside"":false,""outsidePx"":0},{""x"":1018,""y"":876,""t"":200,""outside"":false,""outsidePx"":0},{""x"":1030,""y"":868.7,""t"":217,""outside"":false,""outsidePx"":0},{""x"":1044,""y"":858.7,""t"":233,""outside"":false,""outsidePx"":0},{""x"":1056.7,""y"":849.3,""t"":250,""outside"":false,""outsidePx"":0},{""x"":1066.7,""y"":842.7,""t"":267,""outside"":false,""outsidePx"":0},{""x"":1076,""y"":835.3,""t"":283,""outside"":false,""outsidePx"":0},{""x"":1086,""y"":830.7,""t"":300,""outside"":false,""outsidePx"":0},{""x"":1098.7,""y"":821.3,""t"":317,""outside"":false,""outsidePx"":0},{""x"":1108.7,""y"":814.7,""t"":333,""outside"":false,""outsidePx"":0},{""x"":1119.3,""y"":807.3,""t"":350,""outside"":false,""outsidePx"":0},{""x"":1126.7,""y"":802.7,""t"":367,""outside"":false,""outsidePx"":0},{""x"":1136.7,""y"":798.7,""t"":383,""outside"":false,""outsidePx"":0},{""x"":1146,""y"":793.3,""t"":400,""outside"":false,""outsidePx"":0},{""x"":1154.7,""y"":788.7,""t"":417,""outside"":false,""outsidePx"":0},{""x"":1164.7,""y"":783.3,""t"":433,""outside"":false,""outsidePx"":0},{""x"":1177.3,""y"":776,""t"":450,""outside"":false,""outsidePx"":0},{""x"":1189.3,""y"":769.3,""t"":467,""outside"":false,""outsidePx"":0},{""x"":1202,""y"":762,""t"":483,""outside"":false,""outsidePx"":0},{""x"":1216,""y"":755.3,""t"":500,""outside"":false,""outsidePx"":0},{""x"":1230,""y"":750,""t"":517,""outside"":false,""outsidePx"":0},{""x"":1240,""y"":742.7,""t"":533,""outside"":false,""outsidePx"":0},{""x"":1254,""y"":734,""t"":550,""outside"":false,""outsidePx"":0},{""x"":1264.7,""y"":728.7,""t"":567,""outside"":false,""outsidePx"":0},{""x"":1275.3,""y"":725.3,""t"":583,""outside"":false,""outsidePx"":0},{""x"":1284,""y"":720,""t"":600,""outside"":false,""outsidePx"":0},{""x"":1296,""y"":713.3,""t"":616,""outside"":false,""outsidePx"":0},{""x"":1306.7,""y"":706,""t"":633,""outside"":false,""outsidePx"":0},{""x"":1318.7,""y"":697.3,""t"":650,""outside"":false,""outsidePx"":0},{""x"":1334.7,""y"":688.7,""t"":667,""outside"":false,""outsidePx"":0},{""x"":1348.7,""y"":681.3,""t"":683,""outside"":false,""outsidePx"":0},{""x"":1364.7,""y"":672.7,""t"":700,""outside"":false,""outsidePx"":0},{""x"":1380,""y"":666,""t"":716,""outside"":false,""outsidePx"":0},{""x"":1392.7,""y"":658.7,""t"":733,""outside"":false,""outsidePx"":0},{""x"":1406.7,""y"":650,""t"":750,""outside"":false,""outsidePx"":0},{""x"":1424,""y"":641.3,""t"":766,""outside"":false,""outsidePx"":0},{""x"":1440,""y"":630.7,""t"":783,""outside"":false,""outsidePx"":0},{""x"":1457.3,""y"":622,""t"":800,""outside"":false,""outsidePx"":0},{""x"":1469.3,""y"":613.3,""t"":816,""outside"":false,""outsidePx"":0},{""x"":1482,""y"":606.7,""t"":833,""outside"":false,""outsidePx"":0},{""x"":1494,""y"":597.3,""t"":850,""outside"":false,""outsidePx"":0},{""x"":1508,""y"":590.7,""t"":866,""outside"":false,""outsidePx"":0},{""x"":1520,""y"":580,""t"":883,""outside"":false,""outsidePx"":0},{""x"":1538,""y"":571.3,""t"":900,""outside"":false,""outsidePx"":0},{""x"":1552,""y"":562.7,""t"":916,""outside"":false,""outsidePx"":0},{""x"":1566,""y"":555.3,""t"":933,""outside"":false,""outsidePx"":0},{""x"":1576,""y"":550.7,""t"":950,""outside"":false,""outsidePx"":0},{""x"":1586.7,""y"":543.3,""t"":967,""outside"":false,""outsidePx"":0},{""x"":1595.3,""y"":536.7,""t"":983,""outside"":false,""outsidePx"":0},{""x"":1602.7,""y"":532.7,""t"":1000,""outside"":false,""outsidePx"":0},{""x"":1611.3,""y"":526,""t"":1016,""outside"":false,""outsidePx"":0},{""x"":1623.3,""y"":520.7,""t"":1033,""outside"":false,""outsidePx"":0},{""x"":1636,""y"":513.3,""t"":1050,""outside"":false,""outsidePx"":0},{""x"":1646,""y"":508.7,""t"":1066,""outside"":false,""outsidePx"":0},{""x"":1654.7,""y"":503.3,""t"":1083,""outside"":false,""outsidePx"":0},{""x"":1660,""y"":499.3,""t"":1100,""outside"":false,""outsidePx"":0},{""x"":1664,""y"":498,""t"":1117,""outside"":false,""outsidePx"":0},{""x"":1665.3,""y"":498,""t"":1197,""outside"":false,""outsidePx"":0}]"
hayashi,main,practice,C3,距離大条件,W固定・A長い,35,675,19.286,3,35,95,95,97,2026-09-29T07:51:00.908Z,2026-09-29T07:51:02.202Z,1294,179,990,811,true,true,none,1676,504.7,1,false,0,0,0,false,[],"[{""x"":882,""y"":948.7,""t"":0,""outside"":false,""outsidePx"":0},{""x"":882,""y"":947.3,""t"":16,""outside"":false,""outsidePx"":0},{""x"":883.3,""y"":946,""t"":33,""outside"":false,""outsidePx"":0},{""x"":886.7,""y"":944,""t"":49,""outside"":false,""outsidePx"":0},{""x"":894,""y"":938.7,""t"":66,""outside"":false,""outsidePx"":0},{""x"":904,""y"":933.3,""t"":83,""outside"":false,""outsidePx"":0},{""x"":918,""y"":928.7,""t"":99,""outside"":false,""outsidePx"":0},{""x"":934,""y"":921.3,""t"":116,""outside"":false,""outsidePx"":0},{""x"":950,""y"":912.7,""t"":133,""outside"":false,""outsidePx"":0},{""x"":965.3,""y"":904,""t"":149,""outside"":false,""outsidePx"":0},{""x"":979.3,""y"":896.7,""t"":166,""outside"":false,""outsidePx"":0},{""x"":992,""y"":890,""t"":183,""outside"":false,""outsidePx"":0},{""x"":1002,""y"":886.7,""t"":200,""outside"":false,""outsidePx"":0},{""x"":1012.7,""y"":881.3,""t"":216,""outside"":false,""outsidePx"":0},{""x"":1024.7,""y"":874,""t"":233,""outside"":false,""outsidePx"":0},{""x"":1037.3,""y"":867.3,""t"":249,""outside"":false,""outsidePx"":0},{""x"":1049.3,""y"":858.7,""t"":266,""outside"":false,""outsidePx"":0},{""x"":1063.3,""y"":849.3,""t"":283,""outside"":false,""outsidePx"":0},{""x"":1076,""y"":842.7,""t"":299,""outside"":false,""outsidePx"":0},{""x"":1084.7,""y"":837.3,""t"":316,""outside"":false,""outsidePx"":0},{""x"":1093.3,""y"":832,""t"":333,""outside"":false,""outsidePx"":0},{""x"":1104,""y"":825.3,""t"":350,""outside"":false,""outsidePx"":0},{""x"":1116,""y"":816.7,""t"":366,""outside"":false,""outsidePx"":0},{""x"":1128,""y"":809.3,""t"":383,""outside"":false,""outsidePx"":0},{""x"":1140.7,""y"":802.7,""t"":400,""outside"":false,""outsidePx"":0},{""x"":1149.3,""y"":797.3,""t"":416,""outside"":false,""outsidePx"":0},{""x"":1158,""y"":790,""t"":433,""outside"":false,""outsidePx"":0},{""x"":1168.7,""y"":783.3,""t"":449,""outside"":false,""outsidePx"":0},{""x"":1177.3,""y"":776,""t"":466,""outside"":false,""outsidePx"":0},{""x"":1186,""y"":770.7,""t"":483,""outside"":false,""outsidePx"":0},{""x"":1196.7,""y"":765.3,""t"":499,""outside"":false,""outsidePx"":0},{""x"":1205.3,""y"":760.7,""t"":516,""outside"":false,""outsidePx"":0},{""x"":1212,""y"":755.3,""t"":533,""outside"":false,""outsidePx"":0},{""x"":1220.7,""y"":750,""t"":550,""outside"":false,""outsidePx"":0},{""x"":1231.3,""y"":742.7,""t"":566,""outside"":false,""outsidePx"":0},{""x"":1244,""y"":737.3,""t"":583,""outside"":false,""outsidePx"":0},{""x"":1254,""y"":730.7,""t"":599,""outside"":false,""outsidePx"":0},{""x"":1266.7,""y"":725.3,""t"":616,""outside"":false,""outsidePx"":0},{""x"":1280.7,""y"":716.7,""t"":633,""outside"":false,""outsidePx"":0},{""x"":1292.7,""y"":709.3,""t"":649,""outside"":false,""outsidePx"":0},{""x"":1306.7,""y"":700.7,""t"":666,""outside"":false,""outsidePx"":0},{""x"":1320.7,""y"":692,""t"":683,""outside"":false,""outsidePx"":0},{""x"":1334.7,""y"":683.3,""t"":699,""outside"":false,""outsidePx"":0},{""x"":1346.7,""y"":678,""t"":716,""outside"":false,""outsidePx"":0},{""x"":1360.7,""y"":667.3,""t"":733,""outside"":false,""outsidePx"":0},{""x"":1378.7,""y"":658.7,""t"":749,""outside"":false,""outsidePx"":0},{""x"":1398,""y"":650,""t"":766,""outside"":false,""outsidePx"":0},{""x"":1413.3,""y"":643.3,""t"":783,""outside"":false,""outsidePx"":0},{""x"":1424,""y"":638,""t"":799,""outside"":false,""outsidePx"":0},{""x"":1430.7,""y"":634.7,""t"":816,""outside"":false,""outsidePx"":0},{""x"":1441.3,""y"":629.3,""t"":833,""outside"":false,""outsidePx"":0},{""x"":1457.3,""y"":620.7,""t"":849,""outside"":false,""outsidePx"":0},{""x"":1478,""y"":608,""t"":866,""outside"":false,""outsidePx"":0},{""x"":1502.7,""y"":597.3,""t"":883,""outside"":false,""outsidePx"":0},{""x"":1522,""y"":590.7,""t"":899,""outside"":false,""outsidePx"":0},{""x"":1536,""y"":585.3,""t"":916,""outside"":false,""outsidePx"":0},{""x"":1539.3,""y"":582,""t"":933,""outside"":false,""outsidePx"":0},{""x"":1546.7,""y"":578.7,""t"":950,""outside"":false,""outsidePx"":0},{""x"":1555.3,""y"":573.3,""t"":966,""outside"":false,""outsidePx"":0},{""x"":1570.7,""y"":564.7,""t"":983,""outside"":false,""outsidePx"":0},{""x"":1586.7,""y"":555.3,""t"":999,""outside"":false,""outsidePx"":0},{""x"":1604,""y"":546.7,""t"":1016,""outside"":false,""outsidePx"":0},{""x"":1618,""y"":541.3,""t"":1033,""outside"":false,""outsidePx"":0},{""x"":1626.7,""y"":536.7,""t"":1049,""outside"":false,""outsidePx"":0},{""x"":1637.3,""y"":531.3,""t"":1066,""outside"":false,""outsidePx"":0},{""x"":1648,""y"":524,""t"":1083,""outside"":false,""outsidePx"":0},{""x"":1656.7,""y"":518.7,""t"":1099,""outside"":false,""outsidePx"":0},{""x"":1664,""y"":513.3,""t"":1116,""outside"":false,""outsidePx"":0},{""x"":1667.3,""y"":512,""t"":1133,""outside"":false,""outsidePx"":0},{""x"":1668.7,""y"":510,""t"":1149,""outside"":false,""outsidePx"":0},{""x"":1670.7,""y"":508.7,""t"":1166,""outside"":false,""outsidePx"":0},{""x"":1672.7,""y"":506.7,""t"":1182,""outside"":false,""outsidePx"":0},{""x"":1674,""y"":506.7,""t"":1199,""outside"":false,""outsidePx"":0},{""x"":1676,""y"":506.7,""t"":1216,""outside"":false,""outsidePx"":0},{""x"":1676,""y"":504.7,""t"":1233,""outside"":false,""outsidePx"":0}]"
hayashi,main,practice,C3,距離大条件,W固定・A長い,35,675,19.286,3,36,96,96,98,2026-09-29T07:51:03.050Z,2026-09-29T07:51:04.418Z,1369,227,1080,853,true,true,none,1716,473.3,1,false,0,0,0,false,[],"[{""x"":898,""y"":944,""t"":0,""outside"":false,""outsidePx"":0},{""x"":898,""y"":942.7,""t"":57,""outside"":false,""outsidePx"":0},{""x"":900.7,""y"":940.7,""t"":74,""outside"":false,""outsidePx"":0},{""x"":904,""y"":937.3,""t"":91,""outside"":false,""outsidePx"":0},{""x"":909.3,""y"":933.3,""t"":108,""outside"":false,""outsidePx"":0},{""x"":918,""y"":928.7,""t"":124,""outside"":false,""outsidePx"":0},{""x"":926.7,""y"":923.3,""t"":141,""outside"":false,""outsidePx"":0},{""x"":939.3,""y"":916,""t"":158,""outside"":false,""outsidePx"":0},{""x"":950,""y"":910.7,""t"":174,""outside"":false,""outsidePx"":0},{""x"":965.3,""y"":902,""t"":191,""outside"":false,""outsidePx"":0},{""x"":978,""y"":896.7,""t"":207,""outside"":false,""outsidePx"":0},{""x"":986.7,""y"":891.3,""t"":224,""outside"":false,""outsidePx"":0},{""x"":996.7,""y"":886.7,""t"":241,""outside"":false,""outsidePx"":0},{""x"":1006,""y"":881.3,""t"":258,""outside"":false,""outsidePx"":0},{""x"":1014.7,""y"":876,""t"":274,""outside"":false,""outsidePx"":0},{""x"":1023.3,""y"":870.7,""t"":291,""outside"":false,""outsidePx"":0},{""x"":1034,""y"":863.3,""t"":308,""outside"":false,""outsidePx"":0},{""x"":1044,""y"":858.7,""t"":324,""outside"":false,""outsidePx"":0},{""x"":1052.7,""y"":854.7,""t"":341,""outside"":false,""outsidePx"":0},{""x"":1062,""y"":849.3,""t"":357,""outside"":false,""outsidePx"":0},{""x"":1066.7,""y"":846,""t"":375,""outside"":false,""outsidePx"":0},{""x"":1074,""y"":842.7,""t"":391,""outside"":false,""outsidePx"":0},{""x"":1082.7,""y"":839.3,""t"":407,""outside"":false,""outsidePx"":0},{""x"":1091.3,""y"":835.3,""t"":424,""outside"":false,""outsidePx"":0},{""x"":1104,""y"":828.7,""t"":441,""outside"":false,""outsidePx"":0},{""x"":1116,""y"":820,""t"":457,""outside"":false,""outsidePx"":0},{""x"":1128,""y"":812.7,""t"":474,""outside"":false,""outsidePx"":0},{""x"":1140.7,""y"":804,""t"":490,""outside"":false,""outsidePx"":0},{""x"":1149.3,""y"":798.7,""t"":507,""outside"":false,""outsidePx"":0},{""x"":1158,""y"":793.3,""t"":524,""outside"":false,""outsidePx"":0},{""x"":1166.7,""y"":788.7,""t"":541,""outside"":false,""outsidePx"":0},{""x"":1175.3,""y"":783.3,""t"":557,""outside"":false,""outsidePx"":0},{""x"":1186,""y"":778,""t"":574,""outside"":false,""outsidePx"":0},{""x"":1198,""y"":770.7,""t"":591,""outside"":false,""outsidePx"":0},{""x"":1214,""y"":760.7,""t"":607,""outside"":false,""outsidePx"":0},{""x"":1230,""y"":748,""t"":624,""outside"":false,""outsidePx"":0},{""x"":1245.3,""y"":739.3,""t"":641,""outside"":false,""outsidePx"":0},{""x"":1256,""y"":732.7,""t"":657,""outside"":false,""outsidePx"":0},{""x"":1266.7,""y"":727.3,""t"":674,""outside"":false,""outsidePx"":0},{""x"":1275.3,""y"":722,""t"":690,""outside"":false,""outsidePx"":0},{""x"":1287.3,""y"":714.7,""t"":707,""outside"":false,""outsidePx"":0},{""x"":1300,""y"":706,""t"":724,""outside"":false,""outsidePx"":0},{""x"":1314,""y"":697.3,""t"":741,""outside"":false,""outsidePx"":0},{""x"":1329.3,""y"":686.7,""t"":757,""outside"":false,""outsidePx"":0},{""x"":1345.3,""y"":680,""t"":774,""outside"":false,""outsidePx"":0},{""x"":1362.7,""y"":671.3,""t"":790,""outside"":false,""outsidePx"":0},{""x"":1376.7,""y"":662.7,""t"":807,""outside"":false,""outsidePx"":0},{""x"":1388.7,""y"":657.3,""t"":824,""outside"":false,""outsidePx"":0},{""x"":1399.3,""y"":650,""t"":841,""outside"":false,""outsidePx"":0},{""x"":1410,""y"":643.3,""t"":857,""outside"":false,""outsidePx"":0},{""x"":1422,""y"":636,""t"":874,""outside"":false,""outsidePx"":0},{""x"":1440,""y"":629.3,""t"":890,""outside"":false,""outsidePx"":0},{""x"":1457.3,""y"":618.7,""t"":907,""outside"":false,""outsidePx"":0},{""x"":1471.3,""y"":611.3,""t"":924,""outside"":false,""outsidePx"":0},{""x"":1485.3,""y"":604.7,""t"":940,""outside"":false,""outsidePx"":0},{""x"":1492,""y"":597.3,""t"":957,""outside"":false,""outsidePx"":0},{""x"":1500.7,""y"":592.7,""t"":974,""outside"":false,""outsidePx"":0},{""x"":1510,""y"":588.7,""t"":990,""outside"":false,""outsidePx"":0},{""x"":1520,""y"":582,""t"":1007,""outside"":false,""outsidePx"":0},{""x"":1532.7,""y"":574.7,""t"":1024,""outside"":false,""outsidePx"":0},{""x"":1546.7,""y"":568,""t"":1040,""outside"":false,""outsidePx"":0},{""x"":1556.7,""y"":560.7,""t"":1057,""outside"":false,""outsidePx"":0},{""x"":1569.3,""y"":555.3,""t"":1074,""outside"":false,""outsidePx"":0},{""x"":1580,""y"":548.7,""t"":1090,""outside"":false,""outsidePx"":0},{""x"":1594,""y"":541.3,""t"":1107,""outside"":false,""outsidePx"":0},{""x"":1608,""y"":534.7,""t"":1124,""outside"":false,""outsidePx"":0},{""x"":1625.3,""y"":526,""t"":1141,""outside"":false,""outsidePx"":0},{""x"":1644.7,""y"":515.3,""t"":1157,""outside"":false,""outsidePx"":0},{""x"":1660,""y"":506.7,""t"":1174,""outside"":false,""outsidePx"":0},{""x"":1670.7,""y"":501.3,""t"":1190,""outside"":false,""outsidePx"":0},{""x"":1676,""y"":498,""t"":1207,""outside"":false,""outsidePx"":0},{""x"":1682.7,""y"":494.7,""t"":1224,""outside"":false,""outsidePx"":0},{""x"":1690,""y"":489.3,""t"":1241,""outside"":false,""outsidePx"":0},{""x"":1700.7,""y"":482,""t"":1257,""outside"":false,""outsidePx"":0},{""x"":1710.7,""y"":476.7,""t"":1274,""outside"":false,""outsidePx"":0},{""x"":1716,""y"":473.3,""t"":1290,""outside"":false,""outsidePx"":0}]"
hayashi,main,practice,C3,距離大条件,W固定・A長い,35,675,19.286,3,37,97,97,99,2026-09-29T07:51:05.542Z,2026-09-29T07:51:07.004Z,1462,216,1151,935,false,true,near_goal_pointerup,1656.7,498,1,false,0,0,0,false,[],"[{""x"":894.7,""y"":932.7,""t"":0,""outside"":false,""outsidePx"":0},{""x"":895.3,""y"":932,""t"":66,""outside"":false,""outsidePx"":0},{""x"":900.7,""y"":930,""t"":82,""outside"":false,""outsidePx"":0},{""x"":908,""y"":926.7,""t"":99,""outside"":false,""outsidePx"":0},{""x"":916.7,""y"":921.3,""t"":115,""outside"":false,""outsidePx"":0},{""x"":923.3,""y"":919.3,""t"":132,""outside"":false,""outsidePx"":0},{""x"":934,""y"":914.7,""t"":149,""outside"":false,""outsidePx"":0},{""x"":944.7,""y"":909.3,""t"":165,""outside"":false,""outsidePx"":0},{""x"":956.7,""y"":902,""t"":182,""outside"":false,""outsidePx"":0},{""x"":970.7,""y"":895.3,""t"":199,""outside"":false,""outsidePx"":0},{""x"":986.7,""y"":888,""t"":215,""outside"":false,""outsidePx"":0},{""x"":998.7,""y"":881.3,""t"":232,""outside"":false,""outsidePx"":0},{""x"":1009.3,""y"":876,""t"":248,""outside"":false,""outsidePx"":0},{""x"":1018,""y"":870.7,""t"":265,""outside"":false,""outsidePx"":0},{""x"":1023.3,""y"":868.7,""t"":282,""outside"":false,""outsidePx"":0},{""x"":1024.7,""y"":867.3,""t"":298,""outside"":false,""outsidePx"":0},{""x"":1026.7,""y"":867.3,""t"":326,""outside"":false,""outsidePx"":0},{""x"":1028.7,""y"":865.3,""t"":348,""outside"":false,""outsidePx"":0},{""x"":1030,""y"":865.3,""t"":358,""outside"":false,""outsidePx"":0},{""x"":1032,""y"":863.3,""t"":365,""outside"":false,""outsidePx"":0},{""x"":1038.7,""y"":860,""t"":382,""outside"":false,""outsidePx"":0},{""x"":1049.3,""y"":854.7,""t"":398,""outside"":false,""outsidePx"":0},{""x"":1063.3,""y"":848,""t"":415,""outside"":false,""outsidePx"":0},{""x"":1082.7,""y"":837.3,""t"":432,""outside"":false,""outsidePx"":0},{""x"":1100,""y"":826.7,""t"":448,""outside"":false,""outsidePx"":0},{""x"":1114,""y"":820,""t"":465,""outside"":false,""outsidePx"":0},{""x"":1126.7,""y"":812.7,""t"":482,""outside"":false,""outsidePx"":0},{""x"":1136.7,""y"":806,""t"":498,""outside"":false,""outsidePx"":0},{""x"":1149.3,""y"":797.3,""t"":515,""outside"":false,""outsidePx"":0},{""x"":1161.3,""y"":788.7,""t"":532,""outside"":false,""outsidePx"":0},{""x"":1174,""y"":783.3,""t"":548,""outside"":false,""outsidePx"":0},{""x"":1182.7,""y"":778,""t"":565,""outside"":false,""outsidePx"":0},{""x"":1188,""y"":774.7,""t"":582,""outside"":false,""outsidePx"":0},{""x"":1192.7,""y"":770.7,""t"":598,""outside"":false,""outsidePx"":0},{""x"":1200,""y"":767.3,""t"":615,""outside"":false,""outsidePx"":0},{""x"":1206.7,""y"":760.7,""t"":632,""outside"":false,""outsidePx"":0},{""x"":1217.3,""y"":755.3,""t"":648,""outside"":false,""outsidePx"":0},{""x"":1230,""y"":746.7,""t"":665,""outside"":false,""outsidePx"":0},{""x"":1240,""y"":739.3,""t"":682,""outside"":false,""outsidePx"":0},{""x"":1248.7,""y"":734,""t"":698,""outside"":false,""outsidePx"":0},{""x"":1258,""y"":730.7,""t"":715,""outside"":false,""outsidePx"":0},{""x"":1268,""y"":723.3,""t"":732,""outside"":false,""outsidePx"":0},{""x"":1278.7,""y"":718.7,""t"":748,""outside"":false,""outsidePx"":0},{""x"":1292.7,""y"":711.3,""t"":767,""outside"":false,""outsidePx"":0},{""x"":1303.3,""y"":704.7,""t"":782,""outside"":false,""outsidePx"":0},{""x"":1315.3,""y"":697.3,""t"":798,""outside"":false,""outsidePx"":0},{""x"":1328,""y"":688.7,""t"":815,""outside"":false,""outsidePx"":0},{""x"":1340,""y"":681.3,""t"":832,""outside"":false,""outsidePx"":0},{""x"":1350.7,""y"":674.7,""t"":848,""outside"":false,""outsidePx"":0},{""x"":1360.7,""y"":667.3,""t"":865,""outside"":false,""outsidePx"":0},{""x"":1368,""y"":664,""t"":882,""outside"":false,""outsidePx"":0},{""x"":1373.3,""y"":660.7,""t"":899,""outside"":false,""outsidePx"":0},{""x"":1380,""y"":655.3,""t"":915,""outside"":false,""outsidePx"":0},{""x"":1390.7,""y"":648.7,""t"":933,""outside"":false,""outsidePx"":0},{""x"":1406.7,""y"":641.3,""t"":948,""outside"":false,""outsidePx"":0},{""x"":1420.7,""y"":632.7,""t"":965,""outside"":false,""outsidePx"":0},{""x"":1434.7,""y"":625.3,""t"":981,""outside"":false,""outsidePx"":0},{""x"":1446.7,""y"":618.7,""t"":998,""outside"":false,""outsidePx"":0},{""x"":1457.3,""y"":613.3,""t"":1015,""outside"":false,""outsidePx"":0},{""x"":1468,""y"":608,""t"":1032,""outside"":false,""outsidePx"":0},{""x"":1480,""y"":601.3,""t"":1048,""outside"":false,""outsidePx"":0},{""x"":1494,""y"":592.7,""t"":1065,""outside"":false,""outsidePx"":0},{""x"":1508,""y"":585.3,""t"":1082,""outside"":false,""outsidePx"":0},{""x"":1524,""y"":578.7,""t"":1098,""outside"":false,""outsidePx"":0},{""x"":1539.3,""y"":568,""t"":1115,""outside"":false,""outsidePx"":0},{""x"":1555.3,""y"":559.3,""t"":1131,""outside"":false,""outsidePx"":0},{""x"":1569.3,""y"":552,""t"":1148,""outside"":false,""outsidePx"":0},{""x"":1583.3,""y"":543.3,""t"":1165,""outside"":false,""outsidePx"":0},{""x"":1595.3,""y"":538,""t"":1182,""outside"":false,""outsidePx"":0},{""x"":1604,""y"":531.3,""t"":1198,""outside"":false,""outsidePx"":0},{""x"":1612.7,""y"":524,""t"":1215,""outside"":false,""outsidePx"":0},{""x"":1623.3,""y"":517.3,""t"":1232,""outside"":false,""outsidePx"":0},{""x"":1634,""y"":512,""t"":1248,""outside"":false,""outsidePx"":0},{""x"":1644.7,""y"":506.7,""t"":1265,""outside"":false,""outsidePx"":0},{""x"":1650,""y"":503.3,""t"":1281,""outside"":false,""outsidePx"":0},{""x"":1651.3,""y"":501.3,""t"":1298,""outside"":false,""outsidePx"":0},{""x"":1653.3,""y"":501.3,""t"":1315,""outside"":false,""outsidePx"":0},{""x"":1653.3,""y"":499.3,""t"":1331,""outside"":false,""outsidePx"":0},{""x"":1656.7,""y"":498,""t"":1348,""outside"":false,""outsidePx"":0}]"
hayashi,main,practice,C3,距離大条件,W固定・A長い,35,675,19.286,3,38,98,98,100,2026-09-29T07:51:07.692Z,2026-09-29T07:51:08.945Z,1254,169,943,774,true,true,none,1688,478.7,1,false,0,0,0,false,[],"[{""x"":889.3,""y"":940,""t"":0,""outside"":false,""outsidePx"":0},{""x"":889.3,""y"":942,""t"":15,""outside"":false,""outsidePx"":0},{""x"":890,""y"":940.7,""t"":65,""outside"":false,""outsidePx"":0},{""x"":895.3,""y"":937.3,""t"":82,""outside"":false,""outsidePx"":0},{""x"":904,""y"":932,""t"":98,""outside"":false,""outsidePx"":0},{""x"":918,""y"":924.7,""t"":115,""outside"":false,""outsidePx"":0},{""x"":939.3,""y"":914.7,""t"":131,""outside"":false,""outsidePx"":0},{""x"":962,""y"":902,""t"":148,""outside"":false,""outsidePx"":0},{""x"":982.7,""y"":890,""t"":165,""outside"":false,""outsidePx"":0},{""x"":1000.7,""y"":879.3,""t"":181,""outside"":false,""outsidePx"":0},{""x"":1009.3,""y"":876,""t"":198,""outside"":false,""outsidePx"":0},{""x"":1020,""y"":868.7,""t"":215,""outside"":false,""outsidePx"":0},{""x"":1034,""y"":858.7,""t"":231,""outside"":false,""outsidePx"":0},{""x"":1049.3,""y"":848,""t"":248,""outside"":false,""outsidePx"":0},{""x"":1066.7,""y"":837.3,""t"":265,""outside"":false,""outsidePx"":0},{""x"":1082.7,""y"":826.7,""t"":281,""outside"":false,""outsidePx"":0},{""x"":1094.7,""y"":821.3,""t"":298,""outside"":false,""outsidePx"":0},{""x"":1105.3,""y"":812.7,""t"":315,""outside"":false,""outsidePx"":0},{""x"":1116,""y"":807.3,""t"":331,""outside"":false,""outsidePx"":0},{""x"":1122.7,""y"":800.7,""t"":348,""outside"":false,""outsidePx"":0},{""x"":1133.3,""y"":793.3,""t"":365,""outside"":false,""outsidePx"":0},{""x"":1144,""y"":788.7,""t"":381,""outside"":false,""outsidePx"":0},{""x"":1158,""y"":779.3,""t"":398,""outside"":false,""outsidePx"":0},{""x"":1168.7,""y"":774.7,""t"":415,""outside"":false,""outsidePx"":0},{""x"":1177.3,""y"":770.7,""t"":432,""outside"":false,""outsidePx"":0},{""x"":1186,""y"":765.3,""t"":448,""outside"":false,""outsidePx"":0},{""x"":1194.7,""y"":760.7,""t"":465,""outside"":false,""outsidePx"":0},{""x"":1205.3,""y"":755.3,""t"":482,""outside"":false,""outsidePx"":0},{""x"":1219.3,""y"":748,""t"":498,""outside"":false,""outsidePx"":0},{""x"":1233.3,""y"":741.3,""t"":515,""outside"":false,""outsidePx"":0},{""x"":1244,""y"":736,""t"":531,""outside"":false,""outsidePx"":0},{""x"":1254,""y"":730.7,""t"":548,""outside"":false,""outsidePx"":0},{""x"":1264.7,""y"":725.3,""t"":564,""outside"":false,""outsidePx"":0},{""x"":1280.7,""y"":716.7,""t"":581,""outside"":false,""outsidePx"":0},{""x"":1294.7,""y"":708,""t"":598,""outside"":false,""outsidePx"":0},{""x"":1306.7,""y"":700.7,""t"":615,""outside"":false,""outsidePx"":0},{""x"":1322.7,""y"":694,""t"":631,""outside"":false,""outsidePx"":0},{""x"":1338,""y"":685.3,""t"":648,""outside"":false,""outsidePx"":0},{""x"":1354,""y"":676.7,""t"":665,""outside"":false,""outsidePx"":0},{""x"":1370,""y"":669.3,""t"":681,""outside"":false,""outsidePx"":0},{""x"":1385.3,""y"":660.7,""t"":698,""outside"":false,""outsidePx"":0},{""x"":1402.7,""y"":652,""t"":715,""outside"":false,""outsidePx"":0},{""x"":1416.7,""y"":644.7,""t"":731,""outside"":false,""outsidePx"":0},{""x"":1429.3,""y"":638,""t"":748,""outside"":false,""outsidePx"":0},{""x"":1446.7,""y"":627.3,""t"":765,""outside"":false,""outsidePx"":0},{""x"":1468,""y"":615.3,""t"":781,""outside"":false,""outsidePx"":0},{""x"":1486.7,""y"":604.7,""t"":798,""outside"":false,""outsidePx"":0},{""x"":1500.7,""y"":597.3,""t"":815,""outside"":false,""outsidePx"":0},{""x"":1508,""y"":592.7,""t"":832,""outside"":false,""outsidePx"":0},{""x"":1516.7,""y"":587.3,""t"":848,""outside"":false,""outsidePx"":0},{""x"":1525.3,""y"":582,""t"":865,""outside"":false,""outsidePx"":0},{""x"":1534,""y"":574.7,""t"":881,""outside"":false,""outsidePx"":0},{""x"":1541.3,""y"":569.3,""t"":898,""outside"":false,""outsidePx"":0},{""x"":1550,""y"":562.7,""t"":915,""outside"":false,""outsidePx"":0},{""x"":1564,""y"":555.3,""t"":931,""outside"":false,""outsidePx"":0},{""x"":1574.7,""y"":546.7,""t"":948,""outside"":false,""outsidePx"":0},{""x"":1584.7,""y"":541.3,""t"":965,""outside"":false,""outsidePx"":0},{""x"":1595.3,""y"":534.7,""t"":981,""outside"":false,""outsidePx"":0},{""x"":1604,""y"":529.3,""t"":998,""outside"":false,""outsidePx"":0},{""x"":1614.7,""y"":522.7,""t"":1015,""outside"":false,""outsidePx"":0},{""x"":1626.7,""y"":515.3,""t"":1031,""outside"":false,""outsidePx"":0},{""x"":1639.3,""y"":506.7,""t"":1048,""outside"":false,""outsidePx"":0},{""x"":1651.3,""y"":499.3,""t"":1065,""outside"":false,""outsidePx"":0},{""x"":1665.3,""y"":490.7,""t"":1081,""outside"":false,""outsidePx"":0},{""x"":1678,""y"":484,""t"":1098,""outside"":false,""outsidePx"":0},{""x"":1686.7,""y"":478.7,""t"":1115,""outside"":false,""outsidePx"":0},{""x"":1688,""y"":478.7,""t"":1132,""outside"":false,""outsidePx"":0}]"
hayashi,main,practice,C3,距離大条件,W固定・A長い,35,675,19.286,3,39,99,99,101,2026-09-29T07:51:10.223Z,2026-09-29T07:51:12.040Z,1817,221,1321,1100,true,true,deviation,1693.3,480.7,1,true,2,34,0.7,false,"[{""startMs"":383,""startX"":1088,""startY"":851.3,""maxOutsidePx"":0.2,""endMs"":400,""endX"":1096.7,""endY"":846,""durationMs"":17},{""startMs"":416,""startX"":1104,""startY"":842.7,""maxOutsidePx"":0.7,""endMs"":433,""endX"":1110.7,""endY"":837.3,""durationMs"":17}]","[{""x"":894.7,""y"":950.7,""t"":0,""outside"":false,""outsidePx"":0},{""x"":892.7,""y"":950.7,""t"":33,""outside"":false,""outsidePx"":0},{""x"":892.7,""y"":949.3,""t"":85,""outside"":false,""outsidePx"":0},{""x"":897.3,""y"":946,""t"":100,""outside"":false,""outsidePx"":0},{""x"":904,""y"":940.7,""t"":117,""outside"":false,""outsidePx"":0},{""x"":914.7,""y"":935.3,""t"":133,""outside"":false,""outsidePx"":0},{""x"":926.7,""y"":930,""t"":150,""outside"":false,""outsidePx"":0},{""x"":940.7,""y"":921.3,""t"":167,""outside"":false,""outsidePx"":0},{""x"":956.7,""y"":914.7,""t"":183,""outside"":false,""outsidePx"":0},{""x"":974,""y"":905.3,""t"":200,""outside"":false,""outsidePx"":0},{""x"":990,""y"":898.7,""t"":217,""outside"":false,""outsidePx"":0},{""x"":1002,""y"":895.3,""t"":234,""outside"":false,""outsidePx"":0},{""x"":1012.7,""y"":891.3,""t"":250,""outside"":false,""outsidePx"":0},{""x"":1021.3,""y"":886.7,""t"":267,""outside"":false,""outsidePx"":0},{""x"":1030,""y"":882.7,""t"":283,""outside"":false,""outsidePx"":0},{""x"":1040.7,""y"":876,""t"":300,""outside"":false,""outsidePx"":0},{""x"":1054.7,""y"":867.3,""t"":317,""outside"":false,""outsidePx"":0},{""x"":1063.3,""y"":863.3,""t"":333,""outside"":false,""outsidePx"":0},{""x"":1072,""y"":858.7,""t"":350,""outside"":false,""outsidePx"":0},{""x"":1079.3,""y"":854.7,""t"":367,""outside"":false,""outsidePx"":0},{""x"":1088,""y"":851.3,""t"":383,""outside"":true,""outsidePx"":0.2},{""x"":1096.7,""y"":846,""t"":400,""outside"":false,""outsidePx"":0},{""x"":1104,""y"":842.7,""t"":416,""outside"":true,""outsidePx"":0.7},{""x"":1110.7,""y"":837.3,""t"":433,""outside"":false,""outsidePx"":0},{""x"":1119.3,""y"":832,""t"":450,""outside"":false,""outsidePx"":0},{""x"":1126.7,""y"":825.3,""t"":467,""outside"":false,""outsidePx"":0},{""x"":1135.3,""y"":820,""t"":483,""outside"":false,""outsidePx"":0},{""x"":1146,""y"":814.7,""t"":500,""outside"":false,""outsidePx"":0},{""x"":1154.7,""y"":809.3,""t"":517,""outside"":false,""outsidePx"":0},{""x"":1164.7,""y"":804,""t"":533,""outside"":false,""outsidePx"":0},{""x"":1177.3,""y"":798.7,""t"":550,""outside"":false,""outsidePx"":0},{""x"":1188,""y"":792,""t"":567,""outside"":false,""outsidePx"":0},{""x"":1200,""y"":784.7,""t"":583,""outside"":false,""outsidePx"":0},{""x"":1212,""y"":778,""t"":600,""outside"":false,""outsidePx"":0},{""x"":1222.7,""y"":770.7,""t"":616,""outside"":false,""outsidePx"":0},{""x"":1233.3,""y"":765.3,""t"":633,""outside"":false,""outsidePx"":0},{""x"":1242,""y"":760.7,""t"":650,""outside"":false,""outsidePx"":0},{""x"":1248.7,""y"":755.3,""t"":667,""outside"":false,""outsidePx"":0},{""x"":1258,""y"":750,""t"":683,""outside"":false,""outsidePx"":0},{""x"":1262.7,""y"":746.7,""t"":700,""outside"":false,""outsidePx"":0},{""x"":1264.7,""y"":744.7,""t"":717,""outside"":false,""outsidePx"":0},{""x"":1268,""y"":742.7,""t"":734,""outside"":false,""outsidePx"":0},{""x"":1270,""y"":742.7,""t"":750,""outside"":false,""outsidePx"":0},{""x"":1272,""y"":741.3,""t"":767,""outside"":false,""outsidePx"":0},{""x"":1273.3,""y"":739.3,""t"":784,""outside"":false,""outsidePx"":0},{""x"":1278.7,""y"":736,""t"":801,""outside"":false,""outsidePx"":0},{""x"":1282,""y"":734,""t"":817,""outside"":false,""outsidePx"":0},{""x"":1286,""y"":732.7,""t"":833,""outside"":false,""outsidePx"":0},{""x"":1287.3,""y"":728.7,""t"":850,""outside"":false,""outsidePx"":0},{""x"":1292.7,""y"":727.3,""t"":867,""outside"":false,""outsidePx"":0},{""x"":1298,""y"":723.3,""t"":883,""outside"":false,""outsidePx"":0},{""x"":1303.3,""y"":720,""t"":900,""outside"":false,""outsidePx"":0},{""x"":1310,""y"":714.7,""t"":916,""outside"":false,""outsidePx"":0},{""x"":1315.3,""y"":713.3,""t"":933,""outside"":false,""outsidePx"":0},{""x"":1318.7,""y"":709.3,""t"":950,""outside"":false,""outsidePx"":0},{""x"":1326,""y"":706,""t"":967,""outside"":false,""outsidePx"":0},{""x"":1332.7,""y"":700.7,""t"":983,""outside"":false,""outsidePx"":0},{""x"":1343.3,""y"":694,""t"":1000,""outside"":false,""outsidePx"":0},{""x"":1356,""y"":686.7,""t"":1016,""outside"":false,""outsidePx"":0},{""x"":1366,""y"":680,""t"":1033,""outside"":false,""outsidePx"":0},{""x"":1378.7,""y"":671.3,""t"":1050,""outside"":false,""outsidePx"":0},{""x"":1388.7,""y"":666,""t"":1067,""outside"":false,""outsidePx"":0},{""x"":1399.3,""y"":658.7,""t"":1083,""outside"":false,""outsidePx"":0},{""x"":1408,""y"":652,""t"":1100,""outside"":false,""outsidePx"":0},{""x"":1416.7,""y"":646.7,""t"":1117,""outside"":false,""outsidePx"":0},{""x"":1426,""y"":641.3,""t"":1133,""outside"":false,""outsidePx"":0},{""x"":1440,""y"":632.7,""t"":1151,""outside"":false,""outsidePx"":0},{""x"":1454,""y"":625.3,""t"":1167,""outside"":false,""outsidePx"":0},{""x"":1466,""y"":618.7,""t"":1183,""outside"":false,""outsidePx"":0},{""x"":1476.7,""y"":613.3,""t"":1200,""outside"":false,""outsidePx"":0},{""x"":1486.7,""y"":606.7,""t"":1216,""outside"":false,""outsidePx"":0},{""x"":1497.3,""y"":601.3,""t"":1234,""outside"":false,""outsidePx"":0},{""x"":1510,""y"":594,""t"":1250,""outside"":false,""outsidePx"":0},{""x"":1522,""y"":588.7,""t"":1267,""outside"":false,""outsidePx"":0},{""x"":1536,""y"":578.7,""t"":1284,""outside"":false,""outsidePx"":0},{""x"":1553.3,""y"":568,""t"":1300,""outside"":false,""outsidePx"":0},{""x"":1569.3,""y"":557.3,""t"":1316,""outside"":false,""outsidePx"":0},{""x"":1584.7,""y"":546.7,""t"":1333,""outside"":false,""outsidePx"":0},{""x"":1604,""y"":536.7,""t"":1350,""outside"":false,""outsidePx"":0},{""x"":1620,""y"":527.3,""t"":1366,""outside"":false,""outsidePx"":0},{""x"":1634,""y"":520.7,""t"":1383,""outside"":false,""outsidePx"":0},{""x"":1640.7,""y"":515.3,""t"":1400,""outside"":false,""outsidePx"":0},{""x"":1642.7,""y"":513.3,""t"":1417,""outside"":false,""outsidePx"":0},{""x"":1644.7,""y"":513.3,""t"":1433,""outside"":false,""outsidePx"":0},{""x"":1644.7,""y"":512,""t"":1452,""outside"":false,""outsidePx"":0},{""x"":1648,""y"":510,""t"":1467,""outside"":false,""outsidePx"":0},{""x"":1650,""y"":508.7,""t"":1483,""outside"":false,""outsidePx"":0},{""x"":1651.3,""y"":506.7,""t"":1500,""outside"":false,""outsidePx"":0},{""x"":1653.3,""y"":504.7,""t"":1550,""outside"":false,""outsidePx"":0},{""x"":1654.7,""y"":503.3,""t"":1567,""outside"":false,""outsidePx"":0},{""x"":1656.7,""y"":503.3,""t"":1646,""outside"":false,""outsidePx"":0},{""x"":1656.7,""y"":501.3,""t"":1657,""outside"":false,""outsidePx"":0},{""x"":1658.7,""y"":501.3,""t"":1666,""outside"":false,""outsidePx"":0},{""x"":1660,""y"":499.3,""t"":1683,""outside"":false,""outsidePx"":0},{""x"":1662,""y"":499.3,""t"":1702,""outside"":false,""outsidePx"":0},{""x"":1665.3,""y"":496,""t"":1717,""outside"":false,""outsidePx"":0},{""x"":1674,""y"":490.7,""t"":1733,""outside"":false,""outsidePx"":0},{""x"":1684.7,""y"":485.3,""t"":1750,""outside"":false,""outsidePx"":0},{""x"":1692,""y"":480.7,""t"":1766,""outside"":false,""outsidePx"":0},{""x"":1693.3,""y"":480.7,""t"":1783,""outside"":false,""outsidePx"":0}]"
hayashi,main,practice,C3,距離大条件,W固定・A長い,35,675,19.286,3,40,100,100,102,2026-09-29T07:51:12.701Z,2026-09-29T07:51:13.985Z,1283,162,995,833,true,true,none,1667.3,498,1,false,0,0,0,false,[],"[{""x"":898,""y"":950.7,""t"":0,""outside"":false,""outsidePx"":0},{""x"":900.7,""y"":947.3,""t"":38,""outside"":false,""outsidePx"":0},{""x"":906,""y"":942.7,""t"":54,""outside"":false,""outsidePx"":0},{""x"":914.7,""y"":937.3,""t"":71,""outside"":false,""outsidePx"":0},{""x"":925.3,""y"":932,""t"":88,""outside"":false,""outsidePx"":0},{""x"":939.3,""y"":923.3,""t"":104,""outside"":false,""outsidePx"":0},{""x"":953.3,""y"":916,""t"":121,""outside"":false,""outsidePx"":0},{""x"":967.3,""y"":909.3,""t"":138,""outside"":false,""outsidePx"":0},{""x"":982.7,""y"":900.7,""t"":154,""outside"":false,""outsidePx"":0},{""x"":1002,""y"":890,""t"":171,""outside"":false,""outsidePx"":0},{""x"":1023.3,""y"":879.3,""t"":188,""outside"":false,""outsidePx"":0},{""x"":1044,""y"":868.7,""t"":204,""outside"":false,""outsidePx"":0},{""x"":1058,""y"":860,""t"":221,""outside"":false,""outsidePx"":0},{""x"":1068.7,""y"":853.3,""t"":238,""outside"":false,""outsidePx"":0},{""x"":1079.3,""y"":848,""t"":255,""outside"":false,""outsidePx"":0},{""x"":1088,""y"":840.7,""t"":271,""outside"":false,""outsidePx"":0},{""x"":1100,""y"":834,""t"":288,""outside"":false,""outsidePx"":0},{""x"":1108.7,""y"":826.7,""t"":305,""outside"":false,""outsidePx"":0},{""x"":1119.3,""y"":821.3,""t"":321,""outside"":false,""outsidePx"":0},{""x"":1126.7,""y"":816.7,""t"":338,""outside"":false,""outsidePx"":0},{""x"":1133.3,""y"":812.7,""t"":354,""outside"":false,""outsidePx"":0},{""x"":1142,""y"":807.3,""t"":371,""outside"":false,""outsidePx"":0},{""x"":1150.7,""y"":800.7,""t"":388,""outside"":false,""outsidePx"":0},{""x"":1163.3,""y"":792,""t"":404,""outside"":false,""outsidePx"":0},{""x"":1174,""y"":786.7,""t"":421,""outside"":false,""outsidePx"":0},{""x"":1180.7,""y"":783.3,""t"":438,""outside"":false,""outsidePx"":0},{""x"":1186,""y"":779.3,""t"":455,""outside"":false,""outsidePx"":0},{""x"":1189.3,""y"":776,""t"":471,""outside"":false,""outsidePx"":0},{""x"":1194.7,""y"":772.7,""t"":488,""outside"":false,""outsidePx"":0},{""x"":1202,""y"":767.3,""t"":504,""outside"":false,""outsidePx"":0},{""x"":1210.7,""y"":762,""t"":521,""outside"":false,""outsidePx"":0},{""x"":1219.3,""y"":755.3,""t"":538,""outside"":false,""outsidePx"":0},{""x"":1226,""y"":751.3,""t"":554,""outside"":false,""outsidePx"":0},{""x"":1234.7,""y"":744.7,""t"":571,""outside"":false,""outsidePx"":0},{""x"":1247.3,""y"":737.3,""t"":588,""outside"":false,""outsidePx"":0},{""x"":1261.3,""y"":730.7,""t"":604,""outside"":false,""outsidePx"":0},{""x"":1273.3,""y"":722,""t"":621,""outside"":false,""outsidePx"":0},{""x"":1284,""y"":716.7,""t"":638,""outside"":false,""outsidePx"":0},{""x"":1294.7,""y"":711.3,""t"":654,""outside"":false,""outsidePx"":0},{""x"":1306.7,""y"":702.7,""t"":671,""outside"":false,""outsidePx"":0},{""x"":1322.7,""y"":695.3,""t"":688,""outside"":false,""outsidePx"":0},{""x"":1340,""y"":686.7,""t"":705,""outside"":false,""outsidePx"":0},{""x"":1356,""y"":680,""t"":721,""outside"":false,""outsidePx"":0},{""x"":1368,""y"":674.7,""t"":738,""outside"":false,""outsidePx"":0},{""x"":1380,""y"":669.3,""t"":754,""outside"":false,""outsidePx"":0},{""x"":1392.7,""y"":662.7,""t"":771,""outside"":false,""outsidePx"":0},{""x"":1404.7,""y"":657.3,""t"":788,""outside"":false,""outsidePx"":0},{""x"":1418.7,""y"":648.7,""t"":805,""outside"":false,""outsidePx"":0},{""x"":1434.7,""y"":639.3,""t"":821,""outside"":false,""outsidePx"":0},{""x"":1450,""y"":632.7,""t"":838,""outside"":false,""outsidePx"":0},{""x"":1460.7,""y"":625.3,""t"":854,""outside"":false,""outsidePx"":0},{""x"":1472.7,""y"":620.7,""t"":871,""outside"":false,""outsidePx"":0},{""x"":1483.3,""y"":615.3,""t"":888,""outside"":false,""outsidePx"":0},{""x"":1499.3,""y"":606.7,""t"":904,""outside"":false,""outsidePx"":0},{""x"":1514.7,""y"":596,""t"":921,""outside"":false,""outsidePx"":0},{""x"":1532.7,""y"":585.3,""t"":938,""outside"":false,""outsidePx"":0},{""x"":1548,""y"":576.7,""t"":954,""outside"":false,""outsidePx"":0},{""x"":1560.7,""y"":569.3,""t"":971,""outside"":false,""outsidePx"":0},{""x"":1572.7,""y"":562.7,""t"":988,""outside"":false,""outsidePx"":0},{""x"":1583.3,""y"":555.3,""t"":1004,""outside"":false,""outsidePx"":0},{""x"":1594,""y"":548.7,""t"":1022,""outside"":false,""outsidePx"":0},{""x"":1606,""y"":540,""t"":1038,""outside"":false,""outsidePx"":0},{""x"":1620,""y"":531.3,""t"":1054,""outside"":false,""outsidePx"":0},{""x"":1628.7,""y"":526,""t"":1071,""outside"":false,""outsidePx"":0},{""x"":1636,""y"":520.7,""t"":1088,""outside"":false,""outsidePx"":0},{""x"":1640.7,""y"":517.3,""t"":1104,""outside"":false,""outsidePx"":0},{""x"":1648,""y"":512,""t"":1121,""outside"":false,""outsidePx"":0},{""x"":1656.7,""y"":504.7,""t"":1138,""outside"":false,""outsidePx"":0},{""x"":1662,""y"":501.3,""t"":1154,""outside"":false,""outsidePx"":0},{""x"":1664,""y"":499.3,""t"":1171,""outside"":false,""outsidePx"":0},{""x"":1665.3,""y"":499.3,""t"":1223,""outside"":false,""outsidePx"":0},{""x"":1667.3,""y"":499.3,""t"":1249,""outside"":false,""outsidePx"":0},{""x"":1667.3,""y"":498,""t"":1257,""outside"":false,""outsidePx"":0}]"
hayashi,main,practice,C3,距離大条件,W固定・A長い,35,675,19.286,3,41,101,101,103,2026-09-29T07:51:14.788Z,2026-09-29T07:51:15.464Z,676,216,,,false,false,pointerup_mid_path,1122,802,0.2365,true,3,66,0.3,false,"[{""startMs"":318,""startX"":1026.7,""startY"":846,""maxOutsidePx"":0,""endMs"":334,""endX"":1030,""endY"":844.7,""durationMs"":16},{""startMs"":351,""startX"":1035.3,""startY"":840.7,""maxOutsidePx"":0.3,""endMs"":368,""endX"":1038.7,""endY"":839.3,""durationMs"":17},{""startMs"":418,""startX"":1056.7,""startY"":828.7,""maxOutsidePx"":0.3,""endMs"":451,""endX"":1070.7,""endY"":821.3,""durationMs"":33}]","[{""x"":884,""y"":936.7,""t"":0,""outside"":false,""outsidePx"":0},{""x"":884.7,""y"":936.7,""t"":89,""outside"":false,""outsidePx"":0},{""x"":886.7,""y"":935.3,""t"":101,""outside"":false,""outsidePx"":0},{""x"":895.3,""y"":928.7,""t"":118,""outside"":false,""outsidePx"":0},{""x"":909.3,""y"":919.3,""t"":134,""outside"":false,""outsidePx"":0},{""x"":926.7,""y"":907.3,""t"":151,""outside"":false,""outsidePx"":0},{""x"":944.7,""y"":896.7,""t"":167,""outside"":false,""outsidePx"":0},{""x"":958.7,""y"":886.7,""t"":184,""outside"":false,""outsidePx"":0},{""x"":972.7,""y"":881.3,""t"":201,""outside"":false,""outsidePx"":0},{""x"":981.3,""y"":876,""t"":218,""outside"":false,""outsidePx"":0},{""x"":990,""y"":870.7,""t"":234,""outside"":false,""outsidePx"":0},{""x"":998.7,""y"":863.3,""t"":251,""outside"":false,""outsidePx"":0},{""x"":1009.3,""y"":856.7,""t"":268,""outside"":false,""outsidePx"":0},{""x"":1018,""y"":851.3,""t"":284,""outside"":false,""outsidePx"":0},{""x"":1023.3,""y"":849.3,""t"":301,""outside"":false,""outsidePx"":0},{""x"":1026.7,""y"":846,""t"":318,""outside"":true,""outsidePx"":0},{""x"":1030,""y"":844.7,""t"":334,""outside"":false,""outsidePx"":0},{""x"":1035.3,""y"":840.7,""t"":351,""outside"":true,""outsidePx"":0.3},{""x"":1038.7,""y"":839.3,""t"":368,""outside"":false,""outsidePx"":0},{""x"":1046,""y"":835.3,""t"":384,""outside"":false,""outsidePx"":0},{""x"":1052.7,""y"":832,""t"":401,""outside"":false,""outsidePx"":0},{""x"":1056.7,""y"":828.7,""t"":418,""outside"":true,""outsidePx"":0.1},{""x"":1062,""y"":825.3,""t"":434,""outside"":true,""outsidePx"":0.3},{""x"":1070.7,""y"":821.3,""t"":451,""outside"":false,""outsidePx"":0},{""x"":1079.3,""y"":818,""t"":468,""outside"":false,""outsidePx"":0},{""x"":1091.3,""y"":812.7,""t"":484,""outside"":false,""outsidePx"":0},{""x"":1102,""y"":807.3,""t"":501,""outside"":false,""outsidePx"":0},{""x"":1112.7,""y"":806,""t"":518,""outside"":false,""outsidePx"":0},{""x"":1118,""y"":802.7,""t"":534,""outside"":false,""outsidePx"":0},{""x"":1119.3,""y"":802.7,""t"":551,""outside"":false,""outsidePx"":0},{""x"":1121.3,""y"":800.7,""t"":568,""outside"":false,""outsidePx"":0},{""x"":1122.7,""y"":800.7,""t"":584,""outside"":false,""outsidePx"":0},{""x"":1122,""y"":802,""t"":666,""outside"":false,""outsidePx"":0}]"
hayashi,main,practice,C3,距離大条件,W固定・A長い,35,675,19.286,3,41,101,101,104,2026-09-29T07:51:15.910Z,2026-09-29T07:51:17.618Z,1708,185,1273,1088,true,true,none,1662,494.7,1,false,0,0,0,false,[],"[{""x"":884,""y"":950.7,""t"":0,""outside"":false,""outsidePx"":0},{""x"":884,""y"":949.3,""t"":17,""outside"":false,""outsidePx"":0},{""x"":884.7,""y"":949.3,""t"":29,""outside"":false,""outsidePx"":0},{""x"":888.7,""y"":946,""t"":45,""outside"":false,""outsidePx"":0},{""x"":894,""y"":942.7,""t"":62,""outside"":false,""outsidePx"":0},{""x"":904,""y"":937.3,""t"":79,""outside"":false,""outsidePx"":0},{""x"":918,""y"":928.7,""t"":95,""outside"":false,""outsidePx"":0},{""x"":937.3,""y"":921.3,""t"":112,""outside"":false,""outsidePx"":0},{""x"":956.7,""y"":912.7,""t"":129,""outside"":false,""outsidePx"":0},{""x"":968.7,""y"":905.3,""t"":145,""outside"":false,""outsidePx"":0},{""x"":981.3,""y"":900.7,""t"":162,""outside"":false,""outsidePx"":0},{""x"":990,""y"":896.7,""t"":179,""outside"":false,""outsidePx"":0},{""x"":995.3,""y"":895.3,""t"":195,""outside"":false,""outsidePx"":0},{""x"":1006,""y"":891.3,""t"":212,""outside"":false,""outsidePx"":0},{""x"":1018,""y"":886.7,""t"":229,""outside"":false,""outsidePx"":0},{""x"":1030,""y"":879.3,""t"":245,""outside"":false,""outsidePx"":0},{""x"":1042.7,""y"":874,""t"":262,""outside"":false,""outsidePx"":0},{""x"":1051.3,""y"":870.7,""t"":279,""outside"":false,""outsidePx"":0},{""x"":1060,""y"":865.3,""t"":295,""outside"":false,""outsidePx"":0},{""x"":1066.7,""y"":860,""t"":312,""outside"":false,""outsidePx"":0},{""x"":1074,""y"":856.7,""t"":329,""outside"":false,""outsidePx"":0},{""x"":1082.7,""y"":851.3,""t"":345,""outside"":false,""outsidePx"":0},{""x"":1091.3,""y"":846,""t"":362,""outside"":false,""outsidePx"":0},{""x"":1104,""y"":839.3,""t"":379,""outside"":false,""outsidePx"":0},{""x"":1114,""y"":832,""t"":395,""outside"":false,""outsidePx"":0},{""x"":1122.7,""y"":825.3,""t"":412,""outside"":false,""outsidePx"":0},{""x"":1130,""y"":821.3,""t"":429,""outside"":false,""outsidePx"":0},{""x"":1135.3,""y"":818,""t"":445,""outside"":false,""outsidePx"":0},{""x"":1140.7,""y"":816.7,""t"":462,""outside"":false,""outsidePx"":0},{""x"":1147.3,""y"":811.3,""t"":479,""outside"":false,""outsidePx"":0},{""x"":1156,""y"":804,""t"":495,""outside"":false,""outsidePx"":0},{""x"":1164.7,""y"":798.7,""t"":512,""outside"":false,""outsidePx"":0},{""x"":1175.3,""y"":792,""t"":529,""outside"":false,""outsidePx"":0},{""x"":1180.7,""y"":788.7,""t"":545,""outside"":false,""outsidePx"":0},{""x"":1186,""y"":784.7,""t"":562,""outside"":false,""outsidePx"":0},{""x"":1191.3,""y"":781.3,""t"":579,""outside"":false,""outsidePx"":0},{""x"":1198,""y"":776,""t"":596,""outside"":false,""outsidePx"":0},{""x"":1206.7,""y"":770.7,""t"":613,""outside"":false,""outsidePx"":0},{""x"":1219.3,""y"":764,""t"":629,""outside"":false,""outsidePx"":0},{""x"":1228,""y"":758.7,""t"":645,""outside"":false,""outsidePx"":0},{""x"":1238.7,""y"":751.3,""t"":662,""outside"":false,""outsidePx"":0},{""x"":1247.3,""y"":746.7,""t"":679,""outside"":false,""outsidePx"":0},{""x"":1254,""y"":742.7,""t"":695,""outside"":false,""outsidePx"":0},{""x"":1262.7,""y"":737.3,""t"":712,""outside"":false,""outsidePx"":0},{""x"":1273.3,""y"":732.7,""t"":729,""outside"":false,""outsidePx"":0},{""x"":1284,""y"":727.3,""t"":745,""outside"":false,""outsidePx"":0},{""x"":1292.7,""y"":722,""t"":762,""outside"":false,""outsidePx"":0},{""x"":1303.3,""y"":716.7,""t"":779,""outside"":false,""outsidePx"":0},{""x"":1315.3,""y"":711.3,""t"":795,""outside"":false,""outsidePx"":0},{""x"":1326,""y"":706,""t"":812,""outside"":false,""outsidePx"":0},{""x"":1338,""y"":699.3,""t"":829,""outside"":false,""outsidePx"":0},{""x"":1346.7,""y"":694,""t"":845,""outside"":false,""outsidePx"":0},{""x"":1354,""y"":690.7,""t"":862,""outside"":false,""outsidePx"":0},{""x"":1359.3,""y"":688.7,""t"":879,""outside"":false,""outsidePx"":0},{""x"":1364.7,""y"":685.3,""t"":895,""outside"":false,""outsidePx"":0},{""x"":1371.3,""y"":680,""t"":912,""outside"":false,""outsidePx"":0},{""x"":1380,""y"":676.7,""t"":929,""outside"":false,""outsidePx"":0},{""x"":1385.3,""y"":672.7,""t"":945,""outside"":false,""outsidePx"":0},{""x"":1390.7,""y"":669.3,""t"":962,""outside"":false,""outsidePx"":0},{""x"":1396,""y"":667.3,""t"":979,""outside"":false,""outsidePx"":0},{""x"":1401.3,""y"":664,""t"":995,""outside"":false,""outsidePx"":0},{""x"":1410,""y"":658.7,""t"":1012,""outside"":false,""outsidePx"":0},{""x"":1418.7,""y"":653.3,""t"":1029,""outside"":false,""outsidePx"":0},{""x"":1427.3,""y"":648.7,""t"":1045,""outside"":false,""outsidePx"":0},{""x"":1436,""y"":641.3,""t"":1062,""outside"":false,""outsidePx"":0},{""x"":1448.7,""y"":634.7,""t"":1079,""outside"":false,""outsidePx"":0},{""x"":1458.7,""y"":629.3,""t"":1095,""outside"":false,""outsidePx"":0},{""x"":1469.3,""y"":622,""t"":1112,""outside"":false,""outsidePx"":0},{""x"":1480,""y"":616.7,""t"":1128,""outside"":false,""outsidePx"":0},{""x"":1488.7,""y"":611.3,""t"":1145,""outside"":false,""outsidePx"":0},{""x"":1500.7,""y"":602.7,""t"":1162,""outside"":false,""outsidePx"":0},{""x"":1514.7,""y"":596,""t"":1179,""outside"":false,""outsidePx"":0},{""x"":1527.3,""y"":587.3,""t"":1195,""outside"":false,""outsidePx"":0},{""x"":1541.3,""y"":580,""t"":1212,""outside"":false,""outsidePx"":0},{""x"":1550,""y"":573.3,""t"":1229,""outside"":false,""outsidePx"":0},{""x"":1560.7,""y"":566,""t"":1245,""outside"":false,""outsidePx"":0},{""x"":1569.3,""y"":560.7,""t"":1262,""outside"":false,""outsidePx"":0},{""x"":1578,""y"":554,""t"":1278,""outside"":false,""outsidePx"":0},{""x"":1588.7,""y"":546.7,""t"":1295,""outside"":false,""outsidePx"":0},{""x"":1598.7,""y"":541.3,""t"":1312,""outside"":false,""outsidePx"":0},{""x"":1606,""y"":534.7,""t"":1328,""outside"":false,""outsidePx"":0},{""x"":1616.7,""y"":529.3,""t"":1345,""outside"":false,""outsidePx"":0},{""x"":1625.3,""y"":522.7,""t"":1362,""outside"":false,""outsidePx"":0},{""x"":1632,""y"":517.3,""t"":1378,""outside"":false,""outsidePx"":0},{""x"":1639.3,""y"":512,""t"":1395,""outside"":false,""outsidePx"":0},{""x"":1644.7,""y"":508.7,""t"":1412,""outside"":false,""outsidePx"":0},{""x"":1648,""y"":506.7,""t"":1428,""outside"":false,""outsidePx"":0},{""x"":1650,""y"":504.7,""t"":1445,""outside"":false,""outsidePx"":0},{""x"":1651.3,""y"":503.3,""t"":1462,""outside"":false,""outsidePx"":0},{""x"":1653.3,""y"":501.3,""t"":1479,""outside"":false,""outsidePx"":0},{""x"":1656.7,""y"":499.3,""t"":1496,""outside"":false,""outsidePx"":0},{""x"":1658.7,""y"":498,""t"":1512,""outside"":false,""outsidePx"":0},{""x"":1660,""y"":496,""t"":1529,""outside"":false,""outsidePx"":0},{""x"":1660,""y"":494.7,""t"":1655,""outside"":false,""outsidePx"":0},{""x"":1662,""y"":494.7,""t"":1663,""outside"":false,""outsidePx"":0}]"
hayashi,main,practice,C3,距離大条件,W固定・A長い,35,675,19.286,3,42,102,102,105,2026-09-29T07:51:18.337Z,2026-09-29T07:51:19.837Z,1500,224,1227,1003,true,true,none,1665.3,482,1,false,0,0,0,false,[],"[{""x"":884,""y"":936.7,""t"":0,""outside"":false,""outsidePx"":0},{""x"":884.7,""y"":936.7,""t"":73,""outside"":false,""outsidePx"":0},{""x"":888.7,""y"":936.7,""t"":84,""outside"":false,""outsidePx"":0},{""x"":898.7,""y"":932,""t"":101,""outside"":false,""outsidePx"":0},{""x"":914.7,""y"":926.7,""t"":117,""outside"":false,""outsidePx"":0},{""x"":932,""y"":919.3,""t"":134,""outside"":false,""outsidePx"":0},{""x"":946,""y"":912.7,""t"":151,""outside"":false,""outsidePx"":0},{""x"":958.7,""y"":909.3,""t"":168,""outside"":false,""outsidePx"":0},{""x"":965.3,""y"":905.3,""t"":184,""outside"":false,""outsidePx"":0},{""x"":972.7,""y"":900.7,""t"":202,""outside"":false,""outsidePx"":0},{""x"":982.7,""y"":895.3,""t"":218,""outside"":false,""outsidePx"":0},{""x"":998.7,""y"":886.7,""t"":234,""outside"":false,""outsidePx"":0},{""x"":1012.7,""y"":881.3,""t"":250,""outside"":false,""outsidePx"":0},{""x"":1026.7,""y"":876,""t"":267,""outside"":false,""outsidePx"":0},{""x"":1034,""y"":872.7,""t"":284,""outside"":false,""outsidePx"":0},{""x"":1035.3,""y"":870.7,""t"":301,""outside"":false,""outsidePx"":0},{""x"":1038.7,""y"":868.7,""t"":317,""outside"":false,""outsidePx"":0},{""x"":1042.7,""y"":865.3,""t"":334,""outside"":false,""outsidePx"":0},{""x"":1051.3,""y"":860,""t"":351,""outside"":false,""outsidePx"":0},{""x"":1063.3,""y"":851.3,""t"":367,""outside"":false,""outsidePx"":0},{""x"":1072,""y"":846,""t"":384,""outside"":false,""outsidePx"":0},{""x"":1080.7,""y"":840.7,""t"":400,""outside"":false,""outsidePx"":0},{""x"":1088,""y"":835.3,""t"":417,""outside"":false,""outsidePx"":0},{""x"":1091.3,""y"":834,""t"":434,""outside"":false,""outsidePx"":0},{""x"":1096.7,""y"":830.7,""t"":451,""outside"":false,""outsidePx"":0},{""x"":1105.3,""y"":825.3,""t"":468,""outside"":false,""outsidePx"":0},{""x"":1114,""y"":820,""t"":484,""outside"":false,""outsidePx"":0},{""x"":1122.7,""y"":814.7,""t"":501,""outside"":false,""outsidePx"":0},{""x"":1130,""y"":811.3,""t"":517,""outside"":false,""outsidePx"":0},{""x"":1135.3,""y"":807.3,""t"":534,""outside"":false,""outsidePx"":0},{""x"":1144,""y"":802.7,""t"":551,""outside"":false,""outsidePx"":0},{""x"":1154.7,""y"":797.3,""t"":567,""outside"":false,""outsidePx"":0},{""x"":1166.7,""y"":790,""t"":584,""outside"":false,""outsidePx"":0},{""x"":1177.3,""y"":784.7,""t"":601,""outside"":false,""outsidePx"":0},{""x"":1188,""y"":779.3,""t"":617,""outside"":false,""outsidePx"":0},{""x"":1198,""y"":774.7,""t"":634,""outside"":false,""outsidePx"":0},{""x"":1206.7,""y"":769.3,""t"":650,""outside"":false,""outsidePx"":0},{""x"":1217.3,""y"":764,""t"":667,""outside"":false,""outsidePx"":0},{""x"":1230,""y"":756.7,""t"":684,""outside"":false,""outsidePx"":0},{""x"":1242,""y"":750,""t"":700,""outside"":false,""outsidePx"":0},{""x"":1256,""y"":744.7,""t"":717,""outside"":false,""outsidePx"":0},{""x"":1266.7,""y"":737.3,""t"":734,""outside"":false,""outsidePx"":0},{""x"":1276.7,""y"":732.7,""t"":751,""outside"":false,""outsidePx"":0},{""x"":1286,""y"":727.3,""t"":767,""outside"":false,""outsidePx"":0},{""x"":1292.7,""y"":723.3,""t"":784,""outside"":false,""outsidePx"":0},{""x"":1301.3,""y"":718.7,""t"":801,""outside"":false,""outsidePx"":0},{""x"":1314,""y"":711.3,""t"":817,""outside"":false,""outsidePx"":0},{""x"":1324,""y"":704.7,""t"":834,""outside"":false,""outsidePx"":0},{""x"":1334.7,""y"":699.3,""t"":851,""outside"":false,""outsidePx"":0},{""x"":1343.3,""y"":694,""t"":867,""outside"":false,""outsidePx"":0},{""x"":1352,""y"":688.7,""t"":884,""outside"":false,""outsidePx"":0},{""x"":1362.7,""y"":681.3,""t"":901,""outside"":false,""outsidePx"":0},{""x"":1374.7,""y"":674.7,""t"":917,""outside"":false,""outsidePx"":0},{""x"":1385.3,""y"":667.3,""t"":934,""outside"":false,""outsidePx"":0},{""x"":1394,""y"":660.7,""t"":950,""outside"":false,""outsidePx"":0},{""x"":1404.7,""y"":653.3,""t"":967,""outside"":false,""outsidePx"":0},{""x"":1415.3,""y"":646.7,""t"":984,""outside"":false,""outsidePx"":0},{""x"":1427.3,""y"":638,""t"":1001,""outside"":false,""outsidePx"":0},{""x"":1438,""y"":630.7,""t"":1017,""outside"":false,""outsidePx"":0},{""x"":1448.7,""y"":624,""t"":1034,""outside"":false,""outsidePx"":0},{""x"":1457.3,""y"":616.7,""t"":1051,""outside"":false,""outsidePx"":0},{""x"":1462.7,""y"":613.3,""t"":1067,""outside"":false,""outsidePx"":0},{""x"":1468,""y"":610,""t"":1084,""outside"":false,""outsidePx"":0},{""x"":1476.7,""y"":602.7,""t"":1100,""outside"":false,""outsidePx"":0},{""x"":1486.7,""y"":597.3,""t"":1117,""outside"":false,""outsidePx"":0},{""x"":1497.3,""y"":588.7,""t"":1134,""outside"":false,""outsidePx"":0},{""x"":1510,""y"":582,""t"":1150,""outside"":false,""outsidePx"":0},{""x"":1520,""y"":574.7,""t"":1167,""outside"":false,""outsidePx"":0},{""x"":1530.7,""y"":569.3,""t"":1184,""outside"":false,""outsidePx"":0},{""x"":1542.7,""y"":560.7,""t"":1201,""outside"":false,""outsidePx"":0},{""x"":1556.7,""y"":550.7,""t"":1217,""outside"":false,""outsidePx"":0},{""x"":1574.7,""y"":538,""t"":1234,""outside"":false,""outsidePx"":0},{""x"":1595.3,""y"":526,""t"":1250,""outside"":false,""outsidePx"":0},{""x"":1612.7,""y"":517.3,""t"":1267,""outside"":false,""outsidePx"":0},{""x"":1625.3,""y"":510,""t"":1284,""outside"":false,""outsidePx"":0},{""x"":1630.7,""y"":506.7,""t"":1300,""outside"":false,""outsidePx"":0},{""x"":1636,""y"":501.3,""t"":1317,""outside"":false,""outsidePx"":0},{""x"":1642.7,""y"":496,""t"":1334,""outside"":false,""outsidePx"":0},{""x"":1651.3,""y"":490.7,""t"":1350,""outside"":false,""outsidePx"":0},{""x"":1658.7,""y"":485.3,""t"":1367,""outside"":false,""outsidePx"":0},{""x"":1664,""y"":484,""t"":1384,""outside"":false,""outsidePx"":0},{""x"":1665.3,""y"":482,""t"":1401,""outside"":false,""outsidePx"":0}]"
hayashi,main,practice,C3,距離大条件,W固定・A長い,35,675,19.286,3,43,103,103,106,2026-09-29T07:51:20.539Z,2026-09-29T07:51:22.001Z,1462,234,1164,930,true,true,none,1684.7,489.3,1,false,0,0,0,false,[],"[{""x"":882,""y"":961.3,""t"":0,""outside"":false,""outsidePx"":0},{""x"":882,""y"":960,""t"":15,""outside"":false,""outsidePx"":0},{""x"":883.3,""y"":956.7,""t"":32,""outside"":false,""outsidePx"":0},{""x"":886.7,""y"":952.7,""t"":48,""outside"":false,""outsidePx"":0},{""x"":890,""y"":951.3,""t"":65,""outside"":false,""outsidePx"":0},{""x"":894,""y"":947.3,""t"":82,""outside"":false,""outsidePx"":0},{""x"":898.7,""y"":944,""t"":98,""outside"":false,""outsidePx"":0},{""x"":909.3,""y"":938.7,""t"":115,""outside"":false,""outsidePx"":0},{""x"":922,""y"":932,""t"":132,""outside"":false,""outsidePx"":0},{""x"":932,""y"":926.7,""t"":148,""outside"":false,""outsidePx"":0},{""x"":942.7,""y"":919.3,""t"":165,""outside"":false,""outsidePx"":0},{""x"":951.3,""y"":912.7,""t"":182,""outside"":false,""outsidePx"":0},{""x"":962,""y"":905.3,""t"":198,""outside"":false,""outsidePx"":0},{""x"":974,""y"":896.7,""t"":215,""outside"":false,""outsidePx"":0},{""x"":984.7,""y"":888,""t"":232,""outside"":false,""outsidePx"":0},{""x"":996.7,""y"":881.3,""t"":249,""outside"":false,""outsidePx"":0},{""x"":1007.3,""y"":874,""t"":265,""outside"":false,""outsidePx"":0},{""x"":1016,""y"":867.3,""t"":282,""outside"":false,""outsidePx"":0},{""x"":1026.7,""y"":860,""t"":298,""outside"":false,""outsidePx"":0},{""x"":1035.3,""y"":853.3,""t"":315,""outside"":false,""outsidePx"":0},{""x"":1046,""y"":846,""t"":332,""outside"":false,""outsidePx"":0},{""x"":1056.7,""y"":839.3,""t"":348,""outside"":false,""outsidePx"":0},{""x"":1065.3,""y"":834,""t"":365,""outside"":false,""outsidePx"":0},{""x"":1068.7,""y"":832,""t"":382,""outside"":false,""outsidePx"":0},{""x"":1070.7,""y"":828.7,""t"":398,""outside"":false,""outsidePx"":0},{""x"":1076,""y"":826.7,""t"":415,""outside"":false,""outsidePx"":0},{""x"":1080.7,""y"":821.3,""t"":432,""outside"":false,""outsidePx"":0},{""x"":1091.3,""y"":816.7,""t"":448,""outside"":false,""outsidePx"":0},{""x"":1102,""y"":809.3,""t"":465,""outside"":false,""outsidePx"":0},{""x"":1108.7,""y"":806,""t"":481,""outside"":false,""outsidePx"":0},{""x"":1114,""y"":802.7,""t"":498,""outside"":false,""outsidePx"":0},{""x"":1118,""y"":800.7,""t"":515,""outside"":false,""outsidePx"":0},{""x"":1121.3,""y"":797.3,""t"":532,""outside"":false,""outsidePx"":0},{""x"":1128,""y"":793.3,""t"":548,""outside"":false,""outsidePx"":0},{""x"":1136.7,""y"":788.7,""t"":565,""outside"":false,""outsidePx"":0},{""x"":1147.3,""y"":783.3,""t"":582,""outside"":false,""outsidePx"":0},{""x"":1156,""y"":779.3,""t"":598,""outside"":false,""outsidePx"":0},{""x"":1161.3,""y"":776,""t"":615,""outside"":false,""outsidePx"":0},{""x"":1168.7,""y"":772.7,""t"":632,""outside"":false,""outsidePx"":0},{""x"":1177.3,""y"":769.3,""t"":648,""outside"":false,""outsidePx"":0},{""x"":1182.7,""y"":765.3,""t"":665,""outside"":false,""outsidePx"":0},{""x"":1191.3,""y"":762,""t"":682,""outside"":false,""outsidePx"":0},{""x"":1203.3,""y"":755.3,""t"":698,""outside"":false,""outsidePx"":0},{""x"":1216,""y"":750,""t"":715,""outside"":false,""outsidePx"":0},{""x"":1230,""y"":744.7,""t"":732,""outside"":false,""outsidePx"":0},{""x"":1244,""y"":737.3,""t"":748,""outside"":false,""outsidePx"":0},{""x"":1258,""y"":732.7,""t"":765,""outside"":false,""outsidePx"":0},{""x"":1266.7,""y"":727.3,""t"":782,""outside"":false,""outsidePx"":0},{""x"":1272,""y"":725.3,""t"":798,""outside"":false,""outsidePx"":0},{""x"":1278.7,""y"":720,""t"":815,""outside"":false,""outsidePx"":0},{""x"":1289.3,""y"":713.3,""t"":832,""outside"":false,""outsidePx"":0},{""x"":1301.3,""y"":706,""t"":848,""outside"":false,""outsidePx"":0},{""x"":1315.3,""y"":697.3,""t"":865,""outside"":false,""outsidePx"":0},{""x"":1329.3,""y"":688.7,""t"":882,""outside"":false,""outsidePx"":0},{""x"":1343.3,""y"":681.3,""t"":898,""outside"":false,""outsidePx"":0},{""x"":1357.3,""y"":674.7,""t"":915,""outside"":false,""outsidePx"":0},{""x"":1371.3,""y"":666,""t"":932,""outside"":false,""outsidePx"":0},{""x"":1385.3,""y"":658.7,""t"":948,""outside"":false,""outsidePx"":0},{""x"":1402.7,""y"":650,""t"":965,""outside"":false,""outsidePx"":0},{""x"":1416.7,""y"":643.3,""t"":982,""outside"":false,""outsidePx"":0},{""x"":1429.3,""y"":636,""t"":998,""outside"":false,""outsidePx"":0},{""x"":1440,""y"":629.3,""t"":1015,""outside"":false,""outsidePx"":0},{""x"":1454,""y"":620.7,""t"":1032,""outside"":false,""outsidePx"":0},{""x"":1469.3,""y"":611.3,""t"":1048,""outside"":false,""outsidePx"":0},{""x"":1486.7,""y"":602.7,""t"":1065,""outside"":false,""outsidePx"":0},{""x"":1502.7,""y"":596,""t"":1081,""outside"":false,""outsidePx"":0},{""x"":1516.7,""y"":590.7,""t"":1098,""outside"":false,""outsidePx"":0},{""x"":1530.7,""y"":582,""t"":1115,""outside"":false,""outsidePx"":0},{""x"":1544.7,""y"":573.3,""t"":1132,""outside"":false,""outsidePx"":0},{""x"":1558.7,""y"":564.7,""t"":1148,""outside"":false,""outsidePx"":0},{""x"":1574.7,""y"":554,""t"":1165,""outside"":false,""outsidePx"":0},{""x"":1592,""y"":543.3,""t"":1181,""outside"":false,""outsidePx"":0},{""x"":1614.7,""y"":529.3,""t"":1198,""outside"":false,""outsidePx"":0},{""x"":1637.3,""y"":517.3,""t"":1215,""outside"":false,""outsidePx"":0},{""x"":1653.3,""y"":508.7,""t"":1231,""outside"":false,""outsidePx"":0},{""x"":1665.3,""y"":501.3,""t"":1248,""outside"":false,""outsidePx"":0},{""x"":1670.7,""y"":498,""t"":1265,""outside"":false,""outsidePx"":0},{""x"":1674,""y"":496,""t"":1282,""outside"":false,""outsidePx"":0},{""x"":1676,""y"":494.7,""t"":1298,""outside"":false,""outsidePx"":0},{""x"":1678,""y"":494.7,""t"":1315,""outside"":false,""outsidePx"":0},{""x"":1681.3,""y"":490.7,""t"":1332,""outside"":false,""outsidePx"":0},{""x"":1684.7,""y"":489.3,""t"":1348,""outside"":false,""outsidePx"":0}]"
hayashi,main,practice,C3,距離大条件,W固定・A長い,35,675,19.286,3,44,104,104,107,2026-09-29T07:51:23.276Z,2026-09-29T07:51:24.548Z,1273,222,1027,805,true,true,none,1662,503.3,1,false,0,0,0,false,[],"[{""x"":892,""y"":932.7,""t"":0,""outside"":false,""outsidePx"":0},{""x"":894,""y"":932.7,""t"":11,""outside"":false,""outsidePx"":0},{""x"":895.3,""y"":932.7,""t"":30,""outside"":false,""outsidePx"":0},{""x"":897.3,""y"":932.7,""t"":52,""outside"":false,""outsidePx"":0},{""x"":898.7,""y"":932,""t"":62,""outside"":false,""outsidePx"":0},{""x"":900.7,""y"":932,""t"":78,""outside"":false,""outsidePx"":0},{""x"":908,""y"":928.7,""t"":95,""outside"":false,""outsidePx"":0},{""x"":920,""y"":924.7,""t"":111,""outside"":false,""outsidePx"":0},{""x"":930.7,""y"":919.3,""t"":128,""outside"":false,""outsidePx"":0},{""x"":942.7,""y"":912.7,""t"":145,""outside"":false,""outsidePx"":0},{""x"":953.3,""y"":907.3,""t"":162,""outside"":false,""outsidePx"":0},{""x"":962,""y"":904,""t"":178,""outside"":false,""outsidePx"":0},{""x"":972.7,""y"":898.7,""t"":195,""outside"":false,""outsidePx"":0},{""x"":982.7,""y"":893.3,""t"":212,""outside"":false,""outsidePx"":0},{""x"":993.3,""y"":890,""t"":228,""outside"":false,""outsidePx"":0},{""x"":1004,""y"":882.7,""t"":245,""outside"":false,""outsidePx"":0},{""x"":1014.7,""y"":877.3,""t"":262,""outside"":false,""outsidePx"":0},{""x"":1023.3,""y"":872.7,""t"":278,""outside"":false,""outsidePx"":0},{""x"":1032,""y"":867.3,""t"":295,""outside"":false,""outsidePx"":0},{""x"":1044,""y"":860,""t"":311,""outside"":false,""outsidePx"":0},{""x"":1056.7,""y"":853.3,""t"":328,""outside"":false,""outsidePx"":0},{""x"":1068.7,""y"":846,""t"":345,""outside"":false,""outsidePx"":0},{""x"":1079.3,""y"":839.3,""t"":362,""outside"":false,""outsidePx"":0},{""x"":1091.3,""y"":832,""t"":378,""outside"":false,""outsidePx"":0},{""x"":1104,""y"":825.3,""t"":395,""outside"":false,""outsidePx"":0},{""x"":1114,""y"":820,""t"":412,""outside"":false,""outsidePx"":0},{""x"":1126.7,""y"":812.7,""t"":428,""outside"":false,""outsidePx"":0},{""x"":1138.7,""y"":804,""t"":445,""outside"":false,""outsidePx"":0},{""x"":1149.3,""y"":795.3,""t"":461,""outside"":false,""outsidePx"":0},{""x"":1158,""y"":790,""t"":478,""outside"":false,""outsidePx"":0},{""x"":1166.7,""y"":786.7,""t"":495,""outside"":false,""outsidePx"":0},{""x"":1175.3,""y"":781.3,""t"":511,""outside"":false,""outsidePx"":0},{""x"":1184,""y"":776,""t"":528,""outside"":false,""outsidePx"":0},{""x"":1196.7,""y"":770.7,""t"":545,""outside"":false,""outsidePx"":0},{""x"":1206.7,""y"":764,""t"":561,""outside"":false,""outsidePx"":0},{""x"":1220.7,""y"":756.7,""t"":578,""outside"":false,""outsidePx"":0},{""x"":1234.7,""y"":750,""t"":595,""outside"":false,""outsidePx"":0},{""x"":1247.3,""y"":741.3,""t"":611,""outside"":false,""outsidePx"":0},{""x"":1262.7,""y"":734,""t"":628,""outside"":false,""outsidePx"":0},{""x"":1275.3,""y"":728.7,""t"":645,""outside"":false,""outsidePx"":0},{""x"":1287.3,""y"":722,""t"":661,""outside"":false,""outsidePx"":0},{""x"":1303.3,""y"":713.3,""t"":678,""outside"":false,""outsidePx"":0},{""x"":1318.7,""y"":706,""t"":695,""outside"":false,""outsidePx"":0},{""x"":1334.7,""y"":697.3,""t"":711,""outside"":false,""outsidePx"":0},{""x"":1348.7,""y"":690.7,""t"":728,""outside"":false,""outsidePx"":0},{""x"":1357.3,""y"":686.7,""t"":745,""outside"":false,""outsidePx"":0},{""x"":1366,""y"":681.3,""t"":762,""outside"":false,""outsidePx"":0},{""x"":1376.7,""y"":676.7,""t"":778,""outside"":false,""outsidePx"":0},{""x"":1388.7,""y"":671.3,""t"":795,""outside"":false,""outsidePx"":0},{""x"":1402.7,""y"":662.7,""t"":811,""outside"":false,""outsidePx"":0},{""x"":1415.3,""y"":655.3,""t"":828,""outside"":false,""outsidePx"":0},{""x"":1426,""y"":650,""t"":845,""outside"":false,""outsidePx"":0},{""x"":1436,""y"":643.3,""t"":862,""outside"":false,""outsidePx"":0},{""x"":1446.7,""y"":636,""t"":878,""outside"":false,""outsidePx"":0},{""x"":1458.7,""y"":629.3,""t"":895,""outside"":false,""outsidePx"":0},{""x"":1474.7,""y"":620.7,""t"":911,""outside"":false,""outsidePx"":0},{""x"":1492,""y"":610,""t"":928,""outside"":false,""outsidePx"":0},{""x"":1511.3,""y"":599.3,""t"":945,""outside"":false,""outsidePx"":0},{""x"":1524,""y"":590.7,""t"":961,""outside"":false,""outsidePx"":0},{""x"":1538,""y"":582,""t"":978,""outside"":false,""outsidePx"":0},{""x"":1552,""y"":573.3,""t"":995,""outside"":false,""outsidePx"":0},{""x"":1566,""y"":566,""t"":1011,""outside"":false,""outsidePx"":0},{""x"":1578,""y"":559.3,""t"":1028,""outside"":false,""outsidePx"":0},{""x"":1584.7,""y"":554,""t"":1045,""outside"":false,""outsidePx"":0},{""x"":1592,""y"":548.7,""t"":1061,""outside"":false,""outsidePx"":0},{""x"":1597.3,""y"":543.3,""t"":1078,""outside"":false,""outsidePx"":0},{""x"":1606,""y"":536.7,""t"":1095,""outside"":false,""outsidePx"":0},{""x"":1618,""y"":529.3,""t"":1111,""outside"":false,""outsidePx"":0},{""x"":1634,""y"":518.7,""t"":1128,""outside"":false,""outsidePx"":0},{""x"":1653.3,""y"":508.7,""t"":1145,""outside"":false,""outsidePx"":0},{""x"":1660,""y"":504.7,""t"":1161,""outside"":false,""outsidePx"":0},{""x"":1662,""y"":503.3,""t"":1178,""outside"":false,""outsidePx"":0}]"
hayashi,main,practice,C3,距離大条件,W固定・A長い,35,675,19.286,3,45,105,105,108,2026-09-29T07:51:25.275Z,2026-09-29T07:51:26.546Z,1271,226,933,707,true,true,none,1672.7,490.7,1,false,0,0,0,false,[],"[{""x"":890.7,""y"":932.7,""t"":0,""outside"":false,""outsidePx"":0},{""x"":889.3,""y"":932.7,""t"":29,""outside"":false,""outsidePx"":0},{""x"":890,""y"":932.7,""t"":86,""outside"":false,""outsidePx"":0},{""x"":892,""y"":932,""t"":97,""outside"":false,""outsidePx"":0},{""x"":895.3,""y"":930,""t"":112,""outside"":false,""outsidePx"":0},{""x"":904,""y"":926.7,""t"":129,""outside"":false,""outsidePx"":0},{""x"":912.7,""y"":921.3,""t"":145,""outside"":false,""outsidePx"":0},{""x"":925.3,""y"":916,""t"":162,""outside"":false,""outsidePx"":0},{""x"":942.7,""y"":907.3,""t"":178,""outside"":false,""outsidePx"":0},{""x"":958.7,""y"":898.7,""t"":195,""outside"":false,""outsidePx"":0},{""x"":972.7,""y"":890,""t"":212,""outside"":false,""outsidePx"":0},{""x"":986.7,""y"":881.3,""t"":228,""outside"":false,""outsidePx"":0},{""x"":1000.7,""y"":874,""t"":245,""outside"":false,""outsidePx"":0},{""x"":1010.7,""y"":868.7,""t"":262,""outside"":false,""outsidePx"":0},{""x"":1021.3,""y"":863.3,""t"":279,""outside"":false,""outsidePx"":0},{""x"":1032,""y"":858.7,""t"":295,""outside"":false,""outsidePx"":0},{""x"":1044,""y"":851.3,""t"":312,""outside"":false,""outsidePx"":0},{""x"":1056.7,""y"":844.7,""t"":328,""outside"":false,""outsidePx"":0},{""x"":1066.7,""y"":837.3,""t"":345,""outside"":false,""outsidePx"":0},{""x"":1080.7,""y"":828.7,""t"":362,""outside"":false,""outsidePx"":0},{""x"":1098.7,""y"":818,""t"":379,""outside"":false,""outsidePx"":0},{""x"":1116,""y"":807.3,""t"":395,""outside"":false,""outsidePx"":0},{""x"":1130,""y"":798.7,""t"":412,""outside"":false,""outsidePx"":0},{""x"":1138.7,""y"":793.3,""t"":429,""outside"":false,""outsidePx"":0},{""x"":1144,""y"":788.7,""t"":445,""outside"":false,""outsidePx"":0},{""x"":1150.7,""y"":784.7,""t"":462,""outside"":false,""outsidePx"":0},{""x"":1161.3,""y"":778,""t"":478,""outside"":false,""outsidePx"":0},{""x"":1177.3,""y"":770.7,""t"":495,""outside"":false,""outsidePx"":0},{""x"":1191.3,""y"":764,""t"":512,""outside"":false,""outsidePx"":0},{""x"":1205.3,""y"":758.7,""t"":528,""outside"":false,""outsidePx"":0},{""x"":1212,""y"":753.3,""t"":545,""outside"":false,""outsidePx"":0},{""x"":1219.3,""y"":750,""t"":562,""outside"":false,""outsidePx"":0},{""x"":1224.7,""y"":746.7,""t"":579,""outside"":false,""outsidePx"":0},{""x"":1233.3,""y"":741.3,""t"":595,""outside"":false,""outsidePx"":0},{""x"":1247.3,""y"":734,""t"":612,""outside"":false,""outsidePx"":0},{""x"":1264.7,""y"":725.3,""t"":628,""outside"":false,""outsidePx"":0},{""x"":1284,""y"":714.7,""t"":645,""outside"":false,""outsidePx"":0},{""x"":1303.3,""y"":704.7,""t"":662,""outside"":false,""outsidePx"":0},{""x"":1317.3,""y"":695.3,""t"":679,""outside"":false,""outsidePx"":0},{""x"":1334.7,""y"":685.3,""t"":695,""outside"":false,""outsidePx"":0},{""x"":1352,""y"":674.7,""t"":712,""outside"":false,""outsidePx"":0},{""x"":1370,""y"":662.7,""t"":728,""outside"":false,""outsidePx"":0},{""x"":1388.7,""y"":652,""t"":745,""outside"":false,""outsidePx"":0},{""x"":1402.7,""y"":643.3,""t"":762,""outside"":false,""outsidePx"":0},{""x"":1420.7,""y"":632.7,""t"":778,""outside"":false,""outsidePx"":0},{""x"":1434.7,""y"":624,""t"":795,""outside"":false,""outsidePx"":0},{""x"":1446.7,""y"":616.7,""t"":812,""outside"":false,""outsidePx"":0},{""x"":1460.7,""y"":608,""t"":828,""outside"":false,""outsidePx"":0},{""x"":1474.7,""y"":599.3,""t"":845,""outside"":false,""outsidePx"":0},{""x"":1488.7,""y"":592.7,""t"":862,""outside"":false,""outsidePx"":0},{""x"":1506,""y"":582,""t"":878,""outside"":false,""outsidePx"":0},{""x"":1528.7,""y"":569.3,""t"":895,""outside"":false,""outsidePx"":0},{""x"":1548,""y"":560.7,""t"":912,""outside"":false,""outsidePx"":0},{""x"":1567.3,""y"":552,""t"":928,""outside"":false,""outsidePx"":0},{""x"":1583.3,""y"":543.3,""t"":945,""outside"":false,""outsidePx"":0},{""x"":1597.3,""y"":536.7,""t"":962,""outside"":false,""outsidePx"":0},{""x"":1609.3,""y"":527.3,""t"":978,""outside"":false,""outsidePx"":0},{""x"":1622,""y"":520.7,""t"":995,""outside"":false,""outsidePx"":0},{""x"":1634,""y"":513.3,""t"":1012,""outside"":false,""outsidePx"":0},{""x"":1648,""y"":506.7,""t"":1028,""outside"":false,""outsidePx"":0},{""x"":1656.7,""y"":501.3,""t"":1045,""outside"":false,""outsidePx"":0},{""x"":1662,""y"":498,""t"":1062,""outside"":false,""outsidePx"":0},{""x"":1665.3,""y"":496,""t"":1079,""outside"":false,""outsidePx"":0},{""x"":1668.7,""y"":494.7,""t"":1095,""outside"":false,""outsidePx"":0},{""x"":1672.7,""y"":492.7,""t"":1112,""outside"":false,""outsidePx"":0},{""x"":1672.7,""y"":490.7,""t"":1128,""outside"":false,""outsidePx"":0}]"
hayashi,main,practice,C3,距離大条件,W固定・A長い,35,675,19.286,3,46,106,106,109,2026-09-29T07:51:27.162Z,2026-09-29T07:51:28.343Z,1181,288,839,551,true,true,deviation,1674,475.3,1,true,1,116,3.6,false,"[{""startMs"":842,""startX"":1566,""startY"":534.7,""maxOutsidePx"":3.6,""endMs"":958,""endX"":1664,""endY"":482,""durationMs"":116}]","[{""x"":904.7,""y"":945.3,""t"":0,""outside"":false,""outsidePx"":0},{""x"":903.3,""y"":946.7,""t"":8,""outside"":false,""outsidePx"":0},{""x"":901.3,""y"":946.7,""t"":59,""outside"":false,""outsidePx"":0},{""x"":898,""y"":948.7,""t"":75,""outside"":false,""outsidePx"":0},{""x"":896,""y"":948.7,""t"":92,""outside"":false,""outsidePx"":0},{""x"":896,""y"":947.3,""t"":142,""outside"":false,""outsidePx"":0},{""x"":898.7,""y"":944,""t"":159,""outside"":false,""outsidePx"":0},{""x"":902.7,""y"":940.7,""t"":175,""outside"":false,""outsidePx"":0},{""x"":906,""y"":937.3,""t"":192,""outside"":false,""outsidePx"":0},{""x"":911.3,""y"":933.3,""t"":209,""outside"":false,""outsidePx"":0},{""x"":922,""y"":926.7,""t"":225,""outside"":false,""outsidePx"":0},{""x"":936,""y"":918,""t"":242,""outside"":false,""outsidePx"":0},{""x"":951.3,""y"":909.3,""t"":258,""outside"":false,""outsidePx"":0},{""x"":972.7,""y"":898.7,""t"":275,""outside"":false,""outsidePx"":0},{""x"":993.3,""y"":888,""t"":292,""outside"":false,""outsidePx"":0},{""x"":1012.7,""y"":877.3,""t"":308,""outside"":false,""outsidePx"":0},{""x"":1034,""y"":868.7,""t"":325,""outside"":false,""outsidePx"":0},{""x"":1049.3,""y"":860,""t"":342,""outside"":false,""outsidePx"":0},{""x"":1068.7,""y"":849.3,""t"":359,""outside"":false,""outsidePx"":0},{""x"":1090,""y"":837.3,""t"":375,""outside"":false,""outsidePx"":0},{""x"":1110.7,""y"":825.3,""t"":392,""outside"":false,""outsidePx"":0},{""x"":1138.7,""y"":809.3,""t"":408,""outside"":false,""outsidePx"":0},{""x"":1164.7,""y"":793.3,""t"":425,""outside"":false,""outsidePx"":0},{""x"":1188,""y"":783.3,""t"":442,""outside"":false,""outsidePx"":0},{""x"":1205.3,""y"":772.7,""t"":458,""outside"":false,""outsidePx"":0},{""x"":1224.7,""y"":760.7,""t"":475,""outside"":false,""outsidePx"":0},{""x"":1240,""y"":750,""t"":492,""outside"":false,""outsidePx"":0},{""x"":1258,""y"":737.3,""t"":508,""outside"":false,""outsidePx"":0},{""x"":1278.7,""y"":725.3,""t"":525,""outside"":false,""outsidePx"":0},{""x"":1300,""y"":713.3,""t"":542,""outside"":false,""outsidePx"":0},{""x"":1320.7,""y"":702.7,""t"":558,""outside"":false,""outsidePx"":0},{""x"":1336.7,""y"":692,""t"":575,""outside"":false,""outsidePx"":0},{""x"":1350.7,""y"":683.3,""t"":592,""outside"":false,""outsidePx"":0},{""x"":1360.7,""y"":676.7,""t"":608,""outside"":false,""outsidePx"":0},{""x"":1371.3,""y"":666,""t"":625,""outside"":false,""outsidePx"":0},{""x"":1387.3,""y"":653.3,""t"":642,""outside"":false,""outsidePx"":0},{""x"":1404.7,""y"":641.3,""t"":658,""outside"":false,""outsidePx"":0},{""x"":1422,""y"":630.7,""t"":675,""outside"":false,""outsidePx"":0},{""x"":1440,""y"":620.7,""t"":692,""outside"":false,""outsidePx"":0},{""x"":1452,""y"":611.3,""t"":708,""outside"":false,""outsidePx"":0},{""x"":1458.7,""y"":606.7,""t"":725,""outside"":false,""outsidePx"":0},{""x"":1466,""y"":601.3,""t"":742,""outside"":false,""outsidePx"":0},{""x"":1476.7,""y"":592.7,""t"":758,""outside"":false,""outsidePx"":0},{""x"":1492,""y"":583.3,""t"":775,""outside"":false,""outsidePx"":0},{""x"":1510,""y"":571.3,""t"":791,""outside"":false,""outsidePx"":0},{""x"":1525.3,""y"":560.7,""t"":808,""outside"":false,""outsidePx"":0},{""x"":1548,""y"":546.7,""t"":825,""outside"":false,""outsidePx"":0},{""x"":1566,""y"":534.7,""t"":842,""outside"":true,""outsidePx"":0},{""x"":1580,""y"":526,""t"":858,""outside"":true,""outsidePx"":0.5},{""x"":1594,""y"":515.3,""t"":875,""outside"":true,""outsidePx"":2.7},{""x"":1608,""y"":506.7,""t"":892,""outside"":true,""outsidePx"":3.3},{""x"":1620,""y"":499.3,""t"":908,""outside"":true,""outsidePx"":3.6},{""x"":1636,""y"":492.7,""t"":925,""outside"":true,""outsidePx"":1.4},{""x"":1651.3,""y"":485.3,""t"":942,""outside"":true,""outsidePx"":0.1},{""x"":1664,""y"":482,""t"":958,""outside"":false,""outsidePx"":0},{""x"":1668.7,""y"":478.7,""t"":975,""outside"":false,""outsidePx"":0},{""x"":1670.7,""y"":478.7,""t"":1025,""outside"":false,""outsidePx"":0},{""x"":1672.7,""y"":476.7,""t"":1042,""outside"":false,""outsidePx"":0},{""x"":1674,""y"":475.3,""t"":1059,""outside"":false,""outsidePx"":0}]"
hayashi,main,practice,C3,距離大条件,W固定・A長い,35,675,19.286,3,47,107,107,110,2026-09-29T07:51:28.922Z,2026-09-29T07:51:30.222Z,1300,172,987,815,false,true,near_goal_pointerup,1676,468,1,true,2,770,7.6,false,"[{""startMs"":280,""startX"":1107.3,""startY"":840.7,""maxOutsidePx"":7.6,""endMs"":680,""endX"":1382,""endY"":680,""durationMs"":400},{""startMs"":930,""startX"":1511.3,""startY"":564.7,""maxOutsidePx"":6.9,""endMs"":1300,""endX"":1676,""endY"":468,""durationMs"":370}]","[{""x"":871.3,""y"":945.3,""t"":0,""outside"":false,""outsidePx"":0},{""x"":872.7,""y"":945.3,""t"":48,""outside"":false,""outsidePx"":0},{""x"":878,""y"":942.7,""t"":64,""outside"":false,""outsidePx"":0},{""x"":886.7,""y"":938.7,""t"":81,""outside"":false,""outsidePx"":0},{""x"":898.7,""y"":933.3,""t"":97,""outside"":false,""outsidePx"":0},{""x"":916.7,""y"":926.7,""t"":114,""outside"":false,""outsidePx"":0},{""x"":940.7,""y"":916,""t"":131,""outside"":false,""outsidePx"":0},{""x"":962,""y"":907.3,""t"":147,""outside"":false,""outsidePx"":0},{""x"":981.3,""y"":898.7,""t"":164,""outside"":false,""outsidePx"":0},{""x"":1000.7,""y"":890,""t"":180,""outside"":false,""outsidePx"":0},{""x"":1021.3,""y"":879.3,""t"":197,""outside"":false,""outsidePx"":0},{""x"":1046,""y"":868.7,""t"":214,""outside"":false,""outsidePx"":0},{""x"":1066.7,""y"":858.7,""t"":231,""outside"":false,""outsidePx"":0},{""x"":1084.7,""y"":851.3,""t"":247,""outside"":false,""outsidePx"":0},{""x"":1096.7,""y"":846,""t"":264,""outside"":false,""outsidePx"":0},{""x"":1107.3,""y"":840.7,""t"":280,""outside"":true,""outsidePx"":0.7},{""x"":1116,""y"":835.3,""t"":297,""outside"":true,""outsidePx"":0.4},{""x"":1128,""y"":830.7,""t"":314,""outside"":true,""outsidePx"":2.3},{""x"":1142,""y"":823.3,""t"":331,""outside"":true,""outsidePx"":3},{""x"":1154.7,""y"":814.7,""t"":347,""outside"":true,""outsidePx"":1.8},{""x"":1166.7,""y"":807.3,""t"":364,""outside"":true,""outsidePx"":1.5},{""x"":1177.3,""y"":802.7,""t"":381,""outside"":true,""outsidePx"":2.8},{""x"":1189.3,""y"":797.3,""t"":397,""outside"":true,""outsidePx"":4.1},{""x"":1202,""y"":790,""t"":414,""outside"":true,""outsidePx"":4.1},{""x"":1214,""y"":783.3,""t"":431,""outside"":true,""outsidePx"":4.3},{""x"":1224.7,""y"":778,""t"":447,""outside"":true,""outsidePx"":5.1},{""x"":1233.3,""y"":772.7,""t"":464,""outside"":true,""outsidePx"":4.8},{""x"":1244,""y"":767.3,""t"":481,""outside"":true,""outsidePx"":5.5},{""x"":1254,""y"":764,""t"":497,""outside"":true,""outsidePx"":7.6},{""x"":1264.7,""y"":756.7,""t"":514,""outside"":true,""outsidePx"":6.6},{""x"":1276.7,""y"":748,""t"":530,""outside"":true,""outsidePx"":5.1},{""x"":1290.7,""y"":739.3,""t"":547,""outside"":true,""outsidePx"":4.6},{""x"":1304.7,""y"":730.7,""t"":564,""outside"":true,""outsidePx"":4.1},{""x"":1317.3,""y"":723.3,""t"":580,""outside"":true,""outsidePx"":4.1},{""x"":1331.3,""y"":716.7,""t"":597,""outside"":true,""outsidePx"":5.3},{""x"":1343.3,""y"":709.3,""t"":614,""outside"":true,""outsidePx"":4.9},{""x"":1356,""y"":700.7,""t"":631,""outside"":true,""outsidePx"":3.8},{""x"":1364.7,""y"":694,""t"":647,""outside"":true,""outsidePx"":2.3},{""x"":1373.3,""y"":686.7,""t"":664,""outside"":true,""outsidePx"":0.3},{""x"":1382,""y"":680,""t"":680,""outside"":false,""outsidePx"":0},{""x"":1390.7,""y"":671.3,""t"":697,""outside"":false,""outsidePx"":0},{""x"":1401.3,""y"":660.7,""t"":714,""outside"":false,""outsidePx"":0},{""x"":1412,""y"":650,""t"":731,""outside"":false,""outsidePx"":0},{""x"":1420.7,""y"":643.3,""t"":747,""outside"":false,""outsidePx"":0},{""x"":1426,""y"":639.3,""t"":764,""outside"":false,""outsidePx"":0},{""x"":1429.3,""y"":634.7,""t"":780,""outside"":false,""outsidePx"":0},{""x"":1432.7,""y"":632.7,""t"":797,""outside"":false,""outsidePx"":0},{""x"":1436,""y"":629.3,""t"":814,""outside"":false,""outsidePx"":0},{""x"":1441.3,""y"":624,""t"":831,""outside"":false,""outsidePx"":0},{""x"":1446.7,""y"":618.7,""t"":848,""outside"":false,""outsidePx"":0},{""x"":1454,""y"":611.3,""t"":864,""outside"":false,""outsidePx"":0},{""x"":1464,""y"":601.3,""t"":880,""outside"":false,""outsidePx"":0},{""x"":1480,""y"":588.7,""t"":897,""outside"":false,""outsidePx"":0},{""x"":1496,""y"":576.7,""t"":914,""outside"":false,""outsidePx"":0},{""x"":1511.3,""y"":564.7,""t"":930,""outside"":true,""outsidePx"":1.4},{""x"":1528.7,""y"":552,""t"":947,""outside"":true,""outsidePx"":3.7},{""x"":1542.7,""y"":543.3,""t"":964,""outside"":true,""outsidePx"":4.2},{""x"":1556.7,""y"":534.7,""t"":981,""outside"":true,""outsidePx"":4.7},{""x"":1567.3,""y"":526,""t"":997,""outside"":true,""outsidePx"":6.8},{""x"":1580,""y"":518.7,""t"":1014,""outside"":true,""outsidePx"":6.9},{""x"":1597.3,""y"":508.7,""t"":1030,""outside"":true,""outsidePx"":6.9},{""x"":1616.7,""y"":498,""t"":1047,""outside"":true,""outsidePx"":6.4},{""x"":1634,""y"":489.3,""t"":1064,""outside"":true,""outsidePx"":5.3},{""x"":1650,""y"":482,""t"":1081,""outside"":true,""outsidePx"":3.6},{""x"":1656.7,""y"":478.7,""t"":1097,""outside"":true,""outsidePx"":3.2},{""x"":1658.7,""y"":476.7,""t"":1114,""outside"":true,""outsidePx"":3.9},{""x"":1660,""y"":476.7,""t"":1164,""outside"":true,""outsidePx"":3.2},{""x"":1665.3,""y"":473.3,""t"":1180,""outside"":true,""outsidePx"":3.5},{""x"":1672.7,""y"":470,""t"":1197,""outside"":true,""outsidePx"":2.7},{""x"":1676,""y"":468,""t"":1214,""outside"":true,""outsidePx"":2.7}]"
hayashi,main,practice,C3,距離大条件,W固定・A長い,35,675,19.286,3,48,108,108,111,2026-09-29T07:51:30.949Z,2026-09-29T07:51:32.049Z,1100,161,822,661,true,true,none,1695.3,478.7,1,false,0,0,0,false,[],"[{""x"":866.7,""y"":956,""t"":0,""outside"":false,""outsidePx"":0},{""x"":867.3,""y"":956,""t"":29,""outside"":false,""outsidePx"":0},{""x"":867.3,""y"":954.7,""t"":41,""outside"":false,""outsidePx"":0},{""x"":872.7,""y"":952.7,""t"":54,""outside"":false,""outsidePx"":0},{""x"":883.3,""y"":949.3,""t"":70,""outside"":false,""outsidePx"":0},{""x"":897.3,""y"":942.7,""t"":87,""outside"":false,""outsidePx"":0},{""x"":918,""y"":933.3,""t"":104,""outside"":false,""outsidePx"":0},{""x"":940.7,""y"":923.3,""t"":120,""outside"":false,""outsidePx"":0},{""x"":964,""y"":910.7,""t"":137,""outside"":false,""outsidePx"":0},{""x"":982.7,""y"":900.7,""t"":153,""outside"":false,""outsidePx"":0},{""x"":1004,""y"":890,""t"":170,""outside"":false,""outsidePx"":0},{""x"":1030,""y"":876,""t"":187,""outside"":false,""outsidePx"":0},{""x"":1049.3,""y"":867.3,""t"":204,""outside"":false,""outsidePx"":0},{""x"":1066.7,""y"":856.7,""t"":220,""outside"":false,""outsidePx"":0},{""x"":1082.7,""y"":848,""t"":237,""outside"":false,""outsidePx"":0},{""x"":1100,""y"":839.3,""t"":254,""outside"":false,""outsidePx"":0},{""x"":1112.7,""y"":832,""t"":270,""outside"":false,""outsidePx"":0},{""x"":1124.7,""y"":825.3,""t"":287,""outside"":false,""outsidePx"":0},{""x"":1136.7,""y"":816.7,""t"":304,""outside"":false,""outsidePx"":0},{""x"":1147.3,""y"":809.3,""t"":320,""outside"":false,""outsidePx"":0},{""x"":1158,""y"":804,""t"":337,""outside"":false,""outsidePx"":0},{""x"":1166.7,""y"":797.3,""t"":354,""outside"":false,""outsidePx"":0},{""x"":1175.3,""y"":790,""t"":370,""outside"":false,""outsidePx"":0},{""x"":1188,""y"":781.3,""t"":387,""outside"":false,""outsidePx"":0},{""x"":1198,""y"":774.7,""t"":404,""outside"":false,""outsidePx"":0},{""x"":1208.7,""y"":767.3,""t"":420,""outside"":false,""outsidePx"":0},{""x"":1220.7,""y"":760.7,""t"":437,""outside"":false,""outsidePx"":0},{""x"":1230,""y"":753.3,""t"":454,""outside"":false,""outsidePx"":0},{""x"":1236.7,""y"":746.7,""t"":471,""outside"":false,""outsidePx"":0},{""x"":1245.3,""y"":739.3,""t"":487,""outside"":false,""outsidePx"":0},{""x"":1254,""y"":732.7,""t"":504,""outside"":false,""outsidePx"":0},{""x"":1266.7,""y"":723.3,""t"":520,""outside"":false,""outsidePx"":0},{""x"":1278.7,""y"":713.3,""t"":537,""outside"":false,""outsidePx"":0},{""x"":1292.7,""y"":704.7,""t"":554,""outside"":false,""outsidePx"":0},{""x"":1303.3,""y"":694,""t"":570,""outside"":false,""outsidePx"":0},{""x"":1315.3,""y"":685.3,""t"":587,""outside"":false,""outsidePx"":0},{""x"":1328,""y"":676.7,""t"":604,""outside"":false,""outsidePx"":0},{""x"":1343.3,""y"":664,""t"":620,""outside"":false,""outsidePx"":0},{""x"":1362.7,""y"":653.3,""t"":637,""outside"":false,""outsidePx"":0},{""x"":1384,""y"":643.3,""t"":653,""outside"":false,""outsidePx"":0},{""x"":1402.7,""y"":632.7,""t"":670,""outside"":false,""outsidePx"":0},{""x"":1415.3,""y"":627.3,""t"":687,""outside"":false,""outsidePx"":0},{""x"":1427.3,""y"":620.7,""t"":703,""outside"":false,""outsidePx"":0},{""x"":1441.3,""y"":615.3,""t"":720,""outside"":false,""outsidePx"":0},{""x"":1455.3,""y"":606.7,""t"":737,""outside"":false,""outsidePx"":0},{""x"":1476.7,""y"":596,""t"":754,""outside"":false,""outsidePx"":0},{""x"":1502.7,""y"":583.3,""t"":770,""outside"":false,""outsidePx"":0},{""x"":1525.3,""y"":573.3,""t"":787,""outside"":false,""outsidePx"":0},{""x"":1550,""y"":562.7,""t"":804,""outside"":false,""outsidePx"":0},{""x"":1570.7,""y"":554,""t"":820,""outside"":false,""outsidePx"":0},{""x"":1588.7,""y"":545.3,""t"":837,""outside"":false,""outsidePx"":0},{""x"":1609.3,""y"":534.7,""t"":853,""outside"":false,""outsidePx"":0},{""x"":1630.7,""y"":522.7,""t"":870,""outside"":false,""outsidePx"":0},{""x"":1644.7,""y"":513.3,""t"":887,""outside"":false,""outsidePx"":0},{""x"":1653.3,""y"":506.7,""t"":903,""outside"":false,""outsidePx"":0},{""x"":1662,""y"":501.3,""t"":920,""outside"":false,""outsidePx"":0},{""x"":1667.3,""y"":498,""t"":937,""outside"":false,""outsidePx"":0},{""x"":1676,""y"":490.7,""t"":954,""outside"":false,""outsidePx"":0},{""x"":1682.7,""y"":487.3,""t"":970,""outside"":false,""outsidePx"":0},{""x"":1690,""y"":482,""t"":987,""outside"":false,""outsidePx"":0},{""x"":1693.3,""y"":480.7,""t"":1004,""outside"":false,""outsidePx"":0},{""x"":1695.3,""y"":480.7,""t"":1027,""outside"":false,""outsidePx"":0},{""x"":1695.3,""y"":478.7,""t"":1038,""outside"":false,""outsidePx"":0}]"
hayashi,main,practice,C3,距離大条件,W固定・A長い,35,675,19.286,3,49,109,109,112,2026-09-29T07:51:32.679Z,2026-09-29T07:51:33.858Z,1179,151,873,722,true,true,none,1712.7,468,1,false,0,0,0,false,[],"[{""x"":876.7,""y"":948.7,""t"":0,""outside"":false,""outsidePx"":0},{""x"":878,""y"":948.7,""t"":35,""outside"":false,""outsidePx"":0},{""x"":880,""y"":948.7,""t"":42,""outside"":false,""outsidePx"":0},{""x"":888.7,""y"":942.7,""t"":56,""outside"":false,""outsidePx"":0},{""x"":900.7,""y"":937.3,""t"":73,""outside"":false,""outsidePx"":0},{""x"":918,""y"":928.7,""t"":90,""outside"":false,""outsidePx"":0},{""x"":936,""y"":918,""t"":106,""outside"":false,""outsidePx"":0},{""x"":954.7,""y"":907.3,""t"":123,""outside"":false,""outsidePx"":0},{""x"":976,""y"":895.3,""t"":140,""outside"":false,""outsidePx"":0},{""x"":992,""y"":884.7,""t"":156,""outside"":false,""outsidePx"":0},{""x"":1006,""y"":876,""t"":173,""outside"":false,""outsidePx"":0},{""x"":1020,""y"":868.7,""t"":190,""outside"":false,""outsidePx"":0},{""x"":1034,""y"":862,""t"":206,""outside"":false,""outsidePx"":0},{""x"":1046,""y"":854.7,""t"":223,""outside"":false,""outsidePx"":0},{""x"":1058,""y"":849.3,""t"":240,""outside"":false,""outsidePx"":0},{""x"":1065.3,""y"":844.7,""t"":256,""outside"":false,""outsidePx"":0},{""x"":1074,""y"":839.3,""t"":273,""outside"":false,""outsidePx"":0},{""x"":1084.7,""y"":834,""t"":290,""outside"":false,""outsidePx"":0},{""x"":1094.7,""y"":826.7,""t"":306,""outside"":false,""outsidePx"":0},{""x"":1107.3,""y"":820,""t"":323,""outside"":false,""outsidePx"":0},{""x"":1119.3,""y"":812.7,""t"":340,""outside"":false,""outsidePx"":0},{""x"":1133.3,""y"":807.3,""t"":356,""outside"":false,""outsidePx"":0},{""x"":1144,""y"":800.7,""t"":373,""outside"":false,""outsidePx"":0},{""x"":1156,""y"":795.3,""t"":390,""outside"":false,""outsidePx"":0},{""x"":1164.7,""y"":788.7,""t"":406,""outside"":false,""outsidePx"":0},{""x"":1174,""y"":783.3,""t"":423,""outside"":false,""outsidePx"":0},{""x"":1182.7,""y"":778,""t"":440,""outside"":false,""outsidePx"":0},{""x"":1192.7,""y"":769.3,""t"":456,""outside"":false,""outsidePx"":0},{""x"":1206.7,""y"":762,""t"":473,""outside"":false,""outsidePx"":0},{""x"":1217.3,""y"":755.3,""t"":490,""outside"":false,""outsidePx"":0},{""x"":1230,""y"":750,""t"":506,""outside"":false,""outsidePx"":0},{""x"":1240,""y"":742.7,""t"":523,""outside"":false,""outsidePx"":0},{""x"":1250.7,""y"":737.3,""t"":540,""outside"":false,""outsidePx"":0},{""x"":1264.7,""y"":730.7,""t"":556,""outside"":false,""outsidePx"":0},{""x"":1284,""y"":720,""t"":573,""outside"":false,""outsidePx"":0},{""x"":1301.3,""y"":709.3,""t"":589,""outside"":false,""outsidePx"":0},{""x"":1322.7,""y"":697.3,""t"":606,""outside"":false,""outsidePx"":0},{""x"":1340,""y"":688.7,""t"":623,""outside"":false,""outsidePx"":0},{""x"":1350.7,""y"":681.3,""t"":639,""outside"":false,""outsidePx"":0},{""x"":1360.7,""y"":678,""t"":656,""outside"":false,""outsidePx"":0},{""x"":1371.3,""y"":671.3,""t"":673,""outside"":false,""outsidePx"":0},{""x"":1385.3,""y"":662.7,""t"":689,""outside"":false,""outsidePx"":0},{""x"":1402.7,""y"":652,""t"":706,""outside"":false,""outsidePx"":0},{""x"":1426,""y"":639.3,""t"":723,""outside"":false,""outsidePx"":0},{""x"":1444.7,""y"":627.3,""t"":739,""outside"":false,""outsidePx"":0},{""x"":1464,""y"":616.7,""t"":756,""outside"":false,""outsidePx"":0},{""x"":1482,""y"":606.7,""t"":773,""outside"":false,""outsidePx"":0},{""x"":1494,""y"":599.3,""t"":789,""outside"":false,""outsidePx"":0},{""x"":1506,""y"":590.7,""t"":806,""outside"":false,""outsidePx"":0},{""x"":1518.7,""y"":582,""t"":823,""outside"":false,""outsidePx"":0},{""x"":1532.7,""y"":573.3,""t"":839,""outside"":false,""outsidePx"":0},{""x"":1552,""y"":560.7,""t"":856,""outside"":false,""outsidePx"":0},{""x"":1570.7,""y"":550.7,""t"":873,""outside"":false,""outsidePx"":0},{""x"":1594,""y"":538,""t"":889,""outside"":false,""outsidePx"":0},{""x"":1614.7,""y"":527.3,""t"":906,""outside"":false,""outsidePx"":0},{""x"":1630.7,""y"":518.7,""t"":923,""outside"":false,""outsidePx"":0},{""x"":1639.3,""y"":512,""t"":939,""outside"":false,""outsidePx"":0},{""x"":1644.7,""y"":508.7,""t"":956,""outside"":false,""outsidePx"":0},{""x"":1650,""y"":503.3,""t"":973,""outside"":false,""outsidePx"":0},{""x"":1656.7,""y"":498,""t"":990,""outside"":false,""outsidePx"":0},{""x"":1667.3,""y"":492.7,""t"":1006,""outside"":false,""outsidePx"":0},{""x"":1679.3,""y"":485.3,""t"":1023,""outside"":false,""outsidePx"":0},{""x"":1693.3,""y"":478.7,""t"":1040,""outside"":false,""outsidePx"":0},{""x"":1704,""y"":473.3,""t"":1056,""outside"":false,""outsidePx"":0},{""x"":1709.3,""y"":470,""t"":1073,""outside"":false,""outsidePx"":0},{""x"":1712.7,""y"":468,""t"":1090,""outside"":false,""outsidePx"":0}]"
hayashi,main,practice,C3,距離大条件,W固定・A長い,35,675,19.286,3,50,110,110,113,2026-09-29T07:51:34.529Z,2026-09-29T07:51:35.928Z,1399,217,1032,815,true,true,none,1687.3,482,1,false,0,0,0,false,[],"[{""x"":870.7,""y"":947.3,""t"":0,""outside"":false,""outsidePx"":0},{""x"":872.7,""y"":947.3,""t"":7,""outside"":false,""outsidePx"":0},{""x"":874.7,""y"":946,""t"":23,""outside"":false,""outsidePx"":0},{""x"":880,""y"":944,""t"":40,""outside"":false,""outsidePx"":0},{""x"":884.7,""y"":942.7,""t"":56,""outside"":false,""outsidePx"":0},{""x"":894,""y"":937.3,""t"":73,""outside"":false,""outsidePx"":0},{""x"":902.7,""y"":932,""t"":90,""outside"":false,""outsidePx"":0},{""x"":912.7,""y"":928.7,""t"":107,""outside"":false,""outsidePx"":0},{""x"":922,""y"":923.3,""t"":123,""outside"":false,""outsidePx"":0},{""x"":930.7,""y"":919.3,""t"":140,""outside"":false,""outsidePx"":0},{""x"":939.3,""y"":914.7,""t"":157,""outside"":false,""outsidePx"":0},{""x"":953.3,""y"":905.3,""t"":173,""outside"":false,""outsidePx"":0},{""x"":964,""y"":898.7,""t"":190,""outside"":false,""outsidePx"":0},{""x"":978,""y"":891.3,""t"":207,""outside"":false,""outsidePx"":0},{""x"":992,""y"":884.7,""t"":223,""outside"":false,""outsidePx"":0},{""x"":1004,""y"":879.3,""t"":240,""outside"":false,""outsidePx"":0},{""x"":1012.7,""y"":874,""t"":257,""outside"":false,""outsidePx"":0},{""x"":1020,""y"":870.7,""t"":273,""outside"":false,""outsidePx"":0},{""x"":1026.7,""y"":867.3,""t"":290,""outside"":false,""outsidePx"":0},{""x"":1035.3,""y"":862,""t"":307,""outside"":false,""outsidePx"":0},{""x"":1046,""y"":854.7,""t"":323,""outside"":false,""outsidePx"":0},{""x"":1058,""y"":848,""t"":340,""outside"":false,""outsidePx"":0},{""x"":1074,""y"":840.7,""t"":357,""outside"":false,""outsidePx"":0},{""x"":1086,""y"":832,""t"":373,""outside"":false,""outsidePx"":0},{""x"":1098.7,""y"":826.7,""t"":390,""outside"":false,""outsidePx"":0},{""x"":1107.3,""y"":821.3,""t"":407,""outside"":false,""outsidePx"":0},{""x"":1116,""y"":816.7,""t"":424,""outside"":false,""outsidePx"":0},{""x"":1126.7,""y"":809.3,""t"":440,""outside"":false,""outsidePx"":0},{""x"":1136.7,""y"":804,""t"":457,""outside"":false,""outsidePx"":0},{""x"":1149.3,""y"":797.3,""t"":473,""outside"":false,""outsidePx"":0},{""x"":1161.3,""y"":788.7,""t"":490,""outside"":false,""outsidePx"":0},{""x"":1172,""y"":783.3,""t"":507,""outside"":false,""outsidePx"":0},{""x"":1182.7,""y"":776,""t"":523,""outside"":false,""outsidePx"":0},{""x"":1192.7,""y"":769.3,""t"":540,""outside"":false,""outsidePx"":0},{""x"":1203.3,""y"":764,""t"":556,""outside"":false,""outsidePx"":0},{""x"":1212,""y"":758.7,""t"":573,""outside"":false,""outsidePx"":0},{""x"":1224.7,""y"":750,""t"":590,""outside"":false,""outsidePx"":0},{""x"":1236.7,""y"":742.7,""t"":606,""outside"":false,""outsidePx"":0},{""x"":1248.7,""y"":736,""t"":623,""outside"":false,""outsidePx"":0},{""x"":1259.3,""y"":728.7,""t"":640,""outside"":false,""outsidePx"":0},{""x"":1268,""y"":723.3,""t"":656,""outside"":false,""outsidePx"":0},{""x"":1280.7,""y"":716.7,""t"":673,""outside"":false,""outsidePx"":0},{""x"":1289.3,""y"":711.3,""t"":690,""outside"":false,""outsidePx"":0},{""x"":1298,""y"":706,""t"":706,""outside"":false,""outsidePx"":0},{""x"":1308.7,""y"":700.7,""t"":723,""outside"":false,""outsidePx"":0},{""x"":1320.7,""y"":694,""t"":740,""outside"":false,""outsidePx"":0},{""x"":1336.7,""y"":686.7,""t"":757,""outside"":false,""outsidePx"":0},{""x"":1350.7,""y"":680,""t"":773,""outside"":false,""outsidePx"":0},{""x"":1366,""y"":671.3,""t"":790,""outside"":false,""outsidePx"":0},{""x"":1378.7,""y"":666,""t"":807,""outside"":false,""outsidePx"":0},{""x"":1385.3,""y"":662.7,""t"":823,""outside"":false,""outsidePx"":0},{""x"":1390.7,""y"":658.7,""t"":840,""outside"":false,""outsidePx"":0},{""x"":1399.3,""y"":655.3,""t"":857,""outside"":false,""outsidePx"":0},{""x"":1412,""y"":648.7,""t"":873,""outside"":false,""outsidePx"":0},{""x"":1427.3,""y"":639.3,""t"":890,""outside"":false,""outsidePx"":0},{""x"":1446.7,""y"":629.3,""t"":906,""outside"":false,""outsidePx"":0},{""x"":1464,""y"":620.7,""t"":923,""outside"":false,""outsidePx"":0},{""x"":1480,""y"":611.3,""t"":940,""outside"":false,""outsidePx"":0},{""x"":1494,""y"":601.3,""t"":956,""outside"":false,""outsidePx"":0},{""x"":1510,""y"":590.7,""t"":973,""outside"":false,""outsidePx"":0},{""x"":1527.3,""y"":580,""t"":990,""outside"":false,""outsidePx"":0},{""x"":1546.7,""y"":571.3,""t"":1006,""outside"":false,""outsidePx"":0},{""x"":1566,""y"":560.7,""t"":1023,""outside"":false,""outsidePx"":0},{""x"":1583.3,""y"":550.7,""t"":1040,""outside"":false,""outsidePx"":0},{""x"":1597.3,""y"":541.3,""t"":1056,""outside"":false,""outsidePx"":0},{""x"":1606,""y"":536.7,""t"":1073,""outside"":false,""outsidePx"":0},{""x"":1614.7,""y"":531.3,""t"":1090,""outside"":false,""outsidePx"":0},{""x"":1622,""y"":526,""t"":1107,""outside"":false,""outsidePx"":0},{""x"":1626.7,""y"":522.7,""t"":1123,""outside"":false,""outsidePx"":0},{""x"":1632,""y"":518.7,""t"":1140,""outside"":false,""outsidePx"":0},{""x"":1640.7,""y"":513.3,""t"":1156,""outside"":false,""outsidePx"":0},{""x"":1650,""y"":506.7,""t"":1173,""outside"":false,""outsidePx"":0},{""x"":1660,""y"":501.3,""t"":1190,""outside"":false,""outsidePx"":0},{""x"":1668.7,""y"":494.7,""t"":1207,""outside"":false,""outsidePx"":0},{""x"":1678,""y"":489.3,""t"":1223,""outside"":false,""outsidePx"":0},{""x"":1684.7,""y"":484,""t"":1240,""outside"":false,""outsidePx"":0},{""x"":1688,""y"":482,""t"":1257,""outside"":false,""outsidePx"":0},{""x"":1687.3,""y"":482,""t"":1398,""outside"":false,""outsidePx"":0}]"
hayashi,main,practice,C3,距離大条件,W固定・A長い,35,675,19.286,3,51,111,111,114,2026-09-29T07:51:36.540Z,2026-09-29T07:51:37.896Z,1355,191,1059,868,true,true,none,1685.3,482,1,false,0,0,0,false,[],"[{""x"":892.7,""y"":956,""t"":0,""outside"":false,""outsidePx"":0},{""x"":892.7,""y"":954.7,""t"":82,""outside"":false,""outsidePx"":0},{""x"":898.7,""y"":951.3,""t"":95,""outside"":false,""outsidePx"":0},{""x"":911.3,""y"":944,""t"":111,""outside"":false,""outsidePx"":0},{""x"":926.7,""y"":935.3,""t"":128,""outside"":false,""outsidePx"":0},{""x"":942.7,""y"":924.7,""t"":145,""outside"":false,""outsidePx"":0},{""x"":960,""y"":916,""t"":162,""outside"":false,""outsidePx"":0},{""x"":978,""y"":905.3,""t"":178,""outside"":false,""outsidePx"":0},{""x"":996.7,""y"":895.3,""t"":195,""outside"":false,""outsidePx"":0},{""x"":1014.7,""y"":886.7,""t"":211,""outside"":false,""outsidePx"":0},{""x"":1030,""y"":877.3,""t"":228,""outside"":false,""outsidePx"":0},{""x"":1046,""y"":868.7,""t"":245,""outside"":false,""outsidePx"":0},{""x"":1058,""y"":862,""t"":261,""outside"":false,""outsidePx"":0},{""x"":1070.7,""y"":853.3,""t"":278,""outside"":false,""outsidePx"":0},{""x"":1084.7,""y"":844.7,""t"":295,""outside"":false,""outsidePx"":0},{""x"":1093.3,""y"":839.3,""t"":311,""outside"":false,""outsidePx"":0},{""x"":1102,""y"":834,""t"":328,""outside"":false,""outsidePx"":0},{""x"":1108.7,""y"":828.7,""t"":345,""outside"":false,""outsidePx"":0},{""x"":1116,""y"":825.3,""t"":361,""outside"":false,""outsidePx"":0},{""x"":1124.7,""y"":818,""t"":378,""outside"":false,""outsidePx"":0},{""x"":1135.3,""y"":811.3,""t"":395,""outside"":false,""outsidePx"":0},{""x"":1149.3,""y"":802.7,""t"":411,""outside"":false,""outsidePx"":0},{""x"":1164.7,""y"":793.3,""t"":428,""outside"":false,""outsidePx"":0},{""x"":1177.3,""y"":786.7,""t"":445,""outside"":false,""outsidePx"":0},{""x"":1189.3,""y"":779.3,""t"":461,""outside"":false,""outsidePx"":0},{""x"":1196.7,""y"":776,""t"":478,""outside"":false,""outsidePx"":0},{""x"":1205.3,""y"":770.7,""t"":495,""outside"":false,""outsidePx"":0},{""x"":1214,""y"":765.3,""t"":511,""outside"":false,""outsidePx"":0},{""x"":1224.7,""y"":760.7,""t"":528,""outside"":false,""outsidePx"":0},{""x"":1238.7,""y"":753.3,""t"":545,""outside"":false,""outsidePx"":0},{""x"":1252.7,""y"":746.7,""t"":562,""outside"":false,""outsidePx"":0},{""x"":1268,""y"":737.3,""t"":578,""outside"":false,""outsidePx"":0},{""x"":1278.7,""y"":732.7,""t"":595,""outside"":false,""outsidePx"":0},{""x"":1286,""y"":727.3,""t"":611,""outside"":false,""outsidePx"":0},{""x"":1292.7,""y"":723.3,""t"":628,""outside"":false,""outsidePx"":0},{""x"":1300,""y"":718.7,""t"":645,""outside"":false,""outsidePx"":0},{""x"":1310,""y"":711.3,""t"":661,""outside"":false,""outsidePx"":0},{""x"":1324,""y"":700.7,""t"":678,""outside"":false,""outsidePx"":0},{""x"":1338,""y"":692,""t"":695,""outside"":false,""outsidePx"":0},{""x"":1352,""y"":681.3,""t"":711,""outside"":false,""outsidePx"":0},{""x"":1364.7,""y"":672.7,""t"":728,""outside"":false,""outsidePx"":0},{""x"":1373.3,""y"":666,""t"":745,""outside"":false,""outsidePx"":0},{""x"":1382,""y"":658.7,""t"":761,""outside"":false,""outsidePx"":0},{""x"":1392.7,""y"":652,""t"":778,""outside"":false,""outsidePx"":0},{""x"":1401.3,""y"":646.7,""t"":795,""outside"":false,""outsidePx"":0},{""x"":1413.3,""y"":638,""t"":812,""outside"":false,""outsidePx"":0},{""x"":1426,""y"":630.7,""t"":828,""outside"":false,""outsidePx"":0},{""x"":1438,""y"":622,""t"":845,""outside"":false,""outsidePx"":0},{""x"":1452,""y"":615.3,""t"":861,""outside"":false,""outsidePx"":0},{""x"":1464,""y"":608,""t"":878,""outside"":false,""outsidePx"":0},{""x"":1476.7,""y"":601.3,""t"":895,""outside"":false,""outsidePx"":0},{""x"":1485.3,""y"":596,""t"":911,""outside"":false,""outsidePx"":0},{""x"":1494,""y"":590.7,""t"":928,""outside"":false,""outsidePx"":0},{""x"":1500.7,""y"":587.3,""t"":944,""outside"":false,""outsidePx"":0},{""x"":1508,""y"":582,""t"":961,""outside"":false,""outsidePx"":0},{""x"":1516.7,""y"":578.7,""t"":978,""outside"":false,""outsidePx"":0},{""x"":1528.7,""y"":571.3,""t"":995,""outside"":false,""outsidePx"":0},{""x"":1541.3,""y"":564.7,""t"":1011,""outside"":false,""outsidePx"":0},{""x"":1552,""y"":557.3,""t"":1028,""outside"":false,""outsidePx"":0},{""x"":1562,""y"":552,""t"":1044,""outside"":false,""outsidePx"":0},{""x"":1570.7,""y"":545.3,""t"":1061,""outside"":false,""outsidePx"":0},{""x"":1580,""y"":541.3,""t"":1078,""outside"":false,""outsidePx"":0},{""x"":1592,""y"":534.7,""t"":1095,""outside"":false,""outsidePx"":0},{""x"":1604,""y"":527.3,""t"":1111,""outside"":false,""outsidePx"":0},{""x"":1614.7,""y"":522.7,""t"":1128,""outside"":false,""outsidePx"":0},{""x"":1623.3,""y"":517.3,""t"":1145,""outside"":false,""outsidePx"":0},{""x"":1630.7,""y"":513.3,""t"":1161,""outside"":false,""outsidePx"":0},{""x"":1637.3,""y"":508.7,""t"":1178,""outside"":false,""outsidePx"":0},{""x"":1650,""y"":501.3,""t"":1194,""outside"":false,""outsidePx"":0},{""x"":1667.3,""y"":492.7,""t"":1211,""outside"":false,""outsidePx"":0},{""x"":1679.3,""y"":485.3,""t"":1228,""outside"":false,""outsidePx"":0},{""x"":1686.7,""y"":482,""t"":1245,""outside"":false,""outsidePx"":0},{""x"":1685.3,""y"":482,""t"":1355,""outside"":false,""outsidePx"":0}]"
hayashi,main,practice,C3,距離大条件,W固定・A長い,35,675,19.286,3,52,112,112,115,2026-09-29T07:51:38.565Z,2026-09-29T07:51:39.735Z,1171,165,879,714,true,true,none,1695.3,468,1,false,0,0,0,false,[],"[{""x"":889.3,""y"":943.3,""t"":0,""outside"":false,""outsidePx"":0},{""x"":890,""y"":943.3,""t"":45,""outside"":false,""outsidePx"":0},{""x"":890,""y"":942.7,""t"":55,""outside"":false,""outsidePx"":0},{""x"":897.3,""y"":938.7,""t"":70,""outside"":false,""outsidePx"":0},{""x"":906,""y"":933.3,""t"":87,""outside"":false,""outsidePx"":0},{""x"":920,""y"":924.7,""t"":104,""outside"":false,""outsidePx"":0},{""x"":934,""y"":916,""t"":120,""outside"":false,""outsidePx"":0},{""x"":953.3,""y"":904,""t"":137,""outside"":false,""outsidePx"":0},{""x"":972.7,""y"":891.3,""t"":153,""outside"":false,""outsidePx"":0},{""x"":990,""y"":879.3,""t"":170,""outside"":false,""outsidePx"":0},{""x"":1004,""y"":870.7,""t"":187,""outside"":false,""outsidePx"":0},{""x"":1014.7,""y"":863.3,""t"":203,""outside"":false,""outsidePx"":0},{""x"":1023.3,""y"":856.7,""t"":220,""outside"":false,""outsidePx"":0},{""x"":1037.3,""y"":846,""t"":237,""outside"":false,""outsidePx"":0},{""x"":1051.3,""y"":839.3,""t"":253,""outside"":false,""outsidePx"":0},{""x"":1063.3,""y"":832,""t"":270,""outside"":false,""outsidePx"":0},{""x"":1074,""y"":825.3,""t"":287,""outside"":false,""outsidePx"":0},{""x"":1080.7,""y"":820,""t"":303,""outside"":false,""outsidePx"":0},{""x"":1090,""y"":814.7,""t"":320,""outside"":false,""outsidePx"":0},{""x"":1100,""y"":809.3,""t"":337,""outside"":false,""outsidePx"":0},{""x"":1110.7,""y"":804,""t"":354,""outside"":false,""outsidePx"":0},{""x"":1122.7,""y"":797.3,""t"":370,""outside"":false,""outsidePx"":0},{""x"":1132,""y"":790,""t"":387,""outside"":false,""outsidePx"":0},{""x"":1142,""y"":786.7,""t"":403,""outside"":false,""outsidePx"":0},{""x"":1152.7,""y"":779.3,""t"":420,""outside"":false,""outsidePx"":0},{""x"":1164.7,""y"":774.7,""t"":437,""outside"":false,""outsidePx"":0},{""x"":1177.3,""y"":770.7,""t"":453,""outside"":false,""outsidePx"":0},{""x"":1189.3,""y"":765.3,""t"":470,""outside"":false,""outsidePx"":0},{""x"":1198,""y"":762,""t"":487,""outside"":false,""outsidePx"":0},{""x"":1208.7,""y"":756.7,""t"":503,""outside"":false,""outsidePx"":0},{""x"":1217.3,""y"":751.3,""t"":520,""outside"":false,""outsidePx"":0},{""x"":1231.3,""y"":742.7,""t"":537,""outside"":false,""outsidePx"":0},{""x"":1248.7,""y"":732.7,""t"":553,""outside"":false,""outsidePx"":0},{""x"":1266.7,""y"":723.3,""t"":570,""outside"":false,""outsidePx"":0},{""x"":1280.7,""y"":718.7,""t"":587,""outside"":false,""outsidePx"":0},{""x"":1289.3,""y"":713.3,""t"":603,""outside"":false,""outsidePx"":0},{""x"":1298,""y"":708,""t"":621,""outside"":false,""outsidePx"":0},{""x"":1306.7,""y"":700.7,""t"":637,""outside"":false,""outsidePx"":0},{""x"":1317.3,""y"":695.3,""t"":653,""outside"":false,""outsidePx"":0},{""x"":1331.3,""y"":686.7,""t"":670,""outside"":false,""outsidePx"":0},{""x"":1346.7,""y"":678,""t"":687,""outside"":false,""outsidePx"":0},{""x"":1359.3,""y"":671.3,""t"":704,""outside"":false,""outsidePx"":0},{""x"":1368,""y"":664,""t"":720,""outside"":false,""outsidePx"":0},{""x"":1378.7,""y"":658.7,""t"":737,""outside"":false,""outsidePx"":0},{""x"":1387.3,""y"":652,""t"":754,""outside"":false,""outsidePx"":0},{""x"":1399.3,""y"":643.3,""t"":770,""outside"":false,""outsidePx"":0},{""x"":1420.7,""y"":630.7,""t"":787,""outside"":false,""outsidePx"":0},{""x"":1443.3,""y"":616.7,""t"":803,""outside"":false,""outsidePx"":0},{""x"":1471.3,""y"":601.3,""t"":820,""outside"":false,""outsidePx"":0},{""x"":1499.3,""y"":583.3,""t"":837,""outside"":false,""outsidePx"":0},{""x"":1527.3,""y"":566,""t"":853,""outside"":false,""outsidePx"":0},{""x"":1553.3,""y"":552,""t"":870,""outside"":false,""outsidePx"":0},{""x"":1580,""y"":536.7,""t"":887,""outside"":false,""outsidePx"":0},{""x"":1598.7,""y"":526,""t"":903,""outside"":false,""outsidePx"":0},{""x"":1611.3,""y"":518.7,""t"":920,""outside"":false,""outsidePx"":0},{""x"":1622,""y"":510,""t"":937,""outside"":false,""outsidePx"":0},{""x"":1632,""y"":504.7,""t"":953,""outside"":false,""outsidePx"":0},{""x"":1642.7,""y"":498,""t"":970,""outside"":false,""outsidePx"":0},{""x"":1653.3,""y"":490.7,""t"":987,""outside"":false,""outsidePx"":0},{""x"":1664,""y"":485.3,""t"":1004,""outside"":false,""outsidePx"":0},{""x"":1674,""y"":480.7,""t"":1020,""outside"":false,""outsidePx"":0},{""x"":1686.7,""y"":473.3,""t"":1037,""outside"":false,""outsidePx"":0},{""x"":1693.3,""y"":470,""t"":1053,""outside"":false,""outsidePx"":0},{""x"":1693.3,""y"":468,""t"":1070,""outside"":false,""outsidePx"":0},{""x"":1695.3,""y"":468,""t"":1101,""outside"":false,""outsidePx"":0}]"
hayashi,main,practice,C3,距離大条件,W固定・A長い,35,675,19.286,3,53,113,113,116,2026-09-29T07:51:40.420Z,2026-09-29T07:51:41.582Z,1162,183,876,693,true,true,none,1693.3,499.3,1,false,0,0,0,false,[],"[{""x"":872.7,""y"":946.7,""t"":0,""outside"":false,""outsidePx"":0},{""x"":874.7,""y"":946.7,""t"":15,""outside"":false,""outsidePx"":0},{""x"":876,""y"":946.7,""t"":31,""outside"":false,""outsidePx"":0},{""x"":883.3,""y"":944,""t"":47,""outside"":false,""outsidePx"":0},{""x"":897.3,""y"":937.3,""t"":64,""outside"":false,""outsidePx"":0},{""x"":912.7,""y"":928.7,""t"":81,""outside"":false,""outsidePx"":0},{""x"":925.3,""y"":919.3,""t"":97,""outside"":false,""outsidePx"":0},{""x"":937.3,""y"":912.7,""t"":114,""outside"":false,""outsidePx"":0},{""x"":944.7,""y"":907.3,""t"":131,""outside"":false,""outsidePx"":0},{""x"":954.7,""y"":900.7,""t"":148,""outside"":false,""outsidePx"":0},{""x"":968.7,""y"":891.3,""t"":164,""outside"":false,""outsidePx"":0},{""x"":982.7,""y"":884.7,""t"":181,""outside"":false,""outsidePx"":0},{""x"":996.7,""y"":879.3,""t"":197,""outside"":false,""outsidePx"":0},{""x"":1009.3,""y"":872.7,""t"":214,""outside"":false,""outsidePx"":0},{""x"":1021.3,""y"":867.3,""t"":231,""outside"":false,""outsidePx"":0},{""x"":1037.3,""y"":858.7,""t"":248,""outside"":false,""outsidePx"":0},{""x"":1051.3,""y"":849.3,""t"":264,""outside"":false,""outsidePx"":0},{""x"":1065.3,""y"":842.7,""t"":281,""outside"":false,""outsidePx"":0},{""x"":1079.3,""y"":834,""t"":297,""outside"":false,""outsidePx"":0},{""x"":1093.3,""y"":826.7,""t"":314,""outside"":false,""outsidePx"":0},{""x"":1105.3,""y"":820,""t"":331,""outside"":false,""outsidePx"":0},{""x"":1118,""y"":814.7,""t"":347,""outside"":false,""outsidePx"":0},{""x"":1130,""y"":809.3,""t"":364,""outside"":false,""outsidePx"":0},{""x"":1147.3,""y"":802.7,""t"":381,""outside"":false,""outsidePx"":0},{""x"":1161.3,""y"":797.3,""t"":397,""outside"":false,""outsidePx"":0},{""x"":1175.3,""y"":792,""t"":414,""outside"":false,""outsidePx"":0},{""x"":1188,""y"":784.7,""t"":431,""outside"":false,""outsidePx"":0},{""x"":1200,""y"":779.3,""t"":447,""outside"":false,""outsidePx"":0},{""x"":1217.3,""y"":769.3,""t"":464,""outside"":false,""outsidePx"":0},{""x"":1231.3,""y"":762,""t"":481,""outside"":false,""outsidePx"":0},{""x"":1244,""y"":755.3,""t"":497,""outside"":false,""outsidePx"":0},{""x"":1256,""y"":748,""t"":514,""outside"":false,""outsidePx"":0},{""x"":1264.7,""y"":744.7,""t"":531,""outside"":false,""outsidePx"":0},{""x"":1272,""y"":739.3,""t"":547,""outside"":false,""outsidePx"":0},{""x"":1278.7,""y"":736,""t"":564,""outside"":false,""outsidePx"":0},{""x"":1292.7,""y"":728.7,""t"":581,""outside"":false,""outsidePx"":0},{""x"":1308.7,""y"":720,""t"":597,""outside"":false,""outsidePx"":0},{""x"":1326,""y"":708,""t"":614,""outside"":false,""outsidePx"":0},{""x"":1345.3,""y"":697.3,""t"":631,""outside"":false,""outsidePx"":0},{""x"":1364.7,""y"":685.3,""t"":647,""outside"":false,""outsidePx"":0},{""x"":1382,""y"":674.7,""t"":664,""outside"":false,""outsidePx"":0},{""x"":1401.3,""y"":664,""t"":681,""outside"":false,""outsidePx"":0},{""x"":1418.7,""y"":655.3,""t"":697,""outside"":false,""outsidePx"":0},{""x"":1434.7,""y"":648.7,""t"":714,""outside"":false,""outsidePx"":0},{""x"":1452,""y"":636,""t"":731,""outside"":false,""outsidePx"":0},{""x"":1471.3,""y"":624,""t"":747,""outside"":false,""outsidePx"":0},{""x"":1486.7,""y"":613.3,""t"":764,""outside"":false,""outsidePx"":0},{""x"":1502.7,""y"":602.7,""t"":781,""outside"":false,""outsidePx"":0},{""x"":1514.7,""y"":596,""t"":797,""outside"":false,""outsidePx"":0},{""x"":1525.3,""y"":588.7,""t"":814,""outside"":false,""outsidePx"":0},{""x"":1541.3,""y"":578.7,""t"":830,""outside"":false,""outsidePx"":0},{""x"":1553.3,""y"":571.3,""t"":847,""outside"":false,""outsidePx"":0},{""x"":1567.3,""y"":564.7,""t"":864,""outside"":false,""outsidePx"":0},{""x"":1581.3,""y"":557.3,""t"":881,""outside"":false,""outsidePx"":0},{""x"":1595.3,""y"":548.7,""t"":897,""outside"":false,""outsidePx"":0},{""x"":1608,""y"":541.3,""t"":914,""outside"":false,""outsidePx"":0},{""x"":1630.7,""y"":531.3,""t"":931,""outside"":false,""outsidePx"":0},{""x"":1650,""y"":522.7,""t"":947,""outside"":false,""outsidePx"":0},{""x"":1667.3,""y"":513.3,""t"":964,""outside"":false,""outsidePx"":0},{""x"":1678,""y"":508.7,""t"":981,""outside"":false,""outsidePx"":0},{""x"":1686.7,""y"":504.7,""t"":997,""outside"":false,""outsidePx"":0},{""x"":1692,""y"":501.3,""t"":1014,""outside"":false,""outsidePx"":0},{""x"":1693.3,""y"":501.3,""t"":1079,""outside"":false,""outsidePx"":0},{""x"":1693.3,""y"":499.3,""t"":1131,""outside"":false,""outsidePx"":0}]"
hayashi,main,practice,C3,距離大条件,W固定・A長い,35,675,19.286,3,54,114,114,117,2026-09-29T07:51:42.191Z,2026-09-29T07:51:43.180Z,989,219,,,false,false,pointerup_mid_path,1402.7,662.7,0.6999,true,1,200,4.3,false,"[{""startMs"":426,""startX"":1138.7,""startY"":781.3,""maxOutsidePx"":4.3,""endMs"":626,""endX"":1282,""endY"":700.7,""durationMs"":200}]","[{""x"":885.3,""y"":945.3,""t"":0,""outside"":false,""outsidePx"":0},{""x"":884,""y"":946.7,""t"":10,""outside"":false,""outsidePx"":0},{""x"":882,""y"":950.7,""t"":28,""outside"":false,""outsidePx"":0},{""x"":883.3,""y"":949.3,""t"":107,""outside"":false,""outsidePx"":0},{""x"":884.7,""y"":949.3,""t"":114,""outside"":false,""outsidePx"":0},{""x"":890,""y"":946,""t"":127,""outside"":false,""outsidePx"":0},{""x"":900.7,""y"":938.7,""t"":143,""outside"":false,""outsidePx"":0},{""x"":918,""y"":930,""t"":160,""outside"":false,""outsidePx"":0},{""x"":937.3,""y"":918,""t"":176,""outside"":false,""outsidePx"":0},{""x"":954.7,""y"":907.3,""t"":193,""outside"":false,""outsidePx"":0},{""x"":976,""y"":895.3,""t"":210,""outside"":false,""outsidePx"":0},{""x"":996.7,""y"":881.3,""t"":226,""outside"":false,""outsidePx"":0},{""x"":1016,""y"":867.3,""t"":243,""outside"":false,""outsidePx"":0},{""x"":1034,""y"":854.7,""t"":260,""outside"":false,""outsidePx"":0},{""x"":1048,""y"":844.7,""t"":276,""outside"":false,""outsidePx"":0},{""x"":1056.7,""y"":839.3,""t"":293,""outside"":false,""outsidePx"":0},{""x"":1062,""y"":835.3,""t"":310,""outside"":false,""outsidePx"":0},{""x"":1068.7,""y"":830.7,""t"":326,""outside"":false,""outsidePx"":0},{""x"":1077.3,""y"":821.3,""t"":343,""outside"":false,""outsidePx"":0},{""x"":1090,""y"":812.7,""t"":360,""outside"":false,""outsidePx"":0},{""x"":1104,""y"":802.7,""t"":376,""outside"":false,""outsidePx"":0},{""x"":1118,""y"":793.3,""t"":393,""outside"":false,""outsidePx"":0},{""x"":1130,""y"":786.7,""t"":410,""outside"":false,""outsidePx"":0},{""x"":1138.7,""y"":781.3,""t"":426,""outside"":true,""outsidePx"":0.1},{""x"":1146,""y"":776,""t"":443,""outside"":true,""outsidePx"":1},{""x"":1154.7,""y"":769.3,""t"":460,""outside"":true,""outsidePx"":2.4},{""x"":1164.7,""y"":762,""t"":476,""outside"":true,""outsidePx"":3.8},{""x"":1178.7,""y"":753.3,""t"":493,""outside"":true,""outsidePx"":4.3},{""x"":1191.3,""y"":746.7,""t"":510,""outside"":true,""outsidePx"":3.7},{""x"":1212,""y"":736,""t"":526,""outside"":true,""outsidePx"":2.6},{""x"":1224.7,""y"":728.7,""t"":543,""outside"":true,""outsidePx"":2.7},{""x"":1233.3,""y"":725.3,""t"":560,""outside"":true,""outsidePx"":1.2},{""x"":1242,""y"":720,""t"":576,""outside"":true,""outsidePx"":1.5},{""x"":1252.7,""y"":714.7,""t"":593,""outside"":true,""outsidePx"":0.8},{""x"":1268,""y"":706,""t"":610,""outside"":true,""outsidePx"":0.6},{""x"":1282,""y"":700.7,""t"":626,""outside"":false,""outsidePx"":0},{""x"":1294.7,""y"":695.3,""t"":643,""outside"":false,""outsidePx"":0},{""x"":1306.7,""y"":690.7,""t"":660,""outside"":false,""outsidePx"":0},{""x"":1315.3,""y"":688.7,""t"":677,""outside"":false,""outsidePx"":0},{""x"":1328,""y"":685.3,""t"":693,""outside"":false,""outsidePx"":0},{""x"":1338,""y"":681.3,""t"":710,""outside"":false,""outsidePx"":0},{""x"":1346.7,""y"":680,""t"":726,""outside"":false,""outsidePx"":0},{""x"":1354,""y"":680,""t"":743,""outside"":false,""outsidePx"":0},{""x"":1356,""y"":680,""t"":760,""outside"":false,""outsidePx"":0},{""x"":1357.3,""y"":680,""t"":784,""outside"":false,""outsidePx"":0},{""x"":1359.3,""y"":680,""t"":838,""outside"":false,""outsidePx"":0},{""x"":1360.7,""y"":680,""t"":848,""outside"":false,""outsidePx"":0},{""x"":1364.7,""y"":678,""t"":860,""outside"":false,""outsidePx"":0},{""x"":1373.3,""y"":676.7,""t"":876,""outside"":false,""outsidePx"":0},{""x"":1380,""y"":672.7,""t"":893,""outside"":false,""outsidePx"":0},{""x"":1387.3,""y"":671.3,""t"":910,""outside"":false,""outsidePx"":0},{""x"":1392.7,""y"":667.3,""t"":927,""outside"":false,""outsidePx"":0},{""x"":1399.3,""y"":664,""t"":943,""outside"":false,""outsidePx"":0},{""x"":1402.7,""y"":662.7,""t"":960,""outside"":false,""outsidePx"":0}]"
hayashi,main,practice,C3,距離大条件,W固定・A長い,35,675,19.286,3,54,114,114,118,2026-09-29T07:51:43.754Z,2026-09-29T07:51:44.828Z,1074,170,826,656,true,true,deviation,1678,492.7,1,true,1,51,3,false,"[{""startMs"":596,""startX"":1360.7,""startY"":695.3,""maxOutsidePx"":3,""endMs"":647,""endX"":1402.7,""endY"":669.3,""durationMs"":51}]","[{""x"":875.3,""y"":940,""t"":0,""outside"":false,""outsidePx"":0},{""x"":878,""y"":940,""t"":30,""outside"":false,""outsidePx"":0},{""x"":884.7,""y"":938.7,""t"":46,""outside"":false,""outsidePx"":0},{""x"":894,""y"":935.3,""t"":63,""outside"":false,""outsidePx"":0},{""x"":908,""y"":932,""t"":80,""outside"":false,""outsidePx"":0},{""x"":923.3,""y"":926.7,""t"":97,""outside"":false,""outsidePx"":0},{""x"":939.3,""y"":919.3,""t"":113,""outside"":false,""outsidePx"":0},{""x"":954.7,""y"":914.7,""t"":130,""outside"":false,""outsidePx"":0},{""x"":972.7,""y"":907.3,""t"":147,""outside"":false,""outsidePx"":0},{""x"":986.7,""y"":900.7,""t"":163,""outside"":false,""outsidePx"":0},{""x"":1000.7,""y"":893.3,""t"":180,""outside"":false,""outsidePx"":0},{""x"":1018,""y"":882.7,""t"":197,""outside"":false,""outsidePx"":0},{""x"":1037.3,""y"":876,""t"":213,""outside"":false,""outsidePx"":0},{""x"":1054.7,""y"":867.3,""t"":230,""outside"":false,""outsidePx"":0},{""x"":1072,""y"":860,""t"":246,""outside"":false,""outsidePx"":0},{""x"":1088,""y"":849.3,""t"":264,""outside"":false,""outsidePx"":0},{""x"":1104,""y"":839.3,""t"":280,""outside"":false,""outsidePx"":0},{""x"":1116,""y"":830.7,""t"":296,""outside"":false,""outsidePx"":0},{""x"":1130,""y"":823.3,""t"":313,""outside"":false,""outsidePx"":0},{""x"":1142,""y"":816.7,""t"":330,""outside"":false,""outsidePx"":0},{""x"":1154.7,""y"":809.3,""t"":346,""outside"":false,""outsidePx"":0},{""x"":1164.7,""y"":802.7,""t"":363,""outside"":false,""outsidePx"":0},{""x"":1177.3,""y"":795.3,""t"":380,""outside"":false,""outsidePx"":0},{""x"":1189.3,""y"":786.7,""t"":397,""outside"":false,""outsidePx"":0},{""x"":1203.3,""y"":778,""t"":413,""outside"":false,""outsidePx"":0},{""x"":1217.3,""y"":770.7,""t"":430,""outside"":false,""outsidePx"":0},{""x"":1230,""y"":764,""t"":447,""outside"":false,""outsidePx"":0},{""x"":1244,""y"":758.7,""t"":463,""outside"":false,""outsidePx"":0},{""x"":1256,""y"":751.3,""t"":480,""outside"":false,""outsidePx"":0},{""x"":1266.7,""y"":746.7,""t"":497,""outside"":false,""outsidePx"":0},{""x"":1276.7,""y"":739.3,""t"":513,""outside"":false,""outsidePx"":0},{""x"":1287.3,""y"":732.7,""t"":530,""outside"":false,""outsidePx"":0},{""x"":1301.3,""y"":723.3,""t"":547,""outside"":false,""outsidePx"":0},{""x"":1318.7,""y"":714.7,""t"":564,""outside"":false,""outsidePx"":0},{""x"":1340,""y"":704.7,""t"":580,""outside"":false,""outsidePx"":0},{""x"":1360.7,""y"":695.3,""t"":596,""outside"":true,""outsidePx"":1.5},{""x"":1378.7,""y"":686.7,""t"":613,""outside"":true,""outsidePx"":3},{""x"":1392.7,""y"":678,""t"":630,""outside"":true,""outsidePx"":2.5},{""x"":1402.7,""y"":669.3,""t"":647,""outside"":false,""outsidePx"":0},{""x"":1415.3,""y"":660.7,""t"":663,""outside"":false,""outsidePx"":0},{""x"":1427.3,""y"":652,""t"":680,""outside"":false,""outsidePx"":0},{""x"":1441.3,""y"":639.3,""t"":696,""outside"":false,""outsidePx"":0},{""x"":1462.7,""y"":625.3,""t"":713,""outside"":false,""outsidePx"":0},{""x"":1482,""y"":613.3,""t"":730,""outside"":false,""outsidePx"":0},{""x"":1504.7,""y"":597.3,""t"":746,""outside"":false,""outsidePx"":0},{""x"":1525.3,""y"":585.3,""t"":763,""outside"":false,""outsidePx"":0},{""x"":1542.7,""y"":574.7,""t"":780,""outside"":false,""outsidePx"":0},{""x"":1556.7,""y"":568,""t"":796,""outside"":false,""outsidePx"":0},{""x"":1567.3,""y"":560.7,""t"":813,""outside"":false,""outsidePx"":0},{""x"":1578,""y"":555.3,""t"":830,""outside"":false,""outsidePx"":0},{""x"":1584.7,""y"":550.7,""t"":846,""outside"":false,""outsidePx"":0},{""x"":1595.3,""y"":543.3,""t"":863,""outside"":false,""outsidePx"":0},{""x"":1604,""y"":536.7,""t"":880,""outside"":false,""outsidePx"":0},{""x"":1618,""y"":527.3,""t"":897,""outside"":false,""outsidePx"":0},{""x"":1632,""y"":518.7,""t"":913,""outside"":false,""outsidePx"":0},{""x"":1646,""y"":512,""t"":930,""outside"":false,""outsidePx"":0},{""x"":1658.7,""y"":504.7,""t"":946,""outside"":false,""outsidePx"":0},{""x"":1668.7,""y"":498,""t"":963,""outside"":false,""outsidePx"":0},{""x"":1676,""y"":494.7,""t"":980,""outside"":false,""outsidePx"":0},{""x"":1678,""y"":492.7,""t"":996,""outside"":false,""outsidePx"":0}]"
hayashi,main,practice,C3,距離大条件,W固定・A長い,35,675,19.286,3,55,115,115,119,2026-09-29T07:51:45.476Z,2026-09-29T07:51:46.703Z,1227,170,978,808,true,true,none,1678,490.7,1,false,0,0,0,false,[],"[{""x"":889.3,""y"":957.3,""t"":0,""outside"":false,""outsidePx"":0},{""x"":889.3,""y"":956.7,""t"":10,""outside"":false,""outsidePx"":0},{""x"":890,""y"":952.7,""t"":25,""outside"":false,""outsidePx"":0},{""x"":897.3,""y"":947.3,""t"":41,""outside"":false,""outsidePx"":0},{""x"":906,""y"":942.7,""t"":58,""outside"":false,""outsidePx"":0},{""x"":916.7,""y"":937.3,""t"":75,""outside"":false,""outsidePx"":0},{""x"":930.7,""y"":930,""t"":91,""outside"":false,""outsidePx"":0},{""x"":942.7,""y"":923.3,""t"":108,""outside"":false,""outsidePx"":0},{""x"":954.7,""y"":918,""t"":125,""outside"":false,""outsidePx"":0},{""x"":967.3,""y"":910.7,""t"":142,""outside"":false,""outsidePx"":0},{""x"":981.3,""y"":902,""t"":158,""outside"":false,""outsidePx"":0},{""x"":996.7,""y"":893.3,""t"":175,""outside"":false,""outsidePx"":0},{""x"":1007.3,""y"":886.7,""t"":191,""outside"":false,""outsidePx"":0},{""x"":1014.7,""y"":882.7,""t"":208,""outside"":false,""outsidePx"":0},{""x"":1023.3,""y"":876,""t"":225,""outside"":false,""outsidePx"":0},{""x"":1032,""y"":870.7,""t"":242,""outside"":false,""outsidePx"":0},{""x"":1044,""y"":860,""t"":258,""outside"":false,""outsidePx"":0},{""x"":1058,""y"":849.3,""t"":275,""outside"":false,""outsidePx"":0},{""x"":1070.7,""y"":840.7,""t"":291,""outside"":false,""outsidePx"":0},{""x"":1082.7,""y"":832,""t"":308,""outside"":false,""outsidePx"":0},{""x"":1093.3,""y"":823.3,""t"":325,""outside"":false,""outsidePx"":0},{""x"":1102,""y"":814.7,""t"":342,""outside"":false,""outsidePx"":0},{""x"":1110.7,""y"":809.3,""t"":358,""outside"":false,""outsidePx"":0},{""x"":1119.3,""y"":802.7,""t"":375,""outside"":false,""outsidePx"":0},{""x"":1128,""y"":797.3,""t"":392,""outside"":false,""outsidePx"":0},{""x"":1138.7,""y"":790,""t"":408,""outside"":false,""outsidePx"":0},{""x"":1150.7,""y"":779.3,""t"":425,""outside"":false,""outsidePx"":0},{""x"":1163.3,""y"":772.7,""t"":441,""outside"":false,""outsidePx"":0},{""x"":1175.3,""y"":764,""t"":458,""outside"":false,""outsidePx"":0},{""x"":1188,""y"":756.7,""t"":475,""outside"":false,""outsidePx"":0},{""x"":1200,""y"":750,""t"":492,""outside"":false,""outsidePx"":0},{""x"":1212,""y"":742.7,""t"":508,""outside"":false,""outsidePx"":0},{""x"":1222.7,""y"":736,""t"":525,""outside"":false,""outsidePx"":0},{""x"":1236.7,""y"":728.7,""t"":542,""outside"":false,""outsidePx"":0},{""x"":1250.7,""y"":722,""t"":558,""outside"":false,""outsidePx"":0},{""x"":1264.7,""y"":716.7,""t"":575,""outside"":false,""outsidePx"":0},{""x"":1275.3,""y"":713.3,""t"":591,""outside"":false,""outsidePx"":0},{""x"":1286,""y"":708,""t"":608,""outside"":false,""outsidePx"":0},{""x"":1296,""y"":704.7,""t"":625,""outside"":false,""outsidePx"":0},{""x"":1303.3,""y"":700.7,""t"":641,""outside"":false,""outsidePx"":0},{""x"":1312,""y"":695.3,""t"":658,""outside"":false,""outsidePx"":0},{""x"":1326,""y"":690.7,""t"":675,""outside"":false,""outsidePx"":0},{""x"":1338,""y"":683.3,""t"":691,""outside"":false,""outsidePx"":0},{""x"":1350.7,""y"":676.7,""t"":708,""outside"":false,""outsidePx"":0},{""x"":1362.7,""y"":669.3,""t"":725,""outside"":false,""outsidePx"":0},{""x"":1374.7,""y"":664,""t"":741,""outside"":false,""outsidePx"":0},{""x"":1385.3,""y"":657.3,""t"":758,""outside"":false,""outsidePx"":0},{""x"":1396,""y"":652,""t"":775,""outside"":false,""outsidePx"":0},{""x"":1404.7,""y"":644.7,""t"":791,""outside"":false,""outsidePx"":0},{""x"":1413.3,""y"":639.3,""t"":808,""outside"":false,""outsidePx"":0},{""x"":1424,""y"":630.7,""t"":825,""outside"":false,""outsidePx"":0},{""x"":1438,""y"":622,""t"":841,""outside"":false,""outsidePx"":0},{""x"":1455.3,""y"":611.3,""t"":858,""outside"":false,""outsidePx"":0},{""x"":1476.7,""y"":597.3,""t"":875,""outside"":false,""outsidePx"":0},{""x"":1497.3,""y"":587.3,""t"":891,""outside"":false,""outsidePx"":0},{""x"":1514.7,""y"":578.7,""t"":908,""outside"":false,""outsidePx"":0},{""x"":1527.3,""y"":571.3,""t"":925,""outside"":false,""outsidePx"":0},{""x"":1538,""y"":566,""t"":941,""outside"":false,""outsidePx"":0},{""x"":1550,""y"":560.7,""t"":958,""outside"":false,""outsidePx"":0},{""x"":1566,""y"":550.7,""t"":975,""outside"":false,""outsidePx"":0},{""x"":1586.7,""y"":538,""t"":991,""outside"":false,""outsidePx"":0},{""x"":1608,""y"":526,""t"":1008,""outside"":false,""outsidePx"":0},{""x"":1626.7,""y"":515.3,""t"":1024,""outside"":false,""outsidePx"":0},{""x"":1639.3,""y"":510,""t"":1041,""outside"":false,""outsidePx"":0},{""x"":1646,""y"":506.7,""t"":1058,""outside"":false,""outsidePx"":0},{""x"":1648,""y"":504.7,""t"":1075,""outside"":false,""outsidePx"":0},{""x"":1651.3,""y"":503.3,""t"":1091,""outside"":false,""outsidePx"":0},{""x"":1654.7,""y"":501.3,""t"":1108,""outside"":false,""outsidePx"":0},{""x"":1664,""y"":498,""t"":1125,""outside"":false,""outsidePx"":0},{""x"":1672.7,""y"":492.7,""t"":1141,""outside"":false,""outsidePx"":0},{""x"":1676,""y"":490.7,""t"":1158,""outside"":false,""outsidePx"":0},{""x"":1678,""y"":490.7,""t"":1175,""outside"":false,""outsidePx"":0}]"
hayashi,main,practice,C3,距離大条件,W固定・A長い,35,675,19.286,3,56,116,116,120,2026-09-29T07:51:47.342Z,2026-09-29T07:51:48.618Z,1277,193,1006,813,true,true,none,1664,499.3,1,false,0,0,0,false,[],"[{""x"":889.3,""y"":932.7,""t"":0,""outside"":false,""outsidePx"":0},{""x"":890,""y"":932.7,""t"":64,""outside"":false,""outsidePx"":0},{""x"":892,""y"":932,""t"":75,""outside"":false,""outsidePx"":0},{""x"":902.7,""y"":928.7,""t"":92,""outside"":false,""outsidePx"":0},{""x"":918,""y"":921.3,""t"":108,""outside"":false,""outsidePx"":0},{""x"":936,""y"":914.7,""t"":125,""outside"":false,""outsidePx"":0},{""x"":951.3,""y"":907.3,""t"":142,""outside"":false,""outsidePx"":0},{""x"":967.3,""y"":896.7,""t"":158,""outside"":false,""outsidePx"":0},{""x"":976,""y"":891.3,""t"":175,""outside"":false,""outsidePx"":0},{""x"":984.7,""y"":884.7,""t"":192,""outside"":false,""outsidePx"":0},{""x"":993.3,""y"":879.3,""t"":208,""outside"":false,""outsidePx"":0},{""x"":1007.3,""y"":870.7,""t"":225,""outside"":false,""outsidePx"":0},{""x"":1024.7,""y"":862,""t"":242,""outside"":false,""outsidePx"":0},{""x"":1038.7,""y"":854.7,""t"":258,""outside"":false,""outsidePx"":0},{""x"":1051.3,""y"":848,""t"":275,""outside"":false,""outsidePx"":0},{""x"":1063.3,""y"":842.7,""t"":292,""outside"":false,""outsidePx"":0},{""x"":1070.7,""y"":837.3,""t"":308,""outside"":false,""outsidePx"":0},{""x"":1076,""y"":834,""t"":325,""outside"":false,""outsidePx"":0},{""x"":1088,""y"":825.3,""t"":342,""outside"":false,""outsidePx"":0},{""x"":1102,""y"":816.7,""t"":358,""outside"":false,""outsidePx"":0},{""x"":1118,""y"":807.3,""t"":375,""outside"":false,""outsidePx"":0},{""x"":1130,""y"":800.7,""t"":392,""outside"":false,""outsidePx"":0},{""x"":1140.7,""y"":795.3,""t"":408,""outside"":false,""outsidePx"":0},{""x"":1150.7,""y"":788.7,""t"":425,""outside"":false,""outsidePx"":0},{""x"":1161.3,""y"":783.3,""t"":442,""outside"":false,""outsidePx"":0},{""x"":1172,""y"":778,""t"":458,""outside"":false,""outsidePx"":0},{""x"":1186,""y"":769.3,""t"":475,""outside"":false,""outsidePx"":0},{""x"":1200,""y"":762,""t"":492,""outside"":false,""outsidePx"":0},{""x"":1212,""y"":755.3,""t"":508,""outside"":false,""outsidePx"":0},{""x"":1228,""y"":748,""t"":525,""outside"":false,""outsidePx"":0},{""x"":1244,""y"":742.7,""t"":541,""outside"":false,""outsidePx"":0},{""x"":1258,""y"":737.3,""t"":558,""outside"":false,""outsidePx"":0},{""x"":1268,""y"":734,""t"":575,""outside"":false,""outsidePx"":0},{""x"":1276.7,""y"":730.7,""t"":592,""outside"":false,""outsidePx"":0},{""x"":1286,""y"":727.3,""t"":608,""outside"":false,""outsidePx"":0},{""x"":1298,""y"":722,""t"":626,""outside"":false,""outsidePx"":0},{""x"":1315.3,""y"":713.3,""t"":642,""outside"":false,""outsidePx"":0},{""x"":1334.7,""y"":702.7,""t"":658,""outside"":false,""outsidePx"":0},{""x"":1350.7,""y"":694,""t"":675,""outside"":false,""outsidePx"":0},{""x"":1366,""y"":686.7,""t"":691,""outside"":false,""outsidePx"":0},{""x"":1376.7,""y"":683.3,""t"":708,""outside"":false,""outsidePx"":0},{""x"":1384,""y"":680,""t"":725,""outside"":false,""outsidePx"":0},{""x"":1388.7,""y"":676.7,""t"":742,""outside"":false,""outsidePx"":0},{""x"":1398,""y"":671.3,""t"":758,""outside"":false,""outsidePx"":0},{""x"":1408,""y"":666,""t"":775,""outside"":false,""outsidePx"":0},{""x"":1422,""y"":657.3,""t"":791,""outside"":false,""outsidePx"":0},{""x"":1434.7,""y"":648.7,""t"":808,""outside"":false,""outsidePx"":0},{""x"":1446.7,""y"":641.3,""t"":825,""outside"":false,""outsidePx"":0},{""x"":1457.3,""y"":634.7,""t"":842,""outside"":false,""outsidePx"":0},{""x"":1466,""y"":627.3,""t"":859,""outside"":false,""outsidePx"":0},{""x"":1476.7,""y"":620.7,""t"":875,""outside"":false,""outsidePx"":0},{""x"":1486.7,""y"":613.3,""t"":891,""outside"":false,""outsidePx"":0},{""x"":1499.3,""y"":602.7,""t"":908,""outside"":false,""outsidePx"":0},{""x"":1511.3,""y"":596,""t"":925,""outside"":false,""outsidePx"":0},{""x"":1522,""y"":585.3,""t"":942,""outside"":false,""outsidePx"":0},{""x"":1532.7,""y"":576.7,""t"":958,""outside"":false,""outsidePx"":0},{""x"":1542.7,""y"":568,""t"":975,""outside"":false,""outsidePx"":0},{""x"":1558.7,""y"":557.3,""t"":991,""outside"":false,""outsidePx"":0},{""x"":1572.7,""y"":546.7,""t"":1008,""outside"":false,""outsidePx"":0},{""x"":1588.7,""y"":536.7,""t"":1025,""outside"":false,""outsidePx"":0},{""x"":1600.7,""y"":529.3,""t"":1041,""outside"":false,""outsidePx"":0},{""x"":1609.3,""y"":524,""t"":1058,""outside"":false,""outsidePx"":0},{""x"":1620,""y"":518.7,""t"":1075,""outside"":false,""outsidePx"":0},{""x"":1628.7,""y"":515.3,""t"":1091,""outside"":false,""outsidePx"":0},{""x"":1636,""y"":510,""t"":1108,""outside"":false,""outsidePx"":0},{""x"":1642.7,""y"":506.7,""t"":1125,""outside"":false,""outsidePx"":0},{""x"":1650,""y"":504.7,""t"":1141,""outside"":false,""outsidePx"":0},{""x"":1653.3,""y"":503.3,""t"":1159,""outside"":false,""outsidePx"":0},{""x"":1658.7,""y"":501.3,""t"":1175,""outside"":false,""outsidePx"":0},{""x"":1662,""y"":499.3,""t"":1192,""outside"":false,""outsidePx"":0},{""x"":1664,""y"":499.3,""t"":1208,""outside"":false,""outsidePx"":0}]"
hayashi,main,practice,C3,距離大条件,W固定・A長い,35,675,19.286,3,57,117,117,121,2026-09-29T07:51:49.320Z,2026-09-29T07:51:50.534Z,1214,172,916,744,true,true,none,1702,490.7,1,false,0,0,0,false,[],"[{""x"":882,""y"":954,""t"":0,""outside"":false,""outsidePx"":0},{""x"":883.3,""y"":951.3,""t"":64,""outside"":false,""outsidePx"":0},{""x"":894,""y"":946,""t"":80,""outside"":false,""outsidePx"":0},{""x"":908,""y"":937.3,""t"":96,""outside"":false,""outsidePx"":0},{""x"":922,""y"":928.7,""t"":113,""outside"":false,""outsidePx"":0},{""x"":936,""y"":919.3,""t"":130,""outside"":false,""outsidePx"":0},{""x"":951.3,""y"":909.3,""t"":146,""outside"":false,""outsidePx"":0},{""x"":974,""y"":895.3,""t"":163,""outside"":false,""outsidePx"":0},{""x"":996.7,""y"":881.3,""t"":179,""outside"":false,""outsidePx"":0},{""x"":1016,""y"":870.7,""t"":196,""outside"":false,""outsidePx"":0},{""x"":1028.7,""y"":863.3,""t"":213,""outside"":false,""outsidePx"":0},{""x"":1038.7,""y"":858.7,""t"":230,""outside"":false,""outsidePx"":0},{""x"":1048,""y"":853.3,""t"":246,""outside"":false,""outsidePx"":0},{""x"":1056.7,""y"":848,""t"":263,""outside"":false,""outsidePx"":0},{""x"":1066.7,""y"":840.7,""t"":280,""outside"":false,""outsidePx"":0},{""x"":1077.3,""y"":835.3,""t"":296,""outside"":false,""outsidePx"":0},{""x"":1088,""y"":828.7,""t"":313,""outside"":false,""outsidePx"":0},{""x"":1096.7,""y"":825.3,""t"":330,""outside"":false,""outsidePx"":0},{""x"":1102,""y"":820,""t"":346,""outside"":false,""outsidePx"":0},{""x"":1110.7,""y"":812.7,""t"":363,""outside"":false,""outsidePx"":0},{""x"":1124.7,""y"":804,""t"":380,""outside"":false,""outsidePx"":0},{""x"":1138.7,""y"":795.3,""t"":396,""outside"":false,""outsidePx"":0},{""x"":1149.3,""y"":788.7,""t"":413,""outside"":false,""outsidePx"":0},{""x"":1158,""y"":783.3,""t"":430,""outside"":false,""outsidePx"":0},{""x"":1166.7,""y"":778,""t"":446,""outside"":false,""outsidePx"":0},{""x"":1175.3,""y"":772.7,""t"":463,""outside"":false,""outsidePx"":0},{""x"":1186,""y"":765.3,""t"":479,""outside"":false,""outsidePx"":0},{""x"":1200,""y"":756.7,""t"":496,""outside"":false,""outsidePx"":0},{""x"":1212,""y"":751.3,""t"":513,""outside"":false,""outsidePx"":0},{""x"":1220.7,""y"":746.7,""t"":529,""outside"":false,""outsidePx"":0},{""x"":1231.3,""y"":741.3,""t"":546,""outside"":false,""outsidePx"":0},{""x"":1242,""y"":736,""t"":563,""outside"":false,""outsidePx"":0},{""x"":1256,""y"":728.7,""t"":580,""outside"":false,""outsidePx"":0},{""x"":1270,""y"":723.3,""t"":596,""outside"":false,""outsidePx"":0},{""x"":1284,""y"":716.7,""t"":613,""outside"":false,""outsidePx"":0},{""x"":1298,""y"":709.3,""t"":630,""outside"":false,""outsidePx"":0},{""x"":1312,""y"":702.7,""t"":646,""outside"":false,""outsidePx"":0},{""x"":1326,""y"":695.3,""t"":663,""outside"":false,""outsidePx"":0},{""x"":1342,""y"":686.7,""t"":680,""outside"":false,""outsidePx"":0},{""x"":1359.3,""y"":676.7,""t"":696,""outside"":false,""outsidePx"":0},{""x"":1373.3,""y"":669.3,""t"":713,""outside"":false,""outsidePx"":0},{""x"":1384,""y"":664,""t"":729,""outside"":false,""outsidePx"":0},{""x"":1394,""y"":657.3,""t"":746,""outside"":false,""outsidePx"":0},{""x"":1404.7,""y"":650,""t"":763,""outside"":false,""outsidePx"":0},{""x"":1416.7,""y"":643.3,""t"":780,""outside"":false,""outsidePx"":0},{""x"":1432.7,""y"":634.7,""t"":796,""outside"":false,""outsidePx"":0},{""x"":1452,""y"":622,""t"":813,""outside"":false,""outsidePx"":0},{""x"":1468,""y"":611.3,""t"":830,""outside"":false,""outsidePx"":0},{""x"":1485.3,""y"":602.7,""t"":846,""outside"":false,""outsidePx"":0},{""x"":1499.3,""y"":594,""t"":863,""outside"":false,""outsidePx"":0},{""x"":1520,""y"":583.3,""t"":879,""outside"":false,""outsidePx"":0},{""x"":1546.7,""y"":571.3,""t"":896,""outside"":false,""outsidePx"":0},{""x"":1570.7,""y"":559.3,""t"":913,""outside"":false,""outsidePx"":0},{""x"":1592,""y"":548.7,""t"":929,""outside"":false,""outsidePx"":0},{""x"":1608,""y"":541.3,""t"":946,""outside"":false,""outsidePx"":0},{""x"":1616.7,""y"":538,""t"":963,""outside"":false,""outsidePx"":0},{""x"":1622,""y"":534.7,""t"":979,""outside"":false,""outsidePx"":0},{""x"":1628.7,""y"":529.3,""t"":996,""outside"":false,""outsidePx"":0},{""x"":1640.7,""y"":524,""t"":1013,""outside"":false,""outsidePx"":0},{""x"":1653.3,""y"":518.7,""t"":1029,""outside"":false,""outsidePx"":0},{""x"":1664,""y"":513.3,""t"":1046,""outside"":false,""outsidePx"":0},{""x"":1672.7,""y"":508.7,""t"":1063,""outside"":false,""outsidePx"":0},{""x"":1681.3,""y"":503.3,""t"":1080,""outside"":false,""outsidePx"":0},{""x"":1693.3,""y"":498,""t"":1097,""outside"":false,""outsidePx"":0},{""x"":1698.7,""y"":492.7,""t"":1113,""outside"":false,""outsidePx"":0},{""x"":1702,""y"":490.7,""t"":1129,""outside"":false,""outsidePx"":0}]"
hayashi,main,practice,C3,距離大条件,W固定・A長い,35,675,19.286,3,58,118,118,122,2026-09-29T07:51:51.269Z,2026-09-29T07:51:52.463Z,1194,207,893,686,true,true,none,1716,485.3,1,false,0,0,0,false,[],"[{""x"":884,""y"":959.3,""t"":0,""outside"":false,""outsidePx"":0},{""x"":884.7,""y"":959.3,""t"":36,""outside"":false,""outsidePx"":0},{""x"":886.7,""y"":958,""t"":47,""outside"":false,""outsidePx"":0},{""x"":892,""y"":954.7,""t"":64,""outside"":false,""outsidePx"":0},{""x"":898.7,""y"":949.3,""t"":81,""outside"":false,""outsidePx"":0},{""x"":908,""y"":944,""t"":97,""outside"":false,""outsidePx"":0},{""x"":918,""y"":937.3,""t"":114,""outside"":false,""outsidePx"":0},{""x"":934,""y"":928.7,""t"":131,""outside"":false,""outsidePx"":0},{""x"":948,""y"":921.3,""t"":147,""outside"":false,""outsidePx"":0},{""x"":962,""y"":910.7,""t"":164,""outside"":false,""outsidePx"":0},{""x"":972.7,""y"":904,""t"":180,""outside"":false,""outsidePx"":0},{""x"":982.7,""y"":895.3,""t"":197,""outside"":false,""outsidePx"":0},{""x"":993.3,""y"":888,""t"":214,""outside"":false,""outsidePx"":0},{""x"":1004,""y"":882.7,""t"":231,""outside"":false,""outsidePx"":0},{""x"":1016,""y"":876,""t"":247,""outside"":false,""outsidePx"":0},{""x"":1024.7,""y"":870.7,""t"":264,""outside"":false,""outsidePx"":0},{""x"":1034,""y"":867.3,""t"":281,""outside"":false,""outsidePx"":0},{""x"":1040.7,""y"":863.3,""t"":298,""outside"":false,""outsidePx"":0},{""x"":1051.3,""y"":856.7,""t"":314,""outside"":false,""outsidePx"":0},{""x"":1063.3,""y"":849.3,""t"":331,""outside"":false,""outsidePx"":0},{""x"":1082.7,""y"":839.3,""t"":347,""outside"":false,""outsidePx"":0},{""x"":1094.7,""y"":832,""t"":364,""outside"":false,""outsidePx"":0},{""x"":1105.3,""y"":826.7,""t"":381,""outside"":false,""outsidePx"":0},{""x"":1112.7,""y"":823.3,""t"":397,""outside"":false,""outsidePx"":0},{""x"":1119.3,""y"":818,""t"":414,""outside"":false,""outsidePx"":0},{""x"":1133.3,""y"":811.3,""t"":430,""outside"":false,""outsidePx"":0},{""x"":1150.7,""y"":798.7,""t"":447,""outside"":false,""outsidePx"":0},{""x"":1166.7,""y"":790,""t"":464,""outside"":false,""outsidePx"":0},{""x"":1186,""y"":779.3,""t"":480,""outside"":false,""outsidePx"":0},{""x"":1200,""y"":772.7,""t"":497,""outside"":false,""outsidePx"":0},{""x"":1210.7,""y"":767.3,""t"":514,""outside"":false,""outsidePx"":0},{""x"":1222.7,""y"":760.7,""t"":530,""outside"":false,""outsidePx"":0},{""x"":1231.3,""y"":753.3,""t"":547,""outside"":false,""outsidePx"":0},{""x"":1245.3,""y"":746.7,""t"":564,""outside"":false,""outsidePx"":0},{""x"":1259.3,""y"":737.3,""t"":580,""outside"":false,""outsidePx"":0},{""x"":1275.3,""y"":728.7,""t"":597,""outside"":false,""outsidePx"":0},{""x"":1296,""y"":718.7,""t"":614,""outside"":false,""outsidePx"":0},{""x"":1320.7,""y"":706,""t"":630,""outside"":false,""outsidePx"":0},{""x"":1345.3,""y"":695.3,""t"":647,""outside"":false,""outsidePx"":0},{""x"":1366,""y"":685.3,""t"":664,""outside"":false,""outsidePx"":0},{""x"":1382,""y"":676.7,""t"":680,""outside"":false,""outsidePx"":0},{""x"":1392.7,""y"":671.3,""t"":697,""outside"":false,""outsidePx"":0},{""x"":1402.7,""y"":664,""t"":714,""outside"":false,""outsidePx"":0},{""x"":1418.7,""y"":653.3,""t"":730,""outside"":false,""outsidePx"":0},{""x"":1438,""y"":641.3,""t"":747,""outside"":false,""outsidePx"":0},{""x"":1457.3,""y"":630.7,""t"":764,""outside"":false,""outsidePx"":0},{""x"":1471.3,""y"":624,""t"":780,""outside"":false,""outsidePx"":0},{""x"":1483.3,""y"":618.7,""t"":797,""outside"":false,""outsidePx"":0},{""x"":1494,""y"":611.3,""t"":814,""outside"":false,""outsidePx"":0},{""x"":1506,""y"":604.7,""t"":831,""outside"":false,""outsidePx"":0},{""x"":1524,""y"":594,""t"":847,""outside"":false,""outsidePx"":0},{""x"":1542.7,""y"":582,""t"":864,""outside"":false,""outsidePx"":0},{""x"":1566,""y"":571.3,""t"":880,""outside"":false,""outsidePx"":0},{""x"":1583.3,""y"":560.7,""t"":897,""outside"":false,""outsidePx"":0},{""x"":1594,""y"":554,""t"":914,""outside"":false,""outsidePx"":0},{""x"":1602.7,""y"":550.7,""t"":930,""outside"":false,""outsidePx"":0},{""x"":1612.7,""y"":541.3,""t"":948,""outside"":false,""outsidePx"":0},{""x"":1625.3,""y"":534.7,""t"":964,""outside"":false,""outsidePx"":0},{""x"":1637.3,""y"":527.3,""t"":980,""outside"":false,""outsidePx"":0},{""x"":1648,""y"":520.7,""t"":997,""outside"":false,""outsidePx"":0},{""x"":1658.7,""y"":515.3,""t"":1014,""outside"":false,""outsidePx"":0},{""x"":1668.7,""y"":510,""t"":1030,""outside"":false,""outsidePx"":0},{""x"":1679.3,""y"":503.3,""t"":1047,""outside"":false,""outsidePx"":0},{""x"":1688,""y"":498,""t"":1064,""outside"":false,""outsidePx"":0},{""x"":1698.7,""y"":494.7,""t"":1080,""outside"":false,""outsidePx"":0},{""x"":1709.3,""y"":489.3,""t"":1097,""outside"":false,""outsidePx"":0},{""x"":1714.7,""y"":485.3,""t"":1114,""outside"":false,""outsidePx"":0},{""x"":1716,""y"":485.3,""t"":1130,""outside"":false,""outsidePx"":0}]"
hayashi,main,practice,C3,距離大条件,W固定・A長い,35,675,19.286,3,59,119,119,123,2026-09-29T07:51:53.053Z,2026-09-29T07:51:54.151Z,1098,176,846,670,true,true,none,1679.3,476.7,1,false,0,0,0,false,[],"[{""x"":873.3,""y"":943.3,""t"":0,""outside"":false,""outsidePx"":0},{""x"":876,""y"":942.7,""t"":30,""outside"":false,""outsidePx"":0},{""x"":883.3,""y"":937.3,""t"":46,""outside"":false,""outsidePx"":0},{""x"":890,""y"":933.3,""t"":63,""outside"":false,""outsidePx"":0},{""x"":900.7,""y"":926.7,""t"":79,""outside"":false,""outsidePx"":0},{""x"":912.7,""y"":921.3,""t"":96,""outside"":false,""outsidePx"":0},{""x"":930.7,""y"":912.7,""t"":113,""outside"":false,""outsidePx"":0},{""x"":948,""y"":905.3,""t"":130,""outside"":false,""outsidePx"":0},{""x"":965.3,""y"":898.7,""t"":146,""outside"":false,""outsidePx"":0},{""x"":978,""y"":891.3,""t"":163,""outside"":false,""outsidePx"":0},{""x"":990,""y"":888,""t"":180,""outside"":false,""outsidePx"":0},{""x"":998.7,""y"":882.7,""t"":196,""outside"":false,""outsidePx"":0},{""x"":1009.3,""y"":877.3,""t"":213,""outside"":false,""outsidePx"":0},{""x"":1020,""y"":872.7,""t"":230,""outside"":false,""outsidePx"":0},{""x"":1034,""y"":865.3,""t"":246,""outside"":false,""outsidePx"":0},{""x"":1049.3,""y"":856.7,""t"":263,""outside"":false,""outsidePx"":0},{""x"":1063.3,""y"":849.3,""t"":280,""outside"":false,""outsidePx"":0},{""x"":1082.7,""y"":842.7,""t"":296,""outside"":false,""outsidePx"":0},{""x"":1100,""y"":832,""t"":313,""outside"":false,""outsidePx"":0},{""x"":1116,""y"":821.3,""t"":329,""outside"":false,""outsidePx"":0},{""x"":1130,""y"":812.7,""t"":346,""outside"":false,""outsidePx"":0},{""x"":1142,""y"":806,""t"":363,""outside"":false,""outsidePx"":0},{""x"":1156,""y"":795.3,""t"":379,""outside"":false,""outsidePx"":0},{""x"":1172,""y"":786.7,""t"":396,""outside"":false,""outsidePx"":0},{""x"":1186,""y"":778,""t"":413,""outside"":false,""outsidePx"":0},{""x"":1198,""y"":770.7,""t"":429,""outside"":false,""outsidePx"":0},{""x"":1212,""y"":762,""t"":446,""outside"":false,""outsidePx"":0},{""x"":1224.7,""y"":755.3,""t"":463,""outside"":false,""outsidePx"":0},{""x"":1238.7,""y"":746.7,""t"":480,""outside"":false,""outsidePx"":0},{""x"":1256,""y"":737.3,""t"":496,""outside"":false,""outsidePx"":0},{""x"":1268,""y"":728.7,""t"":513,""outside"":false,""outsidePx"":0},{""x"":1278.7,""y"":720,""t"":529,""outside"":false,""outsidePx"":0},{""x"":1289.3,""y"":713.3,""t"":546,""outside"":false,""outsidePx"":0},{""x"":1303.3,""y"":702.7,""t"":563,""outside"":false,""outsidePx"":0},{""x"":1322.7,""y"":688.7,""t"":579,""outside"":false,""outsidePx"":0},{""x"":1343.3,""y"":676.7,""t"":596,""outside"":false,""outsidePx"":0},{""x"":1357.3,""y"":667.3,""t"":613,""outside"":false,""outsidePx"":0},{""x"":1373.3,""y"":658.7,""t"":629,""outside"":false,""outsidePx"":0},{""x"":1387.3,""y"":650,""t"":646,""outside"":false,""outsidePx"":0},{""x"":1398,""y"":641.3,""t"":663,""outside"":false,""outsidePx"":0},{""x"":1415.3,""y"":630.7,""t"":679,""outside"":false,""outsidePx"":0},{""x"":1436,""y"":620.7,""t"":696,""outside"":false,""outsidePx"":0},{""x"":1455.3,""y"":608,""t"":713,""outside"":false,""outsidePx"":0},{""x"":1480,""y"":592.7,""t"":729,""outside"":false,""outsidePx"":0},{""x"":1499.3,""y"":580,""t"":746,""outside"":false,""outsidePx"":0},{""x"":1513.3,""y"":573.3,""t"":763,""outside"":false,""outsidePx"":0},{""x"":1524,""y"":566,""t"":779,""outside"":false,""outsidePx"":0},{""x"":1532.7,""y"":560.7,""t"":796,""outside"":false,""outsidePx"":0},{""x"":1541.3,""y"":555.3,""t"":813,""outside"":false,""outsidePx"":0},{""x"":1552,""y"":548.7,""t"":829,""outside"":false,""outsidePx"":0},{""x"":1566,""y"":540,""t"":846,""outside"":false,""outsidePx"":0},{""x"":1578,""y"":532.7,""t"":863,""outside"":false,""outsidePx"":0},{""x"":1592,""y"":526,""t"":879,""outside"":false,""outsidePx"":0},{""x"":1608,""y"":517.3,""t"":896,""outside"":false,""outsidePx"":0},{""x"":1620,""y"":510,""t"":913,""outside"":false,""outsidePx"":0},{""x"":1630.7,""y"":504.7,""t"":929,""outside"":false,""outsidePx"":0},{""x"":1642.7,""y"":499.3,""t"":946,""outside"":false,""outsidePx"":0},{""x"":1653.3,""y"":492.7,""t"":963,""outside"":false,""outsidePx"":0},{""x"":1664,""y"":485.3,""t"":979,""outside"":false,""outsidePx"":0},{""x"":1674,""y"":480.7,""t"":996,""outside"":false,""outsidePx"":0},{""x"":1679.3,""y"":476.7,""t"":1013,""outside"":false,""outsidePx"":0}]"
hayashi,main,practice,C3,距離大条件,W固定・A長い,35,675,19.286,3,60,120,120,124,2026-09-29T07:51:54.747Z,2026-09-29T07:51:55.867Z,1120,199,772,573,true,true,none,1681.3,475.3,1,false,0,0,0,false,[],"[{""x"":890.7,""y"":948.7,""t"":0,""outside"":false,""outsidePx"":0},{""x"":889.3,""y"":948.7,""t"":2,""outside"":false,""outsidePx"":0},{""x"":887.3,""y"":948.7,""t"":69,""outside"":false,""outsidePx"":0},{""x"":887.3,""y"":947.3,""t"":90,""outside"":false,""outsidePx"":0},{""x"":888.7,""y"":946,""t"":102,""outside"":false,""outsidePx"":0},{""x"":897.3,""y"":940.7,""t"":119,""outside"":false,""outsidePx"":0},{""x"":914.7,""y"":930,""t"":135,""outside"":false,""outsidePx"":0},{""x"":936,""y"":919.3,""t"":152,""outside"":false,""outsidePx"":0},{""x"":956.7,""y"":909.3,""t"":168,""outside"":false,""outsidePx"":0},{""x"":974,""y"":900.7,""t"":185,""outside"":false,""outsidePx"":0},{""x"":992,""y"":890,""t"":202,""outside"":false,""outsidePx"":0},{""x"":1012.7,""y"":876,""t"":218,""outside"":false,""outsidePx"":0},{""x"":1035.3,""y"":862,""t"":235,""outside"":false,""outsidePx"":0},{""x"":1060,""y"":846,""t"":252,""outside"":false,""outsidePx"":0},{""x"":1084.7,""y"":832,""t"":268,""outside"":false,""outsidePx"":0},{""x"":1105.3,""y"":821.3,""t"":285,""outside"":false,""outsidePx"":0},{""x"":1121.3,""y"":812.7,""t"":302,""outside"":false,""outsidePx"":0},{""x"":1135.3,""y"":806,""t"":318,""outside"":false,""outsidePx"":0},{""x"":1147.3,""y"":798.7,""t"":335,""outside"":false,""outsidePx"":0},{""x"":1160,""y"":792,""t"":352,""outside"":false,""outsidePx"":0},{""x"":1178.7,""y"":783.3,""t"":368,""outside"":false,""outsidePx"":0},{""x"":1200,""y"":772.7,""t"":385,""outside"":false,""outsidePx"":0},{""x"":1220.7,""y"":762,""t"":402,""outside"":false,""outsidePx"":0},{""x"":1244,""y"":751.3,""t"":418,""outside"":false,""outsidePx"":0},{""x"":1261.3,""y"":742.7,""t"":435,""outside"":false,""outsidePx"":0},{""x"":1276.7,""y"":736,""t"":452,""outside"":false,""outsidePx"":0},{""x"":1292.7,""y"":727.3,""t"":468,""outside"":false,""outsidePx"":0},{""x"":1304.7,""y"":720,""t"":485,""outside"":false,""outsidePx"":0},{""x"":1322.7,""y"":708,""t"":502,""outside"":false,""outsidePx"":0},{""x"":1343.3,""y"":695.3,""t"":519,""outside"":false,""outsidePx"":0},{""x"":1362.7,""y"":686.7,""t"":535,""outside"":false,""outsidePx"":0},{""x"":1382,""y"":678,""t"":552,""outside"":false,""outsidePx"":0},{""x"":1398,""y"":671.3,""t"":569,""outside"":false,""outsidePx"":0},{""x"":1408,""y"":664,""t"":585,""outside"":false,""outsidePx"":0},{""x"":1416.7,""y"":657.3,""t"":602,""outside"":false,""outsidePx"":0},{""x"":1426,""y"":648.7,""t"":619,""outside"":false,""outsidePx"":0},{""x"":1440,""y"":638,""t"":635,""outside"":false,""outsidePx"":0},{""x"":1455.3,""y"":627.3,""t"":652,""outside"":false,""outsidePx"":0},{""x"":1476.7,""y"":615.3,""t"":668,""outside"":false,""outsidePx"":0},{""x"":1499.3,""y"":599.3,""t"":685,""outside"":false,""outsidePx"":0},{""x"":1516.7,""y"":587.3,""t"":702,""outside"":false,""outsidePx"":0},{""x"":1528.7,""y"":580,""t"":718,""outside"":false,""outsidePx"":0},{""x"":1541.3,""y"":571.3,""t"":735,""outside"":false,""outsidePx"":0},{""x"":1553.3,""y"":560.7,""t"":752,""outside"":false,""outsidePx"":0},{""x"":1567.3,""y"":550.7,""t"":768,""outside"":false,""outsidePx"":0},{""x"":1583.3,""y"":538,""t"":785,""outside"":false,""outsidePx"":0},{""x"":1595.3,""y"":527.3,""t"":802,""outside"":false,""outsidePx"":0},{""x"":1604,""y"":520.7,""t"":818,""outside"":false,""outsidePx"":0},{""x"":1612.7,""y"":515.3,""t"":835,""outside"":false,""outsidePx"":0},{""x"":1622,""y"":508.7,""t"":852,""outside"":false,""outsidePx"":0},{""x"":1630.7,""y"":503.3,""t"":868,""outside"":false,""outsidePx"":0},{""x"":1639.3,""y"":498,""t"":885,""outside"":false,""outsidePx"":0},{""x"":1648,""y"":494.7,""t"":902,""outside"":false,""outsidePx"":0},{""x"":1650,""y"":492.7,""t"":919,""outside"":false,""outsidePx"":0},{""x"":1653.3,""y"":490.7,""t"":935,""outside"":false,""outsidePx"":0},{""x"":1654.7,""y"":489.3,""t"":952,""outside"":false,""outsidePx"":0},{""x"":1658.7,""y"":487.3,""t"":968,""outside"":false,""outsidePx"":0},{""x"":1662,""y"":485.3,""t"":985,""outside"":false,""outsidePx"":0},{""x"":1664,""y"":484,""t"":1002,""outside"":false,""outsidePx"":0},{""x"":1665.3,""y"":484,""t"":1019,""outside"":false,""outsidePx"":0},{""x"":1665.3,""y"":482,""t"":1035,""outside"":false,""outsidePx"":0},{""x"":1668.7,""y"":480.7,""t"":1052,""outside"":false,""outsidePx"":0},{""x"":1674,""y"":478.7,""t"":1069,""outside"":false,""outsidePx"":0},{""x"":1679.3,""y"":475.3,""t"":1085,""outside"":false,""outsidePx"":0},{""x"":1681.3,""y"":475.3,""t"":1102,""outside"":false,""outsidePx"":0}]"
hayashi,main,practice,C3,距離大条件,W固定・A長い,35,675,19.286,3,61,121,121,125,2026-09-29T07:51:56.490Z,2026-09-29T07:51:57.604Z,1114,220,808,588,true,true,none,1670.7,487.3,1,false,0,0,0,false,[],"[{""x"":887.3,""y"":957.3,""t"":0,""outside"":false,""outsidePx"":0},{""x"":888.7,""y"":957.3,""t"":62,""outside"":false,""outsidePx"":0},{""x"":892,""y"":954.7,""t"":76,""outside"":false,""outsidePx"":0},{""x"":897.3,""y"":951.3,""t"":92,""outside"":false,""outsidePx"":0},{""x"":904,""y"":949.3,""t"":109,""outside"":false,""outsidePx"":0},{""x"":909.3,""y"":946,""t"":126,""outside"":false,""outsidePx"":0},{""x"":916.7,""y"":940.7,""t"":142,""outside"":false,""outsidePx"":0},{""x"":928.7,""y"":933.3,""t"":159,""outside"":false,""outsidePx"":0},{""x"":946,""y"":924.7,""t"":176,""outside"":false,""outsidePx"":0},{""x"":962,""y"":916,""t"":192,""outside"":false,""outsidePx"":0},{""x"":981.3,""y"":907.3,""t"":209,""outside"":false,""outsidePx"":0},{""x"":1000.7,""y"":896.7,""t"":225,""outside"":false,""outsidePx"":0},{""x"":1018,""y"":886.7,""t"":242,""outside"":false,""outsidePx"":0},{""x"":1037.3,""y"":874,""t"":259,""outside"":false,""outsidePx"":0},{""x"":1058,""y"":860,""t"":275,""outside"":false,""outsidePx"":0},{""x"":1077.3,""y"":848,""t"":292,""outside"":false,""outsidePx"":0},{""x"":1093.3,""y"":837.3,""t"":309,""outside"":false,""outsidePx"":0},{""x"":1105.3,""y"":830.7,""t"":325,""outside"":false,""outsidePx"":0},{""x"":1118,""y"":823.3,""t"":342,""outside"":false,""outsidePx"":0},{""x"":1132,""y"":812.7,""t"":359,""outside"":false,""outsidePx"":0},{""x"":1147.3,""y"":800.7,""t"":375,""outside"":false,""outsidePx"":0},{""x"":1164.7,""y"":792,""t"":392,""outside"":false,""outsidePx"":0},{""x"":1180.7,""y"":783.3,""t"":409,""outside"":false,""outsidePx"":0},{""x"":1196.7,""y"":776,""t"":425,""outside"":false,""outsidePx"":0},{""x"":1208.7,""y"":770.7,""t"":442,""outside"":false,""outsidePx"":0},{""x"":1220.7,""y"":764,""t"":459,""outside"":false,""outsidePx"":0},{""x"":1233.3,""y"":756.7,""t"":475,""outside"":false,""outsidePx"":0},{""x"":1248.7,""y"":750,""t"":492,""outside"":false,""outsidePx"":0},{""x"":1268,""y"":739.3,""t"":509,""outside"":false,""outsidePx"":0},{""x"":1286,""y"":728.7,""t"":525,""outside"":false,""outsidePx"":0},{""x"":1304.7,""y"":718.7,""t"":542,""outside"":false,""outsidePx"":0},{""x"":1324,""y"":709.3,""t"":559,""outside"":false,""outsidePx"":0},{""x"":1338,""y"":702.7,""t"":575,""outside"":false,""outsidePx"":0},{""x"":1350.7,""y"":695.3,""t"":592,""outside"":false,""outsidePx"":0},{""x"":1364.7,""y"":688.7,""t"":609,""outside"":false,""outsidePx"":0},{""x"":1378.7,""y"":678,""t"":625,""outside"":false,""outsidePx"":0},{""x"":1398,""y"":664,""t"":642,""outside"":false,""outsidePx"":0},{""x"":1416.7,""y"":650,""t"":659,""outside"":false,""outsidePx"":0},{""x"":1432.7,""y"":639.3,""t"":675,""outside"":false,""outsidePx"":0},{""x"":1444.7,""y"":630.7,""t"":692,""outside"":false,""outsidePx"":0},{""x"":1457.3,""y"":620.7,""t"":709,""outside"":false,""outsidePx"":0},{""x"":1471.3,""y"":610,""t"":725,""outside"":false,""outsidePx"":0},{""x"":1488.7,""y"":596,""t"":742,""outside"":false,""outsidePx"":0},{""x"":1510,""y"":580,""t"":759,""outside"":false,""outsidePx"":0},{""x"":1528.7,""y"":564.7,""t"":775,""outside"":false,""outsidePx"":0},{""x"":1550,""y"":550.7,""t"":792,""outside"":false,""outsidePx"":0},{""x"":1567.3,""y"":540,""t"":809,""outside"":false,""outsidePx"":0},{""x"":1576,""y"":532.7,""t"":825,""outside"":false,""outsidePx"":0},{""x"":1583.3,""y"":529.3,""t"":842,""outside"":false,""outsidePx"":0},{""x"":1586.7,""y"":527.3,""t"":859,""outside"":false,""outsidePx"":0},{""x"":1592,""y"":524,""t"":875,""outside"":false,""outsidePx"":0},{""x"":1600.7,""y"":518.7,""t"":892,""outside"":false,""outsidePx"":0},{""x"":1614.7,""y"":512,""t"":909,""outside"":false,""outsidePx"":0},{""x"":1632,""y"":504.7,""t"":925,""outside"":false,""outsidePx"":0},{""x"":1646,""y"":499.3,""t"":942,""outside"":false,""outsidePx"":0},{""x"":1654.7,""y"":496,""t"":959,""outside"":false,""outsidePx"":0},{""x"":1658.7,""y"":494.7,""t"":976,""outside"":false,""outsidePx"":0},{""x"":1660,""y"":494.7,""t"":992,""outside"":false,""outsidePx"":0},{""x"":1662,""y"":492.7,""t"":1009,""outside"":false,""outsidePx"":0},{""x"":1665.3,""y"":490.7,""t"":1026,""outside"":false,""outsidePx"":0},{""x"":1668.7,""y"":489.3,""t"":1042,""outside"":false,""outsidePx"":0},{""x"":1670.7,""y"":487.3,""t"":1059,""outside"":false,""outsidePx"":0}]"
hayashi,main,practice,C3,距離大条件,W固定・A長い,35,675,19.286,3,62,122,122,126,2026-09-29T07:51:58.223Z,2026-09-29T07:51:59.332Z,1108,137,817,680,true,true,none,1712.7,480.7,1,false,0,0,0,false,[],"[{""x"":899.3,""y"":952,""t"":0,""outside"":false,""outsidePx"":0},{""x"":904,""y"":949.3,""t"":42,""outside"":false,""outsidePx"":0},{""x"":914.7,""y"":942.7,""t"":58,""outside"":false,""outsidePx"":0},{""x"":930.7,""y"":933.3,""t"":75,""outside"":false,""outsidePx"":0},{""x"":948,""y"":923.3,""t"":91,""outside"":false,""outsidePx"":0},{""x"":965.3,""y"":912.7,""t"":108,""outside"":false,""outsidePx"":0},{""x"":979.3,""y"":902,""t"":125,""outside"":false,""outsidePx"":0},{""x"":996.7,""y"":893.3,""t"":141,""outside"":false,""outsidePx"":0},{""x"":1010.7,""y"":884.7,""t"":158,""outside"":false,""outsidePx"":0},{""x"":1024.7,""y"":877.3,""t"":175,""outside"":false,""outsidePx"":0},{""x"":1042.7,""y"":868.7,""t"":192,""outside"":false,""outsidePx"":0},{""x"":1060,""y"":860,""t"":208,""outside"":false,""outsidePx"":0},{""x"":1077.3,""y"":848,""t"":225,""outside"":false,""outsidePx"":0},{""x"":1100,""y"":835.3,""t"":241,""outside"":false,""outsidePx"":0},{""x"":1119.3,""y"":825.3,""t"":258,""outside"":false,""outsidePx"":0},{""x"":1138.7,""y"":812.7,""t"":275,""outside"":false,""outsidePx"":0},{""x"":1154.7,""y"":804,""t"":291,""outside"":false,""outsidePx"":0},{""x"":1164.7,""y"":798.7,""t"":308,""outside"":false,""outsidePx"":0},{""x"":1175.3,""y"":792,""t"":325,""outside"":false,""outsidePx"":0},{""x"":1188,""y"":783.3,""t"":342,""outside"":false,""outsidePx"":0},{""x"":1202,""y"":774.7,""t"":358,""outside"":false,""outsidePx"":0},{""x"":1216,""y"":767.3,""t"":375,""outside"":false,""outsidePx"":0},{""x"":1230,""y"":758.7,""t"":392,""outside"":false,""outsidePx"":0},{""x"":1240,""y"":753.3,""t"":408,""outside"":false,""outsidePx"":0},{""x"":1248.7,""y"":748,""t"":425,""outside"":false,""outsidePx"":0},{""x"":1259.3,""y"":741.3,""t"":441,""outside"":false,""outsidePx"":0},{""x"":1275.3,""y"":734,""t"":458,""outside"":false,""outsidePx"":0},{""x"":1287.3,""y"":725.3,""t"":475,""outside"":false,""outsidePx"":0},{""x"":1300,""y"":718.7,""t"":492,""outside"":false,""outsidePx"":0},{""x"":1312,""y"":711.3,""t"":508,""outside"":false,""outsidePx"":0},{""x"":1324,""y"":704.7,""t"":525,""outside"":false,""outsidePx"":0},{""x"":1334.7,""y"":697.3,""t"":541,""outside"":false,""outsidePx"":0},{""x"":1346.7,""y"":690.7,""t"":558,""outside"":false,""outsidePx"":0},{""x"":1359.3,""y"":681.3,""t"":575,""outside"":false,""outsidePx"":0},{""x"":1371.3,""y"":671.3,""t"":591,""outside"":false,""outsidePx"":0},{""x"":1387.3,""y"":660.7,""t"":608,""outside"":false,""outsidePx"":0},{""x"":1404.7,""y"":648.7,""t"":625,""outside"":false,""outsidePx"":0},{""x"":1422,""y"":638,""t"":641,""outside"":false,""outsidePx"":0},{""x"":1438,""y"":627.3,""t"":658,""outside"":false,""outsidePx"":0},{""x"":1452,""y"":616.7,""t"":675,""outside"":false,""outsidePx"":0},{""x"":1464,""y"":610,""t"":691,""outside"":false,""outsidePx"":0},{""x"":1478,""y"":601.3,""t"":708,""outside"":false,""outsidePx"":0},{""x"":1496,""y"":592.7,""t"":725,""outside"":false,""outsidePx"":0},{""x"":1510,""y"":585.3,""t"":741,""outside"":false,""outsidePx"":0},{""x"":1527.3,""y"":576.7,""t"":758,""outside"":false,""outsidePx"":0},{""x"":1541.3,""y"":569.3,""t"":775,""outside"":false,""outsidePx"":0},{""x"":1553.3,""y"":562.7,""t"":791,""outside"":false,""outsidePx"":0},{""x"":1566,""y"":557.3,""t"":808,""outside"":false,""outsidePx"":0},{""x"":1580,""y"":552,""t"":825,""outside"":false,""outsidePx"":0},{""x"":1592,""y"":545.3,""t"":842,""outside"":false,""outsidePx"":0},{""x"":1606,""y"":538,""t"":858,""outside"":false,""outsidePx"":0},{""x"":1618,""y"":531.3,""t"":875,""outside"":false,""outsidePx"":0},{""x"":1626.7,""y"":526,""t"":892,""outside"":false,""outsidePx"":0},{""x"":1634,""y"":522.7,""t"":908,""outside"":false,""outsidePx"":0},{""x"":1642.7,""y"":517.3,""t"":925,""outside"":false,""outsidePx"":0},{""x"":1651.3,""y"":512,""t"":941,""outside"":false,""outsidePx"":0},{""x"":1662,""y"":506.7,""t"":958,""outside"":false,""outsidePx"":0},{""x"":1676,""y"":499.3,""t"":975,""outside"":false,""outsidePx"":0},{""x"":1693.3,""y"":490.7,""t"":991,""outside"":false,""outsidePx"":0},{""x"":1707.3,""y"":484,""t"":1008,""outside"":false,""outsidePx"":0},{""x"":1710.7,""y"":482,""t"":1025,""outside"":false,""outsidePx"":0},{""x"":1712.7,""y"":480.7,""t"":1041,""outside"":false,""outsidePx"":0}]"
hayashi,main,practice,C3,距離大条件,W固定・A長い,35,675,19.286,3,63,123,123,127,2026-09-29T07:52:00.040Z,2026-09-29T07:52:01.208Z,1169,165,851,686,true,true,none,1676,489.3,1,false,0,0,0,false,[],"[{""x"":880.7,""y"":948.7,""t"":0,""outside"":false,""outsidePx"":0},{""x"":883.3,""y"":947.3,""t"":25,""outside"":false,""outsidePx"":0},{""x"":888.7,""y"":944,""t"":42,""outside"":false,""outsidePx"":0},{""x"":894,""y"":942.7,""t"":58,""outside"":false,""outsidePx"":0},{""x"":900.7,""y"":938.7,""t"":75,""outside"":false,""outsidePx"":0},{""x"":909.3,""y"":933.3,""t"":92,""outside"":false,""outsidePx"":0},{""x"":918,""y"":928.7,""t"":108,""outside"":false,""outsidePx"":0},{""x"":932,""y"":923.3,""t"":125,""outside"":false,""outsidePx"":0},{""x"":953.3,""y"":914.7,""t"":142,""outside"":false,""outsidePx"":0},{""x"":979.3,""y"":902,""t"":158,""outside"":false,""outsidePx"":0},{""x"":1009.3,""y"":886.7,""t"":175,""outside"":false,""outsidePx"":0},{""x"":1030,""y"":872.7,""t"":192,""outside"":false,""outsidePx"":0},{""x"":1048,""y"":860,""t"":209,""outside"":false,""outsidePx"":0},{""x"":1062,""y"":851.3,""t"":225,""outside"":false,""outsidePx"":0},{""x"":1072,""y"":846,""t"":242,""outside"":false,""outsidePx"":0},{""x"":1082.7,""y"":839.3,""t"":258,""outside"":false,""outsidePx"":0},{""x"":1094.7,""y"":834,""t"":275,""outside"":false,""outsidePx"":0},{""x"":1105.3,""y"":826.7,""t"":292,""outside"":false,""outsidePx"":0},{""x"":1116,""y"":820,""t"":309,""outside"":false,""outsidePx"":0},{""x"":1128,""y"":812.7,""t"":325,""outside"":false,""outsidePx"":0},{""x"":1140.7,""y"":806,""t"":342,""outside"":false,""outsidePx"":0},{""x"":1150.7,""y"":798.7,""t"":359,""outside"":false,""outsidePx"":0},{""x"":1161.3,""y"":793.3,""t"":376,""outside"":false,""outsidePx"":0},{""x"":1172,""y"":786.7,""t"":392,""outside"":false,""outsidePx"":0},{""x"":1184,""y"":779.3,""t"":408,""outside"":false,""outsidePx"":0},{""x"":1194.7,""y"":772.7,""t"":425,""outside"":false,""outsidePx"":0},{""x"":1210.7,""y"":765.3,""t"":442,""outside"":false,""outsidePx"":0},{""x"":1222.7,""y"":756.7,""t"":458,""outside"":false,""outsidePx"":0},{""x"":1234.7,""y"":750,""t"":475,""outside"":false,""outsidePx"":0},{""x"":1248.7,""y"":742.7,""t"":492,""outside"":false,""outsidePx"":0},{""x"":1259.3,""y"":736,""t"":508,""outside"":false,""outsidePx"":0},{""x"":1275.3,""y"":728.7,""t"":525,""outside"":false,""outsidePx"":0},{""x"":1287.3,""y"":722,""t"":542,""outside"":false,""outsidePx"":0},{""x"":1301.3,""y"":714.7,""t"":558,""outside"":false,""outsidePx"":0},{""x"":1318.7,""y"":706,""t"":575,""outside"":false,""outsidePx"":0},{""x"":1336.7,""y"":695.3,""t"":592,""outside"":false,""outsidePx"":0},{""x"":1354,""y"":685.3,""t"":608,""outside"":false,""outsidePx"":0},{""x"":1374.7,""y"":674.7,""t"":625,""outside"":false,""outsidePx"":0},{""x"":1392.7,""y"":664,""t"":642,""outside"":false,""outsidePx"":0},{""x"":1406.7,""y"":655.3,""t"":658,""outside"":false,""outsidePx"":0},{""x"":1420.7,""y"":644.7,""t"":675,""outside"":false,""outsidePx"":0},{""x"":1436,""y"":632.7,""t"":692,""outside"":false,""outsidePx"":0},{""x"":1452,""y"":622,""t"":708,""outside"":false,""outsidePx"":0},{""x"":1469.3,""y"":613.3,""t"":725,""outside"":false,""outsidePx"":0},{""x"":1480,""y"":606.7,""t"":742,""outside"":false,""outsidePx"":0},{""x"":1492,""y"":597.3,""t"":758,""outside"":false,""outsidePx"":0},{""x"":1504.7,""y"":588.7,""t"":775,""outside"":false,""outsidePx"":0},{""x"":1516.7,""y"":578.7,""t"":792,""outside"":false,""outsidePx"":0},{""x"":1532.7,""y"":568,""t"":808,""outside"":false,""outsidePx"":0},{""x"":1550,""y"":559.3,""t"":825,""outside"":false,""outsidePx"":0},{""x"":1564,""y"":550.7,""t"":842,""outside"":false,""outsidePx"":0},{""x"":1574.7,""y"":545.3,""t"":858,""outside"":false,""outsidePx"":0},{""x"":1584.7,""y"":540,""t"":875,""outside"":false,""outsidePx"":0},{""x"":1594,""y"":536.7,""t"":892,""outside"":false,""outsidePx"":0},{""x"":1602.7,""y"":529.3,""t"":909,""outside"":false,""outsidePx"":0},{""x"":1612.7,""y"":524,""t"":925,""outside"":false,""outsidePx"":0},{""x"":1622,""y"":518.7,""t"":942,""outside"":false,""outsidePx"":0},{""x"":1630.7,""y"":512,""t"":959,""outside"":false,""outsidePx"":0},{""x"":1639.3,""y"":506.7,""t"":975,""outside"":false,""outsidePx"":0},{""x"":1648,""y"":503.3,""t"":992,""outside"":false,""outsidePx"":0},{""x"":1658.7,""y"":499.3,""t"":1008,""outside"":false,""outsidePx"":0},{""x"":1668.7,""y"":494.7,""t"":1025,""outside"":false,""outsidePx"":0},{""x"":1674,""y"":490.7,""t"":1042,""outside"":false,""outsidePx"":0},{""x"":1676,""y"":490.7,""t"":1059,""outside"":false,""outsidePx"":0},{""x"":1676,""y"":489.3,""t"":1115,""outside"":false,""outsidePx"":0}]"
hayashi,main,practice,C3,距離大条件,W固定・A長い,35,675,19.286,3,64,124,124,128,2026-09-29T07:52:01.771Z,2026-09-29T07:52:02.969Z,1198,179,876,697,true,true,deviation,1693.3,468,1,true,1,50,0.8,false,"[{""startMs"":477,""startX"":1220.7,""startY"":734,""maxOutsidePx"":0.8,""endMs"":527,""endX"":1276.7,""endY"":704.7,""durationMs"":50}]","[{""x"":864.7,""y"":948.7,""t"":0,""outside"":false,""outsidePx"":0},{""x"":866,""y"":948.7,""t"":24,""outside"":false,""outsidePx"":0},{""x"":867.3,""y"":948.7,""t"":30,""outside"":false,""outsidePx"":0},{""x"":872.7,""y"":947.3,""t"":44,""outside"":false,""outsidePx"":0},{""x"":883.3,""y"":942.7,""t"":60,""outside"":false,""outsidePx"":0},{""x"":897.3,""y"":937.3,""t"":77,""outside"":false,""outsidePx"":0},{""x"":911.3,""y"":932,""t"":94,""outside"":false,""outsidePx"":0},{""x"":925.3,""y"":924.7,""t"":110,""outside"":false,""outsidePx"":0},{""x"":939.3,""y"":918,""t"":127,""outside"":false,""outsidePx"":0},{""x"":953.3,""y"":909.3,""t"":144,""outside"":false,""outsidePx"":0},{""x"":967.3,""y"":900.7,""t"":160,""outside"":false,""outsidePx"":0},{""x"":984.7,""y"":891.3,""t"":177,""outside"":false,""outsidePx"":0},{""x"":1007.3,""y"":879.3,""t"":194,""outside"":false,""outsidePx"":0},{""x"":1028.7,""y"":867.3,""t"":210,""outside"":false,""outsidePx"":0},{""x"":1046,""y"":854.7,""t"":227,""outside"":false,""outsidePx"":0},{""x"":1062,""y"":844.7,""t"":243,""outside"":false,""outsidePx"":0},{""x"":1074,""y"":835.3,""t"":260,""outside"":false,""outsidePx"":0},{""x"":1086,""y"":828.7,""t"":277,""outside"":false,""outsidePx"":0},{""x"":1093.3,""y"":823.3,""t"":294,""outside"":false,""outsidePx"":0},{""x"":1100,""y"":816.7,""t"":310,""outside"":false,""outsidePx"":0},{""x"":1108.7,""y"":809.3,""t"":327,""outside"":false,""outsidePx"":0},{""x"":1121.3,""y"":798.7,""t"":344,""outside"":false,""outsidePx"":0},{""x"":1135.3,""y"":788.7,""t"":360,""outside"":false,""outsidePx"":0},{""x"":1152.7,""y"":779.3,""t"":377,""outside"":false,""outsidePx"":0},{""x"":1166.7,""y"":770.7,""t"":394,""outside"":false,""outsidePx"":0},{""x"":1178.7,""y"":764,""t"":410,""outside"":false,""outsidePx"":0},{""x"":1186,""y"":760.7,""t"":427,""outside"":false,""outsidePx"":0},{""x"":1194.7,""y"":753.3,""t"":444,""outside"":false,""outsidePx"":0},{""x"":1206.7,""y"":744.7,""t"":460,""outside"":false,""outsidePx"":0},{""x"":1220.7,""y"":734,""t"":477,""outside"":true,""outsidePx"":0},{""x"":1240,""y"":722,""t"":494,""outside"":true,""outsidePx"":0.8},{""x"":1259.3,""y"":711.3,""t"":510,""outside"":true,""outsidePx"":0.3},{""x"":1276.7,""y"":704.7,""t"":527,""outside"":false,""outsidePx"":0},{""x"":1290.7,""y"":697.3,""t"":544,""outside"":false,""outsidePx"":0},{""x"":1303.3,""y"":692,""t"":560,""outside"":false,""outsidePx"":0},{""x"":1315.3,""y"":685.3,""t"":577,""outside"":false,""outsidePx"":0},{""x"":1331.3,""y"":680,""t"":593,""outside"":false,""outsidePx"":0},{""x"":1348.7,""y"":671.3,""t"":610,""outside"":false,""outsidePx"":0},{""x"":1362.7,""y"":666,""t"":627,""outside"":false,""outsidePx"":0},{""x"":1378.7,""y"":658.7,""t"":644,""outside"":false,""outsidePx"":0},{""x"":1388.7,""y"":653.3,""t"":660,""outside"":false,""outsidePx"":0},{""x"":1401.3,""y"":648.7,""t"":677,""outside"":false,""outsidePx"":0},{""x"":1412,""y"":643.3,""t"":694,""outside"":false,""outsidePx"":0},{""x"":1422,""y"":636,""t"":710,""outside"":false,""outsidePx"":0},{""x"":1438,""y"":627.3,""t"":727,""outside"":false,""outsidePx"":0},{""x"":1454,""y"":620.7,""t"":743,""outside"":false,""outsidePx"":0},{""x"":1466,""y"":613.3,""t"":760,""outside"":false,""outsidePx"":0},{""x"":1482,""y"":604.7,""t"":777,""outside"":false,""outsidePx"":0},{""x"":1497.3,""y"":596,""t"":794,""outside"":false,""outsidePx"":0},{""x"":1510,""y"":587.3,""t"":810,""outside"":false,""outsidePx"":0},{""x"":1524,""y"":578.7,""t"":828,""outside"":false,""outsidePx"":0},{""x"":1539.3,""y"":568,""t"":843,""outside"":false,""outsidePx"":0},{""x"":1553.3,""y"":557.3,""t"":860,""outside"":false,""outsidePx"":0},{""x"":1570.7,""y"":545.3,""t"":877,""outside"":false,""outsidePx"":0},{""x"":1588.7,""y"":532.7,""t"":894,""outside"":false,""outsidePx"":0},{""x"":1602.7,""y"":522.7,""t"":910,""outside"":false,""outsidePx"":0},{""x"":1611.3,""y"":517.3,""t"":927,""outside"":false,""outsidePx"":0},{""x"":1616.7,""y"":513.3,""t"":944,""outside"":false,""outsidePx"":0},{""x"":1620,""y"":512,""t"":960,""outside"":false,""outsidePx"":0},{""x"":1625.3,""y"":508.7,""t"":977,""outside"":false,""outsidePx"":0},{""x"":1634,""y"":503.3,""t"":994,""outside"":false,""outsidePx"":0},{""x"":1642.7,""y"":496,""t"":1010,""outside"":false,""outsidePx"":0},{""x"":1656.7,""y"":487.3,""t"":1027,""outside"":false,""outsidePx"":0},{""x"":1670.7,""y"":478.7,""t"":1043,""outside"":false,""outsidePx"":0},{""x"":1681.3,""y"":475.3,""t"":1060,""outside"":false,""outsidePx"":0},{""x"":1688,""y"":471.3,""t"":1077,""outside"":false,""outsidePx"":0},{""x"":1692,""y"":470,""t"":1094,""outside"":false,""outsidePx"":0},{""x"":1693.3,""y"":468,""t"":1110,""outside"":false,""outsidePx"":0}]"
hayashi,main,practice,C3,距離大条件,W固定・A長い,35,675,19.286,3,65,125,125,129,2026-09-29T07:52:03.737Z,2026-09-29T07:52:04.964Z,1226,145,911,766,true,true,deviation,1704,468,1,true,1,133,3.3,false,"[{""startMs"":360,""startX"":1150.7,""startY"":772.7,""maxOutsidePx"":3.3,""endMs"":493,""endX"":1247.3,""endY"":718.7,""durationMs"":133}]","[{""x"":876.7,""y"":952.7,""t"":0,""outside"":false,""outsidePx"":0},{""x"":881.3,""y"":949.3,""t"":10,""outside"":false,""outsidePx"":0},{""x"":890,""y"":944,""t"":27,""outside"":false,""outsidePx"":0},{""x"":898.7,""y"":940.7,""t"":43,""outside"":false,""outsidePx"":0},{""x"":909.3,""y"":932,""t"":60,""outside"":false,""outsidePx"":0},{""x"":920,""y"":924.7,""t"":77,""outside"":false,""outsidePx"":0},{""x"":930.7,""y"":918,""t"":93,""outside"":false,""outsidePx"":0},{""x"":946,""y"":909.3,""t"":110,""outside"":false,""outsidePx"":0},{""x"":965.3,""y"":900.7,""t"":127,""outside"":false,""outsidePx"":0},{""x"":984.7,""y"":890,""t"":143,""outside"":false,""outsidePx"":0},{""x"":1009.3,""y"":877.3,""t"":160,""outside"":false,""outsidePx"":0},{""x"":1028.7,""y"":867.3,""t"":177,""outside"":false,""outsidePx"":0},{""x"":1040.7,""y"":858.7,""t"":193,""outside"":false,""outsidePx"":0},{""x"":1051.3,""y"":849.3,""t"":210,""outside"":false,""outsidePx"":0},{""x"":1062,""y"":840.7,""t"":227,""outside"":false,""outsidePx"":0},{""x"":1072,""y"":832,""t"":243,""outside"":false,""outsidePx"":0},{""x"":1086,""y"":820,""t"":260,""outside"":false,""outsidePx"":0},{""x"":1102,""y"":807.3,""t"":277,""outside"":false,""outsidePx"":0},{""x"":1114,""y"":800.7,""t"":293,""outside"":false,""outsidePx"":0},{""x"":1126.7,""y"":793.3,""t"":310,""outside"":false,""outsidePx"":0},{""x"":1135.3,""y"":786.7,""t"":327,""outside"":false,""outsidePx"":0},{""x"":1142,""y"":781.3,""t"":344,""outside"":false,""outsidePx"":0},{""x"":1150.7,""y"":772.7,""t"":360,""outside"":true,""outsidePx"":1.6},{""x"":1163.3,""y"":764,""t"":377,""outside"":true,""outsidePx"":2.7},{""x"":1180.7,""y"":753.3,""t"":393,""outside"":true,""outsidePx"":3.3},{""x"":1196.7,""y"":744.7,""t"":410,""outside"":true,""outsidePx"":2.8},{""x"":1208.7,""y"":739.3,""t"":427,""outside"":true,""outsidePx"":1.4},{""x"":1217.3,""y"":734,""t"":443,""outside"":true,""outsidePx"":1.7},{""x"":1224.7,""y"":728.7,""t"":460,""outside"":true,""outsidePx"":2.7},{""x"":1233.3,""y"":725.3,""t"":477,""outside"":true,""outsidePx"":1.2},{""x"":1247.3,""y"":718.7,""t"":493,""outside"":false,""outsidePx"":0},{""x"":1262.7,""y"":713.3,""t"":510,""outside"":false,""outsidePx"":0},{""x"":1276.7,""y"":708,""t"":527,""outside"":false,""outsidePx"":0},{""x"":1287.3,""y"":704.7,""t"":543,""outside"":false,""outsidePx"":0},{""x"":1300,""y"":699.3,""t"":560,""outside"":false,""outsidePx"":0},{""x"":1310,""y"":695.3,""t"":577,""outside"":false,""outsidePx"":0},{""x"":1322.7,""y"":692,""t"":593,""outside"":false,""outsidePx"":0},{""x"":1332.7,""y"":688.7,""t"":610,""outside"":false,""outsidePx"":0},{""x"":1342,""y"":685.3,""t"":627,""outside"":false,""outsidePx"":0},{""x"":1350.7,""y"":683.3,""t"":643,""outside"":false,""outsidePx"":0},{""x"":1359.3,""y"":678,""t"":660,""outside"":false,""outsidePx"":0},{""x"":1364.7,""y"":674.7,""t"":677,""outside"":false,""outsidePx"":0},{""x"":1373.3,""y"":671.3,""t"":693,""outside"":false,""outsidePx"":0},{""x"":1382,""y"":666,""t"":710,""outside"":false,""outsidePx"":0},{""x"":1390.7,""y"":660.7,""t"":727,""outside"":false,""outsidePx"":0},{""x"":1399.3,""y"":655.3,""t"":743,""outside"":false,""outsidePx"":0},{""x"":1410,""y"":650,""t"":760,""outside"":false,""outsidePx"":0},{""x"":1424,""y"":641.3,""t"":777,""outside"":false,""outsidePx"":0},{""x"":1440,""y"":630.7,""t"":793,""outside"":false,""outsidePx"":0},{""x"":1458.7,""y"":616.7,""t"":810,""outside"":false,""outsidePx"":0},{""x"":1476.7,""y"":606.7,""t"":827,""outside"":false,""outsidePx"":0},{""x"":1496,""y"":594,""t"":843,""outside"":false,""outsidePx"":0},{""x"":1511.3,""y"":583.3,""t"":860,""outside"":false,""outsidePx"":0},{""x"":1527.3,""y"":574.7,""t"":877,""outside"":false,""outsidePx"":0},{""x"":1548,""y"":560.7,""t"":893,""outside"":false,""outsidePx"":0},{""x"":1569.3,""y"":548.7,""t"":910,""outside"":false,""outsidePx"":0},{""x"":1586.7,""y"":538,""t"":927,""outside"":false,""outsidePx"":0},{""x"":1600.7,""y"":529.3,""t"":943,""outside"":false,""outsidePx"":0},{""x"":1611.3,""y"":524,""t"":960,""outside"":false,""outsidePx"":0},{""x"":1614.7,""y"":522.7,""t"":977,""outside"":false,""outsidePx"":0},{""x"":1618,""y"":518.7,""t"":993,""outside"":false,""outsidePx"":0},{""x"":1625.3,""y"":513.3,""t"":1010,""outside"":false,""outsidePx"":0},{""x"":1636,""y"":504.7,""t"":1026,""outside"":false,""outsidePx"":0},{""x"":1651.3,""y"":494.7,""t"":1043,""outside"":false,""outsidePx"":0},{""x"":1667.3,""y"":485.3,""t"":1060,""outside"":false,""outsidePx"":0},{""x"":1678,""y"":480.7,""t"":1076,""outside"":false,""outsidePx"":0},{""x"":1686.7,""y"":476.7,""t"":1093,""outside"":false,""outsidePx"":0},{""x"":1690,""y"":473.3,""t"":1110,""outside"":false,""outsidePx"":0},{""x"":1695.3,""y"":471.3,""t"":1126,""outside"":false,""outsidePx"":0},{""x"":1700.7,""y"":470,""t"":1143,""outside"":false,""outsidePx"":0},{""x"":1704,""y"":468,""t"":1160,""outside"":false,""outsidePx"":0}]"
hayashi,main,practice,C3,距離大条件,W固定・A長い,35,675,19.286,3,66,126,126,130,2026-09-29T07:52:06.532Z,2026-09-29T07:52:07.996Z,1464,203,1168,965,true,true,deviation,1664,487.3,1,true,1,16,0.6,false,"[{""startMs"":699,""startX"":1270,""startY"":746.7,""maxOutsidePx"":0.6,""endMs"":715,""endX"":1286,""endY"":736,""durationMs"":16}]","[{""x"":901.3,""y"":943.3,""t"":0,""outside"":false,""outsidePx"":0},{""x"":902.7,""y"":943.3,""t"":74,""outside"":false,""outsidePx"":0},{""x"":904,""y"":942.7,""t"":83,""outside"":false,""outsidePx"":0},{""x"":912.7,""y"":938.7,""t"":99,""outside"":false,""outsidePx"":0},{""x"":925.3,""y"":933.3,""t"":116,""outside"":false,""outsidePx"":0},{""x"":939.3,""y"":926.7,""t"":132,""outside"":false,""outsidePx"":0},{""x"":951.3,""y"":919.3,""t"":149,""outside"":false,""outsidePx"":0},{""x"":965.3,""y"":912.7,""t"":165,""outside"":false,""outsidePx"":0},{""x"":976,""y"":905.3,""t"":182,""outside"":false,""outsidePx"":0},{""x"":988,""y"":896.7,""t"":199,""outside"":false,""outsidePx"":0},{""x"":1000.7,""y"":890,""t"":215,""outside"":false,""outsidePx"":0},{""x"":1010.7,""y"":884.7,""t"":232,""outside"":false,""outsidePx"":0},{""x"":1018,""y"":881.3,""t"":249,""outside"":false,""outsidePx"":0},{""x"":1023.3,""y"":877.3,""t"":265,""outside"":false,""outsidePx"":0},{""x"":1026.7,""y"":874,""t"":282,""outside"":false,""outsidePx"":0},{""x"":1032,""y"":870.7,""t"":299,""outside"":false,""outsidePx"":0},{""x"":1037.3,""y"":867.3,""t"":315,""outside"":false,""outsidePx"":0},{""x"":1048,""y"":860,""t"":332,""outside"":false,""outsidePx"":0},{""x"":1058,""y"":854.7,""t"":349,""outside"":false,""outsidePx"":0},{""x"":1068.7,""y"":849.3,""t"":366,""outside"":false,""outsidePx"":0},{""x"":1076,""y"":844.7,""t"":382,""outside"":false,""outsidePx"":0},{""x"":1080.7,""y"":842.7,""t"":399,""outside"":false,""outsidePx"":0},{""x"":1091.3,""y"":837.3,""t"":416,""outside"":false,""outsidePx"":0},{""x"":1102,""y"":832,""t"":432,""outside"":false,""outsidePx"":0},{""x"":1110.7,""y"":828.7,""t"":449,""outside"":false,""outsidePx"":0},{""x"":1119.3,""y"":825.3,""t"":466,""outside"":false,""outsidePx"":0},{""x"":1126.7,""y"":820,""t"":482,""outside"":false,""outsidePx"":0},{""x"":1133.3,""y"":816.7,""t"":499,""outside"":false,""outsidePx"":0},{""x"":1140.7,""y"":812.7,""t"":515,""outside"":false,""outsidePx"":0},{""x"":1149.3,""y"":809.3,""t"":532,""outside"":false,""outsidePx"":0},{""x"":1160,""y"":804,""t"":549,""outside"":false,""outsidePx"":0},{""x"":1170,""y"":798.7,""t"":566,""outside"":false,""outsidePx"":0},{""x"":1182.7,""y"":793.3,""t"":582,""outside"":false,""outsidePx"":0},{""x"":1192.7,""y"":788.7,""t"":599,""outside"":false,""outsidePx"":0},{""x"":1203.3,""y"":783.3,""t"":615,""outside"":false,""outsidePx"":0},{""x"":1212,""y"":778,""t"":632,""outside"":false,""outsidePx"":0},{""x"":1222.7,""y"":772.7,""t"":649,""outside"":false,""outsidePx"":0},{""x"":1234.7,""y"":765.3,""t"":666,""outside"":false,""outsidePx"":0},{""x"":1252.7,""y"":755.3,""t"":682,""outside"":false,""outsidePx"":0},{""x"":1270,""y"":746.7,""t"":699,""outside"":true,""outsidePx"":0.6},{""x"":1286,""y"":736,""t"":715,""outside"":false,""outsidePx"":0},{""x"":1298,""y"":728.7,""t"":732,""outside"":false,""outsidePx"":0},{""x"":1308.7,""y"":722,""t"":749,""outside"":false,""outsidePx"":0},{""x"":1317.3,""y"":714.7,""t"":766,""outside"":false,""outsidePx"":0},{""x"":1328,""y"":708,""t"":782,""outside"":false,""outsidePx"":0},{""x"":1342,""y"":697.3,""t"":799,""outside"":false,""outsidePx"":0},{""x"":1354,""y"":690.7,""t"":815,""outside"":false,""outsidePx"":0},{""x"":1366,""y"":683.3,""t"":832,""outside"":false,""outsidePx"":0},{""x"":1374.7,""y"":676.7,""t"":849,""outside"":false,""outsidePx"":0},{""x"":1382,""y"":672.7,""t"":865,""outside"":false,""outsidePx"":0},{""x"":1385.3,""y"":669.3,""t"":882,""outside"":false,""outsidePx"":0},{""x"":1392.7,""y"":666,""t"":899,""outside"":false,""outsidePx"":0},{""x"":1399.3,""y"":660.7,""t"":915,""outside"":false,""outsidePx"":0},{""x"":1406.7,""y"":653.3,""t"":932,""outside"":false,""outsidePx"":0},{""x"":1416.7,""y"":648.7,""t"":949,""outside"":false,""outsidePx"":0},{""x"":1429.3,""y"":639.3,""t"":965,""outside"":false,""outsidePx"":0},{""x"":1441.3,""y"":632.7,""t"":982,""outside"":false,""outsidePx"":0},{""x"":1448.7,""y"":627.3,""t"":999,""outside"":false,""outsidePx"":0},{""x"":1457.3,""y"":620.7,""t"":1015,""outside"":false,""outsidePx"":0},{""x"":1466,""y"":615.3,""t"":1032,""outside"":false,""outsidePx"":0},{""x"":1476.7,""y"":610,""t"":1049,""outside"":false,""outsidePx"":0},{""x"":1488.7,""y"":599.3,""t"":1065,""outside"":false,""outsidePx"":0},{""x"":1508,""y"":588.7,""t"":1082,""outside"":false,""outsidePx"":0},{""x"":1524,""y"":578.7,""t"":1099,""outside"":false,""outsidePx"":0},{""x"":1539.3,""y"":568,""t"":1115,""outside"":false,""outsidePx"":0},{""x"":1552,""y"":560.7,""t"":1132,""outside"":false,""outsidePx"":0},{""x"":1560.7,""y"":555.3,""t"":1149,""outside"":false,""outsidePx"":0},{""x"":1569.3,""y"":550.7,""t"":1165,""outside"":false,""outsidePx"":0},{""x"":1581.3,""y"":541.3,""t"":1182,""outside"":false,""outsidePx"":0},{""x"":1592,""y"":532.7,""t"":1199,""outside"":false,""outsidePx"":0},{""x"":1606,""y"":522.7,""t"":1215,""outside"":false,""outsidePx"":0},{""x"":1618,""y"":515.3,""t"":1232,""outside"":false,""outsidePx"":0},{""x"":1626.7,""y"":510,""t"":1249,""outside"":false,""outsidePx"":0},{""x"":1636,""y"":504.7,""t"":1265,""outside"":false,""outsidePx"":0},{""x"":1644.7,""y"":499.3,""t"":1282,""outside"":false,""outsidePx"":0},{""x"":1653.3,""y"":494.7,""t"":1299,""outside"":false,""outsidePx"":0},{""x"":1662,""y"":489.3,""t"":1316,""outside"":false,""outsidePx"":0},{""x"":1664,""y"":487.3,""t"":1332,""outside"":false,""outsidePx"":0}]"
hayashi,main,practice,C3,距離大条件,W固定・A長い,35,675,19.286,3,67,127,127,131,2026-09-29T07:52:08.622Z,2026-09-29T07:52:10.079Z,1456,226,1157,931,true,true,deviation,1697.3,472.7,1,true,1,16,0.1,false,"[{""startMs"":225,""startX"":978,""startY"":874,""maxOutsidePx"":0.1,""endMs"":241,""endX"":988,""endY"":868.7,""durationMs"":16}]","[{""x"":875.3,""y"":936.7,""t"":0,""outside"":false,""outsidePx"":0},{""x"":875.3,""y"":938,""t"":25,""outside"":false,""outsidePx"":0},{""x"":880,""y"":937.3,""t"":74,""outside"":false,""outsidePx"":0},{""x"":888.7,""y"":932,""t"":91,""outside"":false,""outsidePx"":0},{""x"":904,""y"":924.7,""t"":108,""outside"":false,""outsidePx"":0},{""x"":920,""y"":918,""t"":125,""outside"":false,""outsidePx"":0},{""x"":934,""y"":909.3,""t"":141,""outside"":false,""outsidePx"":0},{""x"":944.7,""y"":900.7,""t"":158,""outside"":false,""outsidePx"":0},{""x"":951.3,""y"":893.3,""t"":175,""outside"":false,""outsidePx"":0},{""x"":958.7,""y"":886.7,""t"":191,""outside"":false,""outsidePx"":0},{""x"":967.3,""y"":881.3,""t"":208,""outside"":false,""outsidePx"":0},{""x"":978,""y"":874,""t"":225,""outside"":true,""outsidePx"":0.1},{""x"":988,""y"":868.7,""t"":241,""outside"":false,""outsidePx"":0},{""x"":996.7,""y"":865.3,""t"":258,""outside"":false,""outsidePx"":0},{""x"":1007.3,""y"":860,""t"":274,""outside"":false,""outsidePx"":0},{""x"":1012.7,""y"":856.7,""t"":291,""outside"":false,""outsidePx"":0},{""x"":1023.3,""y"":853.3,""t"":308,""outside"":false,""outsidePx"":0},{""x"":1032,""y"":848,""t"":324,""outside"":false,""outsidePx"":0},{""x"":1044,""y"":842.7,""t"":341,""outside"":false,""outsidePx"":0},{""x"":1058,""y"":837.3,""t"":358,""outside"":false,""outsidePx"":0},{""x"":1074,""y"":828.7,""t"":375,""outside"":false,""outsidePx"":0},{""x"":1091.3,""y"":820,""t"":391,""outside"":false,""outsidePx"":0},{""x"":1105.3,""y"":812.7,""t"":408,""outside"":false,""outsidePx"":0},{""x"":1116,""y"":807.3,""t"":425,""outside"":false,""outsidePx"":0},{""x"":1121.3,""y"":806,""t"":442,""outside"":false,""outsidePx"":0},{""x"":1128,""y"":800.7,""t"":458,""outside"":false,""outsidePx"":0},{""x"":1138.7,""y"":797.3,""t"":475,""outside"":false,""outsidePx"":0},{""x"":1147.3,""y"":792,""t"":491,""outside"":false,""outsidePx"":0},{""x"":1156,""y"":788.7,""t"":508,""outside"":false,""outsidePx"":0},{""x"":1164.7,""y"":783.3,""t"":525,""outside"":false,""outsidePx"":0},{""x"":1170,""y"":779.3,""t"":541,""outside"":false,""outsidePx"":0},{""x"":1175.3,""y"":776,""t"":558,""outside"":false,""outsidePx"":0},{""x"":1184,""y"":770.7,""t"":575,""outside"":false,""outsidePx"":0},{""x"":1194.7,""y"":765.3,""t"":591,""outside"":false,""outsidePx"":0},{""x"":1205.3,""y"":760.7,""t"":608,""outside"":false,""outsidePx"":0},{""x"":1214,""y"":756.7,""t"":624,""outside"":false,""outsidePx"":0},{""x"":1222.7,""y"":751.3,""t"":641,""outside"":false,""outsidePx"":0},{""x"":1231.3,""y"":748,""t"":658,""outside"":false,""outsidePx"":0},{""x"":1242,""y"":744.7,""t"":674,""outside"":false,""outsidePx"":0},{""x"":1250.7,""y"":741.3,""t"":691,""outside"":false,""outsidePx"":0},{""x"":1256,""y"":737.3,""t"":708,""outside"":false,""outsidePx"":0},{""x"":1259.3,""y"":736,""t"":725,""outside"":false,""outsidePx"":0},{""x"":1261.3,""y"":736,""t"":749,""outside"":false,""outsidePx"":0},{""x"":1261.3,""y"":734,""t"":763,""outside"":false,""outsidePx"":0},{""x"":1262.7,""y"":734,""t"":774,""outside"":false,""outsidePx"":0},{""x"":1266.7,""y"":734,""t"":791,""outside"":false,""outsidePx"":0},{""x"":1270,""y"":730.7,""t"":808,""outside"":false,""outsidePx"":0},{""x"":1276.7,""y"":727.3,""t"":824,""outside"":false,""outsidePx"":0},{""x"":1290.7,""y"":720,""t"":841,""outside"":false,""outsidePx"":0},{""x"":1303.3,""y"":713.3,""t"":858,""outside"":false,""outsidePx"":0},{""x"":1317.3,""y"":706,""t"":875,""outside"":false,""outsidePx"":0},{""x"":1332.7,""y"":699.3,""t"":891,""outside"":false,""outsidePx"":0},{""x"":1350.7,""y"":690.7,""t"":908,""outside"":false,""outsidePx"":0},{""x"":1364.7,""y"":681.3,""t"":925,""outside"":false,""outsidePx"":0},{""x"":1382,""y"":669.3,""t"":941,""outside"":false,""outsidePx"":0},{""x"":1401.3,""y"":657.3,""t"":958,""outside"":false,""outsidePx"":0},{""x"":1422,""y"":644.7,""t"":974,""outside"":false,""outsidePx"":0},{""x"":1440,""y"":632.7,""t"":991,""outside"":false,""outsidePx"":0},{""x"":1450,""y"":627.3,""t"":1008,""outside"":false,""outsidePx"":0},{""x"":1462.7,""y"":620.7,""t"":1025,""outside"":false,""outsidePx"":0},{""x"":1476.7,""y"":611.3,""t"":1041,""outside"":false,""outsidePx"":0},{""x"":1490.7,""y"":604.7,""t"":1058,""outside"":false,""outsidePx"":0},{""x"":1508,""y"":594,""t"":1074,""outside"":false,""outsidePx"":0},{""x"":1524,""y"":583.3,""t"":1091,""outside"":false,""outsidePx"":0},{""x"":1538,""y"":574.7,""t"":1108,""outside"":false,""outsidePx"":0},{""x"":1550,""y"":568,""t"":1124,""outside"":false,""outsidePx"":0},{""x"":1562,""y"":560.7,""t"":1141,""outside"":false,""outsidePx"":0},{""x"":1574.7,""y"":554,""t"":1158,""outside"":false,""outsidePx"":0},{""x"":1586.7,""y"":545.3,""t"":1175,""outside"":false,""outsidePx"":0},{""x"":1598.7,""y"":538,""t"":1191,""outside"":false,""outsidePx"":0},{""x"":1611.3,""y"":527.3,""t"":1208,""outside"":false,""outsidePx"":0},{""x"":1625.3,""y"":520.7,""t"":1225,""outside"":false,""outsidePx"":0},{""x"":1640.7,""y"":512,""t"":1241,""outside"":false,""outsidePx"":0},{""x"":1654.7,""y"":503.3,""t"":1258,""outside"":false,""outsidePx"":0},{""x"":1668.7,""y"":494.7,""t"":1274,""outside"":false,""outsidePx"":0},{""x"":1678,""y"":485.3,""t"":1291,""outside"":false,""outsidePx"":0},{""x"":1682.7,""y"":482,""t"":1308,""outside"":false,""outsidePx"":0},{""x"":1690,""y"":476.7,""t"":1325,""outside"":false,""outsidePx"":0},{""x"":1696.7,""y"":473.3,""t"":1341,""outside"":false,""outsidePx"":0},{""x"":1700.7,""y"":471.3,""t"":1358,""outside"":false,""outsidePx"":0},{""x"":1702,""y"":470,""t"":1374,""outside"":false,""outsidePx"":0},{""x"":1702,""y"":470.7,""t"":1445,""outside"":false,""outsidePx"":0},{""x"":1697.3,""y"":472.7,""t"":1456,""outside"":false,""outsidePx"":0}]"
hayashi,main,practice,C3,距離大条件,W固定・A長い,35,675,19.286,3,68,128,128,132,2026-09-29T07:52:10.726Z,2026-09-29T07:52:12.275Z,1550,193,1266,1073,true,true,none,1676,498,1,false,0,0,0,false,[],"[{""x"":890.7,""y"":954,""t"":0,""outside"":false,""outsidePx"":0},{""x"":892,""y"":954,""t"":39,""outside"":false,""outsidePx"":0},{""x"":897.3,""y"":952.7,""t"":54,""outside"":false,""outsidePx"":0},{""x"":904,""y"":949.3,""t"":71,""outside"":false,""outsidePx"":0},{""x"":912.7,""y"":946,""t"":88,""outside"":false,""outsidePx"":0},{""x"":922,""y"":940.7,""t"":105,""outside"":false,""outsidePx"":0},{""x"":934,""y"":933.3,""t"":121,""outside"":false,""outsidePx"":0},{""x"":946,""y"":924.7,""t"":138,""outside"":false,""outsidePx"":0},{""x"":962,""y"":916,""t"":154,""outside"":false,""outsidePx"":0},{""x"":976,""y"":907.3,""t"":171,""outside"":false,""outsidePx"":0},{""x"":988,""y"":898.7,""t"":188,""outside"":false,""outsidePx"":0},{""x"":1000.7,""y"":891.3,""t"":204,""outside"":false,""outsidePx"":0},{""x"":1010.7,""y"":882.7,""t"":222,""outside"":false,""outsidePx"":0},{""x"":1021.3,""y"":876,""t"":238,""outside"":false,""outsidePx"":0},{""x"":1032,""y"":868.7,""t"":254,""outside"":false,""outsidePx"":0},{""x"":1037.3,""y"":865.3,""t"":271,""outside"":false,""outsidePx"":0},{""x"":1048,""y"":858.7,""t"":288,""outside"":false,""outsidePx"":0},{""x"":1056.7,""y"":853.3,""t"":305,""outside"":false,""outsidePx"":0},{""x"":1066.7,""y"":846,""t"":321,""outside"":false,""outsidePx"":0},{""x"":1076,""y"":840.7,""t"":338,""outside"":false,""outsidePx"":0},{""x"":1084.7,""y"":835.3,""t"":355,""outside"":false,""outsidePx"":0},{""x"":1090,""y"":832,""t"":371,""outside"":false,""outsidePx"":0},{""x"":1096.7,""y"":828.7,""t"":388,""outside"":false,""outsidePx"":0},{""x"":1104,""y"":825.3,""t"":404,""outside"":false,""outsidePx"":0},{""x"":1114,""y"":821.3,""t"":421,""outside"":false,""outsidePx"":0},{""x"":1122.7,""y"":818,""t"":438,""outside"":false,""outsidePx"":0},{""x"":1132,""y"":816.7,""t"":455,""outside"":false,""outsidePx"":0},{""x"":1138.7,""y"":812.7,""t"":472,""outside"":false,""outsidePx"":0},{""x"":1146,""y"":811.3,""t"":488,""outside"":false,""outsidePx"":0},{""x"":1156,""y"":804,""t"":504,""outside"":false,""outsidePx"":0},{""x"":1166.7,""y"":797.3,""t"":521,""outside"":false,""outsidePx"":0},{""x"":1178.7,""y"":790,""t"":538,""outside"":false,""outsidePx"":0},{""x"":1191.3,""y"":783.3,""t"":554,""outside"":false,""outsidePx"":0},{""x"":1200,""y"":779.3,""t"":572,""outside"":false,""outsidePx"":0},{""x"":1205.3,""y"":776,""t"":588,""outside"":false,""outsidePx"":0},{""x"":1212,""y"":772.7,""t"":605,""outside"":false,""outsidePx"":0},{""x"":1222.7,""y"":765.3,""t"":621,""outside"":false,""outsidePx"":0},{""x"":1233.3,""y"":760.7,""t"":638,""outside"":false,""outsidePx"":0},{""x"":1244,""y"":755.3,""t"":655,""outside"":false,""outsidePx"":0},{""x"":1256,""y"":748,""t"":671,""outside"":false,""outsidePx"":0},{""x"":1266.7,""y"":741.3,""t"":688,""outside"":false,""outsidePx"":0},{""x"":1273.3,""y"":736,""t"":705,""outside"":false,""outsidePx"":0},{""x"":1280.7,""y"":732.7,""t"":721,""outside"":false,""outsidePx"":0},{""x"":1287.3,""y"":728.7,""t"":738,""outside"":false,""outsidePx"":0},{""x"":1290.7,""y"":727.3,""t"":755,""outside"":false,""outsidePx"":0},{""x"":1298,""y"":723.3,""t"":771,""outside"":false,""outsidePx"":0},{""x"":1304.7,""y"":718.7,""t"":788,""outside"":false,""outsidePx"":0},{""x"":1317.3,""y"":711.3,""t"":805,""outside"":false,""outsidePx"":0},{""x"":1331.3,""y"":704.7,""t"":822,""outside"":false,""outsidePx"":0},{""x"":1343.3,""y"":699.3,""t"":838,""outside"":false,""outsidePx"":0},{""x"":1352,""y"":695.3,""t"":854,""outside"":false,""outsidePx"":0},{""x"":1362.7,""y"":690.7,""t"":871,""outside"":false,""outsidePx"":0},{""x"":1370,""y"":685.3,""t"":888,""outside"":false,""outsidePx"":0},{""x"":1376.7,""y"":681.3,""t"":904,""outside"":false,""outsidePx"":0},{""x"":1385.3,""y"":676.7,""t"":921,""outside"":false,""outsidePx"":0},{""x"":1394,""y"":671.3,""t"":938,""outside"":false,""outsidePx"":0},{""x"":1402.7,""y"":666,""t"":955,""outside"":false,""outsidePx"":0},{""x"":1413.3,""y"":660.7,""t"":971,""outside"":false,""outsidePx"":0},{""x"":1422,""y"":655.3,""t"":988,""outside"":false,""outsidePx"":0},{""x"":1429.3,""y"":650,""t"":1005,""outside"":false,""outsidePx"":0},{""x"":1438,""y"":646.7,""t"":1021,""outside"":false,""outsidePx"":0},{""x"":1444.7,""y"":641.3,""t"":1038,""outside"":false,""outsidePx"":0},{""x"":1454,""y"":636,""t"":1055,""outside"":false,""outsidePx"":0},{""x"":1460.7,""y"":630.7,""t"":1071,""outside"":false,""outsidePx"":0},{""x"":1471.3,""y"":624,""t"":1088,""outside"":false,""outsidePx"":0},{""x"":1480,""y"":618.7,""t"":1105,""outside"":false,""outsidePx"":0},{""x"":1486.7,""y"":613.3,""t"":1121,""outside"":false,""outsidePx"":0},{""x"":1494,""y"":608,""t"":1138,""outside"":false,""outsidePx"":0},{""x"":1500.7,""y"":602.7,""t"":1155,""outside"":false,""outsidePx"":0},{""x"":1508,""y"":597.3,""t"":1171,""outside"":false,""outsidePx"":0},{""x"":1516.7,""y"":590.7,""t"":1188,""outside"":false,""outsidePx"":0},{""x"":1524,""y"":585.3,""t"":1205,""outside"":false,""outsidePx"":0},{""x"":1536,""y"":576.7,""t"":1221,""outside"":false,""outsidePx"":0},{""x"":1548,""y"":566,""t"":1238,""outside"":false,""outsidePx"":0},{""x"":1564,""y"":557.3,""t"":1255,""outside"":false,""outsidePx"":0},{""x"":1578,""y"":550.7,""t"":1271,""outside"":false,""outsidePx"":0},{""x"":1588.7,""y"":545.3,""t"":1288,""outside"":false,""outsidePx"":0},{""x"":1602.7,""y"":536.7,""t"":1305,""outside"":false,""outsidePx"":0},{""x"":1612.7,""y"":531.3,""t"":1321,""outside"":false,""outsidePx"":0},{""x"":1623.3,""y"":526,""t"":1338,""outside"":false,""outsidePx"":0},{""x"":1634,""y"":520.7,""t"":1355,""outside"":false,""outsidePx"":0},{""x"":1648,""y"":513.3,""t"":1371,""outside"":false,""outsidePx"":0},{""x"":1658.7,""y"":506.7,""t"":1388,""outside"":false,""outsidePx"":0},{""x"":1665.3,""y"":503.3,""t"":1405,""outside"":false,""outsidePx"":0},{""x"":1668.7,""y"":501.3,""t"":1421,""outside"":false,""outsidePx"":0},{""x"":1670.7,""y"":501.3,""t"":1438,""outside"":false,""outsidePx"":0},{""x"":1670.7,""y"":499.3,""t"":1460,""outside"":false,""outsidePx"":0},{""x"":1672.7,""y"":499.3,""t"":1472,""outside"":false,""outsidePx"":0},{""x"":1674,""y"":499.3,""t"":1488,""outside"":false,""outsidePx"":0},{""x"":1674,""y"":498,""t"":1505,""outside"":false,""outsidePx"":0},{""x"":1676,""y"":498,""t"":1521,""outside"":false,""outsidePx"":0}]"
hayashi,main,practice,C3,距離大条件,W固定・A長い,35,675,19.286,3,69,129,129,133,2026-09-29T07:52:13.262Z,2026-09-29T07:52:15.023Z,1760,575,1485,910,true,true,none,1681.3,501.3,1,false,0,0,0,false,[],"[{""x"":880.7,""y"":950.7,""t"":0,""outside"":false,""outsidePx"":0},{""x"":881.3,""y"":950.7,""t"":230,""outside"":false,""outsidePx"":0},{""x"":883.3,""y"":949.3,""t"":241,""outside"":false,""outsidePx"":0},{""x"":886.7,""y"":947.3,""t"":252,""outside"":false,""outsidePx"":0},{""x"":894,""y"":942.7,""t"":268,""outside"":false,""outsidePx"":0},{""x"":900.7,""y"":938.7,""t"":285,""outside"":false,""outsidePx"":0},{""x"":906,""y"":935.3,""t"":301,""outside"":false,""outsidePx"":0},{""x"":912.7,""y"":932,""t"":318,""outside"":false,""outsidePx"":0},{""x"":920,""y"":928.7,""t"":334,""outside"":false,""outsidePx"":0},{""x"":928.7,""y"":923.3,""t"":351,""outside"":false,""outsidePx"":0},{""x"":934,""y"":919.3,""t"":367,""outside"":false,""outsidePx"":0},{""x"":937.3,""y"":918,""t"":385,""outside"":false,""outsidePx"":0},{""x"":939.3,""y"":918,""t"":402,""outside"":false,""outsidePx"":0},{""x"":940.7,""y"":916,""t"":418,""outside"":false,""outsidePx"":0},{""x"":946,""y"":914.7,""t"":435,""outside"":false,""outsidePx"":0},{""x"":951.3,""y"":909.3,""t"":451,""outside"":false,""outsidePx"":0},{""x"":958.7,""y"":907.3,""t"":468,""outside"":false,""outsidePx"":0},{""x"":967.3,""y"":902,""t"":485,""outside"":false,""outsidePx"":0},{""x"":972.7,""y"":900.7,""t"":501,""outside"":false,""outsidePx"":0},{""x"":978,""y"":898.7,""t"":518,""outside"":false,""outsidePx"":0},{""x"":979.3,""y"":896.7,""t"":535,""outside"":false,""outsidePx"":0},{""x"":982.7,""y"":895.3,""t"":551,""outside"":false,""outsidePx"":0},{""x"":986.7,""y"":893.3,""t"":568,""outside"":false,""outsidePx"":0},{""x"":993.3,""y"":890,""t"":585,""outside"":false,""outsidePx"":0},{""x"":1000.7,""y"":886.7,""t"":602,""outside"":false,""outsidePx"":0},{""x"":1006,""y"":884.7,""t"":618,""outside"":false,""outsidePx"":0},{""x"":1009.3,""y"":882.7,""t"":635,""outside"":false,""outsidePx"":0},{""x"":1010.7,""y"":881.3,""t"":651,""outside"":false,""outsidePx"":0},{""x"":1012.7,""y"":879.3,""t"":668,""outside"":false,""outsidePx"":0},{""x"":1014.7,""y"":879.3,""t"":685,""outside"":false,""outsidePx"":0},{""x"":1020,""y"":876,""t"":701,""outside"":false,""outsidePx"":0},{""x"":1028.7,""y"":872.7,""t"":718,""outside"":false,""outsidePx"":0},{""x"":1035.3,""y"":868.7,""t"":735,""outside"":false,""outsidePx"":0},{""x"":1042.7,""y"":865.3,""t"":751,""outside"":false,""outsidePx"":0},{""x"":1052.7,""y"":860,""t"":768,""outside"":false,""outsidePx"":0},{""x"":1062,""y"":854.7,""t"":785,""outside"":false,""outsidePx"":0},{""x"":1070.7,""y"":851.3,""t"":802,""outside"":false,""outsidePx"":0},{""x"":1082.7,""y"":844.7,""t"":818,""outside"":false,""outsidePx"":0},{""x"":1090,""y"":840.7,""t"":834,""outside"":false,""outsidePx"":0},{""x"":1096.7,""y"":837.3,""t"":851,""outside"":false,""outsidePx"":0},{""x"":1107.3,""y"":832,""t"":868,""outside"":false,""outsidePx"":0},{""x"":1119.3,""y"":823.3,""t"":885,""outside"":false,""outsidePx"":0},{""x"":1128,""y"":818,""t"":902,""outside"":false,""outsidePx"":0},{""x"":1142,""y"":809.3,""t"":918,""outside"":false,""outsidePx"":0},{""x"":1152.7,""y"":804,""t"":935,""outside"":false,""outsidePx"":0},{""x"":1161.3,""y"":798.7,""t"":952,""outside"":false,""outsidePx"":0},{""x"":1172,""y"":790,""t"":968,""outside"":false,""outsidePx"":0},{""x"":1182.7,""y"":783.3,""t"":985,""outside"":false,""outsidePx"":0},{""x"":1191.3,""y"":778,""t"":1002,""outside"":false,""outsidePx"":0},{""x"":1200,""y"":770.7,""t"":1018,""outside"":false,""outsidePx"":0},{""x"":1208.7,""y"":767.3,""t"":1035,""outside"":false,""outsidePx"":0},{""x"":1220.7,""y"":758.7,""t"":1051,""outside"":false,""outsidePx"":0},{""x"":1234.7,""y"":748,""t"":1068,""outside"":false,""outsidePx"":0},{""x"":1244,""y"":742.7,""t"":1085,""outside"":false,""outsidePx"":0},{""x"":1252.7,""y"":737.3,""t"":1101,""outside"":false,""outsidePx"":0},{""x"":1258,""y"":734,""t"":1118,""outside"":false,""outsidePx"":0},{""x"":1262.7,""y"":730.7,""t"":1135,""outside"":false,""outsidePx"":0},{""x"":1272,""y"":725.3,""t"":1151,""outside"":false,""outsidePx"":0},{""x"":1284,""y"":718.7,""t"":1168,""outside"":false,""outsidePx"":0},{""x"":1294.7,""y"":711.3,""t"":1185,""outside"":false,""outsidePx"":0},{""x"":1308.7,""y"":702.7,""t"":1201,""outside"":false,""outsidePx"":0},{""x"":1322.7,""y"":695.3,""t"":1218,""outside"":false,""outsidePx"":0},{""x"":1336.7,""y"":688.7,""t"":1235,""outside"":false,""outsidePx"":0},{""x"":1350.7,""y"":681.3,""t"":1252,""outside"":false,""outsidePx"":0},{""x"":1370,""y"":672.7,""t"":1268,""outside"":false,""outsidePx"":0},{""x"":1388.7,""y"":664,""t"":1285,""outside"":false,""outsidePx"":0},{""x"":1406.7,""y"":655.3,""t"":1301,""outside"":false,""outsidePx"":0},{""x"":1420.7,""y"":646.7,""t"":1318,""outside"":false,""outsidePx"":0},{""x"":1432.7,""y"":638,""t"":1334,""outside"":false,""outsidePx"":0},{""x"":1448.7,""y"":629.3,""t"":1351,""outside"":false,""outsidePx"":0},{""x"":1468,""y"":616.7,""t"":1368,""outside"":false,""outsidePx"":0},{""x"":1482,""y"":608,""t"":1384,""outside"":false,""outsidePx"":0},{""x"":1511.3,""y"":596,""t"":1401,""outside"":false,""outsidePx"":0},{""x"":1534,""y"":585.3,""t"":1418,""outside"":false,""outsidePx"":0},{""x"":1550,""y"":576.7,""t"":1434,""outside"":false,""outsidePx"":0},{""x"":1558.7,""y"":571.3,""t"":1451,""outside"":false,""outsidePx"":0},{""x"":1566,""y"":566,""t"":1468,""outside"":false,""outsidePx"":0},{""x"":1576,""y"":559.3,""t"":1485,""outside"":false,""outsidePx"":0},{""x"":1594,""y"":546.7,""t"":1501,""outside"":false,""outsidePx"":0},{""x"":1616.7,""y"":532.7,""t"":1518,""outside"":false,""outsidePx"":0},{""x"":1637.3,""y"":522.7,""t"":1535,""outside"":false,""outsidePx"":0},{""x"":1656.7,""y"":513.3,""t"":1551,""outside"":false,""outsidePx"":0},{""x"":1667.3,""y"":510,""t"":1568,""outside"":false,""outsidePx"":0},{""x"":1672.7,""y"":506.7,""t"":1585,""outside"":false,""outsidePx"":0},{""x"":1676,""y"":504.7,""t"":1601,""outside"":false,""outsidePx"":0},{""x"":1678,""y"":503.3,""t"":1618,""outside"":false,""outsidePx"":0},{""x"":1679.3,""y"":501.3,""t"":1667,""outside"":false,""outsidePx"":0},{""x"":1681.3,""y"":501.3,""t"":1687,""outside"":false,""outsidePx"":0}]"
