participantId,experimentMode,phase,conditionId,conditionName,conditionLabel,width,amplitude,steeringId,conditionOrder,trialInCondition,trialInPhase,totalTrial,attemptNumber,startedAtIso,endedAtIso,mtMs,coreEntryMs,coreExitMs,coreMtMs,success,countedAsTrial,errorType,endpointX,endpointY,pathProgress,deviated,deviationCount,deviationTotalMs,maxDeviationPx,excessiveDeviation,deviationEvents,trajectory
shohei,main,practice,C1,幅広条件,A固定・W広い,70,675,9.643,1,1,1,1,1,2026-09-29T08:03:46.200Z,2026-09-29T08:03:47.299Z,1099,224,861,637,true,true,none,1816,422,1,false,0,0,0,false,[],"[{""x"":831.3,""y"":979.3,""t"":0,""outside"":false,""outsidePx"":0},{""x"":831.3,""y"":979.3,""t"":20,""outside"":false,""outsidePx"":0},{""x"":832,""y"":978.7,""t"":69,""outside"":false,""outsidePx"":0},{""x"":834,""y"":974.7,""t"":86,""outside"":false,""outsidePx"":0},{""x"":839.3,""y"":968,""t"":102,""outside"":false,""outsidePx"":0},{""x"":851.3,""y"":957.3,""t"":119,""outside"":false,""outsidePx"":0},{""x"":870.7,""y"":945.3,""t"":135,""outside"":false,""outsidePx"":0},{""x"":884.7,""y"":938,""t"":152,""outside"":false,""outsidePx"":0},{""x"":886.7,""y"":938,""t"":169,""outside"":false,""outsidePx"":0},{""x"":937.3,""y"":904.7,""t"":185,""outside"":false,""outsidePx"":0},{""x"":958,""y"":890.7,""t"":202,""outside"":false,""outsidePx"":0},{""x"":976,""y"":878.7,""t"":219,""outside"":false,""outsidePx"":0},{""x"":990,""y"":868,""t"":235,""outside"":false,""outsidePx"":0},{""x"":1004,""y"":859.3,""t"":252,""outside"":false,""outsidePx"":0},{""x"":1014,""y"":850.7,""t"":269,""outside"":false,""outsidePx"":0},{""x"":1022.7,""y"":843.3,""t"":286,""outside"":false,""outsidePx"":0},{""x"":1033.3,""y"":838.7,""t"":302,""outside"":false,""outsidePx"":0},{""x"":1046,""y"":831.3,""t"":319,""outside"":false,""outsidePx"":0},{""x"":1060,""y"":824.7,""t"":336,""outside"":false,""outsidePx"":0},{""x"":1074,""y"":817.3,""t"":352,""outside"":false,""outsidePx"":0},{""x"":1086,""y"":810.7,""t"":369,""outside"":false,""outsidePx"":0},{""x"":1094.7,""y"":801.3,""t"":385,""outside"":false,""outsidePx"":0},{""x"":1103.3,""y"":789.3,""t"":402,""outside"":false,""outsidePx"":0},{""x"":1116,""y"":778.7,""t"":419,""outside"":false,""outsidePx"":0},{""x"":1130,""y"":770,""t"":435,""outside"":false,""outsidePx"":0},{""x"":1145.3,""y"":764.7,""t"":452,""outside"":false,""outsidePx"":0},{""x"":1162.7,""y"":758,""t"":469,""outside"":false,""outsidePx"":0},{""x"":1180.7,""y"":752.7,""t"":485,""outside"":false,""outsidePx"":0},{""x"":1196,""y"":745.3,""t"":577,""outside"":false,""outsidePx"":0},{""x"":1294,""y"":691.3,""t"":588,""outside"":false,""outsidePx"":0},{""x"":1308,""y"":682.7,""t"":602,""outside"":false,""outsidePx"":0},{""x"":1326,""y"":675.3,""t"":619,""outside"":false,""outsidePx"":0},{""x"":1341.3,""y"":666.7,""t"":635,""outside"":false,""outsidePx"":0},{""x"":1355.3,""y"":661.3,""t"":652,""outside"":false,""outsidePx"":0},{""x"":1371.3,""y"":652.7,""t"":669,""outside"":false,""outsidePx"":0},{""x"":1385.3,""y"":644,""t"":685,""outside"":false,""outsidePx"":0},{""x"":1399.3,""y"":633.3,""t"":704,""outside"":false,""outsidePx"":0},{""x"":1416.7,""y"":626.7,""t"":720,""outside"":false,""outsidePx"":0},{""x"":1432.7,""y"":618,""t"":735,""outside"":false,""outsidePx"":0},{""x"":1444.7,""y"":610.7,""t"":752,""outside"":false,""outsidePx"":0},{""x"":1460.7,""y"":602,""t"":771,""outside"":false,""outsidePx"":0},{""x"":1476,""y"":593.3,""t"":787,""outside"":false,""outsidePx"":0},{""x"":1492,""y"":584.7,""t"":804,""outside"":false,""outsidePx"":0},{""x"":1511.3,""y"":574,""t"":820,""outside"":false,""outsidePx"":0},{""x"":1530.7,""y"":563.3,""t"":835,""outside"":false,""outsidePx"":0},{""x"":1554.7,""y"":549.3,""t"":852,""outside"":false,""outsidePx"":0},{""x"":1581.3,""y"":535.3,""t"":872,""outside"":false,""outsidePx"":0},{""x"":1607.3,""y"":523.3,""t"":889,""outside"":false,""outsidePx"":0},{""x"":1635.3,""y"":512.7,""t"":902,""outside"":false,""outsidePx"":0},{""x"":1665.3,""y"":504,""t"":919,""outside"":false,""outsidePx"":0},{""x"":1686,""y"":497.3,""t"":935,""outside"":false,""outsidePx"":0},{""x"":1707.3,""y"":488.7,""t"":952,""outside"":false,""outsidePx"":0},{""x"":1724.7,""y"":478,""t"":969,""outside"":false,""outsidePx"":0},{""x"":1742,""y"":469.3,""t"":985,""outside"":false,""outsidePx"":0},{""x"":1760,""y"":458.7,""t"":1002,""outside"":false,""outsidePx"":0},{""x"":1778.7,""y"":448,""t"":1019,""outside"":false,""outsidePx"":0},{""x"":1796.7,""y"":436,""t"":1035,""outside"":false,""outsidePx"":0},{""x"":1808.7,""y"":427.3,""t"":1052,""outside"":false,""outsidePx"":0},{""x"":1816,""y"":422,""t"":1069,""outside"":false,""outsidePx"":0}]"
shohei,main,practice,C1,幅広条件,A固定・W広い,70,675,9.643,1,2,2,2,2,2026-09-29T08:03:47.824Z,2026-09-29T08:03:48.659Z,835,154,646,492,true,true,none,1793.3,438.7,1,false,0,0,0,false,[],"[{""x"":836.7,""y"":981.3,""t"":0,""outside"":false,""outsidePx"":0},{""x"":837.3,""y"":980,""t"":65,""outside"":false,""outsidePx"":0},{""x"":850,""y"":973.3,""t"":78,""outside"":false,""outsidePx"":0},{""x"":870.7,""y"":960.7,""t"":95,""outside"":false,""outsidePx"":0},{""x"":904,""y"":943.3,""t"":111,""outside"":false,""outsidePx"":0},{""x"":937.3,""y"":926,""t"":128,""outside"":false,""outsidePx"":0},{""x"":972,""y"":908.7,""t"":145,""outside"":false,""outsidePx"":0},{""x"":1007.3,""y"":887.3,""t"":161,""outside"":false,""outsidePx"":0},{""x"":1036.7,""y"":868,""t"":178,""outside"":false,""outsidePx"":0},{""x"":1066.7,""y"":848.7,""t"":195,""outside"":false,""outsidePx"":0},{""x"":1091.3,""y"":833.3,""t"":211,""outside"":false,""outsidePx"":0},{""x"":1110.7,""y"":820.7,""t"":228,""outside"":false,""outsidePx"":0},{""x"":1128,""y"":810.7,""t"":245,""outside"":false,""outsidePx"":0},{""x"":1140,""y"":801.3,""t"":261,""outside"":false,""outsidePx"":0},{""x"":1154,""y"":791.3,""t"":278,""outside"":false,""outsidePx"":0},{""x"":1162.7,""y"":782.7,""t"":295,""outside"":false,""outsidePx"":0},{""x"":1172,""y"":777.3,""t"":312,""outside"":false,""outsidePx"":0},{""x"":1180.7,""y"":772,""t"":328,""outside"":false,""outsidePx"":0},{""x"":1189.3,""y"":764.7,""t"":345,""outside"":false,""outsidePx"":0},{""x"":1200,""y"":758,""t"":361,""outside"":false,""outsidePx"":0},{""x"":1215.3,""y"":747.3,""t"":378,""outside"":false,""outsidePx"":0},{""x"":1231.3,""y"":738.7,""t"":395,""outside"":false,""outsidePx"":0},{""x"":1252,""y"":730,""t"":411,""outside"":false,""outsidePx"":0},{""x"":1271.3,""y"":721.3,""t"":428,""outside"":false,""outsidePx"":0},{""x"":1287.3,""y"":712.7,""t"":445,""outside"":false,""outsidePx"":0},{""x"":1306.7,""y"":702,""t"":461,""outside"":false,""outsidePx"":0},{""x"":1326,""y"":689.3,""t"":478,""outside"":false,""outsidePx"":0},{""x"":1348.7,""y"":677.3,""t"":494,""outside"":false,""outsidePx"":0},{""x"":1372.7,""y"":663.3,""t"":511,""outside"":false,""outsidePx"":0},{""x"":1394,""y"":647.3,""t"":528,""outside"":false,""outsidePx"":0},{""x"":1418.7,""y"":630,""t"":544,""outside"":false,""outsidePx"":0},{""x"":1444.7,""y"":614.7,""t"":561,""outside"":false,""outsidePx"":0},{""x"":1470.7,""y"":602,""t"":578,""outside"":false,""outsidePx"":0},{""x"":1497.3,""y"":591.3,""t"":595,""outside"":false,""outsidePx"":0},{""x"":1520,""y"":581.3,""t"":611,""outside"":false,""outsidePx"":0},{""x"":1544.7,""y"":568.7,""t"":628,""outside"":false,""outsidePx"":0},{""x"":1570.7,""y"":554.7,""t"":645,""outside"":false,""outsidePx"":0},{""x"":1600.7,""y"":537.3,""t"":661,""outside"":false,""outsidePx"":0},{""x"":1635.3,""y"":520,""t"":678,""outside"":false,""outsidePx"":0},{""x"":1672,""y"":504,""t"":694,""outside"":false,""outsidePx"":0},{""x"":1704,""y"":486.7,""t"":711,""outside"":false,""outsidePx"":0},{""x"":1732,""y"":469.3,""t"":728,""outside"":false,""outsidePx"":0},{""x"":1760,""y"":451.3,""t"":744,""outside"":false,""outsidePx"":0},{""x"":1780.7,""y"":442.7,""t"":761,""outside"":false,""outsidePx"":0},{""x"":1792.7,""y"":437.3,""t"":778,""outside"":false,""outsidePx"":0},{""x"":1794.7,""y"":437.3,""t"":795,""outside"":false,""outsidePx"":0},{""x"":1793.3,""y"":438.7,""t"":835,""outside"":false,""outsidePx"":0}]"
shohei,main,practice,C1,幅広条件,A固定・W広い,70,675,9.643,1,3,3,3,3,2026-09-29T08:03:49.233Z,2026-09-29T08:03:50.118Z,885,176,682,506,true,true,none,1790,442.7,1,false,0,0,0,false,[],"[{""x"":767.3,""y"":1018.7,""t"":0,""outside"":false,""outsidePx"":0},{""x"":769.3,""y"":1018.7,""t"":2,""outside"":false,""outsidePx"":0},{""x"":770.7,""y"":1015.3,""t"":18,""outside"":false,""outsidePx"":0},{""x"":776,""y"":1010,""t"":35,""outside"":false,""outsidePx"":0},{""x"":788.7,""y"":1001.3,""t"":52,""outside"":false,""outsidePx"":0},{""x"":804,""y"":992.7,""t"":69,""outside"":false,""outsidePx"":0},{""x"":828.7,""y"":978.7,""t"":85,""outside"":false,""outsidePx"":0},{""x"":854.7,""y"":964.7,""t"":102,""outside"":false,""outsidePx"":0},{""x"":884.7,""y"":950.7,""t"":118,""outside"":false,""outsidePx"":0},{""x"":921.3,""y"":934.7,""t"":135,""outside"":false,""outsidePx"":0},{""x"":954.7,""y"":922.7,""t"":152,""outside"":false,""outsidePx"":0},{""x"":982.7,""y"":908.7,""t"":168,""outside"":false,""outsidePx"":0},{""x"":1010.7,""y"":894.7,""t"":185,""outside"":false,""outsidePx"":0},{""x"":1032,""y"":880.7,""t"":202,""outside"":false,""outsidePx"":0},{""x"":1047.3,""y"":868,""t"":218,""outside"":false,""outsidePx"":0},{""x"":1063.3,""y"":859.3,""t"":235,""outside"":false,""outsidePx"":0},{""x"":1077.3,""y"":854,""t"":252,""outside"":false,""outsidePx"":0},{""x"":1091.3,""y"":848.7,""t"":269,""outside"":false,""outsidePx"":0},{""x"":1106.7,""y"":840,""t"":285,""outside"":false,""outsidePx"":0},{""x"":1122.7,""y"":831.3,""t"":302,""outside"":false,""outsidePx"":0},{""x"":1144,""y"":822.7,""t"":318,""outside"":false,""outsidePx"":0},{""x"":1161.3,""y"":814,""t"":335,""outside"":false,""outsidePx"":0},{""x"":1173.3,""y"":805.3,""t"":352,""outside"":false,""outsidePx"":0},{""x"":1184,""y"":792.7,""t"":368,""outside"":false,""outsidePx"":0},{""x"":1200,""y"":777.3,""t"":385,""outside"":false,""outsidePx"":0},{""x"":1215.3,""y"":764.7,""t"":401,""outside"":false,""outsidePx"":0},{""x"":1232.7,""y"":752.7,""t"":418,""outside"":false,""outsidePx"":0},{""x"":1250.7,""y"":740.7,""t"":435,""outside"":false,""outsidePx"":0},{""x"":1264.7,""y"":728,""t"":452,""outside"":false,""outsidePx"":0},{""x"":1280,""y"":717.3,""t"":468,""outside"":false,""outsidePx"":0},{""x"":1298,""y"":705.3,""t"":485,""outside"":false,""outsidePx"":0},{""x"":1313.3,""y"":696.7,""t"":502,""outside"":false,""outsidePx"":0},{""x"":1329.3,""y"":688,""t"":518,""outside"":false,""outsidePx"":0},{""x"":1348.7,""y"":677.3,""t"":535,""outside"":false,""outsidePx"":0},{""x"":1368,""y"":663.3,""t"":552,""outside"":false,""outsidePx"":0},{""x"":1388.7,""y"":647.3,""t"":568,""outside"":false,""outsidePx"":0},{""x"":1414.7,""y"":632,""t"":585,""outside"":false,""outsidePx"":0},{""x"":1442.7,""y"":618,""t"":601,""outside"":false,""outsidePx"":0},{""x"":1470.7,""y"":607.3,""t"":618,""outside"":false,""outsidePx"":0},{""x"":1498.7,""y"":595.3,""t"":635,""outside"":false,""outsidePx"":0},{""x"":1525.3,""y"":582.7,""t"":651,""outside"":false,""outsidePx"":0},{""x"":1551.3,""y"":570.7,""t"":668,""outside"":false,""outsidePx"":0},{""x"":1582.7,""y"":558.7,""t"":685,""outside"":false,""outsidePx"":0},{""x"":1614.7,""y"":548,""t"":702,""outside"":false,""outsidePx"":0},{""x"":1640.7,""y"":534,""t"":718,""outside"":false,""outsidePx"":0},{""x"":1665.3,""y"":520,""t"":735,""outside"":false,""outsidePx"":0},{""x"":1690,""y"":504,""t"":751,""outside"":false,""outsidePx"":0},{""x"":1712.7,""y"":488.7,""t"":768,""outside"":false,""outsidePx"":0},{""x"":1736.7,""y"":472.7,""t"":785,""outside"":false,""outsidePx"":0},{""x"":1760,""y"":460.7,""t"":802,""outside"":false,""outsidePx"":0},{""x"":1778.7,""y"":450,""t"":818,""outside"":false,""outsidePx"":0},{""x"":1789.3,""y"":442.7,""t"":835,""outside"":false,""outsidePx"":0},{""x"":1791.3,""y"":442.7,""t"":852,""outside"":false,""outsidePx"":0},{""x"":1790,""y"":442.7,""t"":884,""outside"":false,""outsidePx"":0}]"
shohei,main,practice,C1,幅広条件,A固定・W広い,70,675,9.643,1,4,4,4,4,2026-09-29T08:03:50.624Z,2026-09-29T08:03:51.474Z,850,126,644,518,true,true,none,1753.3,452.7,1,false,0,0,0,false,[],"[{""x"":831.3,""y"":992,""t"":0,""outside"":false,""outsidePx"":0},{""x"":837.3,""y"":988.7,""t"":11,""outside"":false,""outsidePx"":0},{""x"":839.3,""y"":988.7,""t"":35,""outside"":false,""outsidePx"":0},{""x"":858.7,""y"":976.7,""t"":45,""outside"":false,""outsidePx"":0},{""x"":876,""y"":968,""t"":60,""outside"":false,""outsidePx"":0},{""x"":900.7,""y"":954,""t"":77,""outside"":false,""outsidePx"":0},{""x"":928.7,""y"":936.7,""t"":94,""outside"":false,""outsidePx"":0},{""x"":960,""y"":915.3,""t"":110,""outside"":false,""outsidePx"":0},{""x"":993.3,""y"":894.7,""t"":127,""outside"":false,""outsidePx"":0},{""x"":1026.7,""y"":875.3,""t"":143,""outside"":false,""outsidePx"":0},{""x"":1050.7,""y"":857.3,""t"":160,""outside"":false,""outsidePx"":0},{""x"":1072,""y"":842,""t"":177,""outside"":false,""outsidePx"":0},{""x"":1089.3,""y"":828,""t"":193,""outside"":false,""outsidePx"":0},{""x"":1103.3,""y"":820.7,""t"":210,""outside"":false,""outsidePx"":0},{""x"":1119.3,""y"":814,""t"":227,""outside"":false,""outsidePx"":0},{""x"":1131.3,""y"":806.7,""t"":243,""outside"":false,""outsidePx"":0},{""x"":1145.3,""y"":798,""t"":260,""outside"":false,""outsidePx"":0},{""x"":1159.3,""y"":787.3,""t"":277,""outside"":false,""outsidePx"":0},{""x"":1173.3,""y"":778.7,""t"":293,""outside"":false,""outsidePx"":0},{""x"":1187.3,""y"":768.7,""t"":310,""outside"":false,""outsidePx"":0},{""x"":1203.3,""y"":759.3,""t"":327,""outside"":false,""outsidePx"":0},{""x"":1217.3,""y"":750.7,""t"":343,""outside"":false,""outsidePx"":0},{""x"":1232.7,""y"":742,""t"":360,""outside"":false,""outsidePx"":0},{""x"":1245.3,""y"":733.3,""t"":377,""outside"":false,""outsidePx"":0},{""x"":1259.3,""y"":724.7,""t"":393,""outside"":false,""outsidePx"":0},{""x"":1274.7,""y"":714,""t"":410,""outside"":false,""outsidePx"":0},{""x"":1294,""y"":702,""t"":427,""outside"":false,""outsidePx"":0},{""x"":1313.3,""y"":693.3,""t"":443,""outside"":false,""outsidePx"":0},{""x"":1338,""y"":679.3,""t"":460,""outside"":false,""outsidePx"":0},{""x"":1364,""y"":666.7,""t"":477,""outside"":false,""outsidePx"":0},{""x"":1383.3,""y"":654.7,""t"":493,""outside"":false,""outsidePx"":0},{""x"":1404.7,""y"":640.7,""t"":510,""outside"":false,""outsidePx"":0},{""x"":1425.3,""y"":628.7,""t"":527,""outside"":false,""outsidePx"":0},{""x"":1441.3,""y"":618,""t"":543,""outside"":false,""outsidePx"":0},{""x"":1460.7,""y"":607.3,""t"":560,""outside"":false,""outsidePx"":0},{""x"":1481.3,""y"":596.7,""t"":577,""outside"":false,""outsidePx"":0},{""x"":1500.7,""y"":588,""t"":593,""outside"":false,""outsidePx"":0},{""x"":1522,""y"":576,""t"":610,""outside"":false,""outsidePx"":0},{""x"":1544.7,""y"":562,""t"":626,""outside"":false,""outsidePx"":0},{""x"":1568.7,""y"":549.3,""t"":643,""outside"":false,""outsidePx"":0},{""x"":1600.7,""y"":534,""t"":660,""outside"":false,""outsidePx"":0},{""x"":1634,""y"":518,""t"":677,""outside"":false,""outsidePx"":0},{""x"":1662,""y"":504,""t"":693,""outside"":false,""outsidePx"":0},{""x"":1688,""y"":486.7,""t"":710,""outside"":false,""outsidePx"":0},{""x"":1712.7,""y"":470.7,""t"":727,""outside"":false,""outsidePx"":0},{""x"":1730,""y"":460.7,""t"":743,""outside"":false,""outsidePx"":0},{""x"":1752.7,""y"":450,""t"":760,""outside"":false,""outsidePx"":0},{""x"":1761.3,""y"":444.7,""t"":777,""outside"":false,""outsidePx"":0},{""x"":1763.3,""y"":444.7,""t"":793,""outside"":false,""outsidePx"":0},{""x"":1762,""y"":444.7,""t"":825,""outside"":false,""outsidePx"":0},{""x"":1760.7,""y"":446,""t"":833,""outside"":false,""outsidePx"":0},{""x"":1756.7,""y"":449.3,""t"":843,""outside"":false,""outsidePx"":0},{""x"":1753.3,""y"":452.7,""t"":849,""outside"":false,""outsidePx"":0}]"
shohei,main,practice,C1,幅広条件,A固定・W広い,70,675,9.643,1,5,5,5,5,2026-09-29T08:03:52.156Z,2026-09-29T08:03:53.190Z,1034,166,760,594,true,true,deviation,1766.7,474.7,1,true,2,133,3,false,"[{""startMs"":362,""startX"":1173.3,""startY"":740.7,""maxOutsidePx"":3,""endMs"":429,""endX"":1250.7,""endY"":698.7,""durationMs"":67},{""startMs"":496,""startX"":1315.3,""startY"":658,""maxOutsidePx"":2.5,""endMs"":562,""endX"":1374.7,""endY"":626.7,""durationMs"":66}]","[{""x"":820,""y"":983.3,""t"":0,""outside"":false,""outsidePx"":0},{""x"":828.7,""y"":982,""t"":12,""outside"":false,""outsidePx"":0},{""x"":836,""y"":982,""t"":30,""outside"":false,""outsidePx"":0},{""x"":837.3,""y"":982,""t"":46,""outside"":false,""outsidePx"":0},{""x"":840.7,""y"":980,""t"":62,""outside"":false,""outsidePx"":0},{""x"":846,""y"":978.7,""t"":79,""outside"":false,""outsidePx"":0},{""x"":860,""y"":971.3,""t"":96,""outside"":false,""outsidePx"":0},{""x"":882.7,""y"":959.3,""t"":112,""outside"":false,""outsidePx"":0},{""x"":912.7,""y"":941.3,""t"":130,""outside"":false,""outsidePx"":0},{""x"":948,""y"":924,""t"":146,""outside"":false,""outsidePx"":0},{""x"":986,""y"":899.3,""t"":162,""outside"":false,""outsidePx"":0},{""x"":1010.7,""y"":884,""t"":179,""outside"":false,""outsidePx"":0},{""x"":1035.3,""y"":866.7,""t"":195,""outside"":false,""outsidePx"":0},{""x"":1060,""y"":842,""t"":212,""outside"":false,""outsidePx"":0},{""x"":1074,""y"":826,""t"":229,""outside"":false,""outsidePx"":0},{""x"":1089.3,""y"":810.7,""t"":246,""outside"":false,""outsidePx"":0},{""x"":1100,""y"":798,""t"":262,""outside"":false,""outsidePx"":0},{""x"":1117.3,""y"":784,""t"":280,""outside"":false,""outsidePx"":0},{""x"":1126,""y"":778.7,""t"":296,""outside"":false,""outsidePx"":0},{""x"":1138.7,""y"":770,""t"":312,""outside"":false,""outsidePx"":0},{""x"":1148.7,""y"":763.3,""t"":329,""outside"":false,""outsidePx"":0},{""x"":1159.3,""y"":752.7,""t"":346,""outside"":false,""outsidePx"":0},{""x"":1173.3,""y"":740.7,""t"":362,""outside"":true,""outsidePx"":0.4},{""x"":1187.3,""y"":730,""t"":379,""outside"":true,""outsidePx"":2.7},{""x"":1208.7,""y"":717.3,""t"":396,""outside"":true,""outsidePx"":3},{""x"":1229.3,""y"":708.7,""t"":412,""outside"":true,""outsidePx"":0.1},{""x"":1250.7,""y"":698.7,""t"":429,""outside"":false,""outsidePx"":0},{""x"":1268,""y"":688,""t"":446,""outside"":false,""outsidePx"":0},{""x"":1284,""y"":677.3,""t"":462,""outside"":false,""outsidePx"":0},{""x"":1299.3,""y"":668.7,""t"":479,""outside"":false,""outsidePx"":0},{""x"":1315.3,""y"":658,""t"":496,""outside"":true,""outsidePx"":1},{""x"":1330.7,""y"":649.3,""t"":512,""outside"":true,""outsidePx"":0.9},{""x"":1343.3,""y"":640.7,""t"":529,""outside"":true,""outsidePx"":2},{""x"":1357.3,""y"":632,""t"":546,""outside"":true,""outsidePx"":2.5},{""x"":1374.7,""y"":626.7,""t"":562,""outside"":false,""outsidePx"":0},{""x"":1386.7,""y"":621.3,""t"":580,""outside"":false,""outsidePx"":0},{""x"":1397.3,""y"":614.7,""t"":596,""outside"":false,""outsidePx"":0},{""x"":1410,""y"":609.3,""t"":613,""outside"":false,""outsidePx"":0},{""x"":1424,""y"":602,""t"":629,""outside"":false,""outsidePx"":0},{""x"":1439.3,""y"":596.7,""t"":646,""outside"":false,""outsidePx"":0},{""x"":1453.3,""y"":590,""t"":662,""outside"":false,""outsidePx"":0},{""x"":1469.3,""y"":582.7,""t"":679,""outside"":false,""outsidePx"":0},{""x"":1486.7,""y"":576,""t"":695,""outside"":false,""outsidePx"":0},{""x"":1508,""y"":568.7,""t"":712,""outside"":false,""outsidePx"":0},{""x"":1532,""y"":562,""t"":729,""outside"":false,""outsidePx"":0},{""x"":1553.3,""y"":554.7,""t"":746,""outside"":false,""outsidePx"":0},{""x"":1572.7,""y"":546,""t"":762,""outside"":false,""outsidePx"":0},{""x"":1590,""y"":539.3,""t"":779,""outside"":false,""outsidePx"":0},{""x"":1612.7,""y"":534,""t"":796,""outside"":false,""outsidePx"":0},{""x"":1635.3,""y"":530.7,""t"":812,""outside"":false,""outsidePx"":0},{""x"":1654.7,""y"":525.3,""t"":829,""outside"":false,""outsidePx"":0},{""x"":1672,""y"":520,""t"":846,""outside"":false,""outsidePx"":0},{""x"":1682.7,""y"":514.7,""t"":862,""outside"":false,""outsidePx"":0},{""x"":1693.3,""y"":509.3,""t"":879,""outside"":false,""outsidePx"":0},{""x"":1705.3,""y"":502.7,""t"":896,""outside"":false,""outsidePx"":0},{""x"":1718,""y"":497.3,""t"":913,""outside"":false,""outsidePx"":0},{""x"":1728,""y"":493.3,""t"":929,""outside"":false,""outsidePx"":0},{""x"":1738.7,""y"":488.7,""t"":946,""outside"":false,""outsidePx"":0},{""x"":1747.3,""y"":483.3,""t"":963,""outside"":false,""outsidePx"":0},{""x"":1756,""y"":479.3,""t"":979,""outside"":false,""outsidePx"":0},{""x"":1761.3,""y"":476,""t"":996,""outside"":false,""outsidePx"":0},{""x"":1764.7,""y"":474.7,""t"":1012,""outside"":false,""outsidePx"":0},{""x"":1766.7,""y"":474.7,""t"":1031,""outside"":false,""outsidePx"":0}]"
shohei,main,practice,C1,幅広条件,A固定・W広い,70,675,9.643,1,6,6,6,6,2026-09-29T08:03:53.815Z,2026-09-29T08:03:54.661Z,846,135,613,478,true,true,none,1747.3,460.7,1,false,0,0,0,false,[],"[{""x"":850.7,""y"":967.3,""t"":0,""outside"":false,""outsidePx"":0},{""x"":858.7,""y"":964.7,""t"":53,""outside"":false,""outsidePx"":0},{""x"":878,""y"":955.3,""t"":69,""outside"":false,""outsidePx"":0},{""x"":902,""y"":943.3,""t"":85,""outside"":false,""outsidePx"":0},{""x"":934,""y"":929.3,""t"":102,""outside"":false,""outsidePx"":0},{""x"":965.3,""y"":915.3,""t"":119,""outside"":false,""outsidePx"":0},{""x"":994.7,""y"":901.3,""t"":135,""outside"":false,""outsidePx"":0},{""x"":1022.7,""y"":885.3,""t"":152,""outside"":false,""outsidePx"":0},{""x"":1049.3,""y"":871.3,""t"":169,""outside"":false,""outsidePx"":0},{""x"":1070,""y"":861.3,""t"":185,""outside"":false,""outsidePx"":0},{""x"":1091.3,""y"":848.7,""t"":202,""outside"":false,""outsidePx"":0},{""x"":1105.3,""y"":836.7,""t"":219,""outside"":false,""outsidePx"":0},{""x"":1116,""y"":826,""t"":235,""outside"":false,""outsidePx"":0},{""x"":1126,""y"":817.3,""t"":252,""outside"":false,""outsidePx"":0},{""x"":1136.7,""y"":806.7,""t"":269,""outside"":false,""outsidePx"":0},{""x"":1148.7,""y"":798,""t"":286,""outside"":false,""outsidePx"":0},{""x"":1162.7,""y"":787.3,""t"":302,""outside"":false,""outsidePx"":0},{""x"":1175.3,""y"":778.7,""t"":319,""outside"":false,""outsidePx"":0},{""x"":1187.3,""y"":766.7,""t"":336,""outside"":false,""outsidePx"":0},{""x"":1203.3,""y"":758,""t"":352,""outside"":false,""outsidePx"":0},{""x"":1218.7,""y"":747.3,""t"":369,""outside"":false,""outsidePx"":0},{""x"":1234.7,""y"":738.7,""t"":385,""outside"":false,""outsidePx"":0},{""x"":1252,""y"":731.3,""t"":402,""outside"":false,""outsidePx"":0},{""x"":1271.3,""y"":721.3,""t"":419,""outside"":false,""outsidePx"":0},{""x"":1288.7,""y"":712.7,""t"":435,""outside"":false,""outsidePx"":0},{""x"":1313.3,""y"":700,""t"":452,""outside"":false,""outsidePx"":0},{""x"":1341.3,""y"":684.7,""t"":469,""outside"":false,""outsidePx"":0},{""x"":1372.7,""y"":674,""t"":485,""outside"":false,""outsidePx"":0},{""x"":1408,""y"":660,""t"":502,""outside"":false,""outsidePx"":0},{""x"":1439.3,""y"":644,""t"":519,""outside"":false,""outsidePx"":0},{""x"":1466,""y"":630,""t"":535,""outside"":false,""outsidePx"":0},{""x"":1495.3,""y"":612.7,""t"":552,""outside"":false,""outsidePx"":0},{""x"":1523.3,""y"":596.7,""t"":569,""outside"":false,""outsidePx"":0},{""x"":1544.7,""y"":584.7,""t"":585,""outside"":false,""outsidePx"":0},{""x"":1567.3,""y"":570.7,""t"":602,""outside"":false,""outsidePx"":0},{""x"":1584.7,""y"":560,""t"":619,""outside"":false,""outsidePx"":0},{""x"":1606,""y"":548,""t"":635,""outside"":false,""outsidePx"":0},{""x"":1626.7,""y"":537.3,""t"":652,""outside"":false,""outsidePx"":0},{""x"":1648,""y"":528.7,""t"":669,""outside"":false,""outsidePx"":0},{""x"":1663.3,""y"":523.3,""t"":685,""outside"":false,""outsidePx"":0},{""x"":1674,""y"":518,""t"":702,""outside"":false,""outsidePx"":0},{""x"":1680.7,""y"":511.3,""t"":719,""outside"":false,""outsidePx"":0},{""x"":1690,""y"":502.7,""t"":735,""outside"":false,""outsidePx"":0},{""x"":1704,""y"":492,""t"":752,""outside"":false,""outsidePx"":0},{""x"":1718,""y"":481.3,""t"":769,""outside"":false,""outsidePx"":0},{""x"":1730,""y"":470.7,""t"":785,""outside"":false,""outsidePx"":0},{""x"":1742,""y"":462,""t"":802,""outside"":false,""outsidePx"":0},{""x"":1747.3,""y"":460.7,""t"":819,""outside"":false,""outsidePx"":0}]"
shohei,main,practice,C1,幅広条件,A固定・W広い,70,675,9.643,1,7,7,7,7,2026-09-29T08:03:55.198Z,2026-09-29T08:03:56.005Z,808,111,539,428,true,true,none,1738.7,444.7,1,false,0,0,0,false,[],"[{""x"":854,""y"":983.3,""t"":0,""outside"":false,""outsidePx"":0},{""x"":854.7,""y"":983.3,""t"":4,""outside"":false,""outsidePx"":0},{""x"":858.7,""y"":980,""t"":20,""outside"":false,""outsidePx"":0},{""x"":867.3,""y"":973.3,""t"":38,""outside"":false,""outsidePx"":0},{""x"":884.7,""y"":962.7,""t"":54,""outside"":false,""outsidePx"":0},{""x"":907.3,""y"":950.7,""t"":70,""outside"":false,""outsidePx"":0},{""x"":937.3,""y"":934.7,""t"":87,""outside"":false,""outsidePx"":0},{""x"":979.3,""y"":912,""t"":103,""outside"":false,""outsidePx"":0},{""x"":1014,""y"":894.7,""t"":120,""outside"":false,""outsidePx"":0},{""x"":1066.7,""y"":864.7,""t"":136,""outside"":false,""outsidePx"":0},{""x"":1100,""y"":843.3,""t"":153,""outside"":false,""outsidePx"":0},{""x"":1130,""y"":820.7,""t"":170,""outside"":false,""outsidePx"":0},{""x"":1158,""y"":798,""t"":186,""outside"":false,""outsidePx"":0},{""x"":1180.7,""y"":782.7,""t"":203,""outside"":false,""outsidePx"":0},{""x"":1198,""y"":772,""t"":220,""outside"":false,""outsidePx"":0},{""x"":1212,""y"":761.3,""t"":237,""outside"":false,""outsidePx"":0},{""x"":1224,""y"":750.7,""t"":253,""outside"":false,""outsidePx"":0},{""x"":1236.7,""y"":736.7,""t"":270,""outside"":false,""outsidePx"":0},{""x"":1250.7,""y"":724.7,""t"":286,""outside"":false,""outsidePx"":0},{""x"":1266,""y"":716,""t"":303,""outside"":false,""outsidePx"":0},{""x"":1282,""y"":707.3,""t"":320,""outside"":false,""outsidePx"":0},{""x"":1296,""y"":698.7,""t"":337,""outside"":false,""outsidePx"":0},{""x"":1312,""y"":684.7,""t"":353,""outside"":false,""outsidePx"":0},{""x"":1324,""y"":670.7,""t"":370,""outside"":false,""outsidePx"":0},{""x"":1346.7,""y"":652.7,""t"":387,""outside"":false,""outsidePx"":0},{""x"":1369.3,""y"":638.7,""t"":404,""outside"":false,""outsidePx"":0},{""x"":1388.7,""y"":626.7,""t"":420,""outside"":false,""outsidePx"":0},{""x"":1411.3,""y"":612.7,""t"":437,""outside"":false,""outsidePx"":0},{""x"":1432.7,""y"":596.7,""t"":454,""outside"":false,""outsidePx"":0},{""x"":1452,""y"":582.7,""t"":470,""outside"":false,""outsidePx"":0},{""x"":1478,""y"":568.7,""t"":487,""outside"":false,""outsidePx"":0},{""x"":1509.3,""y"":554.7,""t"":503,""outside"":false,""outsidePx"":0},{""x"":1536,""y"":544.7,""t"":520,""outside"":false,""outsidePx"":0},{""x"":1556.7,""y"":532,""t"":537,""outside"":false,""outsidePx"":0},{""x"":1582.7,""y"":514.7,""t"":554,""outside"":false,""outsidePx"":0},{""x"":1607.3,""y"":497.3,""t"":571,""outside"":false,""outsidePx"":0},{""x"":1634,""y"":483.3,""t"":588,""outside"":false,""outsidePx"":0},{""x"":1656.7,""y"":472.7,""t"":604,""outside"":false,""outsidePx"":0},{""x"":1676,""y"":464,""t"":620,""outside"":false,""outsidePx"":0},{""x"":1691.3,""y"":455.3,""t"":637,""outside"":false,""outsidePx"":0},{""x"":1707.3,""y"":450,""t"":654,""outside"":false,""outsidePx"":0},{""x"":1719.3,""y"":448,""t"":671,""outside"":false,""outsidePx"":0},{""x"":1728,""y"":446.7,""t"":687,""outside"":false,""outsidePx"":0},{""x"":1730,""y"":446.7,""t"":704,""outside"":false,""outsidePx"":0},{""x"":1732,""y"":446.7,""t"":720,""outside"":false,""outsidePx"":0},{""x"":1733.3,""y"":446.7,""t"":737,""outside"":false,""outsidePx"":0},{""x"":1736.7,""y"":446.7,""t"":754,""outside"":false,""outsidePx"":0},{""x"":1738.7,""y"":446.7,""t"":771,""outside"":false,""outsidePx"":0},{""x"":1738.7,""y"":444.7,""t"":788,""outside"":false,""outsidePx"":0}]"
shohei,main,practice,C1,幅広条件,A固定・W広い,70,675,9.643,1,8,8,8,8,2026-09-29T08:03:56.594Z,2026-09-29T08:03:57.477Z,883,146,712,566,true,true,none,1712.7,490,1,false,0,0,0,false,[],"[{""x"":826,""y"":971.3,""t"":0,""outside"":false,""outsidePx"":0},{""x"":826,""y"":969.3,""t"":22,""outside"":false,""outsidePx"":0},{""x"":826.7,""y"":969.3,""t"":23,""outside"":false,""outsidePx"":0},{""x"":832,""y"":966,""t"":41,""outside"":false,""outsidePx"":0},{""x"":842.7,""y"":959.3,""t"":58,""outside"":false,""outsidePx"":0},{""x"":860,""y"":950.7,""t"":75,""outside"":false,""outsidePx"":0},{""x"":886.7,""y"":936.7,""t"":92,""outside"":false,""outsidePx"":0},{""x"":914.7,""y"":920.7,""t"":108,""outside"":false,""outsidePx"":0},{""x"":944,""y"":904.7,""t"":124,""outside"":false,""outsidePx"":0},{""x"":974,""y"":887.3,""t"":141,""outside"":false,""outsidePx"":0},{""x"":1005.3,""y"":870,""t"":157,""outside"":false,""outsidePx"":0},{""x"":1030,""y"":856,""t"":174,""outside"":false,""outsidePx"":0},{""x"":1052.7,""y"":840,""t"":191,""outside"":false,""outsidePx"":0},{""x"":1072,""y"":828,""t"":208,""outside"":false,""outsidePx"":0},{""x"":1086,""y"":820.7,""t"":225,""outside"":false,""outsidePx"":0},{""x"":1098,""y"":814,""t"":241,""outside"":false,""outsidePx"":0},{""x"":1108.7,""y"":806.7,""t"":258,""outside"":false,""outsidePx"":0},{""x"":1119.3,""y"":801.3,""t"":274,""outside"":false,""outsidePx"":0},{""x"":1130,""y"":796.7,""t"":291,""outside"":false,""outsidePx"":0},{""x"":1140,""y"":789.3,""t"":308,""outside"":false,""outsidePx"":0},{""x"":1150.7,""y"":782.7,""t"":324,""outside"":false,""outsidePx"":0},{""x"":1164.7,""y"":775.3,""t"":341,""outside"":false,""outsidePx"":0},{""x"":1176.7,""y"":772,""t"":358,""outside"":false,""outsidePx"":0},{""x"":1189.3,""y"":766.7,""t"":375,""outside"":false,""outsidePx"":0},{""x"":1201.3,""y"":759.3,""t"":391,""outside"":false,""outsidePx"":0},{""x"":1215.3,""y"":750.7,""t"":408,""outside"":false,""outsidePx"":0},{""x"":1232.7,""y"":742,""t"":426,""outside"":false,""outsidePx"":0},{""x"":1248.7,""y"":735.3,""t"":441,""outside"":false,""outsidePx"":0},{""x"":1270,""y"":728,""t"":458,""outside"":false,""outsidePx"":0},{""x"":1292.7,""y"":719.3,""t"":474,""outside"":false,""outsidePx"":0},{""x"":1313.3,""y"":708.7,""t"":492,""outside"":false,""outsidePx"":0},{""x"":1329.3,""y"":696.7,""t"":508,""outside"":false,""outsidePx"":0},{""x"":1350,""y"":684.7,""t"":525,""outside"":false,""outsidePx"":0},{""x"":1372.7,""y"":672,""t"":541,""outside"":false,""outsidePx"":0},{""x"":1394,""y"":661.3,""t"":558,""outside"":false,""outsidePx"":0},{""x"":1414.7,""y"":651.3,""t"":575,""outside"":false,""outsidePx"":0},{""x"":1434,""y"":640.7,""t"":591,""outside"":false,""outsidePx"":0},{""x"":1455.3,""y"":630,""t"":608,""outside"":false,""outsidePx"":0},{""x"":1476,""y"":618,""t"":625,""outside"":false,""outsidePx"":0},{""x"":1495.3,""y"":607.3,""t"":641,""outside"":false,""outsidePx"":0},{""x"":1516.7,""y"":595.3,""t"":658,""outside"":false,""outsidePx"":0},{""x"":1536,""y"":584.7,""t"":674,""outside"":false,""outsidePx"":0},{""x"":1556.7,""y"":574,""t"":691,""outside"":false,""outsidePx"":0},{""x"":1574,""y"":565.3,""t"":708,""outside"":false,""outsidePx"":0},{""x"":1593.3,""y"":553.3,""t"":724,""outside"":false,""outsidePx"":0},{""x"":1612.7,""y"":540.7,""t"":741,""outside"":false,""outsidePx"":0},{""x"":1635.3,""y"":532,""t"":758,""outside"":false,""outsidePx"":0},{""x"":1658,""y"":523.3,""t"":774,""outside"":false,""outsidePx"":0},{""x"":1680.7,""y"":514.7,""t"":791,""outside"":false,""outsidePx"":0},{""x"":1694.7,""y"":507.3,""t"":808,""outside"":false,""outsidePx"":0},{""x"":1705.3,""y"":500.7,""t"":825,""outside"":false,""outsidePx"":0},{""x"":1708.7,""y"":493.3,""t"":841,""outside"":false,""outsidePx"":0},{""x"":1712.7,""y"":490,""t"":858,""outside"":false,""outsidePx"":0}]"
shohei,main,practice,C1,幅広条件,A固定・W広い,70,675,9.643,1,9,9,9,9,2026-09-29T08:03:58.045Z,2026-09-29T08:03:58.997Z,952,160,677,517,true,true,none,1761.3,458.7,1,false,0,0,0,false,[],"[{""x"":804.7,""y"":1000.7,""t"":0,""outside"":false,""outsidePx"":0},{""x"":811.3,""y"":996,""t"":39,""outside"":false,""outsidePx"":0},{""x"":823.3,""y"":988.7,""t"":55,""outside"":false,""outsidePx"":0},{""x"":839.3,""y"":980,""t"":72,""outside"":false,""outsidePx"":0},{""x"":865.3,""y"":971.3,""t"":89,""outside"":false,""outsidePx"":0},{""x"":896.7,""y"":959.3,""t"":105,""outside"":false,""outsidePx"":0},{""x"":926.7,""y"":945.3,""t"":122,""outside"":false,""outsidePx"":0},{""x"":958,""y"":927.3,""t"":139,""outside"":false,""outsidePx"":0},{""x"":990,""y"":910,""t"":155,""outside"":false,""outsidePx"":0},{""x"":1016,""y"":894.7,""t"":172,""outside"":false,""outsidePx"":0},{""x"":1040.7,""y"":880.7,""t"":188,""outside"":false,""outsidePx"":0},{""x"":1064.7,""y"":864.7,""t"":205,""outside"":false,""outsidePx"":0},{""x"":1089.3,""y"":848.7,""t"":222,""outside"":false,""outsidePx"":0},{""x"":1106.7,""y"":836.7,""t"":238,""outside"":false,""outsidePx"":0},{""x"":1124.7,""y"":824.7,""t"":255,""outside"":false,""outsidePx"":0},{""x"":1136.7,""y"":812,""t"":272,""outside"":false,""outsidePx"":0},{""x"":1150.7,""y"":801.3,""t"":289,""outside"":false,""outsidePx"":0},{""x"":1164.7,""y"":792.7,""t"":305,""outside"":false,""outsidePx"":0},{""x"":1176.7,""y"":784,""t"":322,""outside"":false,""outsidePx"":0},{""x"":1190.7,""y"":775.3,""t"":339,""outside"":false,""outsidePx"":0},{""x"":1206.7,""y"":766.7,""t"":355,""outside"":false,""outsidePx"":0},{""x"":1220.7,""y"":756,""t"":372,""outside"":false,""outsidePx"":0},{""x"":1234.7,""y"":745.3,""t"":389,""outside"":false,""outsidePx"":0},{""x"":1250.7,""y"":736.7,""t"":405,""outside"":false,""outsidePx"":0},{""x"":1268,""y"":728,""t"":422,""outside"":false,""outsidePx"":0},{""x"":1280,""y"":721.3,""t"":439,""outside"":false,""outsidePx"":0},{""x"":1294,""y"":714,""t"":455,""outside"":false,""outsidePx"":0},{""x"":1306.7,""y"":707.3,""t"":472,""outside"":false,""outsidePx"":0},{""x"":1322,""y"":698.7,""t"":488,""outside"":false,""outsidePx"":0},{""x"":1340,""y"":691.3,""t"":505,""outside"":false,""outsidePx"":0},{""x"":1360.7,""y"":684.7,""t"":522,""outside"":false,""outsidePx"":0},{""x"":1383.3,""y"":675.3,""t"":538,""outside"":false,""outsidePx"":0},{""x"":1406,""y"":665.3,""t"":555,""outside"":false,""outsidePx"":0},{""x"":1428.7,""y"":652.7,""t"":572,""outside"":false,""outsidePx"":0},{""x"":1453.3,""y"":640.7,""t"":589,""outside"":false,""outsidePx"":0},{""x"":1480,""y"":628.7,""t"":605,""outside"":false,""outsidePx"":0},{""x"":1508,""y"":614.7,""t"":622,""outside"":false,""outsidePx"":0},{""x"":1536,""y"":600.7,""t"":639,""outside"":false,""outsidePx"":0},{""x"":1558.7,""y"":588,""t"":655,""outside"":false,""outsidePx"":0},{""x"":1578,""y"":576,""t"":672,""outside"":false,""outsidePx"":0},{""x"":1596.7,""y"":563.3,""t"":688,""outside"":false,""outsidePx"":0},{""x"":1612.7,""y"":553.3,""t"":705,""outside"":false,""outsidePx"":0},{""x"":1628.7,""y"":542.7,""t"":722,""outside"":false,""outsidePx"":0},{""x"":1642.7,""y"":534,""t"":738,""outside"":false,""outsidePx"":0},{""x"":1656.7,""y"":523.3,""t"":755,""outside"":false,""outsidePx"":0},{""x"":1670.7,""y"":516.7,""t"":772,""outside"":false,""outsidePx"":0},{""x"":1686,""y"":507.3,""t"":788,""outside"":false,""outsidePx"":0},{""x"":1705.3,""y"":497.3,""t"":805,""outside"":false,""outsidePx"":0},{""x"":1721.3,""y"":488.7,""t"":822,""outside"":false,""outsidePx"":0},{""x"":1735.3,""y"":478,""t"":838,""outside"":false,""outsidePx"":0},{""x"":1747.3,""y"":469.3,""t"":855,""outside"":false,""outsidePx"":0},{""x"":1756,""y"":462,""t"":872,""outside"":false,""outsidePx"":0},{""x"":1761.3,""y"":460.7,""t"":889,""outside"":false,""outsidePx"":0},{""x"":1761.3,""y"":458.7,""t"":905,""outside"":false,""outsidePx"":0}]"
shohei,main,practice,C1,幅広条件,A固定・W広い,70,675,9.643,1,10,10,10,10,2026-09-29T08:03:59.588Z,2026-09-29T08:04:00.485Z,897,139,627,488,true,true,none,1800.7,444,1,false,0,0,0,false,[],"[{""x"":838,""y"":978.7,""t"":0,""outside"":false,""outsidePx"":0},{""x"":839.3,""y"":976.7,""t"":12,""outside"":false,""outsidePx"":0},{""x"":844.7,""y"":971.3,""t"":28,""outside"":false,""outsidePx"":0},{""x"":853.3,""y"":966,""t"":45,""outside"":false,""outsidePx"":0},{""x"":864,""y"":960.7,""t"":62,""outside"":false,""outsidePx"":0},{""x"":881.3,""y"":952,""t"":78,""outside"":false,""outsidePx"":0},{""x"":906,""y"":940,""t"":95,""outside"":false,""outsidePx"":0},{""x"":934,""y"":926,""t"":111,""outside"":false,""outsidePx"":0},{""x"":968.7,""y"":908.7,""t"":128,""outside"":false,""outsidePx"":0},{""x"":1004,""y"":890.7,""t"":145,""outside"":false,""outsidePx"":0},{""x"":1032,""y"":876.7,""t"":161,""outside"":false,""outsidePx"":0},{""x"":1060,""y"":861.3,""t"":178,""outside"":false,""outsidePx"":0},{""x"":1084,""y"":845.3,""t"":195,""outside"":false,""outsidePx"":0},{""x"":1106.7,""y"":831.3,""t"":211,""outside"":false,""outsidePx"":0},{""x"":1130,""y"":817.3,""t"":228,""outside"":false,""outsidePx"":0},{""x"":1148.7,""y"":803.3,""t"":245,""outside"":false,""outsidePx"":0},{""x"":1164.7,""y"":791.3,""t"":261,""outside"":false,""outsidePx"":0},{""x"":1184,""y"":780.7,""t"":278,""outside"":false,""outsidePx"":0},{""x"":1200,""y"":772,""t"":295,""outside"":false,""outsidePx"":0},{""x"":1214,""y"":763.3,""t"":311,""outside"":false,""outsidePx"":0},{""x"":1228,""y"":752.7,""t"":328,""outside"":false,""outsidePx"":0},{""x"":1242,""y"":740.7,""t"":345,""outside"":false,""outsidePx"":0},{""x"":1259.3,""y"":728,""t"":361,""outside"":false,""outsidePx"":0},{""x"":1282,""y"":714,""t"":378,""outside"":false,""outsidePx"":0},{""x"":1304.7,""y"":702,""t"":395,""outside"":false,""outsidePx"":0},{""x"":1322,""y"":689.3,""t"":411,""outside"":false,""outsidePx"":0},{""x"":1340,""y"":679.3,""t"":428,""outside"":false,""outsidePx"":0},{""x"":1355.3,""y"":668.7,""t"":445,""outside"":false,""outsidePx"":0},{""x"":1371.3,""y"":658,""t"":462,""outside"":false,""outsidePx"":0},{""x"":1390.7,""y"":647.3,""t"":478,""outside"":false,""outsidePx"":0},{""x"":1411.3,""y"":637.3,""t"":495,""outside"":false,""outsidePx"":0},{""x"":1428.7,""y"":626.7,""t"":511,""outside"":false,""outsidePx"":0},{""x"":1448,""y"":616,""t"":528,""outside"":false,""outsidePx"":0},{""x"":1467.3,""y"":604,""t"":545,""outside"":false,""outsidePx"":0},{""x"":1484.7,""y"":591.3,""t"":561,""outside"":false,""outsidePx"":0},{""x"":1502.7,""y"":579.3,""t"":578,""outside"":false,""outsidePx"":0},{""x"":1525.3,""y"":565.3,""t"":595,""outside"":false,""outsidePx"":0},{""x"":1546,""y"":554.7,""t"":611,""outside"":false,""outsidePx"":0},{""x"":1568.7,""y"":542.7,""t"":628,""outside"":false,""outsidePx"":0},{""x"":1590,""y"":534,""t"":645,""outside"":false,""outsidePx"":0},{""x"":1609.3,""y"":525.3,""t"":661,""outside"":false,""outsidePx"":0},{""x"":1626.7,""y"":516.7,""t"":678,""outside"":false,""outsidePx"":0},{""x"":1642.7,""y"":509.3,""t"":695,""outside"":false,""outsidePx"":0},{""x"":1662,""y"":500.7,""t"":711,""outside"":false,""outsidePx"":0},{""x"":1682.7,""y"":492,""t"":728,""outside"":false,""outsidePx"":0},{""x"":1705.3,""y"":483.3,""t"":745,""outside"":false,""outsidePx"":0},{""x"":1726.7,""y"":474.7,""t"":761,""outside"":false,""outsidePx"":0},{""x"":1746,""y"":464,""t"":778,""outside"":false,""outsidePx"":0},{""x"":1763.3,""y"":455.3,""t"":795,""outside"":false,""outsidePx"":0},{""x"":1778.7,""y"":448,""t"":811,""outside"":false,""outsidePx"":0},{""x"":1794.7,""y"":442.7,""t"":828,""outside"":false,""outsidePx"":0},{""x"":1802,""y"":441.3,""t"":845,""outside"":false,""outsidePx"":0},{""x"":1803.3,""y"":441.3,""t"":861,""outside"":false,""outsidePx"":0},{""x"":1803.3,""y"":442,""t"":884,""outside"":false,""outsidePx"":0},{""x"":1800.7,""y"":444,""t"":896,""outside"":false,""outsidePx"":0}]"
shohei,main,practice,C1,幅広条件,A固定・W広い,70,675,9.643,1,11,11,11,11,2026-09-29T08:04:01.062Z,2026-09-29T08:04:01.888Z,826,130,577,447,true,true,none,1812,423.3,1,false,0,0,0,false,[],"[{""x"":845.3,""y"":958.7,""t"":0,""outside"":false,""outsidePx"":0},{""x"":846,""y"":958.7,""t"":23,""outside"":false,""outsidePx"":0},{""x"":853.3,""y"":958.7,""t"":37,""outside"":false,""outsidePx"":0},{""x"":867.3,""y"":954,""t"":54,""outside"":false,""outsidePx"":0},{""x"":882.7,""y"":945.3,""t"":71,""outside"":false,""outsidePx"":0},{""x"":907.3,""y"":931.3,""t"":87,""outside"":false,""outsidePx"":0},{""x"":934,""y"":917.3,""t"":104,""outside"":false,""outsidePx"":0},{""x"":966.7,""y"":901.3,""t"":120,""outside"":false,""outsidePx"":0},{""x"":1004,""y"":882,""t"":137,""outside"":false,""outsidePx"":0},{""x"":1035.3,""y"":862.7,""t"":153,""outside"":false,""outsidePx"":0},{""x"":1063.3,""y"":845.3,""t"":170,""outside"":false,""outsidePx"":0},{""x"":1088,""y"":828,""t"":187,""outside"":false,""outsidePx"":0},{""x"":1108.7,""y"":814,""t"":204,""outside"":false,""outsidePx"":0},{""x"":1124.7,""y"":803.3,""t"":220,""outside"":false,""outsidePx"":0},{""x"":1136.7,""y"":794.7,""t"":237,""outside"":false,""outsidePx"":0},{""x"":1148.7,""y"":786,""t"":254,""outside"":false,""outsidePx"":0},{""x"":1162.7,""y"":775.3,""t"":270,""outside"":false,""outsidePx"":0},{""x"":1182,""y"":764.7,""t"":287,""outside"":false,""outsidePx"":0},{""x"":1203.3,""y"":756,""t"":303,""outside"":false,""outsidePx"":0},{""x"":1224,""y"":747.3,""t"":320,""outside"":false,""outsidePx"":0},{""x"":1240,""y"":738.7,""t"":337,""outside"":false,""outsidePx"":0},{""x"":1254,""y"":728,""t"":354,""outside"":false,""outsidePx"":0},{""x"":1271.3,""y"":716,""t"":370,""outside"":false,""outsidePx"":0},{""x"":1294,""y"":700,""t"":387,""outside"":false,""outsidePx"":0},{""x"":1316.7,""y"":689.3,""t"":404,""outside"":false,""outsidePx"":0},{""x"":1340,""y"":679.3,""t"":420,""outside"":false,""outsidePx"":0},{""x"":1360.7,""y"":668.7,""t"":437,""outside"":false,""outsidePx"":0},{""x"":1378,""y"":658,""t"":454,""outside"":false,""outsidePx"":0},{""x"":1397.3,""y"":646,""t"":470,""outside"":false,""outsidePx"":0},{""x"":1418.7,""y"":632,""t"":487,""outside"":false,""outsidePx"":0},{""x"":1444.7,""y"":618,""t"":503,""outside"":false,""outsidePx"":0},{""x"":1470.7,""y"":604,""t"":520,""outside"":false,""outsidePx"":0},{""x"":1497.3,""y"":590,""t"":537,""outside"":false,""outsidePx"":0},{""x"":1528.7,""y"":570.7,""t"":554,""outside"":false,""outsidePx"":0},{""x"":1558.7,""y"":553.3,""t"":570,""outside"":false,""outsidePx"":0},{""x"":1584.7,""y"":537.3,""t"":587,""outside"":false,""outsidePx"":0},{""x"":1609.3,""y"":521.3,""t"":603,""outside"":false,""outsidePx"":0},{""x"":1634,""y"":511.3,""t"":620,""outside"":false,""outsidePx"":0},{""x"":1654.7,""y"":500.7,""t"":637,""outside"":false,""outsidePx"":0},{""x"":1677.3,""y"":490,""t"":653,""outside"":false,""outsidePx"":0},{""x"":1696.7,""y"":479.3,""t"":670,""outside"":false,""outsidePx"":0},{""x"":1718,""y"":469.3,""t"":687,""outside"":false,""outsidePx"":0},{""x"":1742,""y"":458.7,""t"":703,""outside"":false,""outsidePx"":0},{""x"":1763.3,""y"":450,""t"":720,""outside"":false,""outsidePx"":0},{""x"":1777.3,""y"":444.7,""t"":737,""outside"":false,""outsidePx"":0},{""x"":1789.3,""y"":437.3,""t"":754,""outside"":false,""outsidePx"":0},{""x"":1796.7,""y"":432.7,""t"":770,""outside"":false,""outsidePx"":0},{""x"":1805.3,""y"":427.3,""t"":787,""outside"":false,""outsidePx"":0},{""x"":1810.7,""y"":423.3,""t"":803,""outside"":false,""outsidePx"":0},{""x"":1812,""y"":423.3,""t"":820,""outside"":false,""outsidePx"":0}]"
shohei,main,practice,C1,幅広条件,A固定・W広い,70,675,9.643,1,12,12,12,12,2026-09-29T08:04:02.506Z,2026-09-29T08:04:03.283Z,776,123,516,393,true,true,none,1766.7,432.7,1,false,0,0,0,false,[],"[{""x"":811.3,""y"":990.7,""t"":0,""outside"":false,""outsidePx"":0},{""x"":823.3,""y"":985.3,""t"":10,""outside"":false,""outsidePx"":0},{""x"":840.7,""y"":976.7,""t"":26,""outside"":false,""outsidePx"":0},{""x"":860,""y"":964.7,""t"":43,""outside"":false,""outsidePx"":0},{""x"":878,""y"":952,""t"":60,""outside"":false,""outsidePx"":0},{""x"":898.7,""y"":936.7,""t"":76,""outside"":false,""outsidePx"":0},{""x"":926.7,""y"":917.3,""t"":93,""outside"":false,""outsidePx"":0},{""x"":958,""y"":898,""t"":110,""outside"":false,""outsidePx"":0},{""x"":990,""y"":876.7,""t"":126,""outside"":false,""outsidePx"":0},{""x"":1022.7,""y"":852.7,""t"":143,""outside"":false,""outsidePx"":0},{""x"":1052.7,""y"":831.3,""t"":159,""outside"":false,""outsidePx"":0},{""x"":1078.7,""y"":812,""t"":176,""outside"":false,""outsidePx"":0},{""x"":1105.3,""y"":794.7,""t"":193,""outside"":false,""outsidePx"":0},{""x"":1126,""y"":778.7,""t"":210,""outside"":false,""outsidePx"":0},{""x"":1144,""y"":766.7,""t"":226,""outside"":false,""outsidePx"":0},{""x"":1164.7,""y"":752.7,""t"":243,""outside"":false,""outsidePx"":0},{""x"":1186,""y"":742,""t"":259,""outside"":false,""outsidePx"":0},{""x"":1208.7,""y"":730,""t"":276,""outside"":false,""outsidePx"":0},{""x"":1234.7,""y"":714,""t"":293,""outside"":false,""outsidePx"":0},{""x"":1256,""y"":698.7,""t"":309,""outside"":false,""outsidePx"":0},{""x"":1282,""y"":680.7,""t"":326,""outside"":false,""outsidePx"":0},{""x"":1312,""y"":665.3,""t"":343,""outside"":false,""outsidePx"":0},{""x"":1341.3,""y"":651.3,""t"":360,""outside"":false,""outsidePx"":0},{""x"":1369.3,""y"":637.3,""t"":376,""outside"":false,""outsidePx"":0},{""x"":1396,""y"":624.7,""t"":393,""outside"":false,""outsidePx"":0},{""x"":1416.7,""y"":610.7,""t"":410,""outside"":false,""outsidePx"":0},{""x"":1438,""y"":598.7,""t"":426,""outside"":false,""outsidePx"":0},{""x"":1460.7,""y"":584.7,""t"":443,""outside"":false,""outsidePx"":0},{""x"":1484.7,""y"":570.7,""t"":460,""outside"":false,""outsidePx"":0},{""x"":1509.3,""y"":558.7,""t"":476,""outside"":false,""outsidePx"":0},{""x"":1536,""y"":546,""t"":493,""outside"":false,""outsidePx"":0},{""x"":1554.7,""y"":537.3,""t"":509,""outside"":false,""outsidePx"":0},{""x"":1572.7,""y"":526.7,""t"":526,""outside"":false,""outsidePx"":0},{""x"":1590,""y"":516.7,""t"":543,""outside"":false,""outsidePx"":0},{""x"":1607.3,""y"":509.3,""t"":560,""outside"":false,""outsidePx"":0},{""x"":1623.3,""y"":502.7,""t"":576,""outside"":false,""outsidePx"":0},{""x"":1637.3,""y"":495.3,""t"":593,""outside"":false,""outsidePx"":0},{""x"":1651.3,""y"":488.7,""t"":610,""outside"":false,""outsidePx"":0},{""x"":1665.3,""y"":481.3,""t"":626,""outside"":false,""outsidePx"":0},{""x"":1677.3,""y"":476,""t"":643,""outside"":false,""outsidePx"":0},{""x"":1690,""y"":470.7,""t"":659,""outside"":false,""outsidePx"":0},{""x"":1704,""y"":465.3,""t"":676,""outside"":false,""outsidePx"":0},{""x"":1714,""y"":458.7,""t"":693,""outside"":false,""outsidePx"":0},{""x"":1726.7,""y"":453.3,""t"":710,""outside"":false,""outsidePx"":0},{""x"":1740.7,""y"":446.7,""t"":726,""outside"":false,""outsidePx"":0},{""x"":1754.7,""y"":439.3,""t"":743,""outside"":false,""outsidePx"":0},{""x"":1763.3,""y"":434,""t"":759,""outside"":false,""outsidePx"":0},{""x"":1766.7,""y"":432.7,""t"":776,""outside"":false,""outsidePx"":0}]"
shohei,main,practice,C1,幅広条件,A固定・W広い,70,675,9.643,1,13,13,13,13,2026-09-29T08:04:03.872Z,2026-09-29T08:04:04.631Z,759,155,554,399,true,true,none,1798.7,442,1,false,0,0,0,false,[],"[{""x"":813.3,""y"":970.7,""t"":0,""outside"":false,""outsidePx"":0},{""x"":810,""y"":970.7,""t"":10,""outside"":false,""outsidePx"":0},{""x"":808.7,""y"":972.7,""t"":27,""outside"":false,""outsidePx"":0},{""x"":822,""y"":964.7,""t"":78,""outside"":false,""outsidePx"":0},{""x"":848,""y"":950.7,""t"":94,""outside"":false,""outsidePx"":0},{""x"":886.7,""y"":934.7,""t"":110,""outside"":false,""outsidePx"":0},{""x"":930,""y"":918.7,""t"":127,""outside"":false,""outsidePx"":0},{""x"":966.7,""y"":904.7,""t"":144,""outside"":false,""outsidePx"":0},{""x"":1000,""y"":889.3,""t"":160,""outside"":false,""outsidePx"":0},{""x"":1028,""y"":870,""t"":177,""outside"":false,""outsidePx"":0},{""x"":1050.7,""y"":852.7,""t"":194,""outside"":false,""outsidePx"":0},{""x"":1074,""y"":834.7,""t"":210,""outside"":false,""outsidePx"":0},{""x"":1091.3,""y"":820.7,""t"":227,""outside"":false,""outsidePx"":0},{""x"":1106.7,""y"":810.7,""t"":244,""outside"":false,""outsidePx"":0},{""x"":1122.7,""y"":800,""t"":260,""outside"":false,""outsidePx"":0},{""x"":1136.7,""y"":792.7,""t"":277,""outside"":false,""outsidePx"":0},{""x"":1156,""y"":784,""t"":294,""outside"":false,""outsidePx"":0},{""x"":1180.7,""y"":772,""t"":310,""outside"":false,""outsidePx"":0},{""x"":1204.7,""y"":759.3,""t"":327,""outside"":false,""outsidePx"":0},{""x"":1231.3,""y"":747.3,""t"":344,""outside"":false,""outsidePx"":0},{""x"":1260.7,""y"":733.3,""t"":360,""outside"":false,""outsidePx"":0},{""x"":1288.7,""y"":719.3,""t"":377,""outside"":false,""outsidePx"":0},{""x"":1313.3,""y"":703.3,""t"":394,""outside"":false,""outsidePx"":0},{""x"":1338,""y"":686,""t"":410,""outside"":false,""outsidePx"":0},{""x"":1364,""y"":670.7,""t"":427,""outside"":false,""outsidePx"":0},{""x"":1392,""y"":658,""t"":444,""outside"":false,""outsidePx"":0},{""x"":1422,""y"":646,""t"":460,""outside"":false,""outsidePx"":0},{""x"":1448,""y"":633.3,""t"":477,""outside"":false,""outsidePx"":0},{""x"":1472.7,""y"":619.3,""t"":494,""outside"":false,""outsidePx"":0},{""x"":1497.3,""y"":602,""t"":510,""outside"":false,""outsidePx"":0},{""x"":1525.3,""y"":584.7,""t"":527,""outside"":false,""outsidePx"":0},{""x"":1554.7,""y"":568.7,""t"":544,""outside"":false,""outsidePx"":0},{""x"":1588,""y"":551.3,""t"":560,""outside"":false,""outsidePx"":0},{""x"":1621.3,""y"":535.3,""t"":577,""outside"":false,""outsidePx"":0},{""x"":1651.3,""y"":518,""t"":594,""outside"":false,""outsidePx"":0},{""x"":1679.3,""y"":500.7,""t"":610,""outside"":false,""outsidePx"":0},{""x"":1708.7,""y"":483.3,""t"":627,""outside"":false,""outsidePx"":0},{""x"":1736.7,""y"":470.7,""t"":644,""outside"":false,""outsidePx"":0},{""x"":1761.3,""y"":460.7,""t"":660,""outside"":false,""outsidePx"":0},{""x"":1782.7,""y"":450,""t"":677,""outside"":false,""outsidePx"":0},{""x"":1796.7,""y"":442.7,""t"":694,""outside"":false,""outsidePx"":0},{""x"":1800,""y"":441.3,""t"":710,""outside"":false,""outsidePx"":0},{""x"":1798.7,""y"":442,""t"":759,""outside"":false,""outsidePx"":0}]"
shohei,main,practice,C1,幅広条件,A固定・W広い,70,675,9.643,1,14,14,14,14,2026-09-29T08:04:05.129Z,2026-09-29T08:04:06.060Z,931,163,705,542,true,true,none,1800,456.7,1,false,0,0,0,false,[],"[{""x"":785.3,""y"":976,""t"":0,""outside"":false,""outsidePx"":0},{""x"":786.7,""y"":976,""t"":12,""outside"":false,""outsidePx"":0},{""x"":788.7,""y"":976,""t"":22,""outside"":false,""outsidePx"":0},{""x"":792,""y"":976,""t"":37,""outside"":false,""outsidePx"":0},{""x"":802.7,""y"":976,""t"":53,""outside"":false,""outsidePx"":0},{""x"":818,""y"":973.3,""t"":70,""outside"":false,""outsidePx"":0},{""x"":840.7,""y"":966,""t"":87,""outside"":false,""outsidePx"":0},{""x"":874,""y"":952,""t"":103,""outside"":false,""outsidePx"":0},{""x"":912.7,""y"":940,""t"":120,""outside"":false,""outsidePx"":0},{""x"":946,""y"":926,""t"":136,""outside"":false,""outsidePx"":0},{""x"":977.3,""y"":910,""t"":153,""outside"":false,""outsidePx"":0},{""x"":1004,""y"":892.7,""t"":170,""outside"":false,""outsidePx"":0},{""x"":1024.7,""y"":876.7,""t"":186,""outside"":false,""outsidePx"":0},{""x"":1046,""y"":857.3,""t"":203,""outside"":false,""outsidePx"":0},{""x"":1064.7,""y"":840,""t"":220,""outside"":false,""outsidePx"":0},{""x"":1080.7,""y"":826,""t"":236,""outside"":false,""outsidePx"":0},{""x"":1096.7,""y"":814,""t"":253,""outside"":false,""outsidePx"":0},{""x"":1108.7,""y"":803.3,""t"":270,""outside"":false,""outsidePx"":0},{""x"":1120.7,""y"":794.7,""t"":286,""outside"":false,""outsidePx"":0},{""x"":1133.3,""y"":784,""t"":303,""outside"":false,""outsidePx"":0},{""x"":1144,""y"":777.3,""t"":320,""outside"":false,""outsidePx"":0},{""x"":1154,""y"":770,""t"":336,""outside"":false,""outsidePx"":0},{""x"":1168,""y"":759.3,""t"":353,""outside"":false,""outsidePx"":0},{""x"":1182,""y"":750.7,""t"":370,""outside"":false,""outsidePx"":0},{""x"":1203.3,""y"":738.7,""t"":386,""outside"":false,""outsidePx"":0},{""x"":1228,""y"":730,""t"":403,""outside"":false,""outsidePx"":0},{""x"":1248.7,""y"":721.3,""t"":419,""outside"":false,""outsidePx"":0},{""x"":1271.3,""y"":708.7,""t"":436,""outside"":false,""outsidePx"":0},{""x"":1296,""y"":696.7,""t"":453,""outside"":false,""outsidePx"":0},{""x"":1315.3,""y"":686,""t"":469,""outside"":false,""outsidePx"":0},{""x"":1340,""y"":675.3,""t"":486,""outside"":false,""outsidePx"":0},{""x"":1360.7,""y"":666.7,""t"":503,""outside"":false,""outsidePx"":0},{""x"":1382,""y"":656.7,""t"":520,""outside"":false,""outsidePx"":0},{""x"":1404.7,""y"":647.3,""t"":536,""outside"":false,""outsidePx"":0},{""x"":1425.3,""y"":635.3,""t"":553,""outside"":false,""outsidePx"":0},{""x"":1442.7,""y"":624.7,""t"":570,""outside"":false,""outsidePx"":0},{""x"":1464,""y"":616,""t"":586,""outside"":false,""outsidePx"":0},{""x"":1484.7,""y"":609.3,""t"":603,""outside"":false,""outsidePx"":0},{""x"":1500.7,""y"":602,""t"":620,""outside"":false,""outsidePx"":0},{""x"":1516.7,""y"":593.3,""t"":636,""outside"":false,""outsidePx"":0},{""x"":1530.7,""y"":586.7,""t"":653,""outside"":false,""outsidePx"":0},{""x"":1544.7,""y"":577.3,""t"":670,""outside"":false,""outsidePx"":0},{""x"":1560,""y"":570.7,""t"":686,""outside"":false,""outsidePx"":0},{""x"":1576,""y"":563.3,""t"":703,""outside"":false,""outsidePx"":0},{""x"":1592,""y"":554.7,""t"":720,""outside"":false,""outsidePx"":0},{""x"":1610.7,""y"":546,""t"":736,""outside"":false,""outsidePx"":0},{""x"":1630,""y"":537.3,""t"":753,""outside"":false,""outsidePx"":0},{""x"":1648,""y"":528.7,""t"":770,""outside"":false,""outsidePx"":0},{""x"":1668.7,""y"":518,""t"":786,""outside"":false,""outsidePx"":0},{""x"":1690,""y"":509.3,""t"":803,""outside"":false,""outsidePx"":0},{""x"":1712.7,""y"":498.7,""t"":819,""outside"":false,""outsidePx"":0},{""x"":1733.3,""y"":488.7,""t"":836,""outside"":false,""outsidePx"":0},{""x"":1754.7,""y"":478,""t"":853,""outside"":false,""outsidePx"":0},{""x"":1775.3,""y"":467.3,""t"":870,""outside"":false,""outsidePx"":0},{""x"":1791.3,""y"":460.7,""t"":886,""outside"":false,""outsidePx"":0},{""x"":1798,""y"":456.7,""t"":903,""outside"":false,""outsidePx"":0},{""x"":1800,""y"":456.7,""t"":920,""outside"":false,""outsidePx"":0}]"
shohei,main,practice,C1,幅広条件,A固定・W広い,70,675,9.643,1,15,15,15,15,2026-09-29T08:04:06.598Z,2026-09-29T08:04:07.374Z,776,152,549,397,true,true,none,1814,422,1,false,0,0,0,false,[],"[{""x"":846.7,""y"":974,""t"":0,""outside"":false,""outsidePx"":0},{""x"":848,""y"":973.3,""t"":53,""outside"":false,""outsidePx"":0},{""x"":854.7,""y"":968,""t"":67,""outside"":false,""outsidePx"":0},{""x"":872.7,""y"":959.3,""t"":84,""outside"":false,""outsidePx"":0},{""x"":895.3,""y"":950.7,""t"":100,""outside"":false,""outsidePx"":0},{""x"":924.7,""y"":936.7,""t"":117,""outside"":false,""outsidePx"":0},{""x"":960,""y"":918.7,""t"":134,""outside"":false,""outsidePx"":0},{""x"":991.3,""y"":901.3,""t"":151,""outside"":false,""outsidePx"":0},{""x"":1028,""y"":880.7,""t"":167,""outside"":false,""outsidePx"":0},{""x"":1063.3,""y"":861.3,""t"":184,""outside"":false,""outsidePx"":0},{""x"":1091.3,""y"":847.3,""t"":200,""outside"":false,""outsidePx"":0},{""x"":1120.7,""y"":833.3,""t"":217,""outside"":false,""outsidePx"":0},{""x"":1144,""y"":820.7,""t"":234,""outside"":false,""outsidePx"":0},{""x"":1166.7,""y"":808.7,""t"":250,""outside"":false,""outsidePx"":0},{""x"":1186,""y"":796.7,""t"":267,""outside"":false,""outsidePx"":0},{""x"":1203.3,""y"":786,""t"":284,""outside"":false,""outsidePx"":0},{""x"":1217.3,""y"":777.3,""t"":300,""outside"":false,""outsidePx"":0},{""x"":1234.7,""y"":763.3,""t"":317,""outside"":false,""outsidePx"":0},{""x"":1250.7,""y"":749.3,""t"":334,""outside"":false,""outsidePx"":0},{""x"":1270,""y"":735.3,""t"":350,""outside"":false,""outsidePx"":0},{""x"":1292.7,""y"":721.3,""t"":367,""outside"":false,""outsidePx"":0},{""x"":1316.7,""y"":708.7,""t"":384,""outside"":false,""outsidePx"":0},{""x"":1343.3,""y"":694.7,""t"":400,""outside"":false,""outsidePx"":0},{""x"":1366,""y"":679.3,""t"":417,""outside"":false,""outsidePx"":0},{""x"":1386.7,""y"":665.3,""t"":434,""outside"":false,""outsidePx"":0},{""x"":1411.3,""y"":649.3,""t"":451,""outside"":false,""outsidePx"":0},{""x"":1438,""y"":632,""t"":467,""outside"":false,""outsidePx"":0},{""x"":1460.7,""y"":614.7,""t"":484,""outside"":false,""outsidePx"":0},{""x"":1488.7,""y"":596.7,""t"":500,""outside"":false,""outsidePx"":0},{""x"":1518,""y"":581.3,""t"":517,""outside"":false,""outsidePx"":0},{""x"":1548,""y"":563.3,""t"":534,""outside"":false,""outsidePx"":0},{""x"":1574,""y"":548,""t"":550,""outside"":false,""outsidePx"":0},{""x"":1598.7,""y"":535.3,""t"":567,""outside"":false,""outsidePx"":0},{""x"":1621.3,""y"":523.3,""t"":584,""outside"":false,""outsidePx"":0},{""x"":1642.7,""y"":511.3,""t"":600,""outside"":false,""outsidePx"":0},{""x"":1662,""y"":498.7,""t"":617,""outside"":false,""outsidePx"":0},{""x"":1680.7,""y"":488.7,""t"":633,""outside"":false,""outsidePx"":0},{""x"":1702,""y"":478,""t"":650,""outside"":false,""outsidePx"":0},{""x"":1722.7,""y"":467.3,""t"":667,""outside"":false,""outsidePx"":0},{""x"":1749.3,""y"":458.7,""t"":684,""outside"":false,""outsidePx"":0},{""x"":1774,""y"":448,""t"":700,""outside"":false,""outsidePx"":0},{""x"":1794.7,""y"":437.3,""t"":717,""outside"":false,""outsidePx"":0},{""x"":1808.7,""y"":428.7,""t"":734,""outside"":false,""outsidePx"":0},{""x"":1814,""y"":423.3,""t"":750,""outside"":false,""outsidePx"":0},{""x"":1814,""y"":422,""t"":767,""outside"":false,""outsidePx"":0}]"
shohei,main,practice,C1,幅広条件,A固定・W広い,70,675,9.643,1,16,16,16,16,2026-09-29T08:04:08.050Z,2026-09-29T08:04:08.860Z,809,164,616,452,true,true,none,1774.7,450,1,false,0,0,0,false,[],"[{""x"":804,""y"":1002.7,""t"":0,""outside"":false,""outsidePx"":0},{""x"":804,""y"":999.3,""t"":15,""outside"":false,""outsidePx"":0},{""x"":806,""y"":997.3,""t"":32,""outside"":false,""outsidePx"":0},{""x"":811.3,""y"":992.7,""t"":49,""outside"":false,""outsidePx"":0},{""x"":823.3,""y"":983.3,""t"":65,""outside"":false,""outsidePx"":0},{""x"":837.3,""y"":971.3,""t"":82,""outside"":false,""outsidePx"":0},{""x"":860,""y"":955.3,""t"":99,""outside"":false,""outsidePx"":0},{""x"":890,""y"":940,""t"":115,""outside"":false,""outsidePx"":0},{""x"":918,""y"":922.7,""t"":131,""outside"":false,""outsidePx"":0},{""x"":952.7,""y"":903.3,""t"":148,""outside"":false,""outsidePx"":0},{""x"":986,""y"":882,""t"":165,""outside"":false,""outsidePx"":0},{""x"":1014,""y"":861.3,""t"":181,""outside"":false,""outsidePx"":0},{""x"":1038.7,""y"":842,""t"":198,""outside"":false,""outsidePx"":0},{""x"":1060,""y"":826,""t"":215,""outside"":false,""outsidePx"":0},{""x"":1077.3,""y"":815.3,""t"":231,""outside"":false,""outsidePx"":0},{""x"":1094.7,""y"":805.3,""t"":248,""outside"":false,""outsidePx"":0},{""x"":1117.3,""y"":792.7,""t"":265,""outside"":false,""outsidePx"":0},{""x"":1136.7,""y"":784,""t"":281,""outside"":false,""outsidePx"":0},{""x"":1159.3,""y"":773.3,""t"":298,""outside"":false,""outsidePx"":0},{""x"":1180.7,""y"":763.3,""t"":315,""outside"":false,""outsidePx"":0},{""x"":1201.3,""y"":752.7,""t"":331,""outside"":false,""outsidePx"":0},{""x"":1222.7,""y"":738.7,""t"":348,""outside"":false,""outsidePx"":0},{""x"":1245.3,""y"":726.7,""t"":365,""outside"":false,""outsidePx"":0},{""x"":1264.7,""y"":716,""t"":382,""outside"":false,""outsidePx"":0},{""x"":1287.3,""y"":705.3,""t"":398,""outside"":false,""outsidePx"":0},{""x"":1306.7,""y"":696.7,""t"":415,""outside"":false,""outsidePx"":0},{""x"":1327.3,""y"":686,""t"":432,""outside"":false,""outsidePx"":0},{""x"":1344.7,""y"":674,""t"":448,""outside"":false,""outsidePx"":0},{""x"":1364,""y"":661.3,""t"":465,""outside"":false,""outsidePx"":0},{""x"":1382,""y"":651.3,""t"":482,""outside"":false,""outsidePx"":0},{""x"":1402.7,""y"":638.7,""t"":498,""outside"":false,""outsidePx"":0},{""x"":1422,""y"":630,""t"":515,""outside"":false,""outsidePx"":0},{""x"":1442.7,""y"":619.3,""t"":532,""outside"":false,""outsidePx"":0},{""x"":1466,""y"":607.3,""t"":548,""outside"":false,""outsidePx"":0},{""x"":1488.7,""y"":595.3,""t"":565,""outside"":false,""outsidePx"":0},{""x"":1511.3,""y"":582.7,""t"":582,""outside"":false,""outsidePx"":0},{""x"":1542.7,""y"":567.3,""t"":598,""outside"":false,""outsidePx"":0},{""x"":1568.7,""y"":551.3,""t"":615,""outside"":false,""outsidePx"":0},{""x"":1602,""y"":534,""t"":632,""outside"":false,""outsidePx"":0},{""x"":1635.3,""y"":518,""t"":649,""outside"":false,""outsidePx"":0},{""x"":1668.7,""y"":504,""t"":666,""outside"":false,""outsidePx"":0},{""x"":1700,""y"":490,""t"":682,""outside"":false,""outsidePx"":0},{""x"":1730,""y"":476,""t"":698,""outside"":false,""outsidePx"":0},{""x"":1752.7,""y"":465.3,""t"":715,""outside"":false,""outsidePx"":0},{""x"":1770,""y"":456.7,""t"":732,""outside"":false,""outsidePx"":0},{""x"":1777.3,""y"":450,""t"":748,""outside"":false,""outsidePx"":0},{""x"":1778.7,""y"":450,""t"":765,""outside"":false,""outsidePx"":0},{""x"":1774.7,""y"":450,""t"":809,""outside"":false,""outsidePx"":0}]"
shohei,main,practice,C1,幅広条件,A固定・W広い,70,675,9.643,1,17,17,17,17,2026-09-29T08:04:09.384Z,2026-09-29T08:04:10.177Z,793,156,616,460,true,true,none,1739.3,458,1,false,0,0,0,false,[],"[{""x"":794.7,""y"":997.3,""t"":0,""outside"":false,""outsidePx"":0},{""x"":795.3,""y"":997.3,""t"":15,""outside"":false,""outsidePx"":0},{""x"":806,""y"":992.7,""t"":32,""outside"":false,""outsidePx"":0},{""x"":818,""y"":983.3,""t"":48,""outside"":false,""outsidePx"":0},{""x"":834,""y"":973.3,""t"":65,""outside"":false,""outsidePx"":0},{""x"":853.3,""y"":959.3,""t"":81,""outside"":false,""outsidePx"":0},{""x"":878,""y"":943.3,""t"":98,""outside"":false,""outsidePx"":0},{""x"":906,""y"":926,""t"":114,""outside"":false,""outsidePx"":0},{""x"":935.3,""y"":908.7,""t"":131,""outside"":false,""outsidePx"":0},{""x"":968.7,""y"":889.3,""t"":148,""outside"":false,""outsidePx"":0},{""x"":998.7,""y"":871.3,""t"":164,""outside"":false,""outsidePx"":0},{""x"":1022.7,""y"":857.3,""t"":181,""outside"":false,""outsidePx"":0},{""x"":1042,""y"":845.3,""t"":198,""outside"":false,""outsidePx"":0},{""x"":1063.3,""y"":831.3,""t"":214,""outside"":false,""outsidePx"":0},{""x"":1086,""y"":822.7,""t"":231,""outside"":false,""outsidePx"":0},{""x"":1103.3,""y"":815.3,""t"":248,""outside"":false,""outsidePx"":0},{""x"":1119.3,""y"":808.7,""t"":265,""outside"":false,""outsidePx"":0},{""x"":1131.3,""y"":798,""t"":281,""outside"":false,""outsidePx"":0},{""x"":1147.3,""y"":786,""t"":298,""outside"":false,""outsidePx"":0},{""x"":1166.7,""y"":773.3,""t"":314,""outside"":false,""outsidePx"":0},{""x"":1189.3,""y"":763.3,""t"":331,""outside"":false,""outsidePx"":0},{""x"":1212,""y"":750.7,""t"":348,""outside"":false,""outsidePx"":0},{""x"":1229.3,""y"":740.7,""t"":365,""outside"":false,""outsidePx"":0},{""x"":1246.7,""y"":730,""t"":381,""outside"":false,""outsidePx"":0},{""x"":1266,""y"":716,""t"":398,""outside"":false,""outsidePx"":0},{""x"":1285.3,""y"":702,""t"":415,""outside"":false,""outsidePx"":0},{""x"":1298,""y"":694.7,""t"":431,""outside"":false,""outsidePx"":0},{""x"":1324,""y"":677.3,""t"":448,""outside"":false,""outsidePx"":0},{""x"":1341.3,""y"":666.7,""t"":464,""outside"":false,""outsidePx"":0},{""x"":1360.7,""y"":656.7,""t"":481,""outside"":false,""outsidePx"":0},{""x"":1386.7,""y"":642.7,""t"":497,""outside"":false,""outsidePx"":0},{""x"":1411.3,""y"":630,""t"":514,""outside"":false,""outsidePx"":0},{""x"":1438,""y"":618,""t"":531,""outside"":false,""outsidePx"":0},{""x"":1464,""y"":604,""t"":547,""outside"":false,""outsidePx"":0},{""x"":1486.7,""y"":590,""t"":564,""outside"":false,""outsidePx"":0},{""x"":1512.7,""y"":576,""t"":581,""outside"":false,""outsidePx"":0},{""x"":1540.7,""y"":562,""t"":597,""outside"":false,""outsidePx"":0},{""x"":1567.3,""y"":548,""t"":614,""outside"":false,""outsidePx"":0},{""x"":1593.3,""y"":535.3,""t"":631,""outside"":false,""outsidePx"":0},{""x"":1618,""y"":523.3,""t"":647,""outside"":false,""outsidePx"":0},{""x"":1642.7,""y"":511.3,""t"":664,""outside"":false,""outsidePx"":0},{""x"":1668.7,""y"":497.3,""t"":681,""outside"":false,""outsidePx"":0},{""x"":1693.3,""y"":483.3,""t"":698,""outside"":false,""outsidePx"":0},{""x"":1714,""y"":472.7,""t"":715,""outside"":false,""outsidePx"":0},{""x"":1732,""y"":464,""t"":732,""outside"":false,""outsidePx"":0},{""x"":1740.7,""y"":458.7,""t"":748,""outside"":false,""outsidePx"":0},{""x"":1744,""y"":456.7,""t"":764,""outside"":false,""outsidePx"":0},{""x"":1742.7,""y"":456.7,""t"":784,""outside"":false,""outsidePx"":0},{""x"":1739.3,""y"":458,""t"":793,""outside"":false,""outsidePx"":0}]"
shohei,main,practice,C1,幅広条件,A固定・W広い,70,675,9.643,1,18,18,18,18,2026-09-29T08:04:10.766Z,2026-09-29T08:04:11.521Z,755,131,542,411,true,true,none,1807.3,427.3,1,false,0,0,0,false,[],"[{""x"":859.3,""y"":971.3,""t"":0,""outside"":false,""outsidePx"":0},{""x"":859.3,""y"":969.3,""t"":17,""outside"":false,""outsidePx"":0},{""x"":860,""y"":966,""t"":33,""outside"":false,""outsidePx"":0},{""x"":865.3,""y"":959.3,""t"":49,""outside"":false,""outsidePx"":0},{""x"":879.3,""y"":950.7,""t"":66,""outside"":false,""outsidePx"":0},{""x"":900.7,""y"":938,""t"":83,""outside"":false,""outsidePx"":0},{""x"":930,""y"":920.7,""t"":99,""outside"":false,""outsidePx"":0},{""x"":960,""y"":904.7,""t"":116,""outside"":false,""outsidePx"":0},{""x"":991.3,""y"":890.7,""t"":133,""outside"":false,""outsidePx"":0},{""x"":1028,""y"":871.3,""t"":149,""outside"":false,""outsidePx"":0},{""x"":1063.3,""y"":856,""t"":166,""outside"":false,""outsidePx"":0},{""x"":1096.7,""y"":838.7,""t"":182,""outside"":false,""outsidePx"":0},{""x"":1124.7,""y"":822.7,""t"":199,""outside"":false,""outsidePx"":0},{""x"":1147.3,""y"":806.7,""t"":216,""outside"":false,""outsidePx"":0},{""x"":1166.7,""y"":796.7,""t"":232,""outside"":false,""outsidePx"":0},{""x"":1187.3,""y"":786,""t"":249,""outside"":false,""outsidePx"":0},{""x"":1204.7,""y"":778.7,""t"":266,""outside"":false,""outsidePx"":0},{""x"":1222.7,""y"":772,""t"":283,""outside"":false,""outsidePx"":0},{""x"":1238,""y"":763.3,""t"":300,""outside"":false,""outsidePx"":0},{""x"":1254,""y"":750.7,""t"":316,""outside"":false,""outsidePx"":0},{""x"":1271.3,""y"":738.7,""t"":332,""outside"":false,""outsidePx"":0},{""x"":1296,""y"":722.7,""t"":349,""outside"":false,""outsidePx"":0},{""x"":1318.7,""y"":710.7,""t"":366,""outside"":false,""outsidePx"":0},{""x"":1341.3,""y"":696.7,""t"":383,""outside"":false,""outsidePx"":0},{""x"":1364,""y"":680.7,""t"":399,""outside"":false,""outsidePx"":0},{""x"":1386.7,""y"":666.7,""t"":416,""outside"":false,""outsidePx"":0},{""x"":1411.3,""y"":652.7,""t"":433,""outside"":false,""outsidePx"":0},{""x"":1434,""y"":642.7,""t"":449,""outside"":false,""outsidePx"":0},{""x"":1460.7,""y"":630,""t"":466,""outside"":false,""outsidePx"":0},{""x"":1483.3,""y"":618,""t"":482,""outside"":false,""outsidePx"":0},{""x"":1506,""y"":605.3,""t"":499,""outside"":false,""outsidePx"":0},{""x"":1534,""y"":590,""t"":516,""outside"":false,""outsidePx"":0},{""x"":1565.3,""y"":576,""t"":533,""outside"":false,""outsidePx"":0},{""x"":1596.7,""y"":563.3,""t"":549,""outside"":false,""outsidePx"":0},{""x"":1630,""y"":548,""t"":566,""outside"":false,""outsidePx"":0},{""x"":1658,""y"":534,""t"":583,""outside"":false,""outsidePx"":0},{""x"":1682.7,""y"":520,""t"":599,""outside"":false,""outsidePx"":0},{""x"":1710.7,""y"":504,""t"":616,""outside"":false,""outsidePx"":0},{""x"":1735.3,""y"":490,""t"":632,""outside"":false,""outsidePx"":0},{""x"":1763.3,""y"":472.7,""t"":650,""outside"":false,""outsidePx"":0},{""x"":1784,""y"":456.7,""t"":666,""outside"":false,""outsidePx"":0},{""x"":1803.3,""y"":441.3,""t"":683,""outside"":false,""outsidePx"":0},{""x"":1814,""y"":432.7,""t"":700,""outside"":false,""outsidePx"":0},{""x"":1817.3,""y"":427.3,""t"":716,""outside"":false,""outsidePx"":0},{""x"":1816.7,""y"":427.3,""t"":737,""outside"":false,""outsidePx"":0},{""x"":1812.7,""y"":427.3,""t"":749,""outside"":false,""outsidePx"":0},{""x"":1807.3,""y"":427.3,""t"":755,""outside"":false,""outsidePx"":0}]"
shohei,main,practice,C1,幅広条件,A固定・W広い,70,675,9.643,1,19,19,19,19,2026-09-29T08:04:12.087Z,2026-09-29T08:04:12.910Z,822,128,620,492,true,true,none,1756,456.7,1,false,0,0,0,false,[],"[{""x"":866,""y"":974,""t"":0,""outside"":false,""outsidePx"":0},{""x"":867.3,""y"":971.3,""t"":27,""outside"":false,""outsidePx"":0},{""x"":872.7,""y"":964.7,""t"":44,""outside"":false,""outsidePx"":0},{""x"":886.7,""y"":955.3,""t"":61,""outside"":false,""outsidePx"":0},{""x"":910.7,""y"":941.3,""t"":77,""outside"":false,""outsidePx"":0},{""x"":937.3,""y"":927.3,""t"":94,""outside"":false,""outsidePx"":0},{""x"":965.3,""y"":913.3,""t"":110,""outside"":false,""outsidePx"":0},{""x"":991.3,""y"":899.3,""t"":127,""outside"":false,""outsidePx"":0},{""x"":1026.7,""y"":884,""t"":144,""outside"":false,""outsidePx"":0},{""x"":1058,""y"":870,""t"":160,""outside"":false,""outsidePx"":0},{""x"":1078.7,""y"":857.3,""t"":177,""outside"":false,""outsidePx"":0},{""x"":1096.7,""y"":842,""t"":194,""outside"":false,""outsidePx"":0},{""x"":1114,""y"":833.3,""t"":210,""outside"":false,""outsidePx"":0},{""x"":1130,""y"":826,""t"":227,""outside"":false,""outsidePx"":0},{""x"":1147.3,""y"":819.3,""t"":244,""outside"":false,""outsidePx"":0},{""x"":1161.3,""y"":812,""t"":260,""outside"":false,""outsidePx"":0},{""x"":1172,""y"":805.3,""t"":277,""outside"":false,""outsidePx"":0},{""x"":1184,""y"":792.7,""t"":295,""outside"":false,""outsidePx"":0},{""x"":1194.7,""y"":784,""t"":311,""outside"":false,""outsidePx"":0},{""x"":1204.7,""y"":777.3,""t"":329,""outside"":false,""outsidePx"":0},{""x"":1220.7,""y"":764.7,""t"":344,""outside"":false,""outsidePx"":0},{""x"":1234.7,""y"":754.7,""t"":361,""outside"":false,""outsidePx"":0},{""x"":1256,""y"":740.7,""t"":378,""outside"":false,""outsidePx"":0},{""x"":1273.3,""y"":728,""t"":395,""outside"":false,""outsidePx"":0},{""x"":1290.7,""y"":716,""t"":411,""outside"":false,""outsidePx"":0},{""x"":1312,""y"":703.3,""t"":428,""outside"":false,""outsidePx"":0},{""x"":1332.7,""y"":691.3,""t"":445,""outside"":false,""outsidePx"":0},{""x"":1350,""y"":682.7,""t"":461,""outside"":false,""outsidePx"":0},{""x"":1369.3,""y"":672,""t"":478,""outside"":false,""outsidePx"":0},{""x"":1392,""y"":660,""t"":495,""outside"":false,""outsidePx"":0},{""x"":1411.3,""y"":651.3,""t"":511,""outside"":false,""outsidePx"":0},{""x"":1439.3,""y"":638.7,""t"":528,""outside"":false,""outsidePx"":0},{""x"":1466,""y"":628.7,""t"":544,""outside"":false,""outsidePx"":0},{""x"":1490,""y"":614.7,""t"":561,""outside"":false,""outsidePx"":0},{""x"":1516.7,""y"":598.7,""t"":578,""outside"":false,""outsidePx"":0},{""x"":1542.7,""y"":586.7,""t"":594,""outside"":false,""outsidePx"":0},{""x"":1567.3,""y"":576,""t"":611,""outside"":false,""outsidePx"":0},{""x"":1595.3,""y"":563.3,""t"":628,""outside"":false,""outsidePx"":0},{""x"":1620,""y"":549.3,""t"":644,""outside"":false,""outsidePx"":0},{""x"":1644,""y"":537.3,""t"":661,""outside"":false,""outsidePx"":0},{""x"":1666.7,""y"":521.3,""t"":678,""outside"":false,""outsidePx"":0},{""x"":1690,""y"":506,""t"":694,""outside"":false,""outsidePx"":0},{""x"":1707.3,""y"":493.3,""t"":711,""outside"":false,""outsidePx"":0},{""x"":1726.7,""y"":479.3,""t"":728,""outside"":false,""outsidePx"":0},{""x"":1744,""y"":469.3,""t"":745,""outside"":false,""outsidePx"":0},{""x"":1752.7,""y"":460.7,""t"":761,""outside"":false,""outsidePx"":0},{""x"":1756,""y"":458.7,""t"":778,""outside"":false,""outsidePx"":0},{""x"":1756,""y"":456.7,""t"":794,""outside"":false,""outsidePx"":0}]"
shohei,main,practice,C1,幅広条件,A固定・W広い,70,675,9.643,1,20,20,20,20,2026-09-29T08:04:13.535Z,2026-09-29T08:04:14.395Z,860,180,634,454,true,true,none,1772.7,450,1,false,0,0,0,false,[],"[{""x"":820.7,""y"":983.3,""t"":0,""outside"":false,""outsidePx"":0},{""x"":823.3,""y"":982,""t"":29,""outside"":false,""outsidePx"":0},{""x"":826.7,""y"":978.7,""t"":46,""outside"":false,""outsidePx"":0},{""x"":832,""y"":974.7,""t"":62,""outside"":false,""outsidePx"":0},{""x"":840.7,""y"":969.3,""t"":79,""outside"":false,""outsidePx"":0},{""x"":853.3,""y"":964.7,""t"":96,""outside"":false,""outsidePx"":0},{""x"":870.7,""y"":955.3,""t"":112,""outside"":false,""outsidePx"":0},{""x"":896.7,""y"":943.3,""t"":129,""outside"":false,""outsidePx"":0},{""x"":924.7,""y"":929.3,""t"":146,""outside"":false,""outsidePx"":0},{""x"":954.7,""y"":913.3,""t"":162,""outside"":false,""outsidePx"":0},{""x"":988,""y"":896,""t"":179,""outside"":false,""outsidePx"":0},{""x"":1019.3,""y"":880.7,""t"":195,""outside"":false,""outsidePx"":0},{""x"":1049.3,""y"":862.7,""t"":212,""outside"":false,""outsidePx"":0},{""x"":1075.3,""y"":845.3,""t"":229,""outside"":false,""outsidePx"":0},{""x"":1094.7,""y"":829.3,""t"":246,""outside"":false,""outsidePx"":0},{""x"":1116,""y"":815.3,""t"":262,""outside"":false,""outsidePx"":0},{""x"":1131.3,""y"":800,""t"":279,""outside"":false,""outsidePx"":0},{""x"":1145.3,""y"":789.3,""t"":295,""outside"":false,""outsidePx"":0},{""x"":1159.3,""y"":778.7,""t"":312,""outside"":false,""outsidePx"":0},{""x"":1173.3,""y"":770,""t"":329,""outside"":false,""outsidePx"":0},{""x"":1189.3,""y"":761.3,""t"":346,""outside"":false,""outsidePx"":0},{""x"":1206.7,""y"":752.7,""t"":362,""outside"":false,""outsidePx"":0},{""x"":1228,""y"":740.7,""t"":379,""outside"":false,""outsidePx"":0},{""x"":1243.3,""y"":730,""t"":395,""outside"":false,""outsidePx"":0},{""x"":1262.7,""y"":716,""t"":412,""outside"":false,""outsidePx"":0},{""x"":1282,""y"":705.3,""t"":429,""outside"":false,""outsidePx"":0},{""x"":1308,""y"":691.3,""t"":445,""outside"":false,""outsidePx"":0},{""x"":1332.7,""y"":682.7,""t"":462,""outside"":false,""outsidePx"":0},{""x"":1358.7,""y"":670.7,""t"":479,""outside"":false,""outsidePx"":0},{""x"":1380,""y"":658,""t"":495,""outside"":false,""outsidePx"":0},{""x"":1400.7,""y"":646,""t"":512,""outside"":false,""outsidePx"":0},{""x"":1427.3,""y"":633.3,""t"":530,""outside"":false,""outsidePx"":0},{""x"":1453.3,""y"":623.3,""t"":547,""outside"":false,""outsidePx"":0},{""x"":1478,""y"":610.7,""t"":563,""outside"":false,""outsidePx"":0},{""x"":1504,""y"":598.7,""t"":580,""outside"":false,""outsidePx"":0},{""x"":1530.7,""y"":586.7,""t"":596,""outside"":false,""outsidePx"":0},{""x"":1553.3,""y"":576,""t"":613,""outside"":false,""outsidePx"":0},{""x"":1572.7,""y"":565.3,""t"":630,""outside"":false,""outsidePx"":0},{""x"":1593.3,""y"":553.3,""t"":646,""outside"":false,""outsidePx"":0},{""x"":1616,""y"":540.7,""t"":663,""outside"":false,""outsidePx"":0},{""x"":1638.7,""y"":528.7,""t"":680,""outside"":false,""outsidePx"":0},{""x"":1663.3,""y"":516.7,""t"":696,""outside"":false,""outsidePx"":0},{""x"":1686,""y"":502.7,""t"":713,""outside"":false,""outsidePx"":0},{""x"":1707.3,""y"":490,""t"":730,""outside"":false,""outsidePx"":0},{""x"":1728,""y"":476,""t"":746,""outside"":false,""outsidePx"":0},{""x"":1750.7,""y"":464,""t"":763,""outside"":false,""outsidePx"":0},{""x"":1764.7,""y"":455.3,""t"":780,""outside"":false,""outsidePx"":0},{""x"":1772,""y"":451.3,""t"":797,""outside"":false,""outsidePx"":0},{""x"":1774,""y"":450,""t"":813,""outside"":false,""outsidePx"":0},{""x"":1772.7,""y"":450,""t"":860,""outside"":false,""outsidePx"":0}]"
shohei,main,practice,C1,幅広条件,A固定・W広い,70,675,9.643,1,21,21,21,21,2026-09-29T08:04:15.088Z,2026-09-29T08:04:16.041Z,953,147,672,525,true,true,none,1788.7,439.3,1,false,0,0,0,false,[],"[{""x"":850.7,""y"":981.3,""t"":0,""outside"":false,""outsidePx"":0},{""x"":853.3,""y"":981.3,""t"":10,""outside"":false,""outsidePx"":0},{""x"":858.7,""y"":981.3,""t"":27,""outside"":false,""outsidePx"":0},{""x"":867.3,""y"":980,""t"":43,""outside"":false,""outsidePx"":0},{""x"":878,""y"":974.7,""t"":60,""outside"":false,""outsidePx"":0},{""x"":888,""y"":968,""t"":77,""outside"":false,""outsidePx"":0},{""x"":904,""y"":959.3,""t"":94,""outside"":false,""outsidePx"":0},{""x"":930,""y"":945.3,""t"":110,""outside"":false,""outsidePx"":0},{""x"":960,""y"":931.3,""t"":127,""outside"":false,""outsidePx"":0},{""x"":993.3,""y"":912,""t"":144,""outside"":false,""outsidePx"":0},{""x"":1024.7,""y"":896,""t"":160,""outside"":false,""outsidePx"":0},{""x"":1049.3,""y"":880.7,""t"":176,""outside"":false,""outsidePx"":0},{""x"":1072,""y"":866.7,""t"":193,""outside"":false,""outsidePx"":0},{""x"":1094.7,""y"":854,""t"":210,""outside"":false,""outsidePx"":0},{""x"":1112,""y"":842,""t"":227,""outside"":false,""outsidePx"":0},{""x"":1131.3,""y"":829.3,""t"":244,""outside"":false,""outsidePx"":0},{""x"":1154,""y"":814,""t"":260,""outside"":false,""outsidePx"":0},{""x"":1176.7,""y"":801.3,""t"":277,""outside"":false,""outsidePx"":0},{""x"":1198,""y"":791.3,""t"":293,""outside"":false,""outsidePx"":0},{""x"":1214,""y"":780.7,""t"":310,""outside"":false,""outsidePx"":0},{""x"":1228,""y"":770,""t"":327,""outside"":false,""outsidePx"":0},{""x"":1238,""y"":758,""t"":344,""outside"":false,""outsidePx"":0},{""x"":1252,""y"":744,""t"":360,""outside"":false,""outsidePx"":0},{""x"":1266,""y"":731.3,""t"":377,""outside"":false,""outsidePx"":0},{""x"":1287.3,""y"":717.3,""t"":394,""outside"":false,""outsidePx"":0},{""x"":1302.7,""y"":705.3,""t"":411,""outside"":false,""outsidePx"":0},{""x"":1318.7,""y"":693.3,""t"":427,""outside"":false,""outsidePx"":0},{""x"":1338,""y"":680.7,""t"":444,""outside"":false,""outsidePx"":0},{""x"":1354,""y"":666.7,""t"":460,""outside"":false,""outsidePx"":0},{""x"":1369.3,""y"":656.7,""t"":477,""outside"":false,""outsidePx"":0},{""x"":1376.7,""y"":651.3,""t"":494,""outside"":false,""outsidePx"":0},{""x"":1396,""y"":637.3,""t"":510,""outside"":false,""outsidePx"":0},{""x"":1413.3,""y"":624.7,""t"":527,""outside"":false,""outsidePx"":0},{""x"":1436,""y"":610.7,""t"":544,""outside"":false,""outsidePx"":0},{""x"":1456.7,""y"":600.7,""t"":560,""outside"":false,""outsidePx"":0},{""x"":1478,""y"":591.3,""t"":577,""outside"":false,""outsidePx"":0},{""x"":1494,""y"":586.7,""t"":594,""outside"":false,""outsidePx"":0},{""x"":1509.3,""y"":577.3,""t"":610,""outside"":false,""outsidePx"":0},{""x"":1523.3,""y"":572.7,""t"":627,""outside"":false,""outsidePx"":0},{""x"":1539.3,""y"":562,""t"":644,""outside"":false,""outsidePx"":0},{""x"":1554.7,""y"":553.3,""t"":660,""outside"":false,""outsidePx"":0},{""x"":1574,""y"":540.7,""t"":677,""outside"":false,""outsidePx"":0},{""x"":1595.3,""y"":530.7,""t"":694,""outside"":false,""outsidePx"":0},{""x"":1614.7,""y"":520,""t"":710,""outside"":false,""outsidePx"":0},{""x"":1628.7,""y"":512.7,""t"":727,""outside"":false,""outsidePx"":0},{""x"":1642.7,""y"":506,""t"":743,""outside"":false,""outsidePx"":0},{""x"":1658,""y"":498.7,""t"":760,""outside"":false,""outsidePx"":0},{""x"":1672,""y"":492,""t"":777,""outside"":false,""outsidePx"":0},{""x"":1686,""y"":486.7,""t"":794,""outside"":false,""outsidePx"":0},{""x"":1708.7,""y"":478,""t"":811,""outside"":false,""outsidePx"":0},{""x"":1728,""y"":470.7,""t"":827,""outside"":false,""outsidePx"":0},{""x"":1750.7,""y"":462,""t"":844,""outside"":false,""outsidePx"":0},{""x"":1770,""y"":455.3,""t"":860,""outside"":false,""outsidePx"":0},{""x"":1782.7,""y"":448,""t"":877,""outside"":false,""outsidePx"":0},{""x"":1792.7,""y"":442.7,""t"":894,""outside"":false,""outsidePx"":0},{""x"":1794.7,""y"":441.3,""t"":910,""outside"":false,""outsidePx"":0},{""x"":1788.7,""y"":439.3,""t"":953,""outside"":false,""outsidePx"":0}]"
shohei,main,practice,C1,幅広条件,A固定・W広い,70,675,9.643,1,22,22,22,22,2026-09-29T08:04:16.605Z,2026-09-29T08:04:17.810Z,1205,150,883,733,true,true,deviation,1766.7,465.3,1,true,1,166,5.8,false,"[{""startMs"":794,""startX"":1497.3,""startY"":637.3,""maxOutsidePx"":5.8,""endMs"":960,""endX"":1690,""endY"":523.3,""durationMs"":166}]","[{""x"":848.7,""y"":962,""t"":0,""outside"":false,""outsidePx"":0},{""x"":850,""y"":962,""t"":50,""outside"":false,""outsidePx"":0},{""x"":853.3,""y"":960.7,""t"":60,""outside"":false,""outsidePx"":0},{""x"":865.3,""y"":954,""t"":77,""outside"":false,""outsidePx"":0},{""x"":886.7,""y"":941.3,""t"":94,""outside"":false,""outsidePx"":0},{""x"":910.7,""y"":931.3,""t"":110,""outside"":false,""outsidePx"":0},{""x"":949.3,""y"":918.7,""t"":127,""outside"":false,""outsidePx"":0},{""x"":986,""y"":908.7,""t"":144,""outside"":false,""outsidePx"":0},{""x"":1016,""y"":896,""t"":160,""outside"":false,""outsidePx"":0},{""x"":1044,""y"":884,""t"":177,""outside"":false,""outsidePx"":0},{""x"":1068.7,""y"":870,""t"":193,""outside"":false,""outsidePx"":0},{""x"":1091.3,""y"":854,""t"":210,""outside"":false,""outsidePx"":0},{""x"":1110.7,""y"":838.7,""t"":227,""outside"":false,""outsidePx"":0},{""x"":1126,""y"":822.7,""t"":243,""outside"":false,""outsidePx"":0},{""x"":1138.7,""y"":814,""t"":260,""outside"":false,""outsidePx"":0},{""x"":1147.3,""y"":805.3,""t"":277,""outside"":false,""outsidePx"":0},{""x"":1156,""y"":800,""t"":294,""outside"":false,""outsidePx"":0},{""x"":1166.7,""y"":794.7,""t"":310,""outside"":false,""outsidePx"":0},{""x"":1175.3,""y"":787.3,""t"":327,""outside"":false,""outsidePx"":0},{""x"":1186,""y"":778.7,""t"":344,""outside"":false,""outsidePx"":0},{""x"":1194.7,""y"":768.7,""t"":361,""outside"":false,""outsidePx"":0},{""x"":1208.7,""y"":758,""t"":377,""outside"":false,""outsidePx"":0},{""x"":1218.7,""y"":750.7,""t"":394,""outside"":false,""outsidePx"":0},{""x"":1229.3,""y"":744,""t"":411,""outside"":false,""outsidePx"":0},{""x"":1238,""y"":738.7,""t"":427,""outside"":false,""outsidePx"":0},{""x"":1245.3,""y"":733.3,""t"":444,""outside"":false,""outsidePx"":0},{""x"":1260.7,""y"":719.3,""t"":519,""outside"":false,""outsidePx"":0},{""x"":1298,""y"":698.7,""t"":527,""outside"":false,""outsidePx"":0},{""x"":1304.7,""y"":694.7,""t"":543,""outside"":false,""outsidePx"":0},{""x"":1313.3,""y"":691.3,""t"":560,""outside"":false,""outsidePx"":0},{""x"":1326,""y"":689.3,""t"":577,""outside"":false,""outsidePx"":0},{""x"":1338,""y"":686,""t"":593,""outside"":false,""outsidePx"":0},{""x"":1355.3,""y"":679.3,""t"":610,""outside"":false,""outsidePx"":0},{""x"":1376.7,""y"":672,""t"":627,""outside"":false,""outsidePx"":0},{""x"":1399.3,""y"":665.3,""t"":647,""outside"":false,""outsidePx"":0},{""x"":1413.3,""y"":663.3,""t"":660,""outside"":false,""outsidePx"":0},{""x"":1425.3,""y"":660,""t"":677,""outside"":false,""outsidePx"":0},{""x"":1432.7,""y"":658,""t"":694,""outside"":false,""outsidePx"":0},{""x"":1441.3,""y"":656.7,""t"":710,""outside"":false,""outsidePx"":0},{""x"":1450,""y"":654.7,""t"":727,""outside"":false,""outsidePx"":0},{""x"":1456.7,""y"":652.7,""t"":744,""outside"":false,""outsidePx"":0},{""x"":1469.3,""y"":649.3,""t"":760,""outside"":false,""outsidePx"":0},{""x"":1481.3,""y"":644,""t"":777,""outside"":false,""outsidePx"":0},{""x"":1497.3,""y"":637.3,""t"":794,""outside"":true,""outsidePx"":2.1},{""x"":1511.3,""y"":630,""t"":810,""outside"":true,""outsidePx"":2.7},{""x"":1528.7,""y"":621.3,""t"":827,""outside"":true,""outsidePx"":3.9},{""x"":1548,""y"":610.7,""t"":844,""outside"":true,""outsidePx"":4.3},{""x"":1567.3,""y"":600.7,""t"":860,""outside"":true,""outsidePx"":5.3},{""x"":1586.7,""y"":590,""t"":879,""outside"":true,""outsidePx"":5.8},{""x"":1607.3,""y"":576,""t"":894,""outside"":true,""outsidePx"":4},{""x"":1628.7,""y"":562,""t"":910,""outside"":true,""outsidePx"":2.5},{""x"":1649.3,""y"":548,""t"":927,""outside"":true,""outsidePx"":0.7},{""x"":1670.7,""y"":535.3,""t"":946,""outside"":true,""outsidePx"":0.4},{""x"":1690,""y"":523.3,""t"":960,""outside"":false,""outsidePx"":0},{""x"":1708.7,""y"":511.3,""t"":977,""outside"":false,""outsidePx"":0},{""x"":1722.7,""y"":504,""t"":994,""outside"":false,""outsidePx"":0},{""x"":1732,""y"":497.3,""t"":1010,""outside"":false,""outsidePx"":0},{""x"":1742,""y"":488.7,""t"":1031,""outside"":false,""outsidePx"":0},{""x"":1747.3,""y"":483.3,""t"":1044,""outside"":false,""outsidePx"":0},{""x"":1754.7,""y"":476,""t"":1064,""outside"":false,""outsidePx"":0},{""x"":1761.3,""y"":470.7,""t"":1077,""outside"":false,""outsidePx"":0},{""x"":1764.7,""y"":467.3,""t"":1094,""outside"":false,""outsidePx"":0},{""x"":1766.7,""y"":465.3,""t"":1110,""outside"":false,""outsidePx"":0}]"
shohei,main,practice,C1,幅広条件,A固定・W広い,70,675,9.643,1,23,23,23,23,2026-09-29T08:04:18.555Z,2026-09-29T08:04:19.562Z,1007,212,780,568,true,true,none,1783.3,421.3,1,false,0,0,0,false,[],"[{""x"":868.7,""y"":987.3,""t"":0,""outside"":false,""outsidePx"":0},{""x"":868.7,""y"":985.3,""t"":18,""outside"":false,""outsidePx"":0},{""x"":868.7,""y"":983.3,""t"":77,""outside"":false,""outsidePx"":0},{""x"":870.7,""y"":983.3,""t"":91,""outside"":false,""outsidePx"":0},{""x"":874,""y"":980,""t"":110,""outside"":false,""outsidePx"":0},{""x"":882.7,""y"":973.3,""t"":126,""outside"":false,""outsidePx"":0},{""x"":895.3,""y"":962.7,""t"":143,""outside"":false,""outsidePx"":0},{""x"":914.7,""y"":950.7,""t"":159,""outside"":false,""outsidePx"":0},{""x"":937.3,""y"":938,""t"":176,""outside"":false,""outsidePx"":0},{""x"":966.7,""y"":920.7,""t"":193,""outside"":false,""outsidePx"":0},{""x"":993.3,""y"":906.7,""t"":210,""outside"":false,""outsidePx"":0},{""x"":1016,""y"":894.7,""t"":226,""outside"":false,""outsidePx"":0},{""x"":1035.3,""y"":885.3,""t"":243,""outside"":false,""outsidePx"":0},{""x"":1052.7,""y"":875.3,""t"":259,""outside"":false,""outsidePx"":0},{""x"":1066.7,""y"":866.7,""t"":276,""outside"":false,""outsidePx"":0},{""x"":1080.7,""y"":857.3,""t"":293,""outside"":false,""outsidePx"":0},{""x"":1094.7,""y"":845.3,""t"":309,""outside"":false,""outsidePx"":0},{""x"":1106.7,""y"":836.7,""t"":326,""outside"":false,""outsidePx"":0},{""x"":1117.3,""y"":829.3,""t"":343,""outside"":false,""outsidePx"":0},{""x"":1128,""y"":824.7,""t"":359,""outside"":false,""outsidePx"":0},{""x"":1142,""y"":817.3,""t"":376,""outside"":false,""outsidePx"":0},{""x"":1154,""y"":810.7,""t"":393,""outside"":false,""outsidePx"":0},{""x"":1168,""y"":800,""t"":409,""outside"":false,""outsidePx"":0},{""x"":1187.3,""y"":789.3,""t"":426,""outside"":false,""outsidePx"":0},{""x"":1210,""y"":777.3,""t"":443,""outside"":false,""outsidePx"":0},{""x"":1236.7,""y"":766.7,""t"":459,""outside"":false,""outsidePx"":0},{""x"":1262.7,""y"":754.7,""t"":476,""outside"":false,""outsidePx"":0},{""x"":1285.3,""y"":742,""t"":493,""outside"":false,""outsidePx"":0},{""x"":1304.7,""y"":728,""t"":509,""outside"":false,""outsidePx"":0},{""x"":1320.7,""y"":714,""t"":526,""outside"":false,""outsidePx"":0},{""x"":1338,""y"":698.7,""t"":543,""outside"":false,""outsidePx"":0},{""x"":1357.3,""y"":684.7,""t"":559,""outside"":false,""outsidePx"":0},{""x"":1369.3,""y"":675.3,""t"":576,""outside"":false,""outsidePx"":0},{""x"":1386.7,""y"":663.3,""t"":593,""outside"":false,""outsidePx"":0},{""x"":1399.3,""y"":652.7,""t"":610,""outside"":false,""outsidePx"":0},{""x"":1410,""y"":642.7,""t"":626,""outside"":false,""outsidePx"":0},{""x"":1427.3,""y"":630,""t"":643,""outside"":false,""outsidePx"":0},{""x"":1444.7,""y"":619.3,""t"":660,""outside"":false,""outsidePx"":0},{""x"":1460.7,""y"":609.3,""t"":676,""outside"":false,""outsidePx"":0},{""x"":1476,""y"":600.7,""t"":693,""outside"":false,""outsidePx"":0},{""x"":1494,""y"":590,""t"":709,""outside"":false,""outsidePx"":0},{""x"":1511.3,""y"":579.3,""t"":726,""outside"":false,""outsidePx"":0},{""x"":1526.7,""y"":568.7,""t"":743,""outside"":false,""outsidePx"":0},{""x"":1544.7,""y"":558.7,""t"":760,""outside"":false,""outsidePx"":0},{""x"":1564,""y"":548,""t"":776,""outside"":false,""outsidePx"":0},{""x"":1588,""y"":535.3,""t"":793,""outside"":false,""outsidePx"":0},{""x"":1609.3,""y"":523.3,""t"":809,""outside"":false,""outsidePx"":0},{""x"":1630,""y"":511.3,""t"":827,""outside"":false,""outsidePx"":0},{""x"":1649.3,""y"":500.7,""t"":843,""outside"":false,""outsidePx"":0},{""x"":1680.7,""y"":486.7,""t"":860,""outside"":false,""outsidePx"":0},{""x"":1707.3,""y"":474.7,""t"":876,""outside"":false,""outsidePx"":0},{""x"":1730,""y"":460.7,""t"":893,""outside"":false,""outsidePx"":0},{""x"":1749.3,""y"":446.7,""t"":909,""outside"":false,""outsidePx"":0},{""x"":1766.7,""y"":436,""t"":926,""outside"":false,""outsidePx"":0},{""x"":1780.7,""y"":425.3,""t"":943,""outside"":false,""outsidePx"":0},{""x"":1789.3,""y"":420,""t"":960,""outside"":false,""outsidePx"":0},{""x"":1783.3,""y"":421.3,""t"":1007,""outside"":false,""outsidePx"":0}]"
shohei,main,practice,C1,幅広条件,A固定・W広い,70,675,9.643,1,24,24,24,24,2026-09-29T08:04:20.216Z,2026-09-29T08:04:21.277Z,1061,228,808,580,true,true,none,1728.7,464,1,false,0,0,0,false,[],"[{""x"":896,""y"":937.3,""t"":0,""outside"":false,""outsidePx"":0},{""x"":894,""y"":937.3,""t"":62,""outside"":false,""outsidePx"":0},{""x"":894,""y"":939.3,""t"":73,""outside"":false,""outsidePx"":0},{""x"":892.7,""y"":939.3,""t"":80,""outside"":false,""outsidePx"":0},{""x"":890.7,""y"":941.3,""t"":97,""outside"":false,""outsidePx"":0},{""x"":892,""y"":941.3,""t"":147,""outside"":false,""outsidePx"":0},{""x"":900.7,""y"":938,""t"":164,""outside"":false,""outsidePx"":0},{""x"":914.7,""y"":931.3,""t"":180,""outside"":false,""outsidePx"":0},{""x"":935.3,""y"":920.7,""t"":197,""outside"":false,""outsidePx"":0},{""x"":962,""y"":908.7,""t"":214,""outside"":false,""outsidePx"":0},{""x"":994.7,""y"":894.7,""t"":230,""outside"":false,""outsidePx"":0},{""x"":1024.7,""y"":882,""t"":247,""outside"":false,""outsidePx"":0},{""x"":1052.7,""y"":870,""t"":263,""outside"":false,""outsidePx"":0},{""x"":1072,""y"":859.3,""t"":280,""outside"":false,""outsidePx"":0},{""x"":1089.3,""y"":848.7,""t"":297,""outside"":false,""outsidePx"":0},{""x"":1103.3,""y"":838.7,""t"":313,""outside"":false,""outsidePx"":0},{""x"":1117.3,""y"":828,""t"":330,""outside"":false,""outsidePx"":0},{""x"":1133.3,""y"":819.3,""t"":347,""outside"":false,""outsidePx"":0},{""x"":1148.7,""y"":810.7,""t"":363,""outside"":false,""outsidePx"":0},{""x"":1170,""y"":800,""t"":380,""outside"":false,""outsidePx"":0},{""x"":1189.3,""y"":791.3,""t"":396,""outside"":false,""outsidePx"":0},{""x"":1210,""y"":780.7,""t"":413,""outside"":false,""outsidePx"":0},{""x"":1229.3,""y"":770,""t"":430,""outside"":false,""outsidePx"":0},{""x"":1246.7,""y"":759.3,""t"":447,""outside"":false,""outsidePx"":0},{""x"":1260.7,""y"":750.7,""t"":463,""outside"":false,""outsidePx"":0},{""x"":1278.7,""y"":736.7,""t"":480,""outside"":false,""outsidePx"":0},{""x"":1292.7,""y"":726.7,""t"":497,""outside"":false,""outsidePx"":0},{""x"":1304.7,""y"":716,""t"":513,""outside"":false,""outsidePx"":0},{""x"":1320.7,""y"":703.3,""t"":530,""outside"":false,""outsidePx"":0},{""x"":1332.7,""y"":693.3,""t"":547,""outside"":false,""outsidePx"":0},{""x"":1350,""y"":679.3,""t"":563,""outside"":false,""outsidePx"":0},{""x"":1369.3,""y"":666.7,""t"":580,""outside"":false,""outsidePx"":0},{""x"":1385.3,""y"":656.7,""t"":596,""outside"":false,""outsidePx"":0},{""x"":1397.3,""y"":647.3,""t"":613,""outside"":false,""outsidePx"":0},{""x"":1410,""y"":638.7,""t"":630,""outside"":false,""outsidePx"":0},{""x"":1420,""y"":632,""t"":646,""outside"":false,""outsidePx"":0},{""x"":1436,""y"":624.7,""t"":663,""outside"":false,""outsidePx"":0},{""x"":1448,""y"":621.3,""t"":680,""outside"":false,""outsidePx"":0},{""x"":1460.7,""y"":616,""t"":697,""outside"":false,""outsidePx"":0},{""x"":1472.7,""y"":610.7,""t"":713,""outside"":false,""outsidePx"":0},{""x"":1488.7,""y"":602,""t"":730,""outside"":false,""outsidePx"":0},{""x"":1504,""y"":593.3,""t"":746,""outside"":false,""outsidePx"":0},{""x"":1522,""y"":584.7,""t"":763,""outside"":false,""outsidePx"":0},{""x"":1540.7,""y"":574,""t"":780,""outside"":false,""outsidePx"":0},{""x"":1562,""y"":563.3,""t"":796,""outside"":false,""outsidePx"":0},{""x"":1582.7,""y"":554.7,""t"":813,""outside"":false,""outsidePx"":0},{""x"":1604,""y"":546,""t"":830,""outside"":false,""outsidePx"":0},{""x"":1620,""y"":539.3,""t"":846,""outside"":false,""outsidePx"":0},{""x"":1632,""y"":532,""t"":863,""outside"":false,""outsidePx"":0},{""x"":1642.7,""y"":525.3,""t"":880,""outside"":false,""outsidePx"":0},{""x"":1654.7,""y"":518,""t"":897,""outside"":false,""outsidePx"":0},{""x"":1665.3,""y"":511.3,""t"":913,""outside"":false,""outsidePx"":0},{""x"":1676,""y"":504,""t"":930,""outside"":false,""outsidePx"":0},{""x"":1686,""y"":495.3,""t"":947,""outside"":false,""outsidePx"":0},{""x"":1705.3,""y"":484.7,""t"":963,""outside"":false,""outsidePx"":0},{""x"":1716,""y"":479.3,""t"":980,""outside"":false,""outsidePx"":0},{""x"":1726.7,""y"":474.7,""t"":997,""outside"":false,""outsidePx"":0},{""x"":1730,""y"":470.7,""t"":1014,""outside"":false,""outsidePx"":0},{""x"":1730,""y"":469.3,""t"":1030,""outside"":false,""outsidePx"":0},{""x"":1728.7,""y"":465.3,""t"":1047,""outside"":false,""outsidePx"":0},{""x"":1728.7,""y"":464,""t"":1060,""outside"":false,""outsidePx"":0}]"
shohei,main,practice,C1,幅広条件,A固定・W広い,70,675,9.643,1,25,25,25,25,2026-09-29T08:04:21.881Z,2026-09-29T08:04:23.157Z,1276,180,1009,829,true,true,none,1728.7,442,1,false,0,0,0,false,[],"[{""x"":862.7,""y"":970.7,""t"":0,""outside"":false,""outsidePx"":0},{""x"":862.7,""y"":969.3,""t"":49,""outside"":false,""outsidePx"":0},{""x"":864,""y"":969.3,""t"":50,""outside"":false,""outsidePx"":0},{""x"":868.7,""y"":966,""t"":65,""outside"":false,""outsidePx"":0},{""x"":881.3,""y"":960.7,""t"":81,""outside"":false,""outsidePx"":0},{""x"":896.7,""y"":954,""t"":98,""outside"":false,""outsidePx"":0},{""x"":916,""y"":945.3,""t"":115,""outside"":false,""outsidePx"":0},{""x"":935.3,""y"":938,""t"":131,""outside"":false,""outsidePx"":0},{""x"":958,""y"":927.3,""t"":148,""outside"":false,""outsidePx"":0},{""x"":979.3,""y"":915.3,""t"":165,""outside"":false,""outsidePx"":0},{""x"":1000,""y"":906.7,""t"":181,""outside"":false,""outsidePx"":0},{""x"":1016,""y"":898,""t"":198,""outside"":false,""outsidePx"":0},{""x"":1030,""y"":889.3,""t"":215,""outside"":false,""outsidePx"":0},{""x"":1040.7,""y"":884,""t"":231,""outside"":false,""outsidePx"":0},{""x"":1052.7,""y"":876.7,""t"":248,""outside"":false,""outsidePx"":0},{""x"":1061.3,""y"":871.3,""t"":265,""outside"":false,""outsidePx"":0},{""x"":1074,""y"":866.7,""t"":282,""outside"":false,""outsidePx"":0},{""x"":1086,""y"":861.3,""t"":298,""outside"":false,""outsidePx"":0},{""x"":1096.7,""y"":856,""t"":315,""outside"":false,""outsidePx"":0},{""x"":1105.3,""y"":848.7,""t"":331,""outside"":false,""outsidePx"":0},{""x"":1116,""y"":840,""t"":348,""outside"":false,""outsidePx"":0},{""x"":1124.7,""y"":833.3,""t"":365,""outside"":false,""outsidePx"":0},{""x"":1131.3,""y"":824.7,""t"":381,""outside"":false,""outsidePx"":0},{""x"":1138.7,""y"":815.3,""t"":398,""outside"":false,""outsidePx"":0},{""x"":1144,""y"":810.7,""t"":415,""outside"":false,""outsidePx"":0},{""x"":1147.3,""y"":805.3,""t"":432,""outside"":false,""outsidePx"":0},{""x"":1152.7,""y"":800,""t"":448,""outside"":false,""outsidePx"":0},{""x"":1158,""y"":794.7,""t"":465,""outside"":false,""outsidePx"":0},{""x"":1162.7,""y"":789.3,""t"":481,""outside"":false,""outsidePx"":0},{""x"":1170,""y"":782.7,""t"":498,""outside"":false,""outsidePx"":0},{""x"":1180.7,""y"":773.3,""t"":515,""outside"":false,""outsidePx"":0},{""x"":1192.7,""y"":763.3,""t"":532,""outside"":false,""outsidePx"":0},{""x"":1204.7,""y"":752.7,""t"":548,""outside"":false,""outsidePx"":0},{""x"":1222.7,""y"":744,""t"":565,""outside"":false,""outsidePx"":0},{""x"":1236.7,""y"":735.3,""t"":581,""outside"":false,""outsidePx"":0},{""x"":1248.7,""y"":728,""t"":598,""outside"":false,""outsidePx"":0},{""x"":1260.7,""y"":719.3,""t"":615,""outside"":false,""outsidePx"":0},{""x"":1274.7,""y"":710.7,""t"":632,""outside"":false,""outsidePx"":0},{""x"":1290.7,""y"":702,""t"":648,""outside"":false,""outsidePx"":0},{""x"":1301.3,""y"":694.7,""t"":665,""outside"":false,""outsidePx"":0},{""x"":1313.3,""y"":689.3,""t"":682,""outside"":false,""outsidePx"":0},{""x"":1322,""y"":684.7,""t"":698,""outside"":false,""outsidePx"":0},{""x"":1336,""y"":679.3,""t"":715,""outside"":false,""outsidePx"":0},{""x"":1346.7,""y"":674,""t"":731,""outside"":false,""outsidePx"":0},{""x"":1362.7,""y"":666.7,""t"":748,""outside"":false,""outsidePx"":0},{""x"":1378,""y"":660,""t"":765,""outside"":false,""outsidePx"":0},{""x"":1392,""y"":651.3,""t"":781,""outside"":false,""outsidePx"":0},{""x"":1406,""y"":642.7,""t"":798,""outside"":false,""outsidePx"":0},{""x"":1416.7,""y"":633.3,""t"":814,""outside"":false,""outsidePx"":0},{""x"":1425.3,""y"":626.7,""t"":831,""outside"":false,""outsidePx"":0},{""x"":1434,""y"":623.3,""t"":848,""outside"":false,""outsidePx"":0},{""x"":1439.3,""y"":618,""t"":865,""outside"":false,""outsidePx"":0},{""x"":1448,""y"":612.7,""t"":881,""outside"":false,""outsidePx"":0},{""x"":1458.7,""y"":605.3,""t"":898,""outside"":false,""outsidePx"":0},{""x"":1470.7,""y"":598.7,""t"":915,""outside"":false,""outsidePx"":0},{""x"":1484.7,""y"":590,""t"":931,""outside"":false,""outsidePx"":0},{""x"":1500.7,""y"":582.7,""t"":948,""outside"":false,""outsidePx"":0},{""x"":1518,""y"":574,""t"":964,""outside"":false,""outsidePx"":0},{""x"":1534,""y"":562,""t"":981,""outside"":false,""outsidePx"":0},{""x"":1553.3,""y"":549.3,""t"":998,""outside"":false,""outsidePx"":0},{""x"":1572.7,""y"":537.3,""t"":1015,""outside"":false,""outsidePx"":0},{""x"":1593.3,""y"":526.7,""t"":1031,""outside"":false,""outsidePx"":0},{""x"":1616,""y"":516.7,""t"":1048,""outside"":false,""outsidePx"":0},{""x"":1640.7,""y"":502.7,""t"":1065,""outside"":false,""outsidePx"":0},{""x"":1660,""y"":490,""t"":1081,""outside"":false,""outsidePx"":0},{""x"":1677.3,""y"":476,""t"":1098,""outside"":false,""outsidePx"":0},{""x"":1693.3,""y"":464,""t"":1114,""outside"":false,""outsidePx"":0},{""x"":1707.3,""y"":455.3,""t"":1131,""outside"":false,""outsidePx"":0},{""x"":1718,""y"":448,""t"":1148,""outside"":false,""outsidePx"":0},{""x"":1724.7,""y"":442.7,""t"":1164,""outside"":false,""outsidePx"":0},{""x"":1730,""y"":441.3,""t"":1182,""outside"":false,""outsidePx"":0},{""x"":1732,""y"":439.3,""t"":1198,""outside"":false,""outsidePx"":0},{""x"":1732,""y"":437.3,""t"":1215,""outside"":false,""outsidePx"":0},{""x"":1732,""y"":438.7,""t"":1260,""outside"":false,""outsidePx"":0},{""x"":1730.7,""y"":438.7,""t"":1271,""outside"":false,""outsidePx"":0},{""x"":1728.7,""y"":442,""t"":1274,""outside"":false,""outsidePx"":0}]"
shohei,main,practice,C1,幅広条件,A固定・W広い,70,675,9.643,1,26,26,26,26,2026-09-29T08:04:23.954Z,2026-09-29T08:04:25.022Z,1068,195,780,585,true,true,deviation,1760,439.3,1,true,1,67,1.7,false,"[{""startMs"":327,""startX"":1119.3,""startY"":854,""maxOutsidePx"":1.7,""endMs"":394,""endX"":1176.7,""endY"":817.3,""durationMs"":67}]","[{""x"":848.7,""y"":964,""t"":0,""outside"":false,""outsidePx"":0},{""x"":850,""y"":964,""t"":81,""outside"":false,""outsidePx"":0},{""x"":854.7,""y"":964,""t"":92,""outside"":false,""outsidePx"":0},{""x"":867.3,""y"":960.7,""t"":111,""outside"":false,""outsidePx"":0},{""x"":888,""y"":952,""t"":127,""outside"":false,""outsidePx"":0},{""x"":910.7,""y"":941.3,""t"":143,""outside"":false,""outsidePx"":0},{""x"":937.3,""y"":932.7,""t"":160,""outside"":false,""outsidePx"":0},{""x"":968.7,""y"":918.7,""t"":177,""outside"":false,""outsidePx"":0},{""x"":996.7,""y"":908.7,""t"":193,""outside"":false,""outsidePx"":0},{""x"":1018,""y"":899.3,""t"":210,""outside"":false,""outsidePx"":0},{""x"":1038.7,""y"":890.7,""t"":227,""outside"":false,""outsidePx"":0},{""x"":1056,""y"":884,""t"":244,""outside"":false,""outsidePx"":0},{""x"":1066.7,""y"":876.7,""t"":261,""outside"":false,""outsidePx"":0},{""x"":1082.7,""y"":870,""t"":277,""outside"":false,""outsidePx"":0},{""x"":1096.7,""y"":864.7,""t"":294,""outside"":false,""outsidePx"":0},{""x"":1106.7,""y"":859.3,""t"":311,""outside"":false,""outsidePx"":0},{""x"":1119.3,""y"":854,""t"":327,""outside"":true,""outsidePx"":0.7},{""x"":1130,""y"":848.7,""t"":344,""outside"":true,""outsidePx"":1.4},{""x"":1142,""y"":842,""t"":360,""outside"":true,""outsidePx"":1.7},{""x"":1159.3,""y"":831.3,""t"":377,""outside"":true,""outsidePx"":1.1},{""x"":1176.7,""y"":817.3,""t"":394,""outside"":false,""outsidePx"":0},{""x"":1196,""y"":803.3,""t"":410,""outside"":false,""outsidePx"":0},{""x"":1215.3,""y"":789.3,""t"":427,""outside"":false,""outsidePx"":0},{""x"":1232.7,""y"":777.3,""t"":444,""outside"":false,""outsidePx"":0},{""x"":1248.7,""y"":763.3,""t"":461,""outside"":false,""outsidePx"":0},{""x"":1260.7,""y"":749.3,""t"":477,""outside"":false,""outsidePx"":0},{""x"":1276.7,""y"":733.3,""t"":494,""outside"":false,""outsidePx"":0},{""x"":1290.7,""y"":717.3,""t"":510,""outside"":false,""outsidePx"":0},{""x"":1308,""y"":703.3,""t"":527,""outside"":false,""outsidePx"":0},{""x"":1326,""y"":691.3,""t"":543,""outside"":false,""outsidePx"":0},{""x"":1340,""y"":679.3,""t"":560,""outside"":false,""outsidePx"":0},{""x"":1354,""y"":666.7,""t"":577,""outside"":false,""outsidePx"":0},{""x"":1369.3,""y"":652.7,""t"":594,""outside"":false,""outsidePx"":0},{""x"":1385.3,""y"":642.7,""t"":610,""outside"":false,""outsidePx"":0},{""x"":1399.3,""y"":635.3,""t"":627,""outside"":false,""outsidePx"":0},{""x"":1414.7,""y"":623.3,""t"":644,""outside"":false,""outsidePx"":0},{""x"":1428.7,""y"":612.7,""t"":660,""outside"":false,""outsidePx"":0},{""x"":1446.7,""y"":600.7,""t"":677,""outside"":false,""outsidePx"":0},{""x"":1462,""y"":590,""t"":694,""outside"":false,""outsidePx"":0},{""x"":1483.3,""y"":577.3,""t"":710,""outside"":false,""outsidePx"":0},{""x"":1504,""y"":565.3,""t"":727,""outside"":false,""outsidePx"":0},{""x"":1525.3,""y"":556.7,""t"":743,""outside"":false,""outsidePx"":0},{""x"":1542.7,""y"":546,""t"":760,""outside"":false,""outsidePx"":0},{""x"":1560,""y"":537.3,""t"":777,""outside"":false,""outsidePx"":0},{""x"":1581.3,""y"":528.7,""t"":794,""outside"":false,""outsidePx"":0},{""x"":1600.7,""y"":520,""t"":810,""outside"":false,""outsidePx"":0},{""x"":1620,""y"":512.7,""t"":827,""outside"":false,""outsidePx"":0},{""x"":1637.3,""y"":506,""t"":844,""outside"":false,""outsidePx"":0},{""x"":1649.3,""y"":500.7,""t"":861,""outside"":false,""outsidePx"":0},{""x"":1660,""y"":493.3,""t"":878,""outside"":false,""outsidePx"":0},{""x"":1674,""y"":486.7,""t"":894,""outside"":false,""outsidePx"":0},{""x"":1688,""y"":481.3,""t"":911,""outside"":false,""outsidePx"":0},{""x"":1700,""y"":476,""t"":928,""outside"":false,""outsidePx"":0},{""x"":1708.7,""y"":472.7,""t"":944,""outside"":false,""outsidePx"":0},{""x"":1719.3,""y"":465.3,""t"":960,""outside"":false,""outsidePx"":0},{""x"":1728,""y"":460.7,""t"":978,""outside"":false,""outsidePx"":0},{""x"":1738.7,""y"":453.3,""t"":995,""outside"":false,""outsidePx"":0},{""x"":1749.3,""y"":446.7,""t"":1011,""outside"":false,""outsidePx"":0},{""x"":1758,""y"":441.3,""t"":1027,""outside"":false,""outsidePx"":0},{""x"":1760,""y"":439.3,""t"":1044,""outside"":false,""outsidePx"":0}]"
shohei,main,practice,C1,幅広条件,A固定・W広い,70,675,9.643,1,27,27,27,27,2026-09-29T08:04:25.647Z,2026-09-29T08:04:26.551Z,904,146,681,535,true,true,none,1734,456,1,false,0,0,0,false,[],"[{""x"":878.7,""y"":936,""t"":0,""outside"":false,""outsidePx"":0},{""x"":879.3,""y"":936,""t"":63,""outside"":false,""outsidePx"":0},{""x"":881.3,""y"":936,""t"":66,""outside"":false,""outsidePx"":0},{""x"":895.3,""y"":929.3,""t"":83,""outside"":false,""outsidePx"":0},{""x"":916,""y"":918.7,""t"":100,""outside"":false,""outsidePx"":0},{""x"":940.7,""y"":908.7,""t"":117,""outside"":false,""outsidePx"":0},{""x"":963.3,""y"":894.7,""t"":133,""outside"":false,""outsidePx"":0},{""x"":990,""y"":880.7,""t"":150,""outside"":false,""outsidePx"":0},{""x"":1016,""y"":866.7,""t"":166,""outside"":false,""outsidePx"":0},{""x"":1040.7,""y"":852.7,""t"":183,""outside"":false,""outsidePx"":0},{""x"":1066.7,""y"":838.7,""t"":199,""outside"":false,""outsidePx"":0},{""x"":1086,""y"":828,""t"":216,""outside"":false,""outsidePx"":0},{""x"":1108.7,""y"":814,""t"":233,""outside"":false,""outsidePx"":0},{""x"":1126,""y"":801.3,""t"":249,""outside"":false,""outsidePx"":0},{""x"":1144,""y"":791.3,""t"":266,""outside"":false,""outsidePx"":0},{""x"":1162.7,""y"":782.7,""t"":283,""outside"":false,""outsidePx"":0},{""x"":1182,""y"":772,""t"":300,""outside"":false,""outsidePx"":0},{""x"":1201.3,""y"":759.3,""t"":316,""outside"":false,""outsidePx"":0},{""x"":1215.3,""y"":749.3,""t"":333,""outside"":false,""outsidePx"":0},{""x"":1236.7,""y"":735.3,""t"":350,""outside"":false,""outsidePx"":0},{""x"":1252,""y"":722.7,""t"":366,""outside"":false,""outsidePx"":0},{""x"":1271.3,""y"":712.7,""t"":383,""outside"":false,""outsidePx"":0},{""x"":1290.7,""y"":700,""t"":400,""outside"":false,""outsidePx"":0},{""x"":1308,""y"":689.3,""t"":416,""outside"":false,""outsidePx"":0},{""x"":1329.3,""y"":674,""t"":433,""outside"":false,""outsidePx"":0},{""x"":1350,""y"":658,""t"":450,""outside"":false,""outsidePx"":0},{""x"":1372.7,""y"":646,""t"":466,""outside"":false,""outsidePx"":0},{""x"":1394,""y"":632,""t"":483,""outside"":false,""outsidePx"":0},{""x"":1413.3,""y"":619.3,""t"":500,""outside"":false,""outsidePx"":0},{""x"":1427.3,""y"":612.7,""t"":516,""outside"":false,""outsidePx"":0},{""x"":1441.3,""y"":604,""t"":533,""outside"":false,""outsidePx"":0},{""x"":1453.3,""y"":596.7,""t"":550,""outside"":false,""outsidePx"":0},{""x"":1466,""y"":591.3,""t"":567,""outside"":false,""outsidePx"":0},{""x"":1472.7,""y"":588,""t"":584,""outside"":false,""outsidePx"":0},{""x"":1483.3,""y"":581.3,""t"":600,""outside"":false,""outsidePx"":0},{""x"":1497.3,""y"":574,""t"":617,""outside"":false,""outsidePx"":0},{""x"":1514.7,""y"":565.3,""t"":633,""outside"":false,""outsidePx"":0},{""x"":1537.3,""y"":558.7,""t"":649,""outside"":false,""outsidePx"":0},{""x"":1554.7,""y"":553.3,""t"":666,""outside"":false,""outsidePx"":0},{""x"":1572.7,""y"":548,""t"":683,""outside"":false,""outsidePx"":0},{""x"":1592,""y"":537.3,""t"":699,""outside"":false,""outsidePx"":0},{""x"":1610.7,""y"":526.7,""t"":716,""outside"":false,""outsidePx"":0},{""x"":1635.3,""y"":514.7,""t"":733,""outside"":false,""outsidePx"":0},{""x"":1658,""y"":504,""t"":750,""outside"":false,""outsidePx"":0},{""x"":1677.3,""y"":492,""t"":767,""outside"":false,""outsidePx"":0},{""x"":1705.3,""y"":474.7,""t"":782,""outside"":false,""outsidePx"":0},{""x"":1726.7,""y"":464,""t"":800,""outside"":false,""outsidePx"":0},{""x"":1740.7,""y"":456.7,""t"":817,""outside"":false,""outsidePx"":0},{""x"":1747.3,""y"":451.3,""t"":833,""outside"":false,""outsidePx"":0},{""x"":1749.3,""y"":451.3,""t"":850,""outside"":false,""outsidePx"":0},{""x"":1748,""y"":451.3,""t"":877,""outside"":false,""outsidePx"":0},{""x"":1746.7,""y"":451.3,""t"":884,""outside"":false,""outsidePx"":0},{""x"":1737.3,""y"":454.7,""t"":900,""outside"":false,""outsidePx"":0},{""x"":1734,""y"":456,""t"":903,""outside"":false,""outsidePx"":0}]"
shohei,main,practice,C1,幅広条件,A固定・W広い,70,675,9.643,1,28,28,28,28,2026-09-29T08:04:27.055Z,2026-09-29T08:04:27.941Z,887,145,644,499,true,true,none,1732.7,470.7,1,false,0,0,0,false,[],"[{""x"":848.7,""y"":953.3,""t"":0,""outside"":false,""outsidePx"":0},{""x"":848.7,""y"":952,""t"":44,""outside"":false,""outsidePx"":0},{""x"":850,""y"":950.7,""t"":58,""outside"":false,""outsidePx"":0},{""x"":858.7,""y"":945.3,""t"":76,""outside"":false,""outsidePx"":0},{""x"":878,""y"":934.7,""t"":92,""outside"":false,""outsidePx"":0},{""x"":907.3,""y"":924,""t"":109,""outside"":false,""outsidePx"":0},{""x"":942.7,""y"":910,""t"":126,""outside"":false,""outsidePx"":0},{""x"":984.7,""y"":892.7,""t"":142,""outside"":false,""outsidePx"":0},{""x"":1014,""y"":876.7,""t"":159,""outside"":false,""outsidePx"":0},{""x"":1038.7,""y"":864.7,""t"":176,""outside"":false,""outsidePx"":0},{""x"":1063.3,""y"":850.7,""t"":192,""outside"":false,""outsidePx"":0},{""x"":1086,""y"":836.7,""t"":209,""outside"":false,""outsidePx"":0},{""x"":1106.7,""y"":824.7,""t"":226,""outside"":false,""outsidePx"":0},{""x"":1124.7,""y"":814,""t"":242,""outside"":false,""outsidePx"":0},{""x"":1144,""y"":801.3,""t"":260,""outside"":false,""outsidePx"":0},{""x"":1159.3,""y"":789.3,""t"":276,""outside"":false,""outsidePx"":0},{""x"":1172,""y"":782.7,""t"":292,""outside"":false,""outsidePx"":0},{""x"":1186,""y"":775.3,""t"":310,""outside"":false,""outsidePx"":0},{""x"":1200,""y"":770,""t"":327,""outside"":false,""outsidePx"":0},{""x"":1214,""y"":763.3,""t"":343,""outside"":false,""outsidePx"":0},{""x"":1228,""y"":754.7,""t"":360,""outside"":false,""outsidePx"":0},{""x"":1240,""y"":744,""t"":376,""outside"":false,""outsidePx"":0},{""x"":1256,""y"":733.3,""t"":393,""outside"":false,""outsidePx"":0},{""x"":1278.7,""y"":721.3,""t"":409,""outside"":false,""outsidePx"":0},{""x"":1301.3,""y"":708.7,""t"":426,""outside"":false,""outsidePx"":0},{""x"":1326,""y"":694.7,""t"":442,""outside"":false,""outsidePx"":0},{""x"":1346.7,""y"":680.7,""t"":459,""outside"":false,""outsidePx"":0},{""x"":1364,""y"":670.7,""t"":476,""outside"":false,""outsidePx"":0},{""x"":1385.3,""y"":656.7,""t"":493,""outside"":false,""outsidePx"":0},{""x"":1408,""y"":642.7,""t"":509,""outside"":false,""outsidePx"":0},{""x"":1432.7,""y"":632,""t"":526,""outside"":false,""outsidePx"":0},{""x"":1456.7,""y"":619.3,""t"":543,""outside"":false,""outsidePx"":0},{""x"":1478,""y"":609.3,""t"":559,""outside"":false,""outsidePx"":0},{""x"":1497.3,""y"":600.7,""t"":576,""outside"":false,""outsidePx"":0},{""x"":1512.7,""y"":590,""t"":592,""outside"":false,""outsidePx"":0},{""x"":1528.7,""y"":581.3,""t"":609,""outside"":false,""outsidePx"":0},{""x"":1546,""y"":570.7,""t"":626,""outside"":false,""outsidePx"":0},{""x"":1572.7,""y"":558.7,""t"":642,""outside"":false,""outsidePx"":0},{""x"":1595.3,""y"":546,""t"":659,""outside"":false,""outsidePx"":0},{""x"":1616,""y"":534,""t"":676,""outside"":false,""outsidePx"":0},{""x"":1638.7,""y"":521.3,""t"":692,""outside"":false,""outsidePx"":0},{""x"":1660,""y"":511.3,""t"":709,""outside"":false,""outsidePx"":0},{""x"":1680.7,""y"":500.7,""t"":725,""outside"":false,""outsidePx"":0},{""x"":1698.7,""y"":492,""t"":742,""outside"":false,""outsidePx"":0},{""x"":1710.7,""y"":486.7,""t"":759,""outside"":false,""outsidePx"":0},{""x"":1716,""y"":481.3,""t"":775,""outside"":false,""outsidePx"":0},{""x"":1721.3,""y"":478,""t"":793,""outside"":false,""outsidePx"":0},{""x"":1726.7,""y"":474.7,""t"":809,""outside"":false,""outsidePx"":0},{""x"":1732,""y"":472.7,""t"":826,""outside"":false,""outsidePx"":0},{""x"":1733.3,""y"":470.7,""t"":843,""outside"":false,""outsidePx"":0},{""x"":1732.7,""y"":470.7,""t"":886,""outside"":false,""outsidePx"":0}]"
shohei,main,practice,C1,幅広条件,A固定・W広い,70,675,9.643,1,29,29,29,29,2026-09-29T08:04:28.473Z,2026-09-29T08:04:29.400Z,928,164,693,529,true,true,none,1705.3,484.7,1,false,0,0,0,false,[],"[{""x"":848.7,""y"":964,""t"":0,""outside"":false,""outsidePx"":0},{""x"":851.3,""y"":962.7,""t"":56,""outside"":false,""outsidePx"":0},{""x"":860,""y"":957.3,""t"":73,""outside"":false,""outsidePx"":0},{""x"":881.3,""y"":948.7,""t"":89,""outside"":false,""outsidePx"":0},{""x"":907.3,""y"":940,""t"":106,""outside"":false,""outsidePx"":0},{""x"":938.7,""y"":929.3,""t"":123,""outside"":false,""outsidePx"":0},{""x"":972,""y"":915.3,""t"":139,""outside"":false,""outsidePx"":0},{""x"":982.7,""y"":910,""t"":156,""outside"":false,""outsidePx"":0},{""x"":1008.7,""y"":896,""t"":173,""outside"":false,""outsidePx"":0},{""x"":1010.7,""y"":896,""t"":200,""outside"":false,""outsidePx"":0},{""x"":1070,""y"":868,""t"":207,""outside"":false,""outsidePx"":0},{""x"":1088,""y"":859.3,""t"":224,""outside"":false,""outsidePx"":0},{""x"":1092.7,""y"":856,""t"":241,""outside"":false,""outsidePx"":0},{""x"":1122.7,""y"":836.7,""t"":257,""outside"":false,""outsidePx"":0},{""x"":1138.7,""y"":828,""t"":275,""outside"":false,""outsidePx"":0},{""x"":1162.7,""y"":817.3,""t"":291,""outside"":false,""outsidePx"":0},{""x"":1180.7,""y"":810.7,""t"":308,""outside"":false,""outsidePx"":0},{""x"":1201.3,""y"":800,""t"":324,""outside"":false,""outsidePx"":0},{""x"":1220.7,""y"":787.3,""t"":341,""outside"":false,""outsidePx"":0},{""x"":1245.3,""y"":773.3,""t"":357,""outside"":false,""outsidePx"":0},{""x"":1268,""y"":761.3,""t"":374,""outside"":false,""outsidePx"":0},{""x"":1288.7,""y"":750.7,""t"":391,""outside"":false,""outsidePx"":0},{""x"":1310,""y"":738.7,""t"":408,""outside"":false,""outsidePx"":0},{""x"":1330.7,""y"":728,""t"":424,""outside"":false,""outsidePx"":0},{""x"":1348.7,""y"":714,""t"":440,""outside"":false,""outsidePx"":0},{""x"":1368,""y"":698.7,""t"":457,""outside"":false,""outsidePx"":0},{""x"":1388.7,""y"":684.7,""t"":474,""outside"":false,""outsidePx"":0},{""x"":1408,""y"":668.7,""t"":491,""outside"":false,""outsidePx"":0},{""x"":1424,""y"":658,""t"":507,""outside"":false,""outsidePx"":0},{""x"":1439.3,""y"":647.3,""t"":524,""outside"":false,""outsidePx"":0},{""x"":1452,""y"":637.3,""t"":541,""outside"":false,""outsidePx"":0},{""x"":1467.3,""y"":626.7,""t"":557,""outside"":false,""outsidePx"":0},{""x"":1480,""y"":618,""t"":574,""outside"":false,""outsidePx"":0},{""x"":1490,""y"":610.7,""t"":590,""outside"":false,""outsidePx"":0},{""x"":1502.7,""y"":604,""t"":608,""outside"":false,""outsidePx"":0},{""x"":1514.7,""y"":596.7,""t"":625,""outside"":false,""outsidePx"":0},{""x"":1528.7,""y"":590,""t"":641,""outside"":false,""outsidePx"":0},{""x"":1544.7,""y"":581.3,""t"":657,""outside"":false,""outsidePx"":0},{""x"":1562,""y"":574,""t"":674,""outside"":false,""outsidePx"":0},{""x"":1578,""y"":567.3,""t"":691,""outside"":false,""outsidePx"":0},{""x"":1595.3,""y"":558.7,""t"":708,""outside"":false,""outsidePx"":0},{""x"":1612.7,""y"":548,""t"":724,""outside"":false,""outsidePx"":0},{""x"":1628.7,""y"":537.3,""t"":742,""outside"":false,""outsidePx"":0},{""x"":1644,""y"":525.3,""t"":756,""outside"":false,""outsidePx"":0},{""x"":1663.3,""y"":512.7,""t"":774,""outside"":false,""outsidePx"":0},{""x"":1676,""y"":506,""t"":791,""outside"":false,""outsidePx"":0},{""x"":1693.3,""y"":493.3,""t"":807,""outside"":false,""outsidePx"":0},{""x"":1702,""y"":488.7,""t"":823,""outside"":false,""outsidePx"":0},{""x"":1705.3,""y"":484.7,""t"":841,""outside"":false,""outsidePx"":0}]"
shohei,main,practice,C1,幅広条件,A固定・W広い,70,675,9.643,1,30,30,30,30,2026-09-29T08:04:30.038Z,2026-09-29T08:04:30.908Z,870,137,661,524,true,true,none,1732.7,477.3,1,false,0,0,0,false,[],"[{""x"":892,""y"":948,""t"":0,""outside"":false,""outsidePx"":0},{""x"":893.3,""y"":948,""t"":54,""outside"":false,""outsidePx"":0},{""x"":895.3,""y"":948,""t"":64,""outside"":false,""outsidePx"":0},{""x"":900.7,""y"":945.3,""t"":76,""outside"":false,""outsidePx"":0},{""x"":910.7,""y"":940,""t"":93,""outside"":false,""outsidePx"":0},{""x"":935.3,""y"":926,""t"":109,""outside"":false,""outsidePx"":0},{""x"":968.7,""y"":908.7,""t"":125,""outside"":false,""outsidePx"":0},{""x"":1004,""y"":892.7,""t"":142,""outside"":false,""outsidePx"":0},{""x"":1033.3,""y"":878.7,""t"":159,""outside"":false,""outsidePx"":0},{""x"":1064.7,""y"":864.7,""t"":175,""outside"":false,""outsidePx"":0},{""x"":1089.3,""y"":854,""t"":192,""outside"":false,""outsidePx"":0},{""x"":1119.3,""y"":838.7,""t"":208,""outside"":false,""outsidePx"":0},{""x"":1147.3,""y"":824.7,""t"":225,""outside"":false,""outsidePx"":0},{""x"":1175.3,""y"":810.7,""t"":242,""outside"":false,""outsidePx"":0},{""x"":1198,""y"":798,""t"":258,""outside"":false,""outsidePx"":0},{""x"":1222.7,""y"":784,""t"":275,""outside"":false,""outsidePx"":0},{""x"":1243.3,""y"":773.3,""t"":292,""outside"":false,""outsidePx"":0},{""x"":1264.7,""y"":763.3,""t"":308,""outside"":false,""outsidePx"":0},{""x"":1282,""y"":750.7,""t"":325,""outside"":false,""outsidePx"":0},{""x"":1301.3,""y"":738.7,""t"":342,""outside"":false,""outsidePx"":0},{""x"":1320.7,""y"":726.7,""t"":359,""outside"":false,""outsidePx"":0},{""x"":1341.3,""y"":712.7,""t"":375,""outside"":false,""outsidePx"":0},{""x"":1358.7,""y"":700,""t"":392,""outside"":false,""outsidePx"":0},{""x"":1378,""y"":688,""t"":408,""outside"":false,""outsidePx"":0},{""x"":1396,""y"":675.3,""t"":426,""outside"":false,""outsidePx"":0},{""x"":1410,""y"":663.3,""t"":443,""outside"":false,""outsidePx"":0},{""x"":1425.3,""y"":649.3,""t"":459,""outside"":false,""outsidePx"":0},{""x"":1441.3,""y"":637.3,""t"":475,""outside"":false,""outsidePx"":0},{""x"":1453.3,""y"":626.7,""t"":492,""outside"":false,""outsidePx"":0},{""x"":1464,""y"":618,""t"":509,""outside"":false,""outsidePx"":0},{""x"":1472.7,""y"":610.7,""t"":525,""outside"":false,""outsidePx"":0},{""x"":1481.3,""y"":605.3,""t"":542,""outside"":false,""outsidePx"":0},{""x"":1492,""y"":600.7,""t"":559,""outside"":false,""outsidePx"":0},{""x"":1500.7,""y"":595.3,""t"":575,""outside"":false,""outsidePx"":0},{""x"":1512.7,""y"":590,""t"":593,""outside"":false,""outsidePx"":0},{""x"":1528.7,""y"":582.7,""t"":609,""outside"":false,""outsidePx"":0},{""x"":1542.7,""y"":577.3,""t"":625,""outside"":false,""outsidePx"":0},{""x"":1558.7,""y"":568.7,""t"":642,""outside"":false,""outsidePx"":0},{""x"":1574,""y"":560,""t"":658,""outside"":false,""outsidePx"":0},{""x"":1590,""y"":553.3,""t"":675,""outside"":false,""outsidePx"":0},{""x"":1621.3,""y"":540.7,""t"":692,""outside"":false,""outsidePx"":0},{""x"":1642.7,""y"":532,""t"":709,""outside"":false,""outsidePx"":0},{""x"":1648,""y"":528.7,""t"":726,""outside"":false,""outsidePx"":0},{""x"":1649.3,""y"":528.7,""t"":743,""outside"":false,""outsidePx"":0},{""x"":1705.3,""y"":497.3,""t"":759,""outside"":false,""outsidePx"":0},{""x"":1721.3,""y"":486.7,""t"":775,""outside"":false,""outsidePx"":0},{""x"":1735.3,""y"":479.3,""t"":791,""outside"":false,""outsidePx"":0},{""x"":1738.7,""y"":476,""t"":809,""outside"":false,""outsidePx"":0},{""x"":1737.3,""y"":476,""t"":857,""outside"":false,""outsidePx"":0},{""x"":1732.7,""y"":477.3,""t"":870,""outside"":false,""outsidePx"":0}]"
shohei,main,practice,C2,幅狭条件,A固定・W狭い,70,1350,19.286,2,1,31,31,31,2026-09-29T08:04:32.943Z,2026-09-29T08:04:34.425Z,1483,170,1215,1045,true,true,none,2050.7,304.7,1,false,0,0,0,false,[],"[{""x"":566.7,""y"":1137.3,""t"":0,""outside"":false,""outsidePx"":0},{""x"":566.7,""y"":1136,""t"":30,""outside"":false,""outsidePx"":0},{""x"":568,""y"":1136,""t"":37,""outside"":false,""outsidePx"":0},{""x"":570,""y"":1134,""t"":53,""outside"":false,""outsidePx"":0},{""x"":574.7,""y"":1130.7,""t"":69,""outside"":false,""outsidePx"":0},{""x"":585.3,""y"":1125.3,""t"":87,""outside"":false,""outsidePx"":0},{""x"":608,""y"":1114.7,""t"":103,""outside"":false,""outsidePx"":0},{""x"":630.7,""y"":1104.7,""t"":120,""outside"":false,""outsidePx"":0},{""x"":658.7,""y"":1092,""t"":137,""outside"":false,""outsidePx"":0},{""x"":680,""y"":1080,""t"":153,""outside"":false,""outsidePx"":0},{""x"":700.7,""y"":1066,""t"":170,""outside"":false,""outsidePx"":0},{""x"":718.7,""y"":1053.3,""t"":187,""outside"":false,""outsidePx"":0},{""x"":734,""y"":1041.3,""t"":204,""outside"":false,""outsidePx"":0},{""x"":748,""y"":1032.7,""t"":220,""outside"":false,""outsidePx"":0},{""x"":766,""y"":1020.7,""t"":237,""outside"":false,""outsidePx"":0},{""x"":784.7,""y"":1010,""t"":253,""outside"":false,""outsidePx"":0},{""x"":804,""y"":999.3,""t"":270,""outside"":false,""outsidePx"":0},{""x"":826.7,""y"":988.7,""t"":287,""outside"":false,""outsidePx"":0},{""x"":844.7,""y"":980,""t"":303,""outside"":false,""outsidePx"":0},{""x"":868.7,""y"":966,""t"":320,""outside"":false,""outsidePx"":0},{""x"":892,""y"":950.7,""t"":337,""outside"":false,""outsidePx"":0},{""x"":912.7,""y"":934.7,""t"":353,""outside"":false,""outsidePx"":0},{""x"":937.3,""y"":915.3,""t"":370,""outside"":false,""outsidePx"":0},{""x"":956.7,""y"":901.3,""t"":386,""outside"":false,""outsidePx"":0},{""x"":977.3,""y"":885.3,""t"":403,""outside"":false,""outsidePx"":0},{""x"":996.7,""y"":873.3,""t"":420,""outside"":false,""outsidePx"":0},{""x"":1016,""y"":861.3,""t"":437,""outside"":false,""outsidePx"":0},{""x"":1035.3,""y"":850.7,""t"":453,""outside"":false,""outsidePx"":0},{""x"":1056,""y"":834.7,""t"":470,""outside"":false,""outsidePx"":0},{""x"":1075.3,""y"":822.7,""t"":487,""outside"":false,""outsidePx"":0},{""x"":1098,""y"":806.7,""t"":503,""outside"":false,""outsidePx"":0},{""x"":1126,""y"":791.3,""t"":520,""outside"":false,""outsidePx"":0},{""x"":1156,""y"":775.3,""t"":537,""outside"":false,""outsidePx"":0},{""x"":1182,""y"":759.3,""t"":553,""outside"":false,""outsidePx"":0},{""x"":1206.7,""y"":745.3,""t"":570,""outside"":false,""outsidePx"":0},{""x"":1226,""y"":730,""t"":586,""outside"":false,""outsidePx"":0},{""x"":1246.7,""y"":714,""t"":603,""outside"":false,""outsidePx"":0},{""x"":1266,""y"":700,""t"":619,""outside"":false,""outsidePx"":0},{""x"":1288.7,""y"":688,""t"":636,""outside"":false,""outsidePx"":0},{""x"":1302.7,""y"":679.3,""t"":653,""outside"":false,""outsidePx"":0},{""x"":1316.7,""y"":670.7,""t"":670,""outside"":false,""outsidePx"":0},{""x"":1330.7,""y"":663.3,""t"":687,""outside"":false,""outsidePx"":0},{""x"":1344.7,""y"":656.7,""t"":704,""outside"":false,""outsidePx"":0},{""x"":1360.7,""y"":649.3,""t"":719,""outside"":false,""outsidePx"":0},{""x"":1374.7,""y"":644,""t"":736,""outside"":false,""outsidePx"":0},{""x"":1390.7,""y"":635.3,""t"":752,""outside"":false,""outsidePx"":0},{""x"":1406,""y"":626.7,""t"":770,""outside"":false,""outsidePx"":0},{""x"":1425.3,""y"":618,""t"":787,""outside"":false,""outsidePx"":0},{""x"":1446.7,""y"":607.3,""t"":803,""outside"":false,""outsidePx"":0},{""x"":1466,""y"":598.7,""t"":820,""outside"":false,""outsidePx"":0},{""x"":1486.7,""y"":588,""t"":836,""outside"":false,""outsidePx"":0},{""x"":1506,""y"":579.3,""t"":853,""outside"":false,""outsidePx"":0},{""x"":1522,""y"":570.7,""t"":869,""outside"":false,""outsidePx"":0},{""x"":1539.3,""y"":563.3,""t"":887,""outside"":false,""outsidePx"":0},{""x"":1553.3,""y"":556.7,""t"":903,""outside"":false,""outsidePx"":0},{""x"":1564,""y"":549.3,""t"":920,""outside"":false,""outsidePx"":0},{""x"":1574,""y"":544.7,""t"":936,""outside"":false,""outsidePx"":0},{""x"":1584.7,""y"":539.3,""t"":953,""outside"":false,""outsidePx"":0},{""x"":1595.3,""y"":532,""t"":969,""outside"":false,""outsidePx"":0},{""x"":1607.3,""y"":526.7,""t"":986,""outside"":false,""outsidePx"":0},{""x"":1620,""y"":521.3,""t"":1003,""outside"":false,""outsidePx"":0},{""x"":1634,""y"":516.7,""t"":1020,""outside"":false,""outsidePx"":0},{""x"":1649.3,""y"":507.3,""t"":1036,""outside"":false,""outsidePx"":0},{""x"":1665.3,""y"":498.7,""t"":1052,""outside"":false,""outsidePx"":0},{""x"":1684.7,""y"":490,""t"":1069,""outside"":false,""outsidePx"":0},{""x"":1705.3,""y"":479.3,""t"":1085,""outside"":false,""outsidePx"":0},{""x"":1728,""y"":469.3,""t"":1102,""outside"":false,""outsidePx"":0},{""x"":1749.3,""y"":458.7,""t"":1119,""outside"":false,""outsidePx"":0},{""x"":1772,""y"":446.7,""t"":1135,""outside"":false,""outsidePx"":0},{""x"":1792.7,""y"":436,""t"":1152,""outside"":false,""outsidePx"":0},{""x"":1812,""y"":427.3,""t"":1169,""outside"":false,""outsidePx"":0},{""x"":1833.3,""y"":416.7,""t"":1185,""outside"":false,""outsidePx"":0},{""x"":1856,""y"":406,""t"":1202,""outside"":false,""outsidePx"":0},{""x"":1876.7,""y"":394,""t"":1219,""outside"":false,""outsidePx"":0},{""x"":1901.3,""y"":381.3,""t"":1235,""outside"":false,""outsidePx"":0},{""x"":1928,""y"":369.3,""t"":1252,""outside"":false,""outsidePx"":0},{""x"":1948.7,""y"":358.7,""t"":1269,""outside"":false,""outsidePx"":0},{""x"":1970,""y"":350,""t"":1285,""outside"":false,""outsidePx"":0},{""x"":1985.3,""y"":343.3,""t"":1302,""outside"":false,""outsidePx"":0},{""x"":1999.3,""y"":334.7,""t"":1319,""outside"":false,""outsidePx"":0},{""x"":2012,""y"":327.3,""t"":1335,""outside"":false,""outsidePx"":0},{""x"":2024,""y"":320.7,""t"":1352,""outside"":false,""outsidePx"":0},{""x"":2032.7,""y"":316.7,""t"":1369,""outside"":false,""outsidePx"":0},{""x"":2038,""y"":311.3,""t"":1385,""outside"":false,""outsidePx"":0},{""x"":2043.3,""y"":310,""t"":1402,""outside"":false,""outsidePx"":0},{""x"":2048.7,""y"":306.7,""t"":1419,""outside"":false,""outsidePx"":0},{""x"":2050,""y"":304.7,""t"":1435,""outside"":false,""outsidePx"":0},{""x"":2052,""y"":304.7,""t"":1452,""outside"":false,""outsidePx"":0},{""x"":2050.7,""y"":304.7,""t"":1481,""outside"":false,""outsidePx"":0}]"
shohei,main,practice,C2,幅狭条件,A固定・W狭い,70,1350,19.286,2,2,32,32,32,2026-09-29T08:04:35.703Z,2026-09-29T08:04:37.622Z,1919,153,1635,1482,true,true,none,2013.3,302.7,1,false,0,0,0,false,[],"[{""x"":589.3,""y"":1119.3,""t"":0,""outside"":false,""outsidePx"":0},{""x"":589.3,""y"":1118.7,""t"":11,""outside"":false,""outsidePx"":0},{""x"":590.7,""y"":1118.7,""t"":28,""outside"":false,""outsidePx"":0},{""x"":594,""y"":1114.7,""t"":42,""outside"":false,""outsidePx"":0},{""x"":599.3,""y"":1111.3,""t"":59,""outside"":false,""outsidePx"":0},{""x"":612,""y"":1106,""t"":75,""outside"":false,""outsidePx"":0},{""x"":624,""y"":1100.7,""t"":92,""outside"":false,""outsidePx"":0},{""x"":638,""y"":1092,""t"":109,""outside"":false,""outsidePx"":0},{""x"":654,""y"":1085.3,""t"":126,""outside"":false,""outsidePx"":0},{""x"":680,""y"":1072.7,""t"":142,""outside"":false,""outsidePx"":0},{""x"":710,""y"":1058.7,""t"":159,""outside"":false,""outsidePx"":0},{""x"":738,""y"":1044.7,""t"":175,""outside"":false,""outsidePx"":0},{""x"":766,""y"":1030.7,""t"":192,""outside"":false,""outsidePx"":0},{""x"":783.3,""y"":1024,""t"":209,""outside"":false,""outsidePx"":0},{""x"":804,""y"":1013.3,""t"":226,""outside"":false,""outsidePx"":0},{""x"":823.3,""y"":1001.3,""t"":243,""outside"":false,""outsidePx"":0},{""x"":839.3,""y"":990.7,""t"":259,""outside"":false,""outsidePx"":0},{""x"":853.3,""y"":978.7,""t"":276,""outside"":false,""outsidePx"":0},{""x"":870.7,""y"":960.7,""t"":292,""outside"":false,""outsidePx"":0},{""x"":895.3,""y"":943.3,""t"":308,""outside"":false,""outsidePx"":0},{""x"":918,""y"":926,""t"":325,""outside"":false,""outsidePx"":0},{""x"":938.7,""y"":908.7,""t"":342,""outside"":false,""outsidePx"":0},{""x"":958,""y"":892.7,""t"":358,""outside"":false,""outsidePx"":0},{""x"":970.7,""y"":882,""t"":375,""outside"":false,""outsidePx"":0},{""x"":986,""y"":866.7,""t"":392,""outside"":false,""outsidePx"":0},{""x"":1000,""y"":856,""t"":408,""outside"":false,""outsidePx"":0},{""x"":1014,""y"":845.3,""t"":425,""outside"":false,""outsidePx"":0},{""x"":1024.7,""y"":838.7,""t"":443,""outside"":false,""outsidePx"":0},{""x"":1033.3,""y"":831.3,""t"":459,""outside"":false,""outsidePx"":0},{""x"":1046,""y"":822.7,""t"":475,""outside"":false,""outsidePx"":0},{""x"":1056,""y"":814,""t"":492,""outside"":false,""outsidePx"":0},{""x"":1070,""y"":803.3,""t"":508,""outside"":false,""outsidePx"":0},{""x"":1078.7,""y"":796.7,""t"":525,""outside"":false,""outsidePx"":0},{""x"":1092.7,""y"":789.3,""t"":542,""outside"":false,""outsidePx"":0},{""x"":1102,""y"":786,""t"":559,""outside"":false,""outsidePx"":0},{""x"":1110.7,""y"":780.7,""t"":576,""outside"":false,""outsidePx"":0},{""x"":1117.3,""y"":777.3,""t"":592,""outside"":false,""outsidePx"":0},{""x"":1128,""y"":772,""t"":608,""outside"":false,""outsidePx"":0},{""x"":1138.7,""y"":768.7,""t"":625,""outside"":false,""outsidePx"":0},{""x"":1148.7,""y"":764.7,""t"":641,""outside"":false,""outsidePx"":0},{""x"":1159.3,""y"":759.3,""t"":658,""outside"":false,""outsidePx"":0},{""x"":1168,""y"":756,""t"":675,""outside"":false,""outsidePx"":0},{""x"":1178.7,""y"":752.7,""t"":692,""outside"":false,""outsidePx"":0},{""x"":1189.3,""y"":749.3,""t"":708,""outside"":false,""outsidePx"":0},{""x"":1201.3,""y"":744,""t"":725,""outside"":false,""outsidePx"":0},{""x"":1212,""y"":738.7,""t"":741,""outside"":false,""outsidePx"":0},{""x"":1224,""y"":731.3,""t"":758,""outside"":false,""outsidePx"":0},{""x"":1232.7,""y"":728,""t"":775,""outside"":false,""outsidePx"":0},{""x"":1242,""y"":722.7,""t"":791,""outside"":false,""outsidePx"":0},{""x"":1250.7,""y"":719.3,""t"":808,""outside"":false,""outsidePx"":0},{""x"":1257.3,""y"":716,""t"":825,""outside"":false,""outsidePx"":0},{""x"":1266,""y"":710.7,""t"":841,""outside"":false,""outsidePx"":0},{""x"":1276.7,""y"":703.3,""t"":858,""outside"":false,""outsidePx"":0},{""x"":1290.7,""y"":696.7,""t"":875,""outside"":false,""outsidePx"":0},{""x"":1302.7,""y"":688,""t"":891,""outside"":false,""outsidePx"":0},{""x"":1316.7,""y"":682.7,""t"":908,""outside"":false,""outsidePx"":0},{""x"":1327.3,""y"":675.3,""t"":925,""outside"":false,""outsidePx"":0},{""x"":1340,""y"":668.7,""t"":941,""outside"":false,""outsidePx"":0},{""x"":1352,""y"":660,""t"":958,""outside"":false,""outsidePx"":0},{""x"":1368,""y"":649.3,""t"":974,""outside"":false,""outsidePx"":0},{""x"":1382,""y"":640.7,""t"":991,""outside"":false,""outsidePx"":0},{""x"":1396,""y"":632,""t"":1008,""outside"":false,""outsidePx"":0},{""x"":1410,""y"":623.3,""t"":1025,""outside"":false,""outsidePx"":0},{""x"":1422,""y"":614.7,""t"":1041,""outside"":false,""outsidePx"":0},{""x"":1436,""y"":607.3,""t"":1058,""outside"":false,""outsidePx"":0},{""x"":1450,""y"":598.7,""t"":1074,""outside"":false,""outsidePx"":0},{""x"":1464,""y"":590,""t"":1092,""outside"":false,""outsidePx"":0},{""x"":1476,""y"":581.3,""t"":1108,""outside"":false,""outsidePx"":0},{""x"":1494,""y"":572.7,""t"":1124,""outside"":false,""outsidePx"":0},{""x"":1509.3,""y"":563.3,""t"":1141,""outside"":false,""outsidePx"":0},{""x"":1523.3,""y"":554.7,""t"":1158,""outside"":false,""outsidePx"":0},{""x"":1536,""y"":548,""t"":1175,""outside"":false,""outsidePx"":0},{""x"":1546,""y"":540.7,""t"":1191,""outside"":false,""outsidePx"":0},{""x"":1558.7,""y"":534,""t"":1208,""outside"":false,""outsidePx"":0},{""x"":1567.3,""y"":528.7,""t"":1225,""outside"":false,""outsidePx"":0},{""x"":1579.3,""y"":525.3,""t"":1242,""outside"":false,""outsidePx"":0},{""x"":1586.7,""y"":521.3,""t"":1258,""outside"":false,""outsidePx"":0},{""x"":1595.3,""y"":516.7,""t"":1275,""outside"":false,""outsidePx"":0},{""x"":1604,""y"":511.3,""t"":1291,""outside"":false,""outsidePx"":0},{""x"":1616,""y"":506,""t"":1308,""outside"":false,""outsidePx"":0},{""x"":1630,""y"":500.7,""t"":1325,""outside"":false,""outsidePx"":0},{""x"":1648,""y"":495.3,""t"":1341,""outside"":false,""outsidePx"":0},{""x"":1662,""y"":488.7,""t"":1358,""outside"":false,""outsidePx"":0},{""x"":1676,""y"":481.3,""t"":1375,""outside"":false,""outsidePx"":0},{""x"":1691.3,""y"":472.7,""t"":1391,""outside"":false,""outsidePx"":0},{""x"":1708.7,""y"":462,""t"":1408,""outside"":false,""outsidePx"":0},{""x"":1726.7,""y"":453.3,""t"":1424,""outside"":false,""outsidePx"":0},{""x"":1742,""y"":444.7,""t"":1441,""outside"":false,""outsidePx"":0},{""x"":1760,""y"":436,""t"":1458,""outside"":false,""outsidePx"":0},{""x"":1772,""y"":428.7,""t"":1474,""outside"":false,""outsidePx"":0},{""x"":1780.7,""y"":425.3,""t"":1491,""outside"":false,""outsidePx"":0},{""x"":1788,""y"":420,""t"":1508,""outside"":false,""outsidePx"":0},{""x"":1794.7,""y"":418.7,""t"":1525,""outside"":false,""outsidePx"":0},{""x"":1802,""y"":414.7,""t"":1541,""outside"":false,""outsidePx"":0},{""x"":1810.7,""y"":411.3,""t"":1558,""outside"":false,""outsidePx"":0},{""x"":1819.3,""y"":406,""t"":1575,""outside"":false,""outsidePx"":0},{""x"":1831.3,""y"":399.3,""t"":1591,""outside"":false,""outsidePx"":0},{""x"":1845.3,""y"":394,""t"":1608,""outside"":false,""outsidePx"":0},{""x"":1858,""y"":388.7,""t"":1625,""outside"":false,""outsidePx"":0},{""x"":1872,""y"":383.3,""t"":1641,""outside"":false,""outsidePx"":0},{""x"":1887.3,""y"":378,""t"":1658,""outside"":false,""outsidePx"":0},{""x"":1901.3,""y"":369.3,""t"":1675,""outside"":false,""outsidePx"":0},{""x"":1915.3,""y"":360.7,""t"":1691,""outside"":false,""outsidePx"":0},{""x"":1929.3,""y"":352,""t"":1708,""outside"":false,""outsidePx"":0},{""x"":1945.3,""y"":344.7,""t"":1724,""outside"":false,""outsidePx"":0},{""x"":1956,""y"":338,""t"":1741,""outside"":false,""outsidePx"":0},{""x"":1968,""y"":330.7,""t"":1758,""outside"":false,""outsidePx"":0},{""x"":1978.7,""y"":325.3,""t"":1775,""outside"":false,""outsidePx"":0},{""x"":1987.3,""y"":320.7,""t"":1791,""outside"":false,""outsidePx"":0},{""x"":1994,""y"":315.3,""t"":1808,""outside"":false,""outsidePx"":0},{""x"":2001.3,""y"":310,""t"":1825,""outside"":false,""outsidePx"":0},{""x"":2008,""y"":304.7,""t"":1841,""outside"":false,""outsidePx"":0},{""x"":2012,""y"":302.7,""t"":1858,""outside"":false,""outsidePx"":0},{""x"":2013.3,""y"":302.7,""t"":1879,""outside"":false,""outsidePx"":0}]"
shohei,main,practice,C2,幅狭条件,A固定・W狭い,70,1350,19.286,2,3,33,33,33,2026-09-29T08:04:38.345Z,2026-09-29T08:04:39.820Z,1475,158,1281,1123,false,true,near_goal_pointerup,2015.3,338,1,true,1,110,3.8,false,"[{""startMs"":1365,""startX"":1984,""startY"":355.3,""maxOutsidePx"":3.8,""endMs"":1475,""endX"":2015.3,""endY"":338,""durationMs"":110}]","[{""x"":560.7,""y"":1128,""t"":0,""outside"":false,""outsidePx"":0},{""x"":562.7,""y"":1128,""t"":15,""outside"":false,""outsidePx"":0},{""x"":568,""y"":1127.3,""t"":32,""outside"":false,""outsidePx"":0},{""x"":574.7,""y"":1122,""t"":49,""outside"":false,""outsidePx"":0},{""x"":585.3,""y"":1116.7,""t"":65,""outside"":false,""outsidePx"":0},{""x"":599.3,""y"":1108,""t"":82,""outside"":false,""outsidePx"":0},{""x"":620.7,""y"":1100.7,""t"":98,""outside"":false,""outsidePx"":0},{""x"":641.3,""y"":1094,""t"":115,""outside"":false,""outsidePx"":0},{""x"":664,""y"":1085.3,""t"":132,""outside"":false,""outsidePx"":0},{""x"":688.7,""y"":1072.7,""t"":148,""outside"":false,""outsidePx"":0},{""x"":710,""y"":1062.7,""t"":165,""outside"":false,""outsidePx"":0},{""x"":730.7,""y"":1050,""t"":182,""outside"":false,""outsidePx"":0},{""x"":750,""y"":1036,""t"":198,""outside"":false,""outsidePx"":0},{""x"":764,""y"":1027.3,""t"":215,""outside"":false,""outsidePx"":0},{""x"":783.3,""y"":1016.7,""t"":232,""outside"":false,""outsidePx"":0},{""x"":800.7,""y"":1006.7,""t"":248,""outside"":false,""outsidePx"":0},{""x"":820,""y"":994,""t"":265,""outside"":false,""outsidePx"":0},{""x"":836,""y"":982,""t"":282,""outside"":false,""outsidePx"":0},{""x"":853.3,""y"":969.3,""t"":298,""outside"":false,""outsidePx"":0},{""x"":864,""y"":959.3,""t"":315,""outside"":false,""outsidePx"":0},{""x"":874,""y"":948.7,""t"":332,""outside"":false,""outsidePx"":0},{""x"":886.7,""y"":934.7,""t"":349,""outside"":false,""outsidePx"":0},{""x"":904,""y"":922.7,""t"":365,""outside"":false,""outsidePx"":0},{""x"":920,""y"":912,""t"":382,""outside"":false,""outsidePx"":0},{""x"":934,""y"":903.3,""t"":398,""outside"":false,""outsidePx"":0},{""x"":946,""y"":894.7,""t"":415,""outside"":false,""outsidePx"":0},{""x"":956.7,""y"":882,""t"":432,""outside"":false,""outsidePx"":0},{""x"":968.7,""y"":871.3,""t"":448,""outside"":false,""outsidePx"":0},{""x"":986,""y"":857.3,""t"":465,""outside"":false,""outsidePx"":0},{""x"":1008.7,""y"":843.3,""t"":482,""outside"":false,""outsidePx"":0},{""x"":1030,""y"":833.3,""t"":498,""outside"":false,""outsidePx"":0},{""x"":1047.3,""y"":820.7,""t"":515,""outside"":false,""outsidePx"":0},{""x"":1066.7,""y"":810.7,""t"":532,""outside"":false,""outsidePx"":0},{""x"":1082.7,""y"":800,""t"":548,""outside"":false,""outsidePx"":0},{""x"":1103.3,""y"":789.3,""t"":565,""outside"":false,""outsidePx"":0},{""x"":1124.7,""y"":780.7,""t"":582,""outside"":false,""outsidePx"":0},{""x"":1144,""y"":772,""t"":598,""outside"":false,""outsidePx"":0},{""x"":1162.7,""y"":764.7,""t"":615,""outside"":false,""outsidePx"":0},{""x"":1180.7,""y"":758,""t"":632,""outside"":false,""outsidePx"":0},{""x"":1200,""y"":750.7,""t"":648,""outside"":false,""outsidePx"":0},{""x"":1217.3,""y"":744,""t"":666,""outside"":false,""outsidePx"":0},{""x"":1231.3,""y"":738.7,""t"":682,""outside"":false,""outsidePx"":0},{""x"":1243.3,""y"":733.3,""t"":699,""outside"":false,""outsidePx"":0},{""x"":1256,""y"":728,""t"":715,""outside"":false,""outsidePx"":0},{""x"":1268,""y"":721.3,""t"":732,""outside"":false,""outsidePx"":0},{""x"":1282,""y"":714,""t"":748,""outside"":false,""outsidePx"":0},{""x"":1296,""y"":707.3,""t"":765,""outside"":false,""outsidePx"":0},{""x"":1313.3,""y"":700,""t"":782,""outside"":false,""outsidePx"":0},{""x"":1332.7,""y"":693.3,""t"":799,""outside"":false,""outsidePx"":0},{""x"":1348.7,""y"":682.7,""t"":815,""outside"":false,""outsidePx"":0},{""x"":1368,""y"":672,""t"":832,""outside"":false,""outsidePx"":0},{""x"":1369.3,""y"":670.7,""t"":849,""outside"":false,""outsidePx"":0},{""x"":1402.7,""y"":649.3,""t"":865,""outside"":false,""outsidePx"":0},{""x"":1420,""y"":640.7,""t"":882,""outside"":false,""outsidePx"":0},{""x"":1438,""y"":630,""t"":898,""outside"":false,""outsidePx"":0},{""x"":1455.3,""y"":619.3,""t"":915,""outside"":false,""outsidePx"":0},{""x"":1472.7,""y"":609.3,""t"":932,""outside"":false,""outsidePx"":0},{""x"":1492,""y"":596.7,""t"":948,""outside"":false,""outsidePx"":0},{""x"":1514.7,""y"":584.7,""t"":965,""outside"":false,""outsidePx"":0},{""x"":1532,""y"":576,""t"":982,""outside"":false,""outsidePx"":0},{""x"":1550,""y"":567.3,""t"":998,""outside"":false,""outsidePx"":0},{""x"":1568.7,""y"":556.7,""t"":1015,""outside"":false,""outsidePx"":0},{""x"":1588,""y"":544.7,""t"":1032,""outside"":false,""outsidePx"":0},{""x"":1610.7,""y"":532,""t"":1048,""outside"":false,""outsidePx"":0},{""x"":1635.3,""y"":521.3,""t"":1065,""outside"":false,""outsidePx"":0},{""x"":1654.7,""y"":512.7,""t"":1082,""outside"":false,""outsidePx"":0},{""x"":1672,""y"":502.7,""t"":1098,""outside"":false,""outsidePx"":0},{""x"":1691.3,""y"":493.3,""t"":1115,""outside"":false,""outsidePx"":0},{""x"":1705.3,""y"":484.7,""t"":1132,""outside"":false,""outsidePx"":0},{""x"":1730,""y"":472.7,""t"":1148,""outside"":false,""outsidePx"":0},{""x"":1752.7,""y"":464,""t"":1165,""outside"":false,""outsidePx"":0},{""x"":1768.7,""y"":456.7,""t"":1182,""outside"":false,""outsidePx"":0},{""x"":1786,""y"":448,""t"":1198,""outside"":false,""outsidePx"":0},{""x"":1802,""y"":439.3,""t"":1215,""outside"":false,""outsidePx"":0},{""x"":1819.3,""y"":432.7,""t"":1232,""outside"":false,""outsidePx"":0},{""x"":1836.7,""y"":423.3,""t"":1248,""outside"":false,""outsidePx"":0},{""x"":1858,""y"":413.3,""t"":1265,""outside"":false,""outsidePx"":0},{""x"":1876.7,""y"":402.7,""t"":1282,""outside"":false,""outsidePx"":0},{""x"":1898,""y"":392,""t"":1298,""outside"":false,""outsidePx"":0},{""x"":1920.7,""y"":383.3,""t"":1315,""outside"":false,""outsidePx"":0},{""x"":1945.3,""y"":372.7,""t"":1332,""outside"":false,""outsidePx"":0},{""x"":1966,""y"":364,""t"":1348,""outside"":false,""outsidePx"":0},{""x"":1984,""y"":355.3,""t"":1365,""outside"":true,""outsidePx"":1.2},{""x"":1998,""y"":348.7,""t"":1382,""outside"":true,""outsidePx"":2.4},{""x"":2010,""y"":343.3,""t"":1398,""outside"":true,""outsidePx"":3.8},{""x"":2013.3,""y"":339.3,""t"":1415,""outside"":true,""outsidePx"":2},{""x"":2015.3,""y"":339.3,""t"":1432,""outside"":true,""outsidePx"":3},{""x"":2015.3,""y"":338,""t"":1449,""outside"":true,""outsidePx"":1.8}]"
shohei,main,practice,C2,幅狭条件,A固定・W狭い,70,1350,19.286,2,4,34,34,34,2026-09-29T08:04:40.555Z,2026-09-29T08:04:42.191Z,1636,168,1436,1268,true,true,none,1980,324,1,false,0,0,0,false,[],"[{""x"":600,""y"":1112.7,""t"":0,""outside"":false,""outsidePx"":0},{""x"":601.3,""y"":1112.7,""t"":92,""outside"":false,""outsidePx"":0},{""x"":610,""y"":1108,""t"":105,""outside"":false,""outsidePx"":0},{""x"":629.3,""y"":1099.3,""t"":122,""outside"":false,""outsidePx"":0},{""x"":657.3,""y"":1085.3,""t"":138,""outside"":false,""outsidePx"":0},{""x"":683.3,""y"":1074.7,""t"":155,""outside"":false,""outsidePx"":0},{""x"":706,""y"":1064,""t"":172,""outside"":false,""outsidePx"":0},{""x"":730.7,""y"":1052,""t"":188,""outside"":false,""outsidePx"":0},{""x"":752,""y"":1041.3,""t"":205,""outside"":false,""outsidePx"":0},{""x"":776,""y"":1030.7,""t"":222,""outside"":false,""outsidePx"":0},{""x"":804,""y"":1018.7,""t"":238,""outside"":false,""outsidePx"":0},{""x"":828.7,""y"":1006.7,""t"":255,""outside"":false,""outsidePx"":0},{""x"":854.7,""y"":992.7,""t"":272,""outside"":false,""outsidePx"":0},{""x"":876,""y"":978.7,""t"":288,""outside"":false,""outsidePx"":0},{""x"":890,""y"":968,""t"":305,""outside"":false,""outsidePx"":0},{""x"":904,""y"":957.3,""t"":322,""outside"":false,""outsidePx"":0},{""x"":916,""y"":948.7,""t"":338,""outside"":false,""outsidePx"":0},{""x"":928.7,""y"":940,""t"":355,""outside"":false,""outsidePx"":0},{""x"":942.7,""y"":929.3,""t"":372,""outside"":false,""outsidePx"":0},{""x"":956.7,""y"":918.7,""t"":388,""outside"":false,""outsidePx"":0},{""x"":970.7,""y"":910,""t"":405,""outside"":false,""outsidePx"":0},{""x"":988,""y"":898,""t"":422,""outside"":false,""outsidePx"":0},{""x"":1002,""y"":887.3,""t"":438,""outside"":false,""outsidePx"":0},{""x"":1018,""y"":873.3,""t"":455,""outside"":false,""outsidePx"":0},{""x"":1035.3,""y"":861.3,""t"":472,""outside"":false,""outsidePx"":0},{""x"":1052.7,""y"":848.7,""t"":488,""outside"":false,""outsidePx"":0},{""x"":1072,""y"":836.7,""t"":505,""outside"":false,""outsidePx"":0},{""x"":1089.3,""y"":822.7,""t"":522,""outside"":false,""outsidePx"":0},{""x"":1106.7,""y"":808.7,""t"":538,""outside"":false,""outsidePx"":0},{""x"":1124.7,""y"":794.7,""t"":555,""outside"":false,""outsidePx"":0},{""x"":1144,""y"":778.7,""t"":572,""outside"":false,""outsidePx"":0},{""x"":1161.3,""y"":764.7,""t"":588,""outside"":false,""outsidePx"":0},{""x"":1178.7,""y"":750.7,""t"":605,""outside"":false,""outsidePx"":0},{""x"":1194.7,""y"":740.7,""t"":622,""outside"":false,""outsidePx"":0},{""x"":1210,""y"":730,""t"":638,""outside"":false,""outsidePx"":0},{""x"":1222.7,""y"":721.3,""t"":655,""outside"":false,""outsidePx"":0},{""x"":1234.7,""y"":712.7,""t"":672,""outside"":false,""outsidePx"":0},{""x"":1245.3,""y"":705.3,""t"":688,""outside"":false,""outsidePx"":0},{""x"":1256,""y"":700,""t"":705,""outside"":false,""outsidePx"":0},{""x"":1264.7,""y"":694.7,""t"":722,""outside"":false,""outsidePx"":0},{""x"":1271.3,""y"":691.3,""t"":738,""outside"":false,""outsidePx"":0},{""x"":1278.7,""y"":686,""t"":755,""outside"":false,""outsidePx"":0},{""x"":1287.3,""y"":680.7,""t"":772,""outside"":false,""outsidePx"":0},{""x"":1296,""y"":677.3,""t"":788,""outside"":false,""outsidePx"":0},{""x"":1306.7,""y"":672,""t"":805,""outside"":false,""outsidePx"":0},{""x"":1318.7,""y"":666.7,""t"":822,""outside"":false,""outsidePx"":0},{""x"":1327.3,""y"":663.3,""t"":838,""outside"":false,""outsidePx"":0},{""x"":1338,""y"":656.7,""t"":855,""outside"":false,""outsidePx"":0},{""x"":1348.7,""y"":651.3,""t"":872,""outside"":false,""outsidePx"":0},{""x"":1358.7,""y"":647.3,""t"":888,""outside"":false,""outsidePx"":0},{""x"":1369.3,""y"":642.7,""t"":905,""outside"":false,""outsidePx"":0},{""x"":1376.7,""y"":640.7,""t"":922,""outside"":false,""outsidePx"":0},{""x"":1385.3,""y"":637.3,""t"":938,""outside"":false,""outsidePx"":0},{""x"":1392,""y"":633.3,""t"":955,""outside"":false,""outsidePx"":0},{""x"":1397.3,""y"":630,""t"":972,""outside"":false,""outsidePx"":0},{""x"":1406,""y"":626.7,""t"":989,""outside"":false,""outsidePx"":0},{""x"":1416.7,""y"":623.3,""t"":1005,""outside"":false,""outsidePx"":0},{""x"":1427.3,""y"":619.3,""t"":1022,""outside"":false,""outsidePx"":0},{""x"":1438,""y"":616,""t"":1038,""outside"":false,""outsidePx"":0},{""x"":1446.7,""y"":612.7,""t"":1055,""outside"":false,""outsidePx"":0},{""x"":1453.3,""y"":609.3,""t"":1072,""outside"":false,""outsidePx"":0},{""x"":1458.7,""y"":607.3,""t"":1088,""outside"":false,""outsidePx"":0},{""x"":1462,""y"":605.3,""t"":1105,""outside"":false,""outsidePx"":0},{""x"":1490,""y"":591.3,""t"":1122,""outside"":false,""outsidePx"":0},{""x"":1509.3,""y"":581.3,""t"":1138,""outside"":false,""outsidePx"":0},{""x"":1525.3,""y"":572.7,""t"":1155,""outside"":false,""outsidePx"":0},{""x"":1544.7,""y"":563.3,""t"":1171,""outside"":false,""outsidePx"":0},{""x"":1565.3,""y"":553.3,""t"":1188,""outside"":false,""outsidePx"":0},{""x"":1590,""y"":539.3,""t"":1205,""outside"":false,""outsidePx"":0},{""x"":1609.3,""y"":528.7,""t"":1222,""outside"":false,""outsidePx"":0},{""x"":1632,""y"":514.7,""t"":1238,""outside"":false,""outsidePx"":0},{""x"":1652.7,""y"":500.7,""t"":1255,""outside"":false,""outsidePx"":0},{""x"":1677.3,""y"":486.7,""t"":1272,""outside"":false,""outsidePx"":0},{""x"":1704,""y"":470.7,""t"":1288,""outside"":false,""outsidePx"":0},{""x"":1726.7,""y"":460.7,""t"":1305,""outside"":false,""outsidePx"":0},{""x"":1752.7,""y"":446.7,""t"":1321,""outside"":false,""outsidePx"":0},{""x"":1774,""y"":434,""t"":1338,""outside"":false,""outsidePx"":0},{""x"":1794.7,""y"":423.3,""t"":1355,""outside"":false,""outsidePx"":0},{""x"":1812,""y"":414.7,""t"":1372,""outside"":false,""outsidePx"":0},{""x"":1826,""y"":406,""t"":1388,""outside"":false,""outsidePx"":0},{""x"":1838.7,""y"":400.7,""t"":1405,""outside"":false,""outsidePx"":0},{""x"":1852.7,""y"":392,""t"":1421,""outside"":false,""outsidePx"":0},{""x"":1868,""y"":383.3,""t"":1438,""outside"":false,""outsidePx"":0},{""x"":1886,""y"":374.7,""t"":1455,""outside"":false,""outsidePx"":0},{""x"":1904.7,""y"":364,""t"":1472,""outside"":false,""outsidePx"":0},{""x"":1924,""y"":353.3,""t"":1488,""outside"":false,""outsidePx"":0},{""x"":1943.3,""y"":346.7,""t"":1505,""outside"":false,""outsidePx"":0},{""x"":1957.3,""y"":339.3,""t"":1521,""outside"":false,""outsidePx"":0},{""x"":1968,""y"":334.7,""t"":1538,""outside"":false,""outsidePx"":0},{""x"":1971.3,""y"":330.7,""t"":1555,""outside"":false,""outsidePx"":0},{""x"":1973.3,""y"":330.7,""t"":1572,""outside"":false,""outsidePx"":0},{""x"":1973.3,""y"":329.3,""t"":1593,""outside"":false,""outsidePx"":0},{""x"":1974.7,""y"":329.3,""t"":1605,""outside"":false,""outsidePx"":0},{""x"":1978.7,""y"":327.3,""t"":1622,""outside"":false,""outsidePx"":0},{""x"":1980,""y"":324,""t"":1636,""outside"":false,""outsidePx"":0}]"
shohei,main,practice,C2,幅狭条件,A固定・W狭い,70,1350,19.286,2,5,35,35,35,2026-09-29T08:04:42.941Z,2026-09-29T08:04:44.491Z,1549,149,1337,1188,true,true,none,2026.7,302.7,1,false,0,0,0,false,[],"[{""x"":550.7,""y"":1135.3,""t"":0,""outside"":false,""outsidePx"":0},{""x"":556,""y"":1135.3,""t"":18,""outside"":false,""outsidePx"":0},{""x"":562.7,""y"":1135.3,""t"":35,""outside"":false,""outsidePx"":0},{""x"":571.3,""y"":1134,""t"":51,""outside"":false,""outsidePx"":0},{""x"":587.3,""y"":1128.7,""t"":68,""outside"":false,""outsidePx"":0},{""x"":602.7,""y"":1123.3,""t"":85,""outside"":false,""outsidePx"":0},{""x"":630.7,""y"":1113.3,""t"":102,""outside"":false,""outsidePx"":0},{""x"":660.7,""y"":1100.7,""t"":118,""outside"":false,""outsidePx"":0},{""x"":686.7,""y"":1088.7,""t"":135,""outside"":false,""outsidePx"":0},{""x"":711.3,""y"":1078,""t"":151,""outside"":false,""outsidePx"":0},{""x"":734,""y"":1067.3,""t"":168,""outside"":false,""outsidePx"":0},{""x"":753.3,""y"":1058.7,""t"":185,""outside"":false,""outsidePx"":0},{""x"":769.3,""y"":1050,""t"":202,""outside"":false,""outsidePx"":0},{""x"":781.3,""y"":1038,""t"":218,""outside"":false,""outsidePx"":0},{""x"":794,""y"":1025.3,""t"":235,""outside"":false,""outsidePx"":0},{""x"":808,""y"":1015.3,""t"":251,""outside"":false,""outsidePx"":0},{""x"":823.3,""y"":1002.7,""t"":268,""outside"":false,""outsidePx"":0},{""x"":837.3,""y"":990.7,""t"":285,""outside"":false,""outsidePx"":0},{""x"":853.3,""y"":982,""t"":301,""outside"":false,""outsidePx"":0},{""x"":865.3,""y"":973.3,""t"":318,""outside"":false,""outsidePx"":0},{""x"":879.3,""y"":964.7,""t"":335,""outside"":false,""outsidePx"":0},{""x"":890,""y"":954,""t"":351,""outside"":false,""outsidePx"":0},{""x"":900.7,""y"":945.3,""t"":368,""outside"":false,""outsidePx"":0},{""x"":916,""y"":929.3,""t"":385,""outside"":false,""outsidePx"":0},{""x"":932,""y"":917.3,""t"":402,""outside"":false,""outsidePx"":0},{""x"":952.7,""y"":903.3,""t"":418,""outside"":false,""outsidePx"":0},{""x"":976,""y"":889.3,""t"":435,""outside"":false,""outsidePx"":0},{""x"":994.7,""y"":878.7,""t"":452,""outside"":false,""outsidePx"":0},{""x"":1010.7,""y"":866.7,""t"":468,""outside"":false,""outsidePx"":0},{""x"":1026.7,""y"":856,""t"":485,""outside"":false,""outsidePx"":0},{""x"":1040.7,""y"":845.3,""t"":501,""outside"":false,""outsidePx"":0},{""x"":1054.7,""y"":836.7,""t"":518,""outside"":false,""outsidePx"":0},{""x"":1070,""y"":829.3,""t"":535,""outside"":false,""outsidePx"":0},{""x"":1086,""y"":819.3,""t"":552,""outside"":false,""outsidePx"":0},{""x"":1103.3,""y"":808.7,""t"":568,""outside"":false,""outsidePx"":0},{""x"":1126,""y"":798,""t"":585,""outside"":false,""outsidePx"":0},{""x"":1147.3,""y"":787.3,""t"":602,""outside"":false,""outsidePx"":0},{""x"":1168,""y"":777.3,""t"":619,""outside"":false,""outsidePx"":0},{""x"":1189.3,""y"":766.7,""t"":635,""outside"":false,""outsidePx"":0},{""x"":1208.7,""y"":758,""t"":651,""outside"":false,""outsidePx"":0},{""x"":1222.7,""y"":749.3,""t"":668,""outside"":false,""outsidePx"":0},{""x"":1242,""y"":736.7,""t"":685,""outside"":false,""outsidePx"":0},{""x"":1246.7,""y"":733.3,""t"":702,""outside"":false,""outsidePx"":0},{""x"":1271.3,""y"":717.3,""t"":718,""outside"":false,""outsidePx"":0},{""x"":1282,""y"":712.7,""t"":735,""outside"":false,""outsidePx"":0},{""x"":1285.3,""y"":710.7,""t"":751,""outside"":false,""outsidePx"":0},{""x"":1292.7,""y"":705.3,""t"":768,""outside"":false,""outsidePx"":0},{""x"":1299.3,""y"":700,""t"":785,""outside"":false,""outsidePx"":0},{""x"":1308,""y"":694.7,""t"":801,""outside"":false,""outsidePx"":0},{""x"":1322,""y"":688,""t"":818,""outside"":false,""outsidePx"":0},{""x"":1334.7,""y"":680.7,""t"":834,""outside"":false,""outsidePx"":0},{""x"":1340,""y"":679.3,""t"":851,""outside"":false,""outsidePx"":0},{""x"":1371.3,""y"":661.3,""t"":868,""outside"":false,""outsidePx"":0},{""x"":1388.7,""y"":652.7,""t"":884,""outside"":false,""outsidePx"":0},{""x"":1406,""y"":642.7,""t"":901,""outside"":false,""outsidePx"":0},{""x"":1425.3,""y"":630,""t"":918,""outside"":false,""outsidePx"":0},{""x"":1444.7,""y"":618,""t"":935,""outside"":false,""outsidePx"":0},{""x"":1448,""y"":616,""t"":952,""outside"":false,""outsidePx"":0},{""x"":1480,""y"":595.3,""t"":968,""outside"":false,""outsidePx"":0},{""x"":1495.3,""y"":586.7,""t"":985,""outside"":false,""outsidePx"":0},{""x"":1512.7,""y"":577.3,""t"":1001,""outside"":false,""outsidePx"":0},{""x"":1530.7,""y"":568.7,""t"":1018,""outside"":false,""outsidePx"":0},{""x"":1546,""y"":560,""t"":1034,""outside"":false,""outsidePx"":0},{""x"":1556.7,""y"":556.7,""t"":1051,""outside"":false,""outsidePx"":0},{""x"":1556.7,""y"":554.7,""t"":1068,""outside"":false,""outsidePx"":0},{""x"":1593.3,""y"":537.3,""t"":1085,""outside"":false,""outsidePx"":0},{""x"":1610.7,""y"":526.7,""t"":1101,""outside"":false,""outsidePx"":0},{""x"":1630,""y"":516.7,""t"":1118,""outside"":false,""outsidePx"":0},{""x"":1652.7,""y"":504,""t"":1135,""outside"":false,""outsidePx"":0},{""x"":1674,""y"":493.3,""t"":1151,""outside"":false,""outsidePx"":0},{""x"":1693.3,""y"":481.3,""t"":1168,""outside"":false,""outsidePx"":0},{""x"":1710.7,""y"":470.7,""t"":1185,""outside"":false,""outsidePx"":0},{""x"":1728,""y"":462,""t"":1201,""outside"":false,""outsidePx"":0},{""x"":1746,""y"":453.3,""t"":1218,""outside"":false,""outsidePx"":0},{""x"":1761.3,""y"":444.7,""t"":1234,""outside"":false,""outsidePx"":0},{""x"":1778.7,""y"":436,""t"":1251,""outside"":false,""outsidePx"":0},{""x"":1796.7,""y"":425.3,""t"":1268,""outside"":false,""outsidePx"":0},{""x"":1812,""y"":416.7,""t"":1285,""outside"":false,""outsidePx"":0},{""x"":1831.3,""y"":408,""t"":1301,""outside"":false,""outsidePx"":0},{""x"":1848.7,""y"":399.3,""t"":1318,""outside"":false,""outsidePx"":0},{""x"":1864.7,""y"":388.7,""t"":1334,""outside"":false,""outsidePx"":0},{""x"":1882,""y"":378,""t"":1351,""outside"":false,""outsidePx"":0},{""x"":1901.3,""y"":366,""t"":1368,""outside"":false,""outsidePx"":0},{""x"":1922.7,""y"":353.3,""t"":1384,""outside"":false,""outsidePx"":0},{""x"":1945.3,""y"":341.3,""t"":1401,""outside"":false,""outsidePx"":0},{""x"":1970,""y"":327.3,""t"":1418,""outside"":false,""outsidePx"":0},{""x"":1994,""y"":316.7,""t"":1434,""outside"":false,""outsidePx"":0},{""x"":2013.3,""y"":308,""t"":1451,""outside"":false,""outsidePx"":0},{""x"":2026,""y"":302.7,""t"":1468,""outside"":false,""outsidePx"":0},{""x"":2027.3,""y"":302.7,""t"":1485,""outside"":false,""outsidePx"":0},{""x"":2026.7,""y"":302.7,""t"":1542,""outside"":false,""outsidePx"":0}]"
shohei,main,practice,C2,幅狭条件,A固定・W狭い,70,1350,19.286,2,6,36,36,36,2026-09-29T08:04:45.405Z,2026-09-29T08:04:47.005Z,1600,134,1357,1223,true,true,none,2026,306.7,1,false,0,0,0,false,[],"[{""x"":566.7,""y"":1104,""t"":0,""outside"":false,""outsidePx"":0},{""x"":570,""y"":1104,""t"":37,""outside"":false,""outsidePx"":0},{""x"":576.7,""y"":1102.7,""t"":54,""outside"":false,""outsidePx"":0},{""x"":588.7,""y"":1097.3,""t"":70,""outside"":false,""outsidePx"":0},{""x"":610,""y"":1090.7,""t"":87,""outside"":false,""outsidePx"":0},{""x"":630.7,""y"":1083.3,""t"":104,""outside"":false,""outsidePx"":0},{""x"":666,""y"":1069.3,""t"":120,""outside"":false,""outsidePx"":0},{""x"":700.7,""y"":1055.3,""t"":137,""outside"":false,""outsidePx"":0},{""x"":734,""y"":1044.7,""t"":153,""outside"":false,""outsidePx"":0},{""x"":755.3,""y"":1036,""t"":170,""outside"":false,""outsidePx"":0},{""x"":772.7,""y"":1025.3,""t"":187,""outside"":false,""outsidePx"":0},{""x"":784.7,""y"":1016.7,""t"":203,""outside"":false,""outsidePx"":0},{""x"":797.3,""y"":1008,""t"":220,""outside"":false,""outsidePx"":0},{""x"":814.7,""y"":1001.3,""t"":237,""outside"":false,""outsidePx"":0},{""x"":836,""y"":994,""t"":254,""outside"":false,""outsidePx"":0},{""x"":851.3,""y"":988.7,""t"":270,""outside"":false,""outsidePx"":0},{""x"":862,""y"":985.3,""t"":287,""outside"":false,""outsidePx"":0},{""x"":872.7,""y"":978.7,""t"":304,""outside"":false,""outsidePx"":0},{""x"":881.3,""y"":971.3,""t"":320,""outside"":false,""outsidePx"":0},{""x"":892,""y"":964.7,""t"":337,""outside"":false,""outsidePx"":0},{""x"":902,""y"":955.3,""t"":354,""outside"":false,""outsidePx"":0},{""x"":916,""y"":948.7,""t"":371,""outside"":false,""outsidePx"":0},{""x"":930,""y"":940,""t"":387,""outside"":false,""outsidePx"":0},{""x"":944,""y"":932.7,""t"":404,""outside"":false,""outsidePx"":0},{""x"":956.7,""y"":922.7,""t"":420,""outside"":false,""outsidePx"":0},{""x"":972,""y"":913.3,""t"":437,""outside"":false,""outsidePx"":0},{""x"":988,""y"":901.3,""t"":453,""outside"":false,""outsidePx"":0},{""x"":1004,""y"":892.7,""t"":470,""outside"":false,""outsidePx"":0},{""x"":1021.3,""y"":882,""t"":487,""outside"":false,""outsidePx"":0},{""x"":1035.3,""y"":871.3,""t"":503,""outside"":false,""outsidePx"":0},{""x"":1050.7,""y"":861.3,""t"":520,""outside"":false,""outsidePx"":0},{""x"":1070,""y"":848.7,""t"":537,""outside"":false,""outsidePx"":0},{""x"":1084,""y"":838.7,""t"":553,""outside"":false,""outsidePx"":0},{""x"":1100,""y"":826,""t"":570,""outside"":false,""outsidePx"":0},{""x"":1116,""y"":817.3,""t"":587,""outside"":false,""outsidePx"":0},{""x"":1130,""y"":808.7,""t"":603,""outside"":false,""outsidePx"":0},{""x"":1144,""y"":801.3,""t"":620,""outside"":false,""outsidePx"":0},{""x"":1161.3,""y"":792.7,""t"":637,""outside"":false,""outsidePx"":0},{""x"":1175.3,""y"":784,""t"":653,""outside"":false,""outsidePx"":0},{""x"":1196,""y"":775.3,""t"":670,""outside"":false,""outsidePx"":0},{""x"":1215.3,""y"":766.7,""t"":687,""outside"":false,""outsidePx"":0},{""x"":1236.7,""y"":756,""t"":703,""outside"":false,""outsidePx"":0},{""x"":1256,""y"":745.3,""t"":720,""outside"":false,""outsidePx"":0},{""x"":1274.7,""y"":733.3,""t"":737,""outside"":false,""outsidePx"":0},{""x"":1298,""y"":721.3,""t"":753,""outside"":false,""outsidePx"":0},{""x"":1316.7,""y"":708.7,""t"":770,""outside"":false,""outsidePx"":0},{""x"":1336,""y"":700,""t"":787,""outside"":false,""outsidePx"":0},{""x"":1354,""y"":688,""t"":803,""outside"":false,""outsidePx"":0},{""x"":1371.3,""y"":679.3,""t"":820,""outside"":false,""outsidePx"":0},{""x"":1385.3,""y"":670.7,""t"":837,""outside"":false,""outsidePx"":0},{""x"":1397.3,""y"":663.3,""t"":853,""outside"":false,""outsidePx"":0},{""x"":1410,""y"":654.7,""t"":870,""outside"":false,""outsidePx"":0},{""x"":1424,""y"":647.3,""t"":887,""outside"":false,""outsidePx"":0},{""x"":1439.3,""y"":638.7,""t"":903,""outside"":false,""outsidePx"":0},{""x"":1452,""y"":632,""t"":920,""outside"":false,""outsidePx"":0},{""x"":1469.3,""y"":619.3,""t"":937,""outside"":false,""outsidePx"":0},{""x"":1484.7,""y"":610.7,""t"":953,""outside"":false,""outsidePx"":0},{""x"":1502.7,""y"":602,""t"":970,""outside"":false,""outsidePx"":0},{""x"":1520,""y"":593.3,""t"":987,""outside"":false,""outsidePx"":0},{""x"":1537.3,""y"":584.7,""t"":1004,""outside"":false,""outsidePx"":0},{""x"":1554.7,""y"":574,""t"":1020,""outside"":false,""outsidePx"":0},{""x"":1572.7,""y"":563.3,""t"":1037,""outside"":false,""outsidePx"":0},{""x"":1588,""y"":553.3,""t"":1053,""outside"":false,""outsidePx"":0},{""x"":1604,""y"":544.7,""t"":1070,""outside"":false,""outsidePx"":0},{""x"":1621.3,""y"":534,""t"":1087,""outside"":false,""outsidePx"":0},{""x"":1637.3,""y"":525.3,""t"":1103,""outside"":false,""outsidePx"":0},{""x"":1651.3,""y"":516.7,""t"":1120,""outside"":false,""outsidePx"":0},{""x"":1665.3,""y"":509.3,""t"":1137,""outside"":false,""outsidePx"":0},{""x"":1676,""y"":500.7,""t"":1153,""outside"":false,""outsidePx"":0},{""x"":1690,""y"":492,""t"":1170,""outside"":false,""outsidePx"":0},{""x"":1702,""y"":484.7,""t"":1187,""outside"":false,""outsidePx"":0},{""x"":1714,""y"":479.3,""t"":1203,""outside"":false,""outsidePx"":0},{""x"":1726.7,""y"":472.7,""t"":1220,""outside"":false,""outsidePx"":0},{""x"":1738.7,""y"":465.3,""t"":1237,""outside"":false,""outsidePx"":0},{""x"":1750.7,""y"":458.7,""t"":1253,""outside"":false,""outsidePx"":0},{""x"":1764.7,""y"":450,""t"":1270,""outside"":false,""outsidePx"":0},{""x"":1784,""y"":441.3,""t"":1287,""outside"":false,""outsidePx"":0},{""x"":1802,""y"":430.7,""t"":1303,""outside"":false,""outsidePx"":0},{""x"":1822.7,""y"":418.7,""t"":1320,""outside"":false,""outsidePx"":0},{""x"":1845.3,""y"":408,""t"":1336,""outside"":false,""outsidePx"":0},{""x"":1866.7,""y"":395.3,""t"":1353,""outside"":false,""outsidePx"":0},{""x"":1886,""y"":385.3,""t"":1370,""outside"":false,""outsidePx"":0},{""x"":1906.7,""y"":374.7,""t"":1386,""outside"":false,""outsidePx"":0},{""x"":1926,""y"":362.7,""t"":1403,""outside"":false,""outsidePx"":0},{""x"":1945.3,""y"":352,""t"":1420,""outside"":false,""outsidePx"":0},{""x"":1964.7,""y"":341.3,""t"":1436,""outside"":false,""outsidePx"":0},{""x"":1980,""y"":332.7,""t"":1453,""outside"":false,""outsidePx"":0},{""x"":1996,""y"":324,""t"":1470,""outside"":false,""outsidePx"":0},{""x"":2008,""y"":316.7,""t"":1487,""outside"":false,""outsidePx"":0},{""x"":2016.7,""y"":311.3,""t"":1504,""outside"":false,""outsidePx"":0},{""x"":2022,""y"":308,""t"":1520,""outside"":false,""outsidePx"":0},{""x"":2026,""y"":306.7,""t"":1537,""outside"":false,""outsidePx"":0}]"
shohei,main,practice,C2,幅狭条件,A固定・W狭い,70,1350,19.286,2,7,37,37,37,2026-09-29T08:04:47.727Z,2026-09-29T08:04:49.281Z,1555,167,1355,1188,true,true,none,1984,318.7,1,false,0,0,0,false,[],"[{""x"":565.3,""y"":1110.7,""t"":0,""outside"":false,""outsidePx"":0},{""x"":566,""y"":1110.7,""t"":50,""outside"":false,""outsidePx"":0},{""x"":574.7,""y"":1108,""t"":65,""outside"":false,""outsidePx"":0},{""x"":590.7,""y"":1099.3,""t"":82,""outside"":false,""outsidePx"":0},{""x"":608,""y"":1092,""t"":99,""outside"":false,""outsidePx"":0},{""x"":627.3,""y"":1083.3,""t"":115,""outside"":false,""outsidePx"":0},{""x"":646.7,""y"":1074.7,""t"":132,""outside"":false,""outsidePx"":0},{""x"":668,""y"":1064,""t"":149,""outside"":false,""outsidePx"":0},{""x"":690.7,""y"":1053.3,""t"":165,""outside"":false,""outsidePx"":0},{""x"":710,""y"":1046.7,""t"":182,""outside"":false,""outsidePx"":0},{""x"":725.3,""y"":1038,""t"":199,""outside"":false,""outsidePx"":0},{""x"":734,""y"":1034.7,""t"":215,""outside"":false,""outsidePx"":0},{""x"":739.3,""y"":1032.7,""t"":232,""outside"":false,""outsidePx"":0},{""x"":744.7,""y"":1029.3,""t"":249,""outside"":false,""outsidePx"":0},{""x"":755.3,""y"":1025.3,""t"":266,""outside"":false,""outsidePx"":0},{""x"":769.3,""y"":1020.7,""t"":282,""outside"":false,""outsidePx"":0},{""x"":786.7,""y"":1011.3,""t"":299,""outside"":false,""outsidePx"":0},{""x"":806,""y"":1004.7,""t"":315,""outside"":false,""outsidePx"":0},{""x"":822,""y"":997.3,""t"":332,""outside"":false,""outsidePx"":0},{""x"":837.3,""y"":988.7,""t"":349,""outside"":false,""outsidePx"":0},{""x"":856.7,""y"":978.7,""t"":366,""outside"":false,""outsidePx"":0},{""x"":870.7,""y"":968,""t"":382,""outside"":false,""outsidePx"":0},{""x"":886.7,""y"":959.3,""t"":399,""outside"":false,""outsidePx"":0},{""x"":902,""y"":952,""t"":415,""outside"":false,""outsidePx"":0},{""x"":914.7,""y"":945.3,""t"":432,""outside"":false,""outsidePx"":0},{""x"":924.7,""y"":940,""t"":449,""outside"":false,""outsidePx"":0},{""x"":937.3,""y"":934.7,""t"":465,""outside"":false,""outsidePx"":0},{""x"":952.7,""y"":926,""t"":482,""outside"":false,""outsidePx"":0},{""x"":974,""y"":917.3,""t"":499,""outside"":false,""outsidePx"":0},{""x"":991.3,""y"":910,""t"":515,""outside"":false,""outsidePx"":0},{""x"":1008.7,""y"":903.3,""t"":532,""outside"":false,""outsidePx"":0},{""x"":1019.3,""y"":896,""t"":549,""outside"":false,""outsidePx"":0},{""x"":1033.3,""y"":889.3,""t"":565,""outside"":false,""outsidePx"":0},{""x"":1050.7,""y"":880.7,""t"":582,""outside"":false,""outsidePx"":0},{""x"":1070,""y"":870,""t"":599,""outside"":false,""outsidePx"":0},{""x"":1086,""y"":859.3,""t"":615,""outside"":false,""outsidePx"":0},{""x"":1105.3,""y"":847.3,""t"":632,""outside"":false,""outsidePx"":0},{""x"":1124.7,""y"":833.3,""t"":649,""outside"":false,""outsidePx"":0},{""x"":1150.7,""y"":819.3,""t"":665,""outside"":false,""outsidePx"":0},{""x"":1173.3,""y"":805.3,""t"":682,""outside"":false,""outsidePx"":0},{""x"":1198,""y"":789.3,""t"":699,""outside"":false,""outsidePx"":0},{""x"":1220.7,""y"":775.3,""t"":715,""outside"":false,""outsidePx"":0},{""x"":1240,""y"":764.7,""t"":732,""outside"":false,""outsidePx"":0},{""x"":1262.7,""y"":752.7,""t"":748,""outside"":false,""outsidePx"":0},{""x"":1284,""y"":740.7,""t"":765,""outside"":false,""outsidePx"":0},{""x"":1308,""y"":726.7,""t"":782,""outside"":false,""outsidePx"":0},{""x"":1329.3,""y"":712.7,""t"":799,""outside"":false,""outsidePx"":0},{""x"":1350,""y"":698.7,""t"":815,""outside"":false,""outsidePx"":0},{""x"":1368,""y"":688,""t"":832,""outside"":false,""outsidePx"":0},{""x"":1383.3,""y"":679.3,""t"":849,""outside"":false,""outsidePx"":0},{""x"":1397.3,""y"":670.7,""t"":865,""outside"":false,""outsidePx"":0},{""x"":1411.3,""y"":661.3,""t"":882,""outside"":false,""outsidePx"":0},{""x"":1424,""y"":654.7,""t"":899,""outside"":false,""outsidePx"":0},{""x"":1434,""y"":647.3,""t"":915,""outside"":false,""outsidePx"":0},{""x"":1446.7,""y"":642.7,""t"":932,""outside"":false,""outsidePx"":0},{""x"":1458.7,""y"":635.3,""t"":949,""outside"":false,""outsidePx"":0},{""x"":1469.3,""y"":630,""t"":965,""outside"":false,""outsidePx"":0},{""x"":1481.3,""y"":623.3,""t"":982,""outside"":false,""outsidePx"":0},{""x"":1492,""y"":616,""t"":999,""outside"":false,""outsidePx"":0},{""x"":1502.7,""y"":609.3,""t"":1015,""outside"":false,""outsidePx"":0},{""x"":1512.7,""y"":602,""t"":1032,""outside"":false,""outsidePx"":0},{""x"":1523.3,""y"":596.7,""t"":1049,""outside"":false,""outsidePx"":0},{""x"":1532,""y"":590,""t"":1065,""outside"":false,""outsidePx"":0},{""x"":1544.7,""y"":581.3,""t"":1082,""outside"":false,""outsidePx"":0},{""x"":1556.7,""y"":574,""t"":1099,""outside"":false,""outsidePx"":0},{""x"":1568.7,""y"":568.7,""t"":1115,""outside"":false,""outsidePx"":0},{""x"":1579.3,""y"":563.3,""t"":1132,""outside"":false,""outsidePx"":0},{""x"":1593.3,""y"":556.7,""t"":1148,""outside"":false,""outsidePx"":0},{""x"":1607.3,""y"":546,""t"":1166,""outside"":false,""outsidePx"":0},{""x"":1623.3,""y"":535.3,""t"":1182,""outside"":false,""outsidePx"":0},{""x"":1640.7,""y"":523.3,""t"":1199,""outside"":false,""outsidePx"":0},{""x"":1662,""y"":509.3,""t"":1215,""outside"":false,""outsidePx"":0},{""x"":1682.7,""y"":498.7,""t"":1232,""outside"":false,""outsidePx"":0},{""x"":1710.7,""y"":483.3,""t"":1248,""outside"":false,""outsidePx"":0},{""x"":1736.7,""y"":469.3,""t"":1265,""outside"":false,""outsidePx"":0},{""x"":1763.3,""y"":453.3,""t"":1282,""outside"":false,""outsidePx"":0},{""x"":1789.3,""y"":439.3,""t"":1298,""outside"":false,""outsidePx"":0},{""x"":1814,""y"":425.3,""t"":1315,""outside"":false,""outsidePx"":0},{""x"":1836.7,""y"":411.3,""t"":1332,""outside"":false,""outsidePx"":0},{""x"":1861.3,""y"":397.3,""t"":1348,""outside"":false,""outsidePx"":0},{""x"":1882,""y"":383.3,""t"":1365,""outside"":false,""outsidePx"":0},{""x"":1904.7,""y"":369.3,""t"":1382,""outside"":false,""outsidePx"":0},{""x"":1929.3,""y"":355.3,""t"":1398,""outside"":false,""outsidePx"":0},{""x"":1948.7,""y"":346.7,""t"":1415,""outside"":false,""outsidePx"":0},{""x"":1962.7,""y"":338,""t"":1432,""outside"":false,""outsidePx"":0},{""x"":1973.3,""y"":330.7,""t"":1448,""outside"":false,""outsidePx"":0},{""x"":1978.7,""y"":327.3,""t"":1465,""outside"":false,""outsidePx"":0},{""x"":1982,""y"":325.3,""t"":1482,""outside"":false,""outsidePx"":0},{""x"":1984,""y"":324,""t"":1504,""outside"":false,""outsidePx"":0},{""x"":1984,""y"":322,""t"":1516,""outside"":false,""outsidePx"":0},{""x"":1984,""y"":320.7,""t"":1532,""outside"":false,""outsidePx"":0},{""x"":1984,""y"":318.7,""t"":1548,""outside"":false,""outsidePx"":0}]"
shohei,main,practice,C2,幅狭条件,A固定・W狭い,70,1350,19.286,2,8,38,38,38,2026-09-29T08:04:49.986Z,2026-09-29T08:04:51.536Z,1550,166,1312,1146,true,true,none,1965.3,323.3,1,false,0,0,0,false,[],"[{""x"":554.7,""y"":1144.7,""t"":0,""outside"":false,""outsidePx"":0},{""x"":557.3,""y"":1142.7,""t"":23,""outside"":false,""outsidePx"":0},{""x"":559.3,""y"":1142.7,""t"":40,""outside"":false,""outsidePx"":0},{""x"":562.7,""y"":1141.3,""t"":56,""outside"":false,""outsidePx"":0},{""x"":568,""y"":1137.3,""t"":73,""outside"":false,""outsidePx"":0},{""x"":582,""y"":1132.7,""t"":90,""outside"":false,""outsidePx"":0},{""x"":604.7,""y"":1122,""t"":106,""outside"":false,""outsidePx"":0},{""x"":634.7,""y"":1111.3,""t"":123,""outside"":false,""outsidePx"":0},{""x"":666,""y"":1097.3,""t"":139,""outside"":false,""outsidePx"":0},{""x"":692,""y"":1083.3,""t"":156,""outside"":false,""outsidePx"":0},{""x"":714.7,""y"":1069.3,""t"":172,""outside"":false,""outsidePx"":0},{""x"":732.7,""y"":1058.7,""t"":189,""outside"":false,""outsidePx"":0},{""x"":748,""y"":1048.7,""t"":206,""outside"":false,""outsidePx"":0},{""x"":760.7,""y"":1038,""t"":223,""outside"":false,""outsidePx"":0},{""x"":776,""y"":1027.3,""t"":239,""outside"":false,""outsidePx"":0},{""x"":792,""y"":1016.7,""t"":256,""outside"":false,""outsidePx"":0},{""x"":808,""y"":1008,""t"":272,""outside"":false,""outsidePx"":0},{""x"":828.7,""y"":996,""t"":289,""outside"":false,""outsidePx"":0},{""x"":846,""y"":983.3,""t"":306,""outside"":false,""outsidePx"":0},{""x"":870.7,""y"":971.3,""t"":322,""outside"":false,""outsidePx"":0},{""x"":895.3,""y"":955.3,""t"":339,""outside"":false,""outsidePx"":0},{""x"":914.7,""y"":941.3,""t"":356,""outside"":false,""outsidePx"":0},{""x"":937.3,""y"":929.3,""t"":373,""outside"":false,""outsidePx"":0},{""x"":956.7,""y"":918.7,""t"":389,""outside"":false,""outsidePx"":0},{""x"":974,""y"":908.7,""t"":406,""outside"":false,""outsidePx"":0},{""x"":991.3,""y"":898,""t"":422,""outside"":false,""outsidePx"":0},{""x"":1010.7,""y"":885.3,""t"":439,""outside"":false,""outsidePx"":0},{""x"":1026.7,""y"":875.3,""t"":456,""outside"":false,""outsidePx"":0},{""x"":1042,""y"":864.7,""t"":473,""outside"":false,""outsidePx"":0},{""x"":1061.3,""y"":854,""t"":489,""outside"":false,""outsidePx"":0},{""x"":1082.7,""y"":843.3,""t"":506,""outside"":false,""outsidePx"":0},{""x"":1105.3,""y"":834.7,""t"":522,""outside"":false,""outsidePx"":0},{""x"":1120.7,""y"":826,""t"":539,""outside"":false,""outsidePx"":0},{""x"":1134.7,""y"":815.3,""t"":556,""outside"":false,""outsidePx"":0},{""x"":1156,""y"":805.3,""t"":572,""outside"":false,""outsidePx"":0},{""x"":1172,""y"":794.7,""t"":589,""outside"":false,""outsidePx"":0},{""x"":1196,""y"":782.7,""t"":606,""outside"":false,""outsidePx"":0},{""x"":1218.7,""y"":770,""t"":622,""outside"":false,""outsidePx"":0},{""x"":1240,""y"":761.3,""t"":639,""outside"":false,""outsidePx"":0},{""x"":1259.3,""y"":752.7,""t"":656,""outside"":false,""outsidePx"":0},{""x"":1280,""y"":745.3,""t"":673,""outside"":false,""outsidePx"":0},{""x"":1301.3,""y"":736.7,""t"":689,""outside"":false,""outsidePx"":0},{""x"":1315.3,""y"":731.3,""t"":706,""outside"":false,""outsidePx"":0},{""x"":1332.7,""y"":724.7,""t"":723,""outside"":false,""outsidePx"":0},{""x"":1346.7,""y"":716,""t"":739,""outside"":false,""outsidePx"":0},{""x"":1360.7,""y"":708.7,""t"":756,""outside"":false,""outsidePx"":0},{""x"":1378,""y"":698.7,""t"":772,""outside"":false,""outsidePx"":0},{""x"":1396,""y"":688,""t"":789,""outside"":false,""outsidePx"":0},{""x"":1413.3,""y"":679.3,""t"":806,""outside"":false,""outsidePx"":0},{""x"":1434,""y"":668.7,""t"":822,""outside"":false,""outsidePx"":0},{""x"":1453.3,""y"":656.7,""t"":839,""outside"":false,""outsidePx"":0},{""x"":1470.7,""y"":646,""t"":856,""outside"":false,""outsidePx"":0},{""x"":1494,""y"":632,""t"":872,""outside"":false,""outsidePx"":0},{""x"":1514.7,""y"":619.3,""t"":889,""outside"":false,""outsidePx"":0},{""x"":1534,""y"":605.3,""t"":906,""outside"":false,""outsidePx"":0},{""x"":1556.7,""y"":591.3,""t"":922,""outside"":false,""outsidePx"":0},{""x"":1574,""y"":581.3,""t"":939,""outside"":false,""outsidePx"":0},{""x"":1592,""y"":570.7,""t"":956,""outside"":false,""outsidePx"":0},{""x"":1607.3,""y"":560,""t"":972,""outside"":false,""outsidePx"":0},{""x"":1623.3,""y"":551.3,""t"":989,""outside"":false,""outsidePx"":0},{""x"":1637.3,""y"":544.7,""t"":1006,""outside"":false,""outsidePx"":0},{""x"":1649.3,""y"":537.3,""t"":1022,""outside"":false,""outsidePx"":0},{""x"":1660,""y"":530.7,""t"":1039,""outside"":false,""outsidePx"":0},{""x"":1666.7,""y"":525.3,""t"":1056,""outside"":false,""outsidePx"":0},{""x"":1674,""y"":518,""t"":1072,""outside"":false,""outsidePx"":0},{""x"":1682.7,""y"":512.7,""t"":1089,""outside"":false,""outsidePx"":0},{""x"":1691.3,""y"":507.3,""t"":1106,""outside"":false,""outsidePx"":0},{""x"":1702,""y"":500.7,""t"":1122,""outside"":false,""outsidePx"":0},{""x"":1712.7,""y"":495.3,""t"":1139,""outside"":false,""outsidePx"":0},{""x"":1726.7,""y"":486.7,""t"":1156,""outside"":false,""outsidePx"":0},{""x"":1738.7,""y"":479.3,""t"":1172,""outside"":false,""outsidePx"":0},{""x"":1750.7,""y"":472.7,""t"":1189,""outside"":false,""outsidePx"":0},{""x"":1766.7,""y"":464,""t"":1206,""outside"":false,""outsidePx"":0},{""x"":1782.7,""y"":453.3,""t"":1222,""outside"":false,""outsidePx"":0},{""x"":1798,""y"":442.7,""t"":1239,""outside"":false,""outsidePx"":0},{""x"":1816,""y"":432.7,""t"":1256,""outside"":false,""outsidePx"":0},{""x"":1831.3,""y"":422,""t"":1272,""outside"":false,""outsidePx"":0},{""x"":1847.3,""y"":409.3,""t"":1289,""outside"":false,""outsidePx"":0},{""x"":1864.7,""y"":397.3,""t"":1306,""outside"":false,""outsidePx"":0},{""x"":1880.7,""y"":386.7,""t"":1322,""outside"":false,""outsidePx"":0},{""x"":1896,""y"":376.7,""t"":1339,""outside"":false,""outsidePx"":0},{""x"":1910,""y"":366,""t"":1356,""outside"":false,""outsidePx"":0},{""x"":1924,""y"":358.7,""t"":1372,""outside"":false,""outsidePx"":0},{""x"":1932.7,""y"":352,""t"":1389,""outside"":false,""outsidePx"":0},{""x"":1945.3,""y"":344.7,""t"":1406,""outside"":false,""outsidePx"":0},{""x"":1954,""y"":338,""t"":1422,""outside"":false,""outsidePx"":0},{""x"":1964.7,""y"":329.3,""t"":1439,""outside"":false,""outsidePx"":0},{""x"":1974.7,""y"":320.7,""t"":1456,""outside"":false,""outsidePx"":0},{""x"":1982,""y"":315.3,""t"":1472,""outside"":false,""outsidePx"":0},{""x"":1985.3,""y"":313.3,""t"":1489,""outside"":false,""outsidePx"":0},{""x"":1984.7,""y"":313.3,""t"":1519,""outside"":false,""outsidePx"":0},{""x"":1982.7,""y"":313.3,""t"":1525,""outside"":false,""outsidePx"":0},{""x"":1974,""y"":318,""t"":1539,""outside"":false,""outsidePx"":0},{""x"":1965.3,""y"":323.3,""t"":1550,""outside"":false,""outsidePx"":0}]"
shohei,main,practice,C2,幅狭条件,A固定・W狭い,70,1350,19.286,2,9,39,39,39,2026-09-29T08:04:52.320Z,2026-09-29T08:04:53.855Z,1535,157,1304,1147,true,true,deviation,2063.3,270.7,1,true,1,167,5,false,"[{""startMs"":205,""startX"":778,""startY"":1052,""maxOutsidePx"":5,""endMs"":372,""endX"":912.7,""endY"":969.3,""durationMs"":167}]","[{""x"":564.7,""y"":1137.3,""t"":0,""outside"":false,""outsidePx"":0},{""x"":568,""y"":1134,""t"":22,""outside"":false,""outsidePx"":0},{""x"":571.3,""y"":1130.7,""t"":38,""outside"":false,""outsidePx"":0},{""x"":578.7,""y"":1125.3,""t"":55,""outside"":false,""outsidePx"":0},{""x"":587.3,""y"":1120,""t"":72,""outside"":false,""outsidePx"":0},{""x"":599.3,""y"":1114.7,""t"":88,""outside"":false,""outsidePx"":0},{""x"":616.7,""y"":1106,""t"":105,""outside"":false,""outsidePx"":0},{""x"":641.3,""y"":1097.3,""t"":122,""outside"":false,""outsidePx"":0},{""x"":674.7,""y"":1086.7,""t"":138,""outside"":false,""outsidePx"":0},{""x"":702.7,""y"":1078,""t"":155,""outside"":false,""outsidePx"":0},{""x"":736,""y"":1066,""t"":172,""outside"":false,""outsidePx"":0},{""x"":760.7,""y"":1057.3,""t"":188,""outside"":false,""outsidePx"":0},{""x"":778,""y"":1052,""t"":205,""outside"":true,""outsidePx"":1.5},{""x"":794,""y"":1044.7,""t"":222,""outside"":true,""outsidePx"":3.2},{""x"":808,""y"":1038,""t"":238,""outside"":true,""outsidePx"":4.4},{""x"":822,""y"":1030.7,""t"":255,""outside"":true,""outsidePx"":5},{""x"":836,""y"":1022,""t"":272,""outside"":true,""outsidePx"":4.5},{""x"":848,""y"":1015.3,""t"":288,""outside"":true,""outsidePx"":4.8},{""x"":858.7,""y"":1008,""t"":305,""outside"":true,""outsidePx"":3.7},{""x"":870.7,""y"":999.3,""t"":322,""outside"":true,""outsidePx"":2.2},{""x"":879.3,""y"":992.7,""t"":338,""outside"":true,""outsidePx"":0.8},{""x"":896.7,""y"":982,""t"":355,""outside"":true,""outsidePx"":0.2},{""x"":912.7,""y"":969.3,""t"":372,""outside"":false,""outsidePx"":0},{""x"":930,""y"":959.3,""t"":388,""outside"":false,""outsidePx"":0},{""x"":944,""y"":948.7,""t"":405,""outside"":false,""outsidePx"":0},{""x"":958,""y"":936.7,""t"":422,""outside"":false,""outsidePx"":0},{""x"":970.7,""y"":924,""t"":438,""outside"":false,""outsidePx"":0},{""x"":984.7,""y"":913.3,""t"":455,""outside"":false,""outsidePx"":0},{""x"":996.7,""y"":904.7,""t"":472,""outside"":false,""outsidePx"":0},{""x"":1007.3,""y"":894.7,""t"":488,""outside"":false,""outsidePx"":0},{""x"":1021.3,""y"":884,""t"":505,""outside"":false,""outsidePx"":0},{""x"":1038.7,""y"":873.3,""t"":522,""outside"":false,""outsidePx"":0},{""x"":1054.7,""y"":862.7,""t"":538,""outside"":false,""outsidePx"":0},{""x"":1074,""y"":852.7,""t"":555,""outside"":false,""outsidePx"":0},{""x"":1089.3,""y"":843.3,""t"":572,""outside"":false,""outsidePx"":0},{""x"":1103.3,""y"":834.7,""t"":588,""outside"":false,""outsidePx"":0},{""x"":1119.3,""y"":828,""t"":605,""outside"":false,""outsidePx"":0},{""x"":1134.7,""y"":817.3,""t"":622,""outside"":false,""outsidePx"":0},{""x"":1147.3,""y"":808.7,""t"":639,""outside"":false,""outsidePx"":0},{""x"":1168,""y"":794.7,""t"":655,""outside"":false,""outsidePx"":0},{""x"":1187.3,""y"":782.7,""t"":672,""outside"":false,""outsidePx"":0},{""x"":1206.7,""y"":768.7,""t"":688,""outside"":false,""outsidePx"":0},{""x"":1224,""y"":758,""t"":705,""outside"":false,""outsidePx"":0},{""x"":1242,""y"":745.3,""t"":721,""outside"":false,""outsidePx"":0},{""x"":1256,""y"":736.7,""t"":738,""outside"":false,""outsidePx"":0},{""x"":1274.7,""y"":724.7,""t"":755,""outside"":false,""outsidePx"":0},{""x"":1288.7,""y"":716,""t"":772,""outside"":false,""outsidePx"":0},{""x"":1306.7,""y"":705.3,""t"":788,""outside"":false,""outsidePx"":0},{""x"":1324,""y"":694.7,""t"":805,""outside"":false,""outsidePx"":0},{""x"":1340,""y"":684.7,""t"":821,""outside"":false,""outsidePx"":0},{""x"":1355.3,""y"":674,""t"":838,""outside"":false,""outsidePx"":0},{""x"":1371.3,""y"":663.3,""t"":855,""outside"":false,""outsidePx"":0},{""x"":1385.3,""y"":652.7,""t"":872,""outside"":false,""outsidePx"":0},{""x"":1400.7,""y"":642.7,""t"":888,""outside"":false,""outsidePx"":0},{""x"":1414.7,""y"":633.3,""t"":905,""outside"":false,""outsidePx"":0},{""x"":1428.7,""y"":624.7,""t"":922,""outside"":false,""outsidePx"":0},{""x"":1439.3,""y"":619.3,""t"":938,""outside"":false,""outsidePx"":0},{""x"":1448,""y"":614.7,""t"":955,""outside"":false,""outsidePx"":0},{""x"":1456.7,""y"":609.3,""t"":972,""outside"":false,""outsidePx"":0},{""x"":1467.3,""y"":604,""t"":988,""outside"":false,""outsidePx"":0},{""x"":1483.3,""y"":596.7,""t"":1005,""outside"":false,""outsidePx"":0},{""x"":1498.7,""y"":588,""t"":1021,""outside"":false,""outsidePx"":0},{""x"":1516.7,""y"":581.3,""t"":1038,""outside"":false,""outsidePx"":0},{""x"":1534,""y"":570.7,""t"":1055,""outside"":false,""outsidePx"":0},{""x"":1556.7,""y"":558.7,""t"":1071,""outside"":false,""outsidePx"":0},{""x"":1579.3,""y"":546,""t"":1088,""outside"":false,""outsidePx"":0},{""x"":1602,""y"":532,""t"":1105,""outside"":false,""outsidePx"":0},{""x"":1630,""y"":518,""t"":1121,""outside"":false,""outsidePx"":0},{""x"":1654.7,""y"":504,""t"":1138,""outside"":false,""outsidePx"":0},{""x"":1680.7,""y"":492,""t"":1155,""outside"":false,""outsidePx"":0},{""x"":1705.3,""y"":481.3,""t"":1171,""outside"":false,""outsidePx"":0},{""x"":1724.7,""y"":470.7,""t"":1188,""outside"":false,""outsidePx"":0},{""x"":1747.3,""y"":460.7,""t"":1205,""outside"":false,""outsidePx"":0},{""x"":1768.7,""y"":448,""t"":1221,""outside"":false,""outsidePx"":0},{""x"":1784,""y"":439.3,""t"":1238,""outside"":false,""outsidePx"":0},{""x"":1806.7,""y"":427.3,""t"":1255,""outside"":false,""outsidePx"":0},{""x"":1828,""y"":414.7,""t"":1271,""outside"":false,""outsidePx"":0},{""x"":1848.7,""y"":402.7,""t"":1288,""outside"":false,""outsidePx"":0},{""x"":1870,""y"":390.7,""t"":1305,""outside"":false,""outsidePx"":0},{""x"":1890.7,""y"":376.7,""t"":1321,""outside"":false,""outsidePx"":0},{""x"":1912,""y"":362.7,""t"":1338,""outside"":false,""outsidePx"":0},{""x"":1938,""y"":346.7,""t"":1355,""outside"":false,""outsidePx"":0},{""x"":1964.7,""y"":330.7,""t"":1371,""outside"":false,""outsidePx"":0},{""x"":1988.7,""y"":316.7,""t"":1388,""outside"":false,""outsidePx"":0},{""x"":2013.3,""y"":301.3,""t"":1405,""outside"":false,""outsidePx"":0},{""x"":2038,""y"":287.3,""t"":1421,""outside"":false,""outsidePx"":0},{""x"":2055.3,""y"":278.7,""t"":1438,""outside"":false,""outsidePx"":0},{""x"":2068,""y"":269.3,""t"":1455,""outside"":false,""outsidePx"":0},{""x"":2072.7,""y"":266,""t"":1471,""outside"":false,""outsidePx"":0},{""x"":2070,""y"":266,""t"":1523,""outside"":false,""outsidePx"":0},{""x"":2063.3,""y"":270.7,""t"":1534,""outside"":false,""outsidePx"":0}]"
shohei,main,practice,C2,幅狭条件,A固定・W狭い,70,1350,19.286,2,10,40,40,40,2026-09-29T08:04:54.937Z,2026-09-29T08:04:56.646Z,1708,179,1486,1307,true,true,none,1988,300.7,1,false,0,0,0,false,[],"[{""x"":574.7,""y"":1127.3,""t"":0,""outside"":false,""outsidePx"":0},{""x"":576.7,""y"":1127.3,""t"":51,""outside"":false,""outsidePx"":0},{""x"":576.7,""y"":1125.3,""t"":57,""outside"":false,""outsidePx"":0},{""x"":585.3,""y"":1122,""t"":70,""outside"":false,""outsidePx"":0},{""x"":599.3,""y"":1114.7,""t"":87,""outside"":false,""outsidePx"":0},{""x"":615.3,""y"":1108,""t"":104,""outside"":false,""outsidePx"":0},{""x"":636,""y"":1097.3,""t"":120,""outside"":false,""outsidePx"":0},{""x"":657.3,""y"":1086.7,""t"":137,""outside"":false,""outsidePx"":0},{""x"":676.7,""y"":1078,""t"":153,""outside"":false,""outsidePx"":0},{""x"":694,""y"":1069.3,""t"":170,""outside"":false,""outsidePx"":0},{""x"":706,""y"":1062.7,""t"":187,""outside"":false,""outsidePx"":0},{""x"":716.7,""y"":1055.3,""t"":203,""outside"":false,""outsidePx"":0},{""x"":725.3,""y"":1048.7,""t"":220,""outside"":false,""outsidePx"":0},{""x"":738,""y"":1039.3,""t"":237,""outside"":false,""outsidePx"":0},{""x"":746.7,""y"":1034.7,""t"":254,""outside"":false,""outsidePx"":0},{""x"":756.7,""y"":1029.3,""t"":270,""outside"":false,""outsidePx"":0},{""x"":767.3,""y"":1022,""t"":287,""outside"":false,""outsidePx"":0},{""x"":778,""y"":1016.7,""t"":303,""outside"":false,""outsidePx"":0},{""x"":788.7,""y"":1008,""t"":320,""outside"":false,""outsidePx"":0},{""x"":798.7,""y"":997.3,""t"":337,""outside"":false,""outsidePx"":0},{""x"":811.3,""y"":988.7,""t"":353,""outside"":false,""outsidePx"":0},{""x"":823.3,""y"":978.7,""t"":370,""outside"":false,""outsidePx"":0},{""x"":832,""y"":971.3,""t"":387,""outside"":false,""outsidePx"":0},{""x"":840.7,""y"":966,""t"":403,""outside"":false,""outsidePx"":0},{""x"":851.3,""y"":959.3,""t"":420,""outside"":false,""outsidePx"":0},{""x"":864,""y"":948.7,""t"":437,""outside"":false,""outsidePx"":0},{""x"":876,""y"":938,""t"":454,""outside"":false,""outsidePx"":0},{""x"":890,""y"":927.3,""t"":470,""outside"":false,""outsidePx"":0},{""x"":907.3,""y"":918.7,""t"":487,""outside"":false,""outsidePx"":0},{""x"":920,""y"":912,""t"":503,""outside"":false,""outsidePx"":0},{""x"":934,""y"":903.3,""t"":520,""outside"":false,""outsidePx"":0},{""x"":949.3,""y"":892.7,""t"":537,""outside"":false,""outsidePx"":0},{""x"":962,""y"":882,""t"":553,""outside"":false,""outsidePx"":0},{""x"":976,""y"":873.3,""t"":570,""outside"":false,""outsidePx"":0},{""x"":990,""y"":862.7,""t"":587,""outside"":false,""outsidePx"":0},{""x"":1000,""y"":856,""t"":603,""outside"":false,""outsidePx"":0},{""x"":1008.7,""y"":848.7,""t"":620,""outside"":false,""outsidePx"":0},{""x"":1018,""y"":843.3,""t"":637,""outside"":false,""outsidePx"":0},{""x"":1026.7,""y"":836.7,""t"":653,""outside"":false,""outsidePx"":0},{""x"":1035.3,""y"":831.3,""t"":670,""outside"":false,""outsidePx"":0},{""x"":1046,""y"":822.7,""t"":687,""outside"":false,""outsidePx"":0},{""x"":1056,""y"":814,""t"":703,""outside"":false,""outsidePx"":0},{""x"":1070,""y"":805.3,""t"":720,""outside"":false,""outsidePx"":0},{""x"":1082.7,""y"":796.7,""t"":737,""outside"":false,""outsidePx"":0},{""x"":1098,""y"":789.3,""t"":753,""outside"":false,""outsidePx"":0},{""x"":1108.7,""y"":784,""t"":770,""outside"":false,""outsidePx"":0},{""x"":1120.7,""y"":777.3,""t"":787,""outside"":false,""outsidePx"":0},{""x"":1131.3,""y"":770,""t"":803,""outside"":false,""outsidePx"":0},{""x"":1145.3,""y"":763.3,""t"":820,""outside"":false,""outsidePx"":0},{""x"":1161.3,""y"":754.7,""t"":837,""outside"":false,""outsidePx"":0},{""x"":1178.7,""y"":744,""t"":853,""outside"":false,""outsidePx"":0},{""x"":1196,""y"":733.3,""t"":870,""outside"":false,""outsidePx"":0},{""x"":1214,""y"":721.3,""t"":887,""outside"":false,""outsidePx"":0},{""x"":1234.7,""y"":710.7,""t"":903,""outside"":false,""outsidePx"":0},{""x"":1256,""y"":700,""t"":920,""outside"":false,""outsidePx"":0},{""x"":1271.3,""y"":691.3,""t"":937,""outside"":false,""outsidePx"":0},{""x"":1284,""y"":684.7,""t"":953,""outside"":false,""outsidePx"":0},{""x"":1296,""y"":679.3,""t"":970,""outside"":false,""outsidePx"":0},{""x"":1304.7,""y"":674,""t"":987,""outside"":false,""outsidePx"":0},{""x"":1315.3,""y"":666.7,""t"":1003,""outside"":false,""outsidePx"":0},{""x"":1327.3,""y"":658,""t"":1020,""outside"":false,""outsidePx"":0},{""x"":1340,""y"":649.3,""t"":1037,""outside"":false,""outsidePx"":0},{""x"":1354,""y"":640.7,""t"":1053,""outside"":false,""outsidePx"":0},{""x"":1369.3,""y"":633.3,""t"":1070,""outside"":false,""outsidePx"":0},{""x"":1385.3,""y"":624.7,""t"":1087,""outside"":false,""outsidePx"":0},{""x"":1402.7,""y"":616,""t"":1103,""outside"":false,""outsidePx"":0},{""x"":1418.7,""y"":605.3,""t"":1120,""outside"":false,""outsidePx"":0},{""x"":1436,""y"":596.7,""t"":1137,""outside"":false,""outsidePx"":0},{""x"":1452,""y"":588,""t"":1153,""outside"":false,""outsidePx"":0},{""x"":1476,""y"":576,""t"":1170,""outside"":false,""outsidePx"":0},{""x"":1497.3,""y"":563.3,""t"":1187,""outside"":false,""outsidePx"":0},{""x"":1516.7,""y"":553.3,""t"":1203,""outside"":false,""outsidePx"":0},{""x"":1540.7,""y"":537.3,""t"":1220,""outside"":false,""outsidePx"":0},{""x"":1565.3,""y"":523.3,""t"":1236,""outside"":false,""outsidePx"":0},{""x"":1590,""y"":509.3,""t"":1253,""outside"":false,""outsidePx"":0},{""x"":1616,""y"":497.3,""t"":1270,""outside"":false,""outsidePx"":0},{""x"":1635.3,""y"":486.7,""t"":1287,""outside"":false,""outsidePx"":0},{""x"":1654.7,""y"":476,""t"":1303,""outside"":false,""outsidePx"":0},{""x"":1672,""y"":465.3,""t"":1320,""outside"":false,""outsidePx"":0},{""x"":1690,""y"":453.3,""t"":1337,""outside"":false,""outsidePx"":0},{""x"":1708.7,""y"":441.3,""t"":1353,""outside"":false,""outsidePx"":0},{""x"":1726.7,""y"":430.7,""t"":1370,""outside"":false,""outsidePx"":0},{""x"":1746,""y"":420,""t"":1387,""outside"":false,""outsidePx"":0},{""x"":1763.3,""y"":409.3,""t"":1403,""outside"":false,""outsidePx"":0},{""x"":1780.7,""y"":399.3,""t"":1420,""outside"":false,""outsidePx"":0},{""x"":1798,""y"":390.7,""t"":1436,""outside"":false,""outsidePx"":0},{""x"":1816,""y"":381.3,""t"":1453,""outside"":false,""outsidePx"":0},{""x"":1833.3,""y"":372.7,""t"":1470,""outside"":false,""outsidePx"":0},{""x"":1854,""y"":364,""t"":1486,""outside"":false,""outsidePx"":0},{""x"":1870,""y"":357.3,""t"":1503,""outside"":false,""outsidePx"":0},{""x"":1889.3,""y"":350,""t"":1520,""outside"":false,""outsidePx"":0},{""x"":1906.7,""y"":341.3,""t"":1536,""outside"":false,""outsidePx"":0},{""x"":1924,""y"":330.7,""t"":1553,""outside"":false,""outsidePx"":0},{""x"":1940,""y"":322,""t"":1570,""outside"":false,""outsidePx"":0},{""x"":1960.7,""y"":311.3,""t"":1586,""outside"":false,""outsidePx"":0},{""x"":1980,""y"":302.7,""t"":1603,""outside"":false,""outsidePx"":0},{""x"":1994,""y"":296,""t"":1620,""outside"":false,""outsidePx"":0},{""x"":2001.3,""y"":292.7,""t"":1637,""outside"":false,""outsidePx"":0},{""x"":2002.7,""y"":292.7,""t"":1653,""outside"":false,""outsidePx"":0},{""x"":2002,""y"":292.7,""t"":1678,""outside"":false,""outsidePx"":0},{""x"":2000,""y"":293.3,""t"":1686,""outside"":false,""outsidePx"":0},{""x"":1991.3,""y"":298.7,""t"":1703,""outside"":false,""outsidePx"":0},{""x"":1988,""y"":300.7,""t"":1707,""outside"":false,""outsidePx"":0}]"
shohei,main,practice,C2,幅狭条件,A固定・W狭い,70,1350,19.286,2,11,41,41,41,2026-09-29T08:04:57.471Z,2026-09-29T08:04:58.939Z,1468,146,1280,1134,true,true,deviation,2006.7,297.3,1,true,1,317,10.7,false,"[{""startMs"":619,""startX"":1212,""startY"":800,""maxOutsidePx"":10.7,""endMs"":936,""endX"":1572.7,""endY"":590,""durationMs"":317}]","[{""x"":590.7,""y"":1128.7,""t"":0,""outside"":false,""outsidePx"":0},{""x"":592.7,""y"":1128.7,""t"":19,""outside"":false,""outsidePx"":0},{""x"":594,""y"":1128.7,""t"":36,""outside"":false,""outsidePx"":0},{""x"":596,""y"":1127.3,""t"":53,""outside"":false,""outsidePx"":0},{""x"":599.3,""y"":1123.3,""t"":69,""outside"":false,""outsidePx"":0},{""x"":606.7,""y"":1116.7,""t"":86,""outside"":false,""outsidePx"":0},{""x"":624,""y"":1104.7,""t"":103,""outside"":false,""outsidePx"":0},{""x"":648.7,""y"":1092,""t"":119,""outside"":false,""outsidePx"":0},{""x"":682,""y"":1078,""t"":136,""outside"":false,""outsidePx"":0},{""x"":714.7,""y"":1064,""t"":152,""outside"":false,""outsidePx"":0},{""x"":739.3,""y"":1050,""t"":169,""outside"":false,""outsidePx"":0},{""x"":762,""y"":1038,""t"":186,""outside"":false,""outsidePx"":0},{""x"":778,""y"":1030.7,""t"":202,""outside"":false,""outsidePx"":0},{""x"":790,""y"":1022,""t"":219,""outside"":false,""outsidePx"":0},{""x"":806,""y"":1011.3,""t"":236,""outside"":false,""outsidePx"":0},{""x"":823.3,""y"":1001.3,""t"":252,""outside"":false,""outsidePx"":0},{""x"":844.7,""y"":990.7,""t"":269,""outside"":false,""outsidePx"":0},{""x"":867.3,""y"":980,""t"":286,""outside"":false,""outsidePx"":0},{""x"":890,""y"":971.3,""t"":302,""outside"":false,""outsidePx"":0},{""x"":910.7,""y"":962.7,""t"":319,""outside"":false,""outsidePx"":0},{""x"":930,""y"":952,""t"":336,""outside"":false,""outsidePx"":0},{""x"":946,""y"":943.3,""t"":352,""outside"":false,""outsidePx"":0},{""x"":963.3,""y"":931.3,""t"":369,""outside"":false,""outsidePx"":0},{""x"":980.7,""y"":918.7,""t"":386,""outside"":false,""outsidePx"":0},{""x"":996.7,""y"":908.7,""t"":403,""outside"":false,""outsidePx"":0},{""x"":1014,""y"":898,""t"":419,""outside"":false,""outsidePx"":0},{""x"":1030,""y"":889.3,""t"":436,""outside"":false,""outsidePx"":0},{""x"":1044,""y"":882,""t"":452,""outside"":false,""outsidePx"":0},{""x"":1054.7,""y"":875.3,""t"":469,""outside"":false,""outsidePx"":0},{""x"":1068.7,""y"":868,""t"":486,""outside"":false,""outsidePx"":0},{""x"":1082.7,""y"":861.3,""t"":502,""outside"":false,""outsidePx"":0},{""x"":1098,""y"":852.7,""t"":519,""outside"":false,""outsidePx"":0},{""x"":1116,""y"":843.3,""t"":536,""outside"":false,""outsidePx"":0},{""x"":1131.3,""y"":836.7,""t"":553,""outside"":false,""outsidePx"":0},{""x"":1150.7,""y"":828,""t"":569,""outside"":false,""outsidePx"":0},{""x"":1170,""y"":819.3,""t"":586,""outside"":false,""outsidePx"":0},{""x"":1189.3,""y"":810.7,""t"":602,""outside"":false,""outsidePx"":0},{""x"":1212,""y"":800,""t"":619,""outside"":true,""outsidePx"":0.3},{""x"":1232.7,""y"":789.3,""t"":636,""outside"":true,""outsidePx"":1.4},{""x"":1256,""y"":777.3,""t"":652,""outside"":true,""outsidePx"":2.7},{""x"":1276.7,""y"":768.7,""t"":669,""outside"":true,""outsidePx"":5.5},{""x"":1296,""y"":758,""t"":686,""outside"":true,""outsidePx"":5.9},{""x"":1312,""y"":750.7,""t"":702,""outside"":true,""outsidePx"":7.6},{""x"":1329.3,""y"":742,""t"":719,""outside"":true,""outsidePx"":8.7},{""x"":1344.7,""y"":733.3,""t"":736,""outside"":true,""outsidePx"":8.9},{""x"":1366,""y"":722.7,""t"":753,""outside"":true,""outsidePx"":10.3},{""x"":1386.7,""y"":710.7,""t"":769,""outside"":true,""outsidePx"":10.3},{""x"":1406,""y"":700,""t"":786,""outside"":true,""outsidePx"":10.7},{""x"":1425.3,""y"":688,""t"":802,""outside"":true,""outsidePx"":10},{""x"":1446.7,""y"":675.3,""t"":819,""outside"":true,""outsidePx"":9.7},{""x"":1466,""y"":661.3,""t"":836,""outside"":true,""outsidePx"":7.2},{""x"":1484.7,""y"":649.3,""t"":852,""outside"":true,""outsidePx"":6.1},{""x"":1506,""y"":637.3,""t"":869,""outside"":true,""outsidePx"":6.4},{""x"":1523.3,""y"":624.7,""t"":886,""outside"":true,""outsidePx"":4.1},{""x"":1540.7,""y"":614.7,""t"":902,""outside"":true,""outsidePx"":4.1},{""x"":1556.7,""y"":602,""t"":919,""outside"":true,""outsidePx"":1.1},{""x"":1572.7,""y"":590,""t"":936,""outside"":false,""outsidePx"":0},{""x"":1586.7,""y"":579.3,""t"":952,""outside"":false,""outsidePx"":0},{""x"":1600.7,""y"":570.7,""t"":969,""outside"":false,""outsidePx"":0},{""x"":1612.7,""y"":560,""t"":986,""outside"":false,""outsidePx"":0},{""x"":1626.7,""y"":551.3,""t"":1002,""outside"":false,""outsidePx"":0},{""x"":1638.7,""y"":542.7,""t"":1019,""outside"":false,""outsidePx"":0},{""x"":1656.7,""y"":532,""t"":1036,""outside"":false,""outsidePx"":0},{""x"":1670.7,""y"":523.3,""t"":1052,""outside"":false,""outsidePx"":0},{""x"":1686,""y"":512.7,""t"":1069,""outside"":false,""outsidePx"":0},{""x"":1702,""y"":502.7,""t"":1085,""outside"":false,""outsidePx"":0},{""x"":1718,""y"":493.3,""t"":1102,""outside"":false,""outsidePx"":0},{""x"":1735.3,""y"":483.3,""t"":1119,""outside"":false,""outsidePx"":0},{""x"":1752.7,""y"":472.7,""t"":1136,""outside"":false,""outsidePx"":0},{""x"":1766.7,""y"":464,""t"":1152,""outside"":false,""outsidePx"":0},{""x"":1782.7,""y"":455.3,""t"":1169,""outside"":false,""outsidePx"":0},{""x"":1794.7,""y"":448,""t"":1186,""outside"":false,""outsidePx"":0},{""x"":1805.3,""y"":441.3,""t"":1202,""outside"":false,""outsidePx"":0},{""x"":1816,""y"":432.7,""t"":1219,""outside"":false,""outsidePx"":0},{""x"":1828,""y"":425.3,""t"":1236,""outside"":false,""outsidePx"":0},{""x"":1840,""y"":414.7,""t"":1252,""outside"":false,""outsidePx"":0},{""x"":1858,""y"":400.7,""t"":1269,""outside"":false,""outsidePx"":0},{""x"":1876.7,""y"":388.7,""t"":1286,""outside"":false,""outsidePx"":0},{""x"":1896,""y"":376.7,""t"":1302,""outside"":false,""outsidePx"":0},{""x"":1918.7,""y"":362.7,""t"":1319,""outside"":false,""outsidePx"":0},{""x"":1938,""y"":346.7,""t"":1336,""outside"":false,""outsidePx"":0},{""x"":1960.7,""y"":329.3,""t"":1352,""outside"":false,""outsidePx"":0},{""x"":1982,""y"":315.3,""t"":1369,""outside"":false,""outsidePx"":0},{""x"":1998,""y"":304.7,""t"":1385,""outside"":false,""outsidePx"":0},{""x"":2004.7,""y"":299.3,""t"":1402,""outside"":false,""outsidePx"":0},{""x"":2006.7,""y"":297.3,""t"":1419,""outside"":false,""outsidePx"":0}]"
shohei,main,practice,C2,幅狭条件,A固定・W狭い,70,1350,19.286,2,12,42,42,42,2026-09-29T08:04:59.730Z,2026-09-29T08:05:01.610Z,1881,176,1595,1419,true,true,none,2062.7,276.7,1,false,0,0,0,false,[],"[{""x"":568,""y"":1122,""t"":0,""outside"":false,""outsidePx"":0},{""x"":570,""y"":1122,""t"":28,""outside"":false,""outsidePx"":0},{""x"":573.3,""y"":1120,""t"":44,""outside"":false,""outsidePx"":0},{""x"":582,""y"":1116.7,""t"":61,""outside"":false,""outsidePx"":0},{""x"":592.7,""y"":1109.3,""t"":77,""outside"":false,""outsidePx"":0},{""x"":606.7,""y"":1099.3,""t"":94,""outside"":false,""outsidePx"":0},{""x"":622,""y"":1090.7,""t"":111,""outside"":false,""outsidePx"":0},{""x"":638,""y"":1081.3,""t"":127,""outside"":false,""outsidePx"":0},{""x"":657.3,""y"":1072.7,""t"":144,""outside"":false,""outsidePx"":0},{""x"":676.7,""y"":1062.7,""t"":161,""outside"":false,""outsidePx"":0},{""x"":694,""y"":1053.3,""t"":177,""outside"":false,""outsidePx"":0},{""x"":708,""y"":1046.7,""t"":194,""outside"":false,""outsidePx"":0},{""x"":720,""y"":1039.3,""t"":211,""outside"":false,""outsidePx"":0},{""x"":728.7,""y"":1036,""t"":227,""outside"":false,""outsidePx"":0},{""x"":736,""y"":1032.7,""t"":244,""outside"":false,""outsidePx"":0},{""x"":744.7,""y"":1029.3,""t"":260,""outside"":false,""outsidePx"":0},{""x"":755.3,""y"":1020.7,""t"":277,""outside"":false,""outsidePx"":0},{""x"":774.7,""y"":1011.3,""t"":294,""outside"":false,""outsidePx"":0},{""x"":795.3,""y"":1001.3,""t"":311,""outside"":false,""outsidePx"":0},{""x"":816.7,""y"":994,""t"":327,""outside"":false,""outsidePx"":0},{""x"":834,""y"":983.3,""t"":344,""outside"":false,""outsidePx"":0},{""x"":850,""y"":974.7,""t"":360,""outside"":false,""outsidePx"":0},{""x"":860,""y"":964.7,""t"":377,""outside"":false,""outsidePx"":0},{""x"":874,""y"":954,""t"":394,""outside"":false,""outsidePx"":0},{""x"":884.7,""y"":945.3,""t"":411,""outside"":false,""outsidePx"":0},{""x"":895.3,""y"":936.7,""t"":427,""outside"":false,""outsidePx"":0},{""x"":906,""y"":927.3,""t"":444,""outside"":false,""outsidePx"":0},{""x"":916,""y"":920.7,""t"":461,""outside"":false,""outsidePx"":0},{""x"":926.7,""y"":912,""t"":477,""outside"":false,""outsidePx"":0},{""x"":940.7,""y"":901.3,""t"":494,""outside"":false,""outsidePx"":0},{""x"":954.7,""y"":892.7,""t"":510,""outside"":false,""outsidePx"":0},{""x"":968.7,""y"":884,""t"":527,""outside"":false,""outsidePx"":0},{""x"":984.7,""y"":875.3,""t"":544,""outside"":false,""outsidePx"":0},{""x"":996.7,""y"":866.7,""t"":561,""outside"":false,""outsidePx"":0},{""x"":1012.7,""y"":856,""t"":577,""outside"":false,""outsidePx"":0},{""x"":1028,""y"":847.3,""t"":594,""outside"":false,""outsidePx"":0},{""x"":1046,""y"":834.7,""t"":610,""outside"":false,""outsidePx"":0},{""x"":1061.3,""y"":826,""t"":627,""outside"":false,""outsidePx"":0},{""x"":1077.3,""y"":815.3,""t"":644,""outside"":false,""outsidePx"":0},{""x"":1092.7,""y"":806.7,""t"":660,""outside"":false,""outsidePx"":0},{""x"":1105.3,""y"":800,""t"":677,""outside"":false,""outsidePx"":0},{""x"":1117.3,""y"":792.7,""t"":694,""outside"":false,""outsidePx"":0},{""x"":1128,""y"":786,""t"":711,""outside"":false,""outsidePx"":0},{""x"":1138.7,""y"":780.7,""t"":727,""outside"":false,""outsidePx"":0},{""x"":1148.7,""y"":773.3,""t"":744,""outside"":false,""outsidePx"":0},{""x"":1158,""y"":768.7,""t"":760,""outside"":false,""outsidePx"":0},{""x"":1170,""y"":761.3,""t"":777,""outside"":false,""outsidePx"":0},{""x"":1182,""y"":754.7,""t"":794,""outside"":false,""outsidePx"":0},{""x"":1192.7,""y"":747.3,""t"":811,""outside"":false,""outsidePx"":0},{""x"":1201.3,""y"":740.7,""t"":827,""outside"":false,""outsidePx"":0},{""x"":1212,""y"":733.3,""t"":844,""outside"":false,""outsidePx"":0},{""x"":1222.7,""y"":726.7,""t"":861,""outside"":false,""outsidePx"":0},{""x"":1234.7,""y"":721.3,""t"":877,""outside"":false,""outsidePx"":0},{""x"":1245.3,""y"":716,""t"":894,""outside"":false,""outsidePx"":0},{""x"":1256,""y"":708.7,""t"":910,""outside"":false,""outsidePx"":0},{""x"":1270,""y"":700,""t"":927,""outside"":false,""outsidePx"":0},{""x"":1282,""y"":691.3,""t"":944,""outside"":false,""outsidePx"":0},{""x"":1298,""y"":682.7,""t"":960,""outside"":false,""outsidePx"":0},{""x"":1312,""y"":675.3,""t"":977,""outside"":false,""outsidePx"":0},{""x"":1326,""y"":668.7,""t"":994,""outside"":false,""outsidePx"":0},{""x"":1341.3,""y"":660,""t"":1010,""outside"":false,""outsidePx"":0},{""x"":1355.3,""y"":649.3,""t"":1027,""outside"":false,""outsidePx"":0},{""x"":1369.3,""y"":640.7,""t"":1044,""outside"":false,""outsidePx"":0},{""x"":1383.3,""y"":635.3,""t"":1060,""outside"":false,""outsidePx"":0},{""x"":1394,""y"":630,""t"":1078,""outside"":false,""outsidePx"":0},{""x"":1404.7,""y"":626.7,""t"":1094,""outside"":false,""outsidePx"":0},{""x"":1414.7,""y"":624.7,""t"":1110,""outside"":false,""outsidePx"":0},{""x"":1425.3,""y"":619.3,""t"":1127,""outside"":false,""outsidePx"":0},{""x"":1438,""y"":614.7,""t"":1144,""outside"":false,""outsidePx"":0},{""x"":1453.3,""y"":607.3,""t"":1161,""outside"":false,""outsidePx"":0},{""x"":1469.3,""y"":600.7,""t"":1177,""outside"":false,""outsidePx"":0},{""x"":1484.7,""y"":593.3,""t"":1194,""outside"":false,""outsidePx"":0},{""x"":1498.7,""y"":588,""t"":1211,""outside"":false,""outsidePx"":0},{""x"":1512.7,""y"":581.3,""t"":1227,""outside"":false,""outsidePx"":0},{""x"":1526.7,""y"":574,""t"":1244,""outside"":false,""outsidePx"":0},{""x"":1540.7,""y"":567.3,""t"":1260,""outside"":false,""outsidePx"":0},{""x"":1560,""y"":556.7,""t"":1277,""outside"":false,""outsidePx"":0},{""x"":1579.3,""y"":548,""t"":1294,""outside"":false,""outsidePx"":0},{""x"":1598.7,""y"":542.7,""t"":1310,""outside"":false,""outsidePx"":0},{""x"":1610.7,""y"":537.3,""t"":1327,""outside"":false,""outsidePx"":0},{""x"":1626.7,""y"":530.7,""t"":1344,""outside"":false,""outsidePx"":0},{""x"":1640.7,""y"":523.3,""t"":1360,""outside"":false,""outsidePx"":0},{""x"":1656.7,""y"":516.7,""t"":1377,""outside"":false,""outsidePx"":0},{""x"":1672,""y"":507.3,""t"":1394,""outside"":false,""outsidePx"":0},{""x"":1686,""y"":498.7,""t"":1410,""outside"":false,""outsidePx"":0},{""x"":1702,""y"":493.3,""t"":1427,""outside"":false,""outsidePx"":0},{""x"":1719.3,""y"":486.7,""t"":1444,""outside"":false,""outsidePx"":0},{""x"":1736.7,""y"":478,""t"":1460,""outside"":false,""outsidePx"":0},{""x"":1752.7,""y"":469.3,""t"":1477,""outside"":false,""outsidePx"":0},{""x"":1768.7,""y"":460.7,""t"":1494,""outside"":false,""outsidePx"":0},{""x"":1784,""y"":451.3,""t"":1510,""outside"":false,""outsidePx"":0},{""x"":1802,""y"":441.3,""t"":1527,""outside"":false,""outsidePx"":0},{""x"":1820.7,""y"":428.7,""t"":1544,""outside"":false,""outsidePx"":0},{""x"":1840,""y"":420,""t"":1560,""outside"":false,""outsidePx"":0},{""x"":1858,""y"":411.3,""t"":1577,""outside"":false,""outsidePx"":0},{""x"":1873.3,""y"":400.7,""t"":1594,""outside"":false,""outsidePx"":0},{""x"":1889.3,""y"":390.7,""t"":1610,""outside"":false,""outsidePx"":0},{""x"":1904.7,""y"":380,""t"":1627,""outside"":false,""outsidePx"":0},{""x"":1922.7,""y"":369.3,""t"":1644,""outside"":false,""outsidePx"":0},{""x"":1938,""y"":358.7,""t"":1660,""outside"":false,""outsidePx"":0},{""x"":1957.3,""y"":344.7,""t"":1677,""outside"":false,""outsidePx"":0},{""x"":1974.7,""y"":332.7,""t"":1694,""outside"":false,""outsidePx"":0},{""x"":1992.7,""y"":322,""t"":1710,""outside"":false,""outsidePx"":0},{""x"":2012,""y"":311.3,""t"":1727,""outside"":false,""outsidePx"":0},{""x"":2024,""y"":302.7,""t"":1744,""outside"":false,""outsidePx"":0},{""x"":2036,""y"":297.3,""t"":1760,""outside"":false,""outsidePx"":0},{""x"":2041.3,""y"":292.7,""t"":1777,""outside"":false,""outsidePx"":0},{""x"":2046.7,""y"":288.7,""t"":1794,""outside"":false,""outsidePx"":0},{""x"":2054,""y"":285.3,""t"":1810,""outside"":false,""outsidePx"":0},{""x"":2057.3,""y"":282,""t"":1827,""outside"":false,""outsidePx"":0},{""x"":2060.7,""y"":278.7,""t"":1844,""outside"":false,""outsidePx"":0},{""x"":2062.7,""y"":276.7,""t"":1861,""outside"":false,""outsidePx"":0}]"
shohei,main,practice,C2,幅狭条件,A固定・W狭い,70,1350,19.286,2,13,43,43,43,2026-09-29T08:05:02.550Z,2026-09-29T08:05:04.235Z,1685,162,1463,1301,true,true,none,2040.7,290,1,false,0,0,0,false,[],"[{""x"":566,""y"":1111.3,""t"":0,""outside"":false,""outsidePx"":0},{""x"":570,""y"":1108,""t"":6,""outside"":false,""outsidePx"":0},{""x"":574.7,""y"":1102.7,""t"":23,""outside"":false,""outsidePx"":0},{""x"":580,""y"":1099.3,""t"":40,""outside"":false,""outsidePx"":0},{""x"":588.7,""y"":1092,""t"":56,""outside"":false,""outsidePx"":0},{""x"":604.7,""y"":1083.3,""t"":73,""outside"":false,""outsidePx"":0},{""x"":624,""y"":1072.7,""t"":90,""outside"":false,""outsidePx"":0},{""x"":641.3,""y"":1064,""t"":106,""outside"":false,""outsidePx"":0},{""x"":657.3,""y"":1057.3,""t"":122,""outside"":false,""outsidePx"":0},{""x"":668,""y"":1052,""t"":139,""outside"":false,""outsidePx"":0},{""x"":682,""y"":1044.7,""t"":156,""outside"":false,""outsidePx"":0},{""x"":694,""y"":1036,""t"":172,""outside"":false,""outsidePx"":0},{""x"":704.7,""y"":1030.7,""t"":189,""outside"":false,""outsidePx"":0},{""x"":718.7,""y"":1025.3,""t"":206,""outside"":false,""outsidePx"":0},{""x"":728.7,""y"":1022,""t"":223,""outside"":false,""outsidePx"":0},{""x"":742.7,""y"":1016.7,""t"":239,""outside"":false,""outsidePx"":0},{""x"":755.3,""y"":1013.3,""t"":256,""outside"":false,""outsidePx"":0},{""x"":764,""y"":1008,""t"":273,""outside"":false,""outsidePx"":0},{""x"":772.7,""y"":1002.7,""t"":289,""outside"":false,""outsidePx"":0},{""x"":783.3,""y"":996,""t"":306,""outside"":false,""outsidePx"":0},{""x"":790,""y"":990.7,""t"":323,""outside"":false,""outsidePx"":0},{""x"":798.7,""y"":985.3,""t"":339,""outside"":false,""outsidePx"":0},{""x"":806,""y"":982,""t"":356,""outside"":false,""outsidePx"":0},{""x"":814.7,""y"":978.7,""t"":373,""outside"":false,""outsidePx"":0},{""x"":825.3,""y"":971.3,""t"":390,""outside"":false,""outsidePx"":0},{""x"":836,""y"":962.7,""t"":406,""outside"":false,""outsidePx"":0},{""x"":844.7,""y"":955.3,""t"":423,""outside"":false,""outsidePx"":0},{""x"":853.3,""y"":946.7,""t"":439,""outside"":false,""outsidePx"":0},{""x"":860,""y"":941.3,""t"":456,""outside"":false,""outsidePx"":0},{""x"":872.7,""y"":934.7,""t"":472,""outside"":false,""outsidePx"":0},{""x"":886.7,""y"":927.3,""t"":489,""outside"":false,""outsidePx"":0},{""x"":896.7,""y"":920.7,""t"":506,""outside"":false,""outsidePx"":0},{""x"":910.7,""y"":913.3,""t"":522,""outside"":false,""outsidePx"":0},{""x"":923.3,""y"":906.7,""t"":539,""outside"":false,""outsidePx"":0},{""x"":937.3,""y"":899.3,""t"":556,""outside"":false,""outsidePx"":0},{""x"":954.7,""y"":887.3,""t"":573,""outside"":false,""outsidePx"":0},{""x"":972,""y"":878.7,""t"":589,""outside"":false,""outsidePx"":0},{""x"":990,""y"":870,""t"":606,""outside"":false,""outsidePx"":0},{""x"":1007.3,""y"":862.7,""t"":622,""outside"":false,""outsidePx"":0},{""x"":1021.3,""y"":856,""t"":639,""outside"":false,""outsidePx"":0},{""x"":1033.3,""y"":848.7,""t"":656,""outside"":false,""outsidePx"":0},{""x"":1046,""y"":842,""t"":673,""outside"":false,""outsidePx"":0},{""x"":1058,""y"":836.7,""t"":689,""outside"":false,""outsidePx"":0},{""x"":1070,""y"":829.3,""t"":706,""outside"":false,""outsidePx"":0},{""x"":1082.7,""y"":822.7,""t"":722,""outside"":false,""outsidePx"":0},{""x"":1096.7,""y"":815.3,""t"":739,""outside"":false,""outsidePx"":0},{""x"":1110.7,""y"":806.7,""t"":756,""outside"":false,""outsidePx"":0},{""x"":1126,""y"":798,""t"":773,""outside"":false,""outsidePx"":0},{""x"":1144,""y"":787.3,""t"":789,""outside"":false,""outsidePx"":0},{""x"":1161.3,""y"":777.3,""t"":806,""outside"":false,""outsidePx"":0},{""x"":1178.7,""y"":768.7,""t"":822,""outside"":false,""outsidePx"":0},{""x"":1194.7,""y"":758,""t"":839,""outside"":false,""outsidePx"":0},{""x"":1212,""y"":747.3,""t"":856,""outside"":false,""outsidePx"":0},{""x"":1229.3,""y"":738.7,""t"":872,""outside"":false,""outsidePx"":0},{""x"":1245.3,""y"":726.7,""t"":889,""outside"":false,""outsidePx"":0},{""x"":1260.7,""y"":716,""t"":906,""outside"":false,""outsidePx"":0},{""x"":1278.7,""y"":703.3,""t"":923,""outside"":false,""outsidePx"":0},{""x"":1298,""y"":691.3,""t"":939,""outside"":false,""outsidePx"":0},{""x"":1318.7,""y"":679.3,""t"":956,""outside"":false,""outsidePx"":0},{""x"":1338,""y"":666.7,""t"":972,""outside"":false,""outsidePx"":0},{""x"":1357.3,""y"":654.7,""t"":989,""outside"":false,""outsidePx"":0},{""x"":1376.7,""y"":644,""t"":1006,""outside"":false,""outsidePx"":0},{""x"":1390.7,""y"":633.3,""t"":1022,""outside"":false,""outsidePx"":0},{""x"":1408,""y"":619.3,""t"":1039,""outside"":false,""outsidePx"":0},{""x"":1427.3,""y"":607.3,""t"":1056,""outside"":false,""outsidePx"":0},{""x"":1444.7,""y"":596.7,""t"":1072,""outside"":false,""outsidePx"":0},{""x"":1464,""y"":586.7,""t"":1089,""outside"":false,""outsidePx"":0},{""x"":1488.7,""y"":574,""t"":1106,""outside"":false,""outsidePx"":0},{""x"":1504,""y"":565.3,""t"":1122,""outside"":false,""outsidePx"":0},{""x"":1522,""y"":556.7,""t"":1139,""outside"":false,""outsidePx"":0},{""x"":1537.3,""y"":546,""t"":1156,""outside"":false,""outsidePx"":0},{""x"":1551.3,""y"":537.3,""t"":1172,""outside"":false,""outsidePx"":0},{""x"":1570.7,""y"":526.7,""t"":1189,""outside"":false,""outsidePx"":0},{""x"":1586.7,""y"":518,""t"":1206,""outside"":false,""outsidePx"":0},{""x"":1610.7,""y"":507.3,""t"":1222,""outside"":false,""outsidePx"":0},{""x"":1626.7,""y"":498.7,""t"":1239,""outside"":false,""outsidePx"":0},{""x"":1640.7,""y"":492,""t"":1256,""outside"":false,""outsidePx"":0},{""x"":1654.7,""y"":483.3,""t"":1273,""outside"":false,""outsidePx"":0},{""x"":1670.7,""y"":472.7,""t"":1289,""outside"":false,""outsidePx"":0},{""x"":1688,""y"":462,""t"":1306,""outside"":false,""outsidePx"":0},{""x"":1705.3,""y"":451.3,""t"":1322,""outside"":false,""outsidePx"":0},{""x"":1726.7,""y"":442.7,""t"":1339,""outside"":false,""outsidePx"":0},{""x"":1744,""y"":432.7,""t"":1356,""outside"":false,""outsidePx"":0},{""x"":1764.7,""y"":422,""t"":1372,""outside"":false,""outsidePx"":0},{""x"":1784,""y"":413.3,""t"":1389,""outside"":false,""outsidePx"":0},{""x"":1798,""y"":404.7,""t"":1406,""outside"":false,""outsidePx"":0},{""x"":1816,""y"":397.3,""t"":1423,""outside"":false,""outsidePx"":0},{""x"":1834.7,""y"":388.7,""t"":1439,""outside"":false,""outsidePx"":0},{""x"":1852.7,""y"":381.3,""t"":1456,""outside"":false,""outsidePx"":0},{""x"":1873.3,""y"":372.7,""t"":1472,""outside"":false,""outsidePx"":0},{""x"":1892.7,""y"":362.7,""t"":1489,""outside"":false,""outsidePx"":0},{""x"":1912,""y"":352,""t"":1506,""outside"":false,""outsidePx"":0},{""x"":1932.7,""y"":341.3,""t"":1522,""outside"":false,""outsidePx"":0},{""x"":1956,""y"":329.3,""t"":1539,""outside"":false,""outsidePx"":0},{""x"":1980,""y"":318.7,""t"":1556,""outside"":false,""outsidePx"":0},{""x"":2004.7,""y"":310,""t"":1572,""outside"":false,""outsidePx"":0},{""x"":2026,""y"":302.7,""t"":1589,""outside"":false,""outsidePx"":0},{""x"":2041.3,""y"":294,""t"":1606,""outside"":false,""outsidePx"":0},{""x"":2052,""y"":288.7,""t"":1622,""outside"":false,""outsidePx"":0},{""x"":2054,""y"":287.3,""t"":1639,""outside"":false,""outsidePx"":0},{""x"":2052.7,""y"":287.3,""t"":1662,""outside"":false,""outsidePx"":0},{""x"":2047.3,""y"":287.3,""t"":1674,""outside"":false,""outsidePx"":0},{""x"":2040.7,""y"":290,""t"":1685,""outside"":false,""outsidePx"":0}]"
shohei,main,practice,C2,幅狭条件,A固定・W狭い,70,1350,19.286,2,14,44,44,44,2026-09-29T08:05:05.116Z,2026-09-29T08:05:06.371Z,1255,146,1044,898,true,true,none,2066.7,267.3,1,false,0,0,0,false,[],"[{""x"":556.7,""y"":1112.7,""t"":0,""outside"":false,""outsidePx"":0},{""x"":557.3,""y"":1112.7,""t"":24,""outside"":false,""outsidePx"":0},{""x"":562.7,""y"":1111.3,""t"":40,""outside"":false,""outsidePx"":0},{""x"":570,""y"":1106,""t"":57,""outside"":false,""outsidePx"":0},{""x"":578.7,""y"":1099.3,""t"":73,""outside"":false,""outsidePx"":0},{""x"":598,""y"":1090.7,""t"":90,""outside"":false,""outsidePx"":0},{""x"":626,""y"":1081.3,""t"":107,""outside"":false,""outsidePx"":0},{""x"":655.3,""y"":1069.3,""t"":123,""outside"":false,""outsidePx"":0},{""x"":683.3,""y"":1053.3,""t"":140,""outside"":false,""outsidePx"":0},{""x"":706,""y"":1044.7,""t"":157,""outside"":false,""outsidePx"":0},{""x"":728.7,""y"":1034.7,""t"":173,""outside"":false,""outsidePx"":0},{""x"":746.7,""y"":1027.3,""t"":190,""outside"":false,""outsidePx"":0},{""x"":756.7,""y"":1022,""t"":207,""outside"":false,""outsidePx"":0},{""x"":767.3,""y"":1016.7,""t"":223,""outside"":false,""outsidePx"":0},{""x"":781.3,""y"":1010,""t"":240,""outside"":false,""outsidePx"":0},{""x"":800.7,""y"":1002.7,""t"":257,""outside"":false,""outsidePx"":0},{""x"":823.3,""y"":996,""t"":273,""outside"":false,""outsidePx"":0},{""x"":851.3,""y"":987.3,""t"":290,""outside"":false,""outsidePx"":0},{""x"":872.7,""y"":976.7,""t"":307,""outside"":false,""outsidePx"":0},{""x"":895.3,""y"":962.7,""t"":323,""outside"":false,""outsidePx"":0},{""x"":920,""y"":946.7,""t"":340,""outside"":false,""outsidePx"":0},{""x"":942.7,""y"":931.3,""t"":357,""outside"":false,""outsidePx"":0},{""x"":970.7,""y"":913.3,""t"":373,""outside"":false,""outsidePx"":0},{""x"":996.7,""y"":899.3,""t"":390,""outside"":false,""outsidePx"":0},{""x"":1019.3,""y"":884,""t"":407,""outside"":false,""outsidePx"":0},{""x"":1042,""y"":866.7,""t"":423,""outside"":false,""outsidePx"":0},{""x"":1061.3,""y"":850.7,""t"":440,""outside"":false,""outsidePx"":0},{""x"":1082.7,""y"":833.3,""t"":457,""outside"":false,""outsidePx"":0},{""x"":1105.3,""y"":817.3,""t"":473,""outside"":false,""outsidePx"":0},{""x"":1128,""y"":801.3,""t"":490,""outside"":false,""outsidePx"":0},{""x"":1148.7,""y"":787.3,""t"":507,""outside"":false,""outsidePx"":0},{""x"":1172,""y"":773.3,""t"":523,""outside"":false,""outsidePx"":0},{""x"":1192.7,""y"":761.3,""t"":540,""outside"":false,""outsidePx"":0},{""x"":1217.3,""y"":745.3,""t"":557,""outside"":false,""outsidePx"":0},{""x"":1243.3,""y"":731.3,""t"":573,""outside"":false,""outsidePx"":0},{""x"":1268,""y"":719.3,""t"":590,""outside"":false,""outsidePx"":0},{""x"":1292.7,""y"":707.3,""t"":607,""outside"":false,""outsidePx"":0},{""x"":1315.3,""y"":694.7,""t"":623,""outside"":false,""outsidePx"":0},{""x"":1332.7,""y"":682.7,""t"":640,""outside"":false,""outsidePx"":0},{""x"":1355.3,""y"":668.7,""t"":657,""outside"":false,""outsidePx"":0},{""x"":1376.7,""y"":656.7,""t"":673,""outside"":false,""outsidePx"":0},{""x"":1397.3,""y"":644,""t"":690,""outside"":false,""outsidePx"":0},{""x"":1420,""y"":632,""t"":707,""outside"":false,""outsidePx"":0},{""x"":1441.3,""y"":619.3,""t"":723,""outside"":false,""outsidePx"":0},{""x"":1458.7,""y"":609.3,""t"":740,""outside"":false,""outsidePx"":0},{""x"":1478,""y"":596.7,""t"":757,""outside"":false,""outsidePx"":0},{""x"":1497.3,""y"":584.7,""t"":773,""outside"":false,""outsidePx"":0},{""x"":1516.7,""y"":574,""t"":790,""outside"":false,""outsidePx"":0},{""x"":1537.3,""y"":562,""t"":806,""outside"":false,""outsidePx"":0},{""x"":1556.7,""y"":551.3,""t"":823,""outside"":false,""outsidePx"":0},{""x"":1574,""y"":542.7,""t"":840,""outside"":false,""outsidePx"":0},{""x"":1590,""y"":534,""t"":857,""outside"":false,""outsidePx"":0},{""x"":1607.3,""y"":523.3,""t"":873,""outside"":false,""outsidePx"":0},{""x"":1624.7,""y"":512.7,""t"":890,""outside"":false,""outsidePx"":0},{""x"":1646,""y"":500.7,""t"":907,""outside"":false,""outsidePx"":0},{""x"":1668.7,""y"":488.7,""t"":923,""outside"":false,""outsidePx"":0},{""x"":1693.3,""y"":474.7,""t"":940,""outside"":false,""outsidePx"":0},{""x"":1722.7,""y"":458.7,""t"":956,""outside"":false,""outsidePx"":0},{""x"":1749.3,""y"":442.7,""t"":973,""outside"":false,""outsidePx"":0},{""x"":1774,""y"":428.7,""t"":990,""outside"":false,""outsidePx"":0},{""x"":1803.3,""y"":411.3,""t"":1007,""outside"":false,""outsidePx"":0},{""x"":1828,""y"":395.3,""t"":1023,""outside"":false,""outsidePx"":0},{""x"":1854,""y"":381.3,""t"":1040,""outside"":false,""outsidePx"":0},{""x"":1884,""y"":366,""t"":1057,""outside"":false,""outsidePx"":0},{""x"":1914,""y"":353.3,""t"":1073,""outside"":false,""outsidePx"":0},{""x"":1940,""y"":339.3,""t"":1090,""outside"":false,""outsidePx"":0},{""x"":1966,""y"":324,""t"":1106,""outside"":false,""outsidePx"":0},{""x"":1994,""y"":308,""t"":1123,""outside"":false,""outsidePx"":0},{""x"":2024,""y"":290.7,""t"":1140,""outside"":false,""outsidePx"":0},{""x"":2054,""y"":276.7,""t"":1157,""outside"":false,""outsidePx"":0},{""x"":2076.7,""y"":264.7,""t"":1173,""outside"":false,""outsidePx"":0},{""x"":2090.7,""y"":255.3,""t"":1190,""outside"":false,""outsidePx"":0},{""x"":2094,""y"":254,""t"":1207,""outside"":false,""outsidePx"":0},{""x"":2092.7,""y"":254,""t"":1223,""outside"":false,""outsidePx"":0},{""x"":2082.7,""y"":256.7,""t"":1240,""outside"":false,""outsidePx"":0},{""x"":2066.7,""y"":267.3,""t"":1255,""outside"":false,""outsidePx"":0}]"
shohei,main,practice,C2,幅狭条件,A固定・W狭い,70,1350,19.286,2,15,45,45,45,2026-09-29T08:05:07.117Z,2026-09-29T08:05:08.286Z,1169,134,996,862,true,true,none,2070,267.3,1,false,0,0,0,false,[],"[{""x"":574.7,""y"":1128.7,""t"":0,""outside"":false,""outsidePx"":0},{""x"":576.7,""y"":1127.3,""t"":5,""outside"":false,""outsidePx"":0},{""x"":582,""y"":1123.3,""t"":21,""outside"":false,""outsidePx"":0},{""x"":587.3,""y"":1122,""t"":38,""outside"":false,""outsidePx"":0},{""x"":599.3,""y"":1116.7,""t"":55,""outside"":false,""outsidePx"":0},{""x"":618.7,""y"":1109.3,""t"":72,""outside"":false,""outsidePx"":0},{""x"":644.7,""y"":1102.7,""t"":88,""outside"":false,""outsidePx"":0},{""x"":669.3,""y"":1092,""t"":105,""outside"":false,""outsidePx"":0},{""x"":690.7,""y"":1083.3,""t"":121,""outside"":false,""outsidePx"":0},{""x"":710,""y"":1072.7,""t"":138,""outside"":false,""outsidePx"":0},{""x"":732.7,""y"":1060.7,""t"":155,""outside"":false,""outsidePx"":0},{""x"":755.3,""y"":1046.7,""t"":171,""outside"":false,""outsidePx"":0},{""x"":772.7,""y"":1038,""t"":188,""outside"":false,""outsidePx"":0},{""x"":788.7,""y"":1029.3,""t"":205,""outside"":false,""outsidePx"":0},{""x"":804,""y"":1020.7,""t"":221,""outside"":false,""outsidePx"":0},{""x"":818,""y"":1015.3,""t"":238,""outside"":false,""outsidePx"":0},{""x"":839.3,""y"":1004.7,""t"":255,""outside"":false,""outsidePx"":0},{""x"":858.7,""y"":994,""t"":271,""outside"":false,""outsidePx"":0},{""x"":881.3,""y"":980,""t"":288,""outside"":false,""outsidePx"":0},{""x"":904,""y"":966,""t"":305,""outside"":false,""outsidePx"":0},{""x"":924.7,""y"":954,""t"":321,""outside"":false,""outsidePx"":0},{""x"":949.3,""y"":936.7,""t"":338,""outside"":false,""outsidePx"":0},{""x"":972,""y"":922.7,""t"":355,""outside"":false,""outsidePx"":0},{""x"":996.7,""y"":904.7,""t"":371,""outside"":false,""outsidePx"":0},{""x"":1019.3,""y"":889.3,""t"":388,""outside"":false,""outsidePx"":0},{""x"":1044,""y"":871.3,""t"":405,""outside"":false,""outsidePx"":0},{""x"":1064.7,""y"":854,""t"":421,""outside"":false,""outsidePx"":0},{""x"":1082.7,""y"":840,""t"":438,""outside"":false,""outsidePx"":0},{""x"":1103.3,""y"":824.7,""t"":455,""outside"":false,""outsidePx"":0},{""x"":1120.7,""y"":812,""t"":471,""outside"":false,""outsidePx"":0},{""x"":1144,""y"":796.7,""t"":488,""outside"":false,""outsidePx"":0},{""x"":1164.7,""y"":784,""t"":505,""outside"":false,""outsidePx"":0},{""x"":1184,""y"":770,""t"":521,""outside"":false,""outsidePx"":0},{""x"":1208.7,""y"":754.7,""t"":538,""outside"":false,""outsidePx"":0},{""x"":1232.7,""y"":738.7,""t"":555,""outside"":false,""outsidePx"":0},{""x"":1257.3,""y"":722.7,""t"":571,""outside"":false,""outsidePx"":0},{""x"":1287.3,""y"":705.3,""t"":588,""outside"":false,""outsidePx"":0},{""x"":1312,""y"":691.3,""t"":605,""outside"":false,""outsidePx"":0},{""x"":1338,""y"":677.3,""t"":621,""outside"":false,""outsidePx"":0},{""x"":1364,""y"":661.3,""t"":638,""outside"":false,""outsidePx"":0},{""x"":1388.7,""y"":646,""t"":655,""outside"":false,""outsidePx"":0},{""x"":1413.3,""y"":630,""t"":671,""outside"":false,""outsidePx"":0},{""x"":1439.3,""y"":616,""t"":688,""outside"":false,""outsidePx"":0},{""x"":1462,""y"":602,""t"":705,""outside"":false,""outsidePx"":0},{""x"":1484.7,""y"":590,""t"":721,""outside"":false,""outsidePx"":0},{""x"":1508,""y"":577.3,""t"":738,""outside"":false,""outsidePx"":0},{""x"":1530.7,""y"":563.3,""t"":754,""outside"":false,""outsidePx"":0},{""x"":1551.3,""y"":551.3,""t"":771,""outside"":false,""outsidePx"":0},{""x"":1574,""y"":539.3,""t"":788,""outside"":false,""outsidePx"":0},{""x"":1595.3,""y"":526.7,""t"":804,""outside"":false,""outsidePx"":0},{""x"":1614.7,""y"":516.7,""t"":821,""outside"":false,""outsidePx"":0},{""x"":1634,""y"":504,""t"":838,""outside"":false,""outsidePx"":0},{""x"":1652.7,""y"":495.3,""t"":854,""outside"":false,""outsidePx"":0},{""x"":1672,""y"":483.3,""t"":871,""outside"":false,""outsidePx"":0},{""x"":1690,""y"":472.7,""t"":888,""outside"":false,""outsidePx"":0},{""x"":1708.7,""y"":462,""t"":904,""outside"":false,""outsidePx"":0},{""x"":1730,""y"":450,""t"":921,""outside"":false,""outsidePx"":0},{""x"":1756,""y"":437.3,""t"":938,""outside"":false,""outsidePx"":0},{""x"":1784,""y"":422,""t"":954,""outside"":false,""outsidePx"":0},{""x"":1816,""y"":406,""t"":971,""outside"":false,""outsidePx"":0},{""x"":1845.3,""y"":390.7,""t"":988,""outside"":false,""outsidePx"":0},{""x"":1880.7,""y"":372.7,""t"":1004,""outside"":false,""outsidePx"":0},{""x"":1912,""y"":355.3,""t"":1021,""outside"":false,""outsidePx"":0},{""x"":1945.3,""y"":336,""t"":1038,""outside"":false,""outsidePx"":0},{""x"":1980,""y"":315.3,""t"":1055,""outside"":false,""outsidePx"":0},{""x"":2013.3,""y"":299.3,""t"":1071,""outside"":false,""outsidePx"":0},{""x"":2043.3,""y"":285.3,""t"":1088,""outside"":false,""outsidePx"":0},{""x"":2068,""y"":274.7,""t"":1105,""outside"":false,""outsidePx"":0},{""x"":2080,""y"":268,""t"":1121,""outside"":false,""outsidePx"":0},{""x"":2082,""y"":266,""t"":1138,""outside"":false,""outsidePx"":0},{""x"":2078.7,""y"":266,""t"":1154,""outside"":false,""outsidePx"":0},{""x"":2070,""y"":267.3,""t"":1168,""outside"":false,""outsidePx"":0}]"
shohei,main,practice,C2,幅狭条件,A固定・W狭い,70,1350,19.286,2,16,46,46,46,2026-09-29T08:05:09.004Z,2026-09-29T08:05:10.385Z,1382,167,1151,984,true,true,none,2098,242.7,1,false,0,0,0,false,[],"[{""x"":552,""y"":1130,""t"":0,""outside"":false,""outsidePx"":0},{""x"":552,""y"":1128.7,""t"":3,""outside"":false,""outsidePx"":0},{""x"":554,""y"":1128.7,""t"":18,""outside"":false,""outsidePx"":0},{""x"":556,""y"":1127.3,""t"":35,""outside"":false,""outsidePx"":0},{""x"":557.3,""y"":1123.3,""t"":52,""outside"":false,""outsidePx"":0},{""x"":562.7,""y"":1120,""t"":68,""outside"":false,""outsidePx"":0},{""x"":573.3,""y"":1113.3,""t"":85,""outside"":false,""outsidePx"":0},{""x"":592.7,""y"":1102.7,""t"":102,""outside"":false,""outsidePx"":0},{""x"":616.7,""y"":1088.7,""t"":118,""outside"":false,""outsidePx"":0},{""x"":648.7,""y"":1074.7,""t"":135,""outside"":false,""outsidePx"":0},{""x"":674.7,""y"":1062.7,""t"":151,""outside"":false,""outsidePx"":0},{""x"":694,""y"":1052,""t"":168,""outside"":false,""outsidePx"":0},{""x"":708,""y"":1043.3,""t"":185,""outside"":false,""outsidePx"":0},{""x"":724,""y"":1036,""t"":201,""outside"":false,""outsidePx"":0},{""x"":739.3,""y"":1029.3,""t"":218,""outside"":false,""outsidePx"":0},{""x"":752,""y"":1024,""t"":235,""outside"":false,""outsidePx"":0},{""x"":764,""y"":1016.7,""t"":251,""outside"":false,""outsidePx"":0},{""x"":783.3,""y"":1006.7,""t"":268,""outside"":false,""outsidePx"":0},{""x"":804,""y"":996,""t"":285,""outside"":false,""outsidePx"":0},{""x"":830.7,""y"":985.3,""t"":301,""outside"":false,""outsidePx"":0},{""x"":851.3,""y"":974.7,""t"":318,""outside"":false,""outsidePx"":0},{""x"":867.3,""y"":964.7,""t"":335,""outside"":false,""outsidePx"":0},{""x"":881.3,""y"":954,""t"":351,""outside"":false,""outsidePx"":0},{""x"":898.7,""y"":941.3,""t"":368,""outside"":false,""outsidePx"":0},{""x"":921.3,""y"":927.3,""t"":385,""outside"":false,""outsidePx"":0},{""x"":940.7,""y"":917.3,""t"":401,""outside"":false,""outsidePx"":0},{""x"":963.3,""y"":903.3,""t"":418,""outside"":false,""outsidePx"":0},{""x"":980.7,""y"":889.3,""t"":435,""outside"":false,""outsidePx"":0},{""x"":1000,""y"":875.3,""t"":451,""outside"":false,""outsidePx"":0},{""x"":1022.7,""y"":859.3,""t"":468,""outside"":false,""outsidePx"":0},{""x"":1049.3,""y"":843.3,""t"":485,""outside"":false,""outsidePx"":0},{""x"":1072,""y"":829.3,""t"":501,""outside"":false,""outsidePx"":0},{""x"":1094.7,""y"":815.3,""t"":518,""outside"":false,""outsidePx"":0},{""x"":1112,""y"":803.3,""t"":535,""outside"":false,""outsidePx"":0},{""x"":1133.3,""y"":787.3,""t"":551,""outside"":false,""outsidePx"":0},{""x"":1154,""y"":773.3,""t"":568,""outside"":false,""outsidePx"":0},{""x"":1173.3,""y"":763.3,""t"":585,""outside"":false,""outsidePx"":0},{""x"":1192.7,""y"":752.7,""t"":601,""outside"":false,""outsidePx"":0},{""x"":1210,""y"":742,""t"":618,""outside"":false,""outsidePx"":0},{""x"":1229.3,""y"":730,""t"":635,""outside"":false,""outsidePx"":0},{""x"":1250.7,""y"":716,""t"":651,""outside"":false,""outsidePx"":0},{""x"":1273.3,""y"":702,""t"":668,""outside"":false,""outsidePx"":0},{""x"":1296,""y"":689.3,""t"":685,""outside"":false,""outsidePx"":0},{""x"":1322,""y"":675.3,""t"":701,""outside"":false,""outsidePx"":0},{""x"":1343.3,""y"":663.3,""t"":718,""outside"":false,""outsidePx"":0},{""x"":1364,""y"":651.3,""t"":735,""outside"":false,""outsidePx"":0},{""x"":1385.3,""y"":637.3,""t"":751,""outside"":false,""outsidePx"":0},{""x"":1400.7,""y"":628.7,""t"":768,""outside"":false,""outsidePx"":0},{""x"":1424,""y"":614.7,""t"":785,""outside"":false,""outsidePx"":0},{""x"":1444.7,""y"":605.3,""t"":801,""outside"":false,""outsidePx"":0},{""x"":1458.7,""y"":596.7,""t"":818,""outside"":false,""outsidePx"":0},{""x"":1474.7,""y"":590,""t"":835,""outside"":false,""outsidePx"":0},{""x"":1488.7,""y"":582.7,""t"":851,""outside"":false,""outsidePx"":0},{""x"":1502.7,""y"":576,""t"":868,""outside"":false,""outsidePx"":0},{""x"":1518,""y"":565.3,""t"":885,""outside"":false,""outsidePx"":0},{""x"":1540.7,""y"":554.7,""t"":902,""outside"":false,""outsidePx"":0},{""x"":1562,""y"":544.7,""t"":918,""outside"":false,""outsidePx"":0},{""x"":1584.7,""y"":534,""t"":935,""outside"":false,""outsidePx"":0},{""x"":1607.3,""y"":521.3,""t"":951,""outside"":false,""outsidePx"":0},{""x"":1626.7,""y"":512.7,""t"":968,""outside"":false,""outsidePx"":0},{""x"":1649.3,""y"":500.7,""t"":985,""outside"":false,""outsidePx"":0},{""x"":1670.7,""y"":488.7,""t"":1001,""outside"":false,""outsidePx"":0},{""x"":1690,""y"":478,""t"":1018,""outside"":false,""outsidePx"":0},{""x"":1712.7,""y"":465.3,""t"":1035,""outside"":false,""outsidePx"":0},{""x"":1732,""y"":455.3,""t"":1051,""outside"":false,""outsidePx"":0},{""x"":1752.7,""y"":444.7,""t"":1068,""outside"":false,""outsidePx"":0},{""x"":1774,""y"":434,""t"":1085,""outside"":false,""outsidePx"":0},{""x"":1792.7,""y"":422,""t"":1101,""outside"":false,""outsidePx"":0},{""x"":1817.3,""y"":409.3,""t"":1118,""outside"":false,""outsidePx"":0},{""x"":1840,""y"":395.3,""t"":1135,""outside"":false,""outsidePx"":0},{""x"":1864.7,""y"":381.3,""t"":1151,""outside"":false,""outsidePx"":0},{""x"":1890.7,""y"":366,""t"":1168,""outside"":false,""outsidePx"":0},{""x"":1920.7,""y"":348.7,""t"":1185,""outside"":false,""outsidePx"":0},{""x"":1946.7,""y"":330.7,""t"":1201,""outside"":false,""outsidePx"":0},{""x"":1973.3,""y"":315.3,""t"":1218,""outside"":false,""outsidePx"":0},{""x"":2001.3,""y"":297.3,""t"":1235,""outside"":false,""outsidePx"":0},{""x"":2030.7,""y"":282,""t"":1251,""outside"":false,""outsidePx"":0},{""x"":2057.3,""y"":268,""t"":1268,""outside"":false,""outsidePx"":0},{""x"":2074.7,""y"":257.3,""t"":1284,""outside"":false,""outsidePx"":0},{""x"":2096,""y"":245.3,""t"":1301,""outside"":false,""outsidePx"":0},{""x"":2104.7,""y"":238,""t"":1318,""outside"":false,""outsidePx"":0},{""x"":2106,""y"":236.7,""t"":1335,""outside"":false,""outsidePx"":0},{""x"":2105.3,""y"":236.7,""t"":1363,""outside"":false,""outsidePx"":0},{""x"":2103.3,""y"":237.3,""t"":1369,""outside"":false,""outsidePx"":0},{""x"":2098,""y"":242.7,""t"":1381,""outside"":false,""outsidePx"":0}]"
shohei,main,practice,C2,幅狭条件,A固定・W狭い,70,1350,19.286,2,17,47,47,47,2026-09-29T08:05:11.213Z,2026-09-29T08:05:12.632Z,1419,187,1152,965,true,true,none,2033.3,273.3,1,false,0,0,0,false,[],"[{""x"":565.3,""y"":1124.7,""t"":0,""outside"":false,""outsidePx"":0},{""x"":566,""y"":1123.3,""t"":12,""outside"":false,""outsidePx"":0},{""x"":568,""y"":1122,""t"":25,""outside"":false,""outsidePx"":0},{""x"":574.7,""y"":1118.7,""t"":42,""outside"":false,""outsidePx"":0},{""x"":584,""y"":1111.3,""t"":58,""outside"":false,""outsidePx"":0},{""x"":594,""y"":1106,""t"":76,""outside"":false,""outsidePx"":0},{""x"":606.7,""y"":1099.3,""t"":92,""outside"":false,""outsidePx"":0},{""x"":620.7,""y"":1092,""t"":109,""outside"":false,""outsidePx"":0},{""x"":634.7,""y"":1086.7,""t"":125,""outside"":false,""outsidePx"":0},{""x"":652,""y"":1081.3,""t"":142,""outside"":false,""outsidePx"":0},{""x"":669.3,""y"":1074.7,""t"":158,""outside"":false,""outsidePx"":0},{""x"":686.7,""y"":1067.3,""t"":175,""outside"":false,""outsidePx"":0},{""x"":702.7,""y"":1060.7,""t"":192,""outside"":false,""outsidePx"":0},{""x"":716.7,""y"":1053.3,""t"":208,""outside"":false,""outsidePx"":0},{""x"":728.7,""y"":1048.7,""t"":225,""outside"":false,""outsidePx"":0},{""x"":746.7,""y"":1039.3,""t"":242,""outside"":false,""outsidePx"":0},{""x"":762,""y"":1032.7,""t"":258,""outside"":false,""outsidePx"":0},{""x"":781.3,""y"":1024,""t"":275,""outside"":false,""outsidePx"":0},{""x"":797.3,""y"":1015.3,""t"":292,""outside"":false,""outsidePx"":0},{""x"":811.3,""y"":1006.7,""t"":308,""outside"":false,""outsidePx"":0},{""x"":823.3,""y"":996,""t"":325,""outside"":false,""outsidePx"":0},{""x"":837.3,""y"":987.3,""t"":341,""outside"":false,""outsidePx"":0},{""x"":851.3,""y"":976.7,""t"":358,""outside"":false,""outsidePx"":0},{""x"":867.3,""y"":966,""t"":375,""outside"":false,""outsidePx"":0},{""x"":884.7,""y"":954,""t"":392,""outside"":false,""outsidePx"":0},{""x"":900.7,""y"":941.3,""t"":408,""outside"":false,""outsidePx"":0},{""x"":916,""y"":927.3,""t"":425,""outside"":false,""outsidePx"":0},{""x"":932,""y"":913.3,""t"":441,""outside"":false,""outsidePx"":0},{""x"":949.3,""y"":898,""t"":458,""outside"":false,""outsidePx"":0},{""x"":966.7,""y"":884,""t"":475,""outside"":false,""outsidePx"":0},{""x"":986,""y"":871.3,""t"":491,""outside"":false,""outsidePx"":0},{""x"":1005.3,""y"":859.3,""t"":508,""outside"":false,""outsidePx"":0},{""x"":1028,""y"":843.3,""t"":525,""outside"":false,""outsidePx"":0},{""x"":1047.3,""y"":829.3,""t"":542,""outside"":false,""outsidePx"":0},{""x"":1074,""y"":815.3,""t"":558,""outside"":false,""outsidePx"":0},{""x"":1098,""y"":800,""t"":575,""outside"":false,""outsidePx"":0},{""x"":1122.7,""y"":786,""t"":591,""outside"":false,""outsidePx"":0},{""x"":1147.3,""y"":772,""t"":608,""outside"":false,""outsidePx"":0},{""x"":1158,""y"":764.7,""t"":625,""outside"":false,""outsidePx"":0},{""x"":1162.7,""y"":761.3,""t"":642,""outside"":false,""outsidePx"":0},{""x"":1232.7,""y"":722.7,""t"":658,""outside"":false,""outsidePx"":0},{""x"":1238,""y"":719.3,""t"":675,""outside"":false,""outsidePx"":0},{""x"":1284,""y"":694.7,""t"":692,""outside"":false,""outsidePx"":0},{""x"":1306.7,""y"":679.3,""t"":708,""outside"":false,""outsidePx"":0},{""x"":1329.3,""y"":666.7,""t"":725,""outside"":false,""outsidePx"":0},{""x"":1350,""y"":654.7,""t"":741,""outside"":false,""outsidePx"":0},{""x"":1369.3,""y"":646,""t"":758,""outside"":false,""outsidePx"":0},{""x"":1374.7,""y"":642.7,""t"":775,""outside"":false,""outsidePx"":0},{""x"":1400.7,""y"":628.7,""t"":791,""outside"":false,""outsidePx"":0},{""x"":1416.7,""y"":619.3,""t"":808,""outside"":false,""outsidePx"":0},{""x"":1430.7,""y"":612.7,""t"":825,""outside"":false,""outsidePx"":0},{""x"":1446.7,""y"":604,""t"":842,""outside"":false,""outsidePx"":0},{""x"":1462,""y"":596.7,""t"":858,""outside"":false,""outsidePx"":0},{""x"":1483.3,""y"":588,""t"":875,""outside"":false,""outsidePx"":0},{""x"":1502.7,""y"":577.3,""t"":892,""outside"":false,""outsidePx"":0},{""x"":1523.3,""y"":565.3,""t"":908,""outside"":false,""outsidePx"":0},{""x"":1548,""y"":551.3,""t"":925,""outside"":false,""outsidePx"":0},{""x"":1574,""y"":539.3,""t"":941,""outside"":false,""outsidePx"":0},{""x"":1598.7,""y"":525.3,""t"":958,""outside"":false,""outsidePx"":0},{""x"":1624.7,""y"":511.3,""t"":975,""outside"":false,""outsidePx"":0},{""x"":1648,""y"":500.7,""t"":991,""outside"":false,""outsidePx"":0},{""x"":1672,""y"":488.7,""t"":1008,""outside"":false,""outsidePx"":0},{""x"":1691.3,""y"":478,""t"":1025,""outside"":false,""outsidePx"":0},{""x"":1712.7,""y"":467.3,""t"":1041,""outside"":false,""outsidePx"":0},{""x"":1735.3,""y"":455.3,""t"":1058,""outside"":false,""outsidePx"":0},{""x"":1758,""y"":442.7,""t"":1075,""outside"":false,""outsidePx"":0},{""x"":1780.7,""y"":430.7,""t"":1091,""outside"":false,""outsidePx"":0},{""x"":1805.3,""y"":418.7,""t"":1108,""outside"":false,""outsidePx"":0},{""x"":1830,""y"":404.7,""t"":1125,""outside"":false,""outsidePx"":0},{""x"":1850.7,""y"":390.7,""t"":1141,""outside"":false,""outsidePx"":0},{""x"":1872,""y"":376.7,""t"":1158,""outside"":false,""outsidePx"":0},{""x"":1896,""y"":362.7,""t"":1175,""outside"":false,""outsidePx"":0},{""x"":1917.3,""y"":348.7,""t"":1191,""outside"":false,""outsidePx"":0},{""x"":1942,""y"":332.7,""t"":1208,""outside"":false,""outsidePx"":0},{""x"":1964.7,""y"":318.7,""t"":1225,""outside"":false,""outsidePx"":0},{""x"":1982,""y"":308,""t"":1241,""outside"":false,""outsidePx"":0},{""x"":1999.3,""y"":297.3,""t"":1258,""outside"":false,""outsidePx"":0},{""x"":2012,""y"":288.7,""t"":1275,""outside"":false,""outsidePx"":0},{""x"":2022,""y"":283.3,""t"":1291,""outside"":false,""outsidePx"":0},{""x"":2029.3,""y"":278.7,""t"":1308,""outside"":false,""outsidePx"":0},{""x"":2032.7,""y"":276.7,""t"":1325,""outside"":false,""outsidePx"":0},{""x"":2034.7,""y"":276.7,""t"":1342,""outside"":false,""outsidePx"":0},{""x"":2034.7,""y"":274.7,""t"":1359,""outside"":false,""outsidePx"":0},{""x"":2034.7,""y"":273.3,""t"":1383,""outside"":false,""outsidePx"":0},{""x"":2033.3,""y"":273.3,""t"":1419,""outside"":false,""outsidePx"":0}]"
shohei,main,practice,C2,幅狭条件,A固定・W狭い,70,1350,19.286,2,18,48,48,48,2026-09-29T08:05:13.426Z,2026-09-29T08:05:15.039Z,1613,279,1383,1104,true,true,none,2030.7,290,1,false,0,0,0,false,[],"[{""x"":543.3,""y"":1146.7,""t"":0,""outside"":false,""outsidePx"":0},{""x"":545.3,""y"":1146.7,""t"":12,""outside"":false,""outsidePx"":0},{""x"":546.7,""y"":1146.7,""t"":29,""outside"":false,""outsidePx"":0},{""x"":550.7,""y"":1144.7,""t"":45,""outside"":false,""outsidePx"":0},{""x"":556,""y"":1142.7,""t"":62,""outside"":false,""outsidePx"":0},{""x"":568,""y"":1136,""t"":79,""outside"":false,""outsidePx"":0},{""x"":580,""y"":1130.7,""t"":95,""outside"":false,""outsidePx"":0},{""x"":587.3,""y"":1127.3,""t"":112,""outside"":false,""outsidePx"":0},{""x"":590.7,""y"":1125.3,""t"":129,""outside"":false,""outsidePx"":0},{""x"":596,""y"":1123.3,""t"":146,""outside"":false,""outsidePx"":0},{""x"":606.7,""y"":1120,""t"":162,""outside"":false,""outsidePx"":0},{""x"":622,""y"":1111.3,""t"":179,""outside"":false,""outsidePx"":0},{""x"":640,""y"":1102.7,""t"":196,""outside"":false,""outsidePx"":0},{""x"":655.3,""y"":1095.3,""t"":212,""outside"":false,""outsidePx"":0},{""x"":671.3,""y"":1088.7,""t"":229,""outside"":false,""outsidePx"":0},{""x"":683.3,""y"":1083.3,""t"":245,""outside"":false,""outsidePx"":0},{""x"":694,""y"":1078,""t"":262,""outside"":false,""outsidePx"":0},{""x"":702.7,""y"":1071.3,""t"":279,""outside"":false,""outsidePx"":0},{""x"":713.3,""y"":1064,""t"":295,""outside"":false,""outsidePx"":0},{""x"":725.3,""y"":1055.3,""t"":312,""outside"":false,""outsidePx"":0},{""x"":741.3,""y"":1046.7,""t"":329,""outside"":false,""outsidePx"":0},{""x"":756.7,""y"":1036,""t"":346,""outside"":false,""outsidePx"":0},{""x"":769.3,""y"":1027.3,""t"":362,""outside"":false,""outsidePx"":0},{""x"":780,""y"":1018.7,""t"":379,""outside"":false,""outsidePx"":0},{""x"":788.7,""y"":1011.3,""t"":395,""outside"":false,""outsidePx"":0},{""x"":797.3,""y"":1004.7,""t"":412,""outside"":false,""outsidePx"":0},{""x"":809.3,""y"":994,""t"":429,""outside"":false,""outsidePx"":0},{""x"":820,""y"":985.3,""t"":445,""outside"":false,""outsidePx"":0},{""x"":834,""y"":973.3,""t"":462,""outside"":false,""outsidePx"":0},{""x"":848,""y"":964.7,""t"":479,""outside"":false,""outsidePx"":0},{""x"":862,""y"":957.3,""t"":495,""outside"":false,""outsidePx"":0},{""x"":870.7,""y"":952,""t"":512,""outside"":false,""outsidePx"":0},{""x"":879.3,""y"":946.7,""t"":529,""outside"":false,""outsidePx"":0},{""x"":890,""y"":938,""t"":545,""outside"":false,""outsidePx"":0},{""x"":906,""y"":927.3,""t"":562,""outside"":false,""outsidePx"":0},{""x"":923.3,""y"":917.3,""t"":579,""outside"":false,""outsidePx"":0},{""x"":944,""y"":904.7,""t"":595,""outside"":false,""outsidePx"":0},{""x"":965.3,""y"":894.7,""t"":612,""outside"":false,""outsidePx"":0},{""x"":984.7,""y"":887.3,""t"":629,""outside"":false,""outsidePx"":0},{""x"":1002,""y"":878.7,""t"":645,""outside"":false,""outsidePx"":0},{""x"":1016,""y"":870,""t"":662,""outside"":false,""outsidePx"":0},{""x"":1032,""y"":859.3,""t"":679,""outside"":false,""outsidePx"":0},{""x"":1049.3,""y"":848.7,""t"":695,""outside"":false,""outsidePx"":0},{""x"":1068.7,""y"":840,""t"":712,""outside"":false,""outsidePx"":0},{""x"":1086,""y"":829.3,""t"":729,""outside"":false,""outsidePx"":0},{""x"":1106.7,""y"":817.3,""t"":745,""outside"":false,""outsidePx"":0},{""x"":1124.7,""y"":808.7,""t"":762,""outside"":false,""outsidePx"":0},{""x"":1150.7,""y"":792.7,""t"":779,""outside"":false,""outsidePx"":0},{""x"":1176.7,""y"":778.7,""t"":795,""outside"":false,""outsidePx"":0},{""x"":1203.3,""y"":763.3,""t"":812,""outside"":false,""outsidePx"":0},{""x"":1226,""y"":750.7,""t"":828,""outside"":false,""outsidePx"":0},{""x"":1245.3,""y"":740.7,""t"":845,""outside"":false,""outsidePx"":0},{""x"":1260.7,""y"":731.3,""t"":862,""outside"":false,""outsidePx"":0},{""x"":1274.7,""y"":722.7,""t"":879,""outside"":false,""outsidePx"":0},{""x"":1290.7,""y"":714,""t"":895,""outside"":false,""outsidePx"":0},{""x"":1304.7,""y"":707.3,""t"":912,""outside"":false,""outsidePx"":0},{""x"":1320.7,""y"":696.7,""t"":929,""outside"":false,""outsidePx"":0},{""x"":1336,""y"":684.7,""t"":945,""outside"":false,""outsidePx"":0},{""x"":1355.3,""y"":672,""t"":962,""outside"":false,""outsidePx"":0},{""x"":1376.7,""y"":658,""t"":979,""outside"":false,""outsidePx"":0},{""x"":1400.7,""y"":642.7,""t"":995,""outside"":false,""outsidePx"":0},{""x"":1424,""y"":628.7,""t"":1012,""outside"":false,""outsidePx"":0},{""x"":1448,""y"":614.7,""t"":1029,""outside"":false,""outsidePx"":0},{""x"":1469.3,""y"":602,""t"":1045,""outside"":false,""outsidePx"":0},{""x"":1488.7,""y"":588,""t"":1062,""outside"":false,""outsidePx"":0},{""x"":1509.3,""y"":576,""t"":1078,""outside"":false,""outsidePx"":0},{""x"":1530.7,""y"":563.3,""t"":1095,""outside"":false,""outsidePx"":0},{""x"":1548,""y"":553.3,""t"":1112,""outside"":false,""outsidePx"":0},{""x"":1565.3,""y"":542.7,""t"":1129,""outside"":false,""outsidePx"":0},{""x"":1582.7,""y"":534,""t"":1145,""outside"":false,""outsidePx"":0},{""x"":1596.7,""y"":525.3,""t"":1162,""outside"":false,""outsidePx"":0},{""x"":1614.7,""y"":516.7,""t"":1178,""outside"":false,""outsidePx"":0},{""x"":1634,""y"":507.3,""t"":1195,""outside"":false,""outsidePx"":0},{""x"":1648,""y"":498.7,""t"":1212,""outside"":false,""outsidePx"":0},{""x"":1668.7,""y"":488.7,""t"":1229,""outside"":false,""outsidePx"":0},{""x"":1690,""y"":476,""t"":1245,""outside"":false,""outsidePx"":0},{""x"":1708.7,""y"":465.3,""t"":1262,""outside"":false,""outsidePx"":0},{""x"":1730,""y"":456.7,""t"":1279,""outside"":false,""outsidePx"":0},{""x"":1747.3,""y"":446.7,""t"":1295,""outside"":false,""outsidePx"":0},{""x"":1764.7,""y"":437.3,""t"":1312,""outside"":false,""outsidePx"":0},{""x"":1784,""y"":425.3,""t"":1329,""outside"":false,""outsidePx"":0},{""x"":1803.3,""y"":413.3,""t"":1345,""outside"":false,""outsidePx"":0},{""x"":1830,""y"":399.3,""t"":1362,""outside"":false,""outsidePx"":0},{""x"":1858,""y"":386.7,""t"":1379,""outside"":false,""outsidePx"":0},{""x"":1884,""y"":372.7,""t"":1395,""outside"":false,""outsidePx"":0},{""x"":1908.7,""y"":357.3,""t"":1412,""outside"":false,""outsidePx"":0},{""x"":1932.7,""y"":341.3,""t"":1429,""outside"":false,""outsidePx"":0},{""x"":1954,""y"":327.3,""t"":1445,""outside"":false,""outsidePx"":0},{""x"":1974.7,""y"":316.7,""t"":1462,""outside"":false,""outsidePx"":0},{""x"":1994,""y"":306.7,""t"":1478,""outside"":false,""outsidePx"":0},{""x"":2010,""y"":297.3,""t"":1495,""outside"":false,""outsidePx"":0},{""x"":2022,""y"":292.7,""t"":1512,""outside"":false,""outsidePx"":0},{""x"":2029.3,""y"":287.3,""t"":1529,""outside"":false,""outsidePx"":0},{""x"":2030.7,""y"":285.3,""t"":1545,""outside"":false,""outsidePx"":0},{""x"":2030.7,""y"":286.7,""t"":1596,""outside"":false,""outsidePx"":0},{""x"":2030.7,""y"":290,""t"":1612,""outside"":false,""outsidePx"":0}]"
shohei,main,practice,C2,幅狭条件,A固定・W狭い,70,1350,19.286,2,19,49,49,49,2026-09-29T08:05:15.900Z,2026-09-29T08:05:17.459Z,1560,145,1215,1070,true,true,none,2003.3,300.7,1,false,0,0,0,false,[],"[{""x"":566,""y"":1118,""t"":0,""outside"":false,""outsidePx"":0},{""x"":568,""y"":1118,""t"":20,""outside"":false,""outsidePx"":0},{""x"":570,""y"":1118,""t"":32,""outside"":false,""outsidePx"":0},{""x"":571.3,""y"":1118,""t"":38,""outside"":false,""outsidePx"":0},{""x"":582,""y"":1113.3,""t"":55,""outside"":false,""outsidePx"":0},{""x"":594,""y"":1106,""t"":72,""outside"":false,""outsidePx"":0},{""x"":615.3,""y"":1097.3,""t"":88,""outside"":false,""outsidePx"":0},{""x"":640,""y"":1088.7,""t"":105,""outside"":false,""outsidePx"":0},{""x"":664,""y"":1078,""t"":121,""outside"":false,""outsidePx"":0},{""x"":688.7,""y"":1067.3,""t"":138,""outside"":false,""outsidePx"":0},{""x"":711.3,""y"":1055.3,""t"":155,""outside"":false,""outsidePx"":0},{""x"":730.7,""y"":1043.3,""t"":171,""outside"":false,""outsidePx"":0},{""x"":746.7,""y"":1032.7,""t"":188,""outside"":false,""outsidePx"":0},{""x"":758.7,""y"":1025.3,""t"":205,""outside"":false,""outsidePx"":0},{""x"":767.3,""y"":1020.7,""t"":221,""outside"":false,""outsidePx"":0},{""x"":776,""y"":1013.3,""t"":238,""outside"":false,""outsidePx"":0},{""x"":786.7,""y"":1006.7,""t"":255,""outside"":false,""outsidePx"":0},{""x"":798.7,""y"":999.3,""t"":271,""outside"":false,""outsidePx"":0},{""x"":814.7,""y"":988.7,""t"":288,""outside"":false,""outsidePx"":0},{""x"":828.7,""y"":980,""t"":305,""outside"":false,""outsidePx"":0},{""x"":842.7,""y"":969.3,""t"":321,""outside"":false,""outsidePx"":0},{""x"":860,""y"":959.3,""t"":338,""outside"":false,""outsidePx"":0},{""x"":874,""y"":950.7,""t"":355,""outside"":false,""outsidePx"":0},{""x"":888,""y"":941.3,""t"":371,""outside"":false,""outsidePx"":0},{""x"":902,""y"":932.7,""t"":388,""outside"":false,""outsidePx"":0},{""x"":916,""y"":926,""t"":405,""outside"":false,""outsidePx"":0},{""x"":930,""y"":918.7,""t"":421,""outside"":false,""outsidePx"":0},{""x"":946,""y"":910,""t"":438,""outside"":false,""outsidePx"":0},{""x"":962,""y"":901.3,""t"":455,""outside"":false,""outsidePx"":0},{""x"":982.7,""y"":889.3,""t"":471,""outside"":false,""outsidePx"":0},{""x"":1005.3,""y"":876.7,""t"":488,""outside"":false,""outsidePx"":0},{""x"":1028,""y"":866.7,""t"":504,""outside"":false,""outsidePx"":0},{""x"":1047.3,""y"":854,""t"":521,""outside"":false,""outsidePx"":0},{""x"":1068.7,""y"":840,""t"":538,""outside"":false,""outsidePx"":0},{""x"":1089.3,""y"":826,""t"":555,""outside"":false,""outsidePx"":0},{""x"":1112,""y"":810.7,""t"":571,""outside"":false,""outsidePx"":0},{""x"":1134.7,""y"":796.7,""t"":588,""outside"":false,""outsidePx"":0},{""x"":1156,""y"":784,""t"":605,""outside"":false,""outsidePx"":0},{""x"":1173.3,""y"":772,""t"":621,""outside"":false,""outsidePx"":0},{""x"":1192.7,""y"":759.3,""t"":638,""outside"":false,""outsidePx"":0},{""x"":1210,""y"":749.3,""t"":655,""outside"":false,""outsidePx"":0},{""x"":1226,""y"":738.7,""t"":671,""outside"":false,""outsidePx"":0},{""x"":1242,""y"":730,""t"":688,""outside"":false,""outsidePx"":0},{""x"":1257.3,""y"":722.7,""t"":705,""outside"":false,""outsidePx"":0},{""x"":1270,""y"":716,""t"":721,""outside"":false,""outsidePx"":0},{""x"":1284,""y"":710.7,""t"":738,""outside"":false,""outsidePx"":0},{""x"":1296,""y"":702,""t"":755,""outside"":false,""outsidePx"":0},{""x"":1312,""y"":694.7,""t"":771,""outside"":false,""outsidePx"":0},{""x"":1327.3,""y"":686,""t"":788,""outside"":false,""outsidePx"":0},{""x"":1346.7,""y"":675.3,""t"":804,""outside"":false,""outsidePx"":0},{""x"":1368,""y"":665.3,""t"":821,""outside"":false,""outsidePx"":0},{""x"":1386.7,""y"":654.7,""t"":838,""outside"":false,""outsidePx"":0},{""x"":1408,""y"":642.7,""t"":855,""outside"":false,""outsidePx"":0},{""x"":1428.7,""y"":630,""t"":871,""outside"":false,""outsidePx"":0},{""x"":1450,""y"":619.3,""t"":888,""outside"":false,""outsidePx"":0},{""x"":1472.7,""y"":609.3,""t"":905,""outside"":false,""outsidePx"":0},{""x"":1492,""y"":600.7,""t"":921,""outside"":false,""outsidePx"":0},{""x"":1511.3,""y"":590,""t"":938,""outside"":false,""outsidePx"":0},{""x"":1530.7,""y"":579.3,""t"":955,""outside"":false,""outsidePx"":0},{""x"":1546,""y"":568.7,""t"":971,""outside"":false,""outsidePx"":0},{""x"":1564,""y"":558.7,""t"":988,""outside"":false,""outsidePx"":0},{""x"":1584.7,""y"":546,""t"":1004,""outside"":false,""outsidePx"":0},{""x"":1604,""y"":537.3,""t"":1021,""outside"":false,""outsidePx"":0},{""x"":1626.7,""y"":525.3,""t"":1038,""outside"":false,""outsidePx"":0},{""x"":1648,""y"":512.7,""t"":1054,""outside"":false,""outsidePx"":0},{""x"":1668.7,""y"":502.7,""t"":1071,""outside"":false,""outsidePx"":0},{""x"":1691.3,""y"":486.7,""t"":1088,""outside"":false,""outsidePx"":0},{""x"":1716,""y"":470.7,""t"":1104,""outside"":false,""outsidePx"":0},{""x"":1738.7,""y"":455.3,""t"":1121,""outside"":false,""outsidePx"":0},{""x"":1764.7,""y"":441.3,""t"":1138,""outside"":false,""outsidePx"":0},{""x"":1791.3,""y"":425.3,""t"":1154,""outside"":false,""outsidePx"":0},{""x"":1812,""y"":411.3,""t"":1171,""outside"":false,""outsidePx"":0},{""x"":1833.3,""y"":397.3,""t"":1188,""outside"":false,""outsidePx"":0},{""x"":1850.7,""y"":385.3,""t"":1204,""outside"":false,""outsidePx"":0},{""x"":1868,""y"":374.7,""t"":1221,""outside"":false,""outsidePx"":0},{""x"":1884,""y"":364,""t"":1238,""outside"":false,""outsidePx"":0},{""x"":1900,""y"":355.3,""t"":1254,""outside"":false,""outsidePx"":0},{""x"":1910,""y"":348.7,""t"":1271,""outside"":false,""outsidePx"":0},{""x"":1920.7,""y"":343.3,""t"":1288,""outside"":false,""outsidePx"":0},{""x"":1928,""y"":338,""t"":1304,""outside"":false,""outsidePx"":0},{""x"":1936.7,""y"":332.7,""t"":1322,""outside"":false,""outsidePx"":0},{""x"":1946.7,""y"":325.3,""t"":1338,""outside"":false,""outsidePx"":0},{""x"":1956,""y"":320.7,""t"":1355,""outside"":false,""outsidePx"":0},{""x"":1964.7,""y"":315.3,""t"":1371,""outside"":false,""outsidePx"":0},{""x"":1971.3,""y"":311.3,""t"":1388,""outside"":false,""outsidePx"":0},{""x"":1978.7,""y"":308,""t"":1405,""outside"":false,""outsidePx"":0},{""x"":1988.7,""y"":304.7,""t"":1421,""outside"":false,""outsidePx"":0},{""x"":2002.7,""y"":299.3,""t"":1438,""outside"":false,""outsidePx"":0},{""x"":2015.3,""y"":296,""t"":1455,""outside"":false,""outsidePx"":0},{""x"":2020.7,""y"":292.7,""t"":1472,""outside"":false,""outsidePx"":0},{""x"":2020.7,""y"":290.7,""t"":1488,""outside"":false,""outsidePx"":0},{""x"":2019.3,""y"":290.7,""t"":1521,""outside"":false,""outsidePx"":0},{""x"":2017.3,""y"":292,""t"":1534,""outside"":false,""outsidePx"":0},{""x"":2016,""y"":292,""t"":1538,""outside"":false,""outsidePx"":0},{""x"":2007.3,""y"":297.3,""t"":1555,""outside"":false,""outsidePx"":0},{""x"":2003.3,""y"":300.7,""t"":1559,""outside"":false,""outsidePx"":0}]"
shohei,main,practice,C2,幅狭条件,A固定・W狭い,70,1350,19.286,2,20,50,50,50,2026-09-29T08:05:18.386Z,2026-09-29T08:05:20.210Z,1825,257,1478,1221,true,true,none,2003.3,311.3,1,false,0,0,0,false,[],"[{""x"":526.7,""y"":1147.3,""t"":0,""outside"":false,""outsidePx"":0},{""x"":526.7,""y"":1146.7,""t"":58,""outside"":false,""outsidePx"":0},{""x"":528,""y"":1146.7,""t"":69,""outside"":false,""outsidePx"":0},{""x"":534.7,""y"":1141.3,""t"":85,""outside"":false,""outsidePx"":0},{""x"":545.3,""y"":1134,""t"":101,""outside"":false,""outsidePx"":0},{""x"":562.7,""y"":1123.3,""t"":118,""outside"":false,""outsidePx"":0},{""x"":580,""y"":1114.7,""t"":135,""outside"":false,""outsidePx"":0},{""x"":599.3,""y"":1104.7,""t"":151,""outside"":false,""outsidePx"":0},{""x"":613.3,""y"":1097.3,""t"":168,""outside"":false,""outsidePx"":0},{""x"":627.3,""y"":1090.7,""t"":185,""outside"":false,""outsidePx"":0},{""x"":644.7,""y"":1081.3,""t"":202,""outside"":false,""outsidePx"":0},{""x"":662.7,""y"":1074.7,""t"":218,""outside"":false,""outsidePx"":0},{""x"":678,""y"":1066,""t"":235,""outside"":false,""outsidePx"":0},{""x"":692,""y"":1058.7,""t"":251,""outside"":false,""outsidePx"":0},{""x"":702.7,""y"":1055.3,""t"":268,""outside"":false,""outsidePx"":0},{""x"":714.7,""y"":1052,""t"":285,""outside"":false,""outsidePx"":0},{""x"":728.7,""y"":1046.7,""t"":302,""outside"":false,""outsidePx"":0},{""x"":744.7,""y"":1043.3,""t"":318,""outside"":false,""outsidePx"":0},{""x"":762,""y"":1038,""t"":335,""outside"":false,""outsidePx"":0},{""x"":783.3,""y"":1032.7,""t"":351,""outside"":false,""outsidePx"":0},{""x"":804,""y"":1025.3,""t"":368,""outside"":false,""outsidePx"":0},{""x"":823.3,""y"":1018.7,""t"":385,""outside"":false,""outsidePx"":0},{""x"":840.7,""y"":1010,""t"":401,""outside"":false,""outsidePx"":0},{""x"":856.7,""y"":1001.3,""t"":418,""outside"":false,""outsidePx"":0},{""x"":872.7,""y"":990.7,""t"":435,""outside"":false,""outsidePx"":0},{""x"":895.3,""y"":980,""t"":452,""outside"":false,""outsidePx"":0},{""x"":910.7,""y"":973.3,""t"":468,""outside"":false,""outsidePx"":0},{""x"":924.7,""y"":964.7,""t"":485,""outside"":false,""outsidePx"":0},{""x"":938.7,""y"":954,""t"":501,""outside"":false,""outsidePx"":0},{""x"":951.3,""y"":943.3,""t"":518,""outside"":false,""outsidePx"":0},{""x"":965.3,""y"":932.7,""t"":535,""outside"":false,""outsidePx"":0},{""x"":979.3,""y"":922.7,""t"":551,""outside"":false,""outsidePx"":0},{""x"":991.3,""y"":912,""t"":568,""outside"":false,""outsidePx"":0},{""x"":1005.3,""y"":903.3,""t"":585,""outside"":false,""outsidePx"":0},{""x"":1018,""y"":896,""t"":601,""outside"":false,""outsidePx"":0},{""x"":1026.7,""y"":887.3,""t"":618,""outside"":false,""outsidePx"":0},{""x"":1033.3,""y"":880.7,""t"":635,""outside"":false,""outsidePx"":0},{""x"":1042,""y"":871.3,""t"":652,""outside"":false,""outsidePx"":0},{""x"":1052.7,""y"":864.7,""t"":668,""outside"":false,""outsidePx"":0},{""x"":1064.7,""y"":856,""t"":685,""outside"":false,""outsidePx"":0},{""x"":1080.7,""y"":845.3,""t"":702,""outside"":false,""outsidePx"":0},{""x"":1100,""y"":831.3,""t"":718,""outside"":false,""outsidePx"":0},{""x"":1119.3,""y"":817.3,""t"":735,""outside"":false,""outsidePx"":0},{""x"":1140,""y"":803.3,""t"":752,""outside"":false,""outsidePx"":0},{""x"":1158,""y"":791.3,""t"":768,""outside"":false,""outsidePx"":0},{""x"":1178.7,""y"":778.7,""t"":785,""outside"":false,""outsidePx"":0},{""x"":1200,""y"":768.7,""t"":801,""outside"":false,""outsidePx"":0},{""x"":1217.3,""y"":756,""t"":818,""outside"":false,""outsidePx"":0},{""x"":1238,""y"":744,""t"":835,""outside"":false,""outsidePx"":0},{""x"":1256,""y"":731.3,""t"":851,""outside"":false,""outsidePx"":0},{""x"":1273.3,""y"":721.3,""t"":868,""outside"":false,""outsidePx"":0},{""x"":1292.7,""y"":707.3,""t"":885,""outside"":false,""outsidePx"":0},{""x"":1315.3,""y"":693.3,""t"":901,""outside"":false,""outsidePx"":0},{""x"":1334.7,""y"":680.7,""t"":918,""outside"":false,""outsidePx"":0},{""x"":1355.3,""y"":668.7,""t"":935,""outside"":false,""outsidePx"":0},{""x"":1374.7,""y"":654.7,""t"":951,""outside"":false,""outsidePx"":0},{""x"":1390.7,""y"":646,""t"":968,""outside"":false,""outsidePx"":0},{""x"":1404.7,""y"":635.3,""t"":985,""outside"":false,""outsidePx"":0},{""x"":1416.7,""y"":628.7,""t"":1001,""outside"":false,""outsidePx"":0},{""x"":1427.3,""y"":621.3,""t"":1018,""outside"":false,""outsidePx"":0},{""x"":1438,""y"":612.7,""t"":1035,""outside"":false,""outsidePx"":0},{""x"":1450,""y"":604,""t"":1051,""outside"":false,""outsidePx"":0},{""x"":1460.7,""y"":596.7,""t"":1068,""outside"":false,""outsidePx"":0},{""x"":1474.7,""y"":586.7,""t"":1085,""outside"":false,""outsidePx"":0},{""x"":1488.7,""y"":576,""t"":1101,""outside"":false,""outsidePx"":0},{""x"":1500.7,""y"":565.3,""t"":1118,""outside"":false,""outsidePx"":0},{""x"":1520,""y"":553.3,""t"":1135,""outside"":false,""outsidePx"":0},{""x"":1540.7,""y"":539.3,""t"":1151,""outside"":false,""outsidePx"":0},{""x"":1560,""y"":528.7,""t"":1168,""outside"":false,""outsidePx"":0},{""x"":1579.3,""y"":518,""t"":1185,""outside"":false,""outsidePx"":0},{""x"":1595.3,""y"":509.3,""t"":1201,""outside"":false,""outsidePx"":0},{""x"":1609.3,""y"":500.7,""t"":1218,""outside"":false,""outsidePx"":0},{""x"":1623.3,""y"":492,""t"":1235,""outside"":false,""outsidePx"":0},{""x"":1635.3,""y"":483.3,""t"":1251,""outside"":false,""outsidePx"":0},{""x"":1648,""y"":476,""t"":1268,""outside"":false,""outsidePx"":0},{""x"":1663.3,""y"":467.3,""t"":1285,""outside"":false,""outsidePx"":0},{""x"":1680.7,""y"":456.7,""t"":1301,""outside"":false,""outsidePx"":0},{""x"":1698.7,""y"":446.7,""t"":1318,""outside"":false,""outsidePx"":0},{""x"":1718,""y"":434,""t"":1334,""outside"":false,""outsidePx"":0},{""x"":1735.3,""y"":423.3,""t"":1351,""outside"":false,""outsidePx"":0},{""x"":1752.7,""y"":413.3,""t"":1368,""outside"":false,""outsidePx"":0},{""x"":1774,""y"":404.7,""t"":1385,""outside"":false,""outsidePx"":0},{""x"":1792.7,""y"":394,""t"":1401,""outside"":false,""outsidePx"":0},{""x"":1808.7,""y"":385.3,""t"":1418,""outside"":false,""outsidePx"":0},{""x"":1824.7,""y"":378,""t"":1435,""outside"":false,""outsidePx"":0},{""x"":1836.7,""y"":372.7,""t"":1451,""outside"":false,""outsidePx"":0},{""x"":1848.7,""y"":371.3,""t"":1468,""outside"":false,""outsidePx"":0},{""x"":1861.3,""y"":367.3,""t"":1485,""outside"":false,""outsidePx"":0},{""x"":1870,""y"":364,""t"":1501,""outside"":false,""outsidePx"":0},{""x"":1880.7,""y"":358.7,""t"":1518,""outside"":false,""outsidePx"":0},{""x"":1889.3,""y"":353.3,""t"":1535,""outside"":false,""outsidePx"":0},{""x"":1901.3,""y"":350,""t"":1551,""outside"":false,""outsidePx"":0},{""x"":1914,""y"":346.7,""t"":1568,""outside"":false,""outsidePx"":0},{""x"":1926,""y"":341.3,""t"":1585,""outside"":false,""outsidePx"":0},{""x"":1938,""y"":338,""t"":1601,""outside"":false,""outsidePx"":0},{""x"":1952,""y"":332.7,""t"":1618,""outside"":false,""outsidePx"":0},{""x"":1964.7,""y"":327.3,""t"":1635,""outside"":false,""outsidePx"":0},{""x"":1978.7,""y"":322,""t"":1651,""outside"":false,""outsidePx"":0},{""x"":1987.3,""y"":316.7,""t"":1668,""outside"":false,""outsidePx"":0},{""x"":1998,""y"":311.3,""t"":1685,""outside"":false,""outsidePx"":0},{""x"":2008,""y"":306.7,""t"":1701,""outside"":false,""outsidePx"":0},{""x"":2016.7,""y"":302.7,""t"":1718,""outside"":false,""outsidePx"":0},{""x"":2022,""y"":299.3,""t"":1735,""outside"":false,""outsidePx"":0},{""x"":2024,""y"":299.3,""t"":1751,""outside"":false,""outsidePx"":0},{""x"":2019.3,""y"":302,""t"":1801,""outside"":false,""outsidePx"":0},{""x"":2007.3,""y"":309.3,""t"":1818,""outside"":false,""outsidePx"":0},{""x"":2003.3,""y"":311.3,""t"":1823,""outside"":false,""outsidePx"":0}]"
shohei,main,practice,C2,幅狭条件,A固定・W狭い,70,1350,19.286,2,21,51,51,51,2026-09-29T08:05:20.911Z,2026-09-29T08:05:22.721Z,1811,219,1492,1273,true,true,none,2016.7,301.3,1,false,0,0,0,false,[],"[{""x"":570.7,""y"":1126.7,""t"":0,""outside"":false,""outsidePx"":0},{""x"":571.3,""y"":1125.3,""t"":43,""outside"":false,""outsidePx"":0},{""x"":576.7,""y"":1122,""t"":60,""outside"":false,""outsidePx"":0},{""x"":587.3,""y"":1116.7,""t"":76,""outside"":false,""outsidePx"":0},{""x"":598,""y"":1109.3,""t"":93,""outside"":false,""outsidePx"":0},{""x"":610,""y"":1102.7,""t"":109,""outside"":false,""outsidePx"":0},{""x"":622,""y"":1095.3,""t"":126,""outside"":false,""outsidePx"":0},{""x"":636,""y"":1088.7,""t"":143,""outside"":false,""outsidePx"":0},{""x"":652,""y"":1081.3,""t"":159,""outside"":false,""outsidePx"":0},{""x"":668,""y"":1074.7,""t"":176,""outside"":false,""outsidePx"":0},{""x"":682,""y"":1067.3,""t"":193,""outside"":false,""outsidePx"":0},{""x"":692,""y"":1062.7,""t"":209,""outside"":false,""outsidePx"":0},{""x"":700.7,""y"":1058.7,""t"":226,""outside"":false,""outsidePx"":0},{""x"":708,""y"":1053.3,""t"":243,""outside"":false,""outsidePx"":0},{""x"":720,""y"":1048.7,""t"":259,""outside"":false,""outsidePx"":0},{""x"":732.7,""y"":1043.3,""t"":276,""outside"":false,""outsidePx"":0},{""x"":750,""y"":1036,""t"":293,""outside"":false,""outsidePx"":0},{""x"":767.3,""y"":1027.3,""t"":309,""outside"":false,""outsidePx"":0},{""x"":783.3,""y"":1018.7,""t"":326,""outside"":false,""outsidePx"":0},{""x"":798.7,""y"":1011.3,""t"":343,""outside"":false,""outsidePx"":0},{""x"":809.3,""y"":1006.7,""t"":360,""outside"":false,""outsidePx"":0},{""x"":818,""y"":1001.3,""t"":376,""outside"":false,""outsidePx"":0},{""x"":830.7,""y"":992.7,""t"":393,""outside"":false,""outsidePx"":0},{""x"":842.7,""y"":983.3,""t"":409,""outside"":false,""outsidePx"":0},{""x"":860,""y"":971.3,""t"":426,""outside"":false,""outsidePx"":0},{""x"":879.3,""y"":959.3,""t"":443,""outside"":false,""outsidePx"":0},{""x"":896.7,""y"":950.7,""t"":459,""outside"":false,""outsidePx"":0},{""x"":910.7,""y"":943.3,""t"":476,""outside"":false,""outsidePx"":0},{""x"":923.3,""y"":932.7,""t"":493,""outside"":false,""outsidePx"":0},{""x"":935.3,""y"":924,""t"":509,""outside"":false,""outsidePx"":0},{""x"":948,""y"":917.3,""t"":526,""outside"":false,""outsidePx"":0},{""x"":962,""y"":908.7,""t"":543,""outside"":false,""outsidePx"":0},{""x"":972,""y"":901.3,""t"":559,""outside"":false,""outsidePx"":0},{""x"":984.7,""y"":894.7,""t"":576,""outside"":false,""outsidePx"":0},{""x"":994.7,""y"":885.3,""t"":593,""outside"":false,""outsidePx"":0},{""x"":1005.3,""y"":880.7,""t"":609,""outside"":false,""outsidePx"":0},{""x"":1010.7,""y"":876.7,""t"":626,""outside"":false,""outsidePx"":0},{""x"":1016,""y"":873.3,""t"":643,""outside"":false,""outsidePx"":0},{""x"":1021.3,""y"":870,""t"":659,""outside"":false,""outsidePx"":0},{""x"":1030,""y"":864.7,""t"":676,""outside"":false,""outsidePx"":0},{""x"":1040.7,""y"":859.3,""t"":693,""outside"":false,""outsidePx"":0},{""x"":1052.7,""y"":852.7,""t"":709,""outside"":false,""outsidePx"":0},{""x"":1066.7,""y"":843.3,""t"":726,""outside"":false,""outsidePx"":0},{""x"":1084,""y"":833.3,""t"":743,""outside"":false,""outsidePx"":0},{""x"":1102,""y"":820.7,""t"":759,""outside"":false,""outsidePx"":0},{""x"":1120.7,""y"":806.7,""t"":776,""outside"":false,""outsidePx"":0},{""x"":1140,""y"":794.7,""t"":792,""outside"":false,""outsidePx"":0},{""x"":1161.3,""y"":782.7,""t"":809,""outside"":false,""outsidePx"":0},{""x"":1176.7,""y"":772,""t"":826,""outside"":false,""outsidePx"":0},{""x"":1192.7,""y"":761.3,""t"":843,""outside"":false,""outsidePx"":0},{""x"":1210,""y"":747.3,""t"":859,""outside"":false,""outsidePx"":0},{""x"":1228,""y"":735.3,""t"":876,""outside"":false,""outsidePx"":0},{""x"":1248.7,""y"":721.3,""t"":893,""outside"":false,""outsidePx"":0},{""x"":1268,""y"":708.7,""t"":909,""outside"":false,""outsidePx"":0},{""x"":1284,""y"":698.7,""t"":926,""outside"":false,""outsidePx"":0},{""x"":1299.3,""y"":689.3,""t"":943,""outside"":false,""outsidePx"":0},{""x"":1312,""y"":680.7,""t"":959,""outside"":false,""outsidePx"":0},{""x"":1326,""y"":672,""t"":976,""outside"":false,""outsidePx"":0},{""x"":1343.3,""y"":660,""t"":993,""outside"":false,""outsidePx"":0},{""x"":1364,""y"":647.3,""t"":1009,""outside"":false,""outsidePx"":0},{""x"":1383.3,""y"":637.3,""t"":1026,""outside"":false,""outsidePx"":0},{""x"":1406,""y"":623.3,""t"":1042,""outside"":false,""outsidePx"":0},{""x"":1428.7,""y"":609.3,""t"":1059,""outside"":false,""outsidePx"":0},{""x"":1448,""y"":596.7,""t"":1076,""outside"":false,""outsidePx"":0},{""x"":1469.3,""y"":584.7,""t"":1093,""outside"":false,""outsidePx"":0},{""x"":1490,""y"":574,""t"":1109,""outside"":false,""outsidePx"":0},{""x"":1508,""y"":563.3,""t"":1126,""outside"":false,""outsidePx"":0},{""x"":1528.7,""y"":551.3,""t"":1142,""outside"":false,""outsidePx"":0},{""x"":1550,""y"":539.3,""t"":1159,""outside"":false,""outsidePx"":0},{""x"":1567.3,""y"":528.7,""t"":1176,""outside"":false,""outsidePx"":0},{""x"":1586.7,""y"":518,""t"":1192,""outside"":false,""outsidePx"":0},{""x"":1604,""y"":511.3,""t"":1209,""outside"":false,""outsidePx"":0},{""x"":1614.7,""y"":504,""t"":1226,""outside"":false,""outsidePx"":0},{""x"":1626.7,""y"":498.7,""t"":1243,""outside"":false,""outsidePx"":0},{""x"":1637.3,""y"":493.3,""t"":1259,""outside"":false,""outsidePx"":0},{""x"":1648,""y"":486.7,""t"":1276,""outside"":false,""outsidePx"":0},{""x"":1662,""y"":479.3,""t"":1293,""outside"":false,""outsidePx"":0},{""x"":1676,""y"":472.7,""t"":1309,""outside"":false,""outsidePx"":0},{""x"":1690,""y"":467.3,""t"":1326,""outside"":false,""outsidePx"":0},{""x"":1702,""y"":460.7,""t"":1343,""outside"":false,""outsidePx"":0},{""x"":1716,""y"":453.3,""t"":1359,""outside"":false,""outsidePx"":0},{""x"":1733.3,""y"":444.7,""t"":1376,""outside"":false,""outsidePx"":0},{""x"":1750.7,""y"":434,""t"":1392,""outside"":false,""outsidePx"":0},{""x"":1772,""y"":423.3,""t"":1409,""outside"":false,""outsidePx"":0},{""x"":1791.3,""y"":414.7,""t"":1426,""outside"":false,""outsidePx"":0},{""x"":1810.7,""y"":404.7,""t"":1442,""outside"":false,""outsidePx"":0},{""x"":1830,""y"":395.3,""t"":1459,""outside"":false,""outsidePx"":0},{""x"":1845.3,""y"":386.7,""t"":1476,""outside"":false,""outsidePx"":0},{""x"":1862.7,""y"":378,""t"":1492,""outside"":false,""outsidePx"":0},{""x"":1880.7,""y"":371.3,""t"":1509,""outside"":false,""outsidePx"":0},{""x"":1898,""y"":362.7,""t"":1526,""outside"":false,""outsidePx"":0},{""x"":1914,""y"":353.3,""t"":1542,""outside"":false,""outsidePx"":0},{""x"":1928,""y"":344.7,""t"":1559,""outside"":false,""outsidePx"":0},{""x"":1943.3,""y"":336,""t"":1576,""outside"":false,""outsidePx"":0},{""x"":1957.3,""y"":329.3,""t"":1592,""outside"":false,""outsidePx"":0},{""x"":1968,""y"":324,""t"":1609,""outside"":false,""outsidePx"":0},{""x"":1978.7,""y"":320.7,""t"":1626,""outside"":false,""outsidePx"":0},{""x"":1987.3,""y"":315.3,""t"":1643,""outside"":false,""outsidePx"":0},{""x"":1996,""y"":310,""t"":1659,""outside"":false,""outsidePx"":0},{""x"":2004.7,""y"":306.7,""t"":1676,""outside"":false,""outsidePx"":0},{""x"":2008,""y"":302.7,""t"":1693,""outside"":false,""outsidePx"":0},{""x"":2010,""y"":302.7,""t"":1750,""outside"":false,""outsidePx"":0},{""x"":2010,""y"":301.3,""t"":1761,""outside"":false,""outsidePx"":0},{""x"":2013.3,""y"":301.3,""t"":1776,""outside"":false,""outsidePx"":0},{""x"":2015.3,""y"":301.3,""t"":1792,""outside"":false,""outsidePx"":0},{""x"":2016.7,""y"":301.3,""t"":1809,""outside"":false,""outsidePx"":0}]"
shohei,main,practice,C2,幅狭条件,A固定・W狭い,70,1350,19.286,2,22,52,52,52,2026-09-29T08:05:23.451Z,2026-09-29T08:05:24.975Z,1524,173,1225,1052,true,true,none,1986,325.3,1,false,0,0,0,false,[],"[{""x"":580.7,""y"":1118,""t"":0,""outside"":false,""outsidePx"":0},{""x"":582,""y"":1118,""t"":53,""outside"":false,""outsidePx"":0},{""x"":582,""y"":1116.7,""t"":68,""outside"":false,""outsidePx"":0},{""x"":588.7,""y"":1113.3,""t"":85,""outside"":false,""outsidePx"":0},{""x"":596,""y"":1109.3,""t"":102,""outside"":false,""outsidePx"":0},{""x"":612,""y"":1102.7,""t"":118,""outside"":false,""outsidePx"":0},{""x"":634.7,""y"":1092,""t"":135,""outside"":false,""outsidePx"":0},{""x"":660.7,""y"":1080,""t"":152,""outside"":false,""outsidePx"":0},{""x"":690.7,""y"":1066,""t"":168,""outside"":false,""outsidePx"":0},{""x"":718.7,""y"":1052,""t"":185,""outside"":false,""outsidePx"":0},{""x"":741.3,""y"":1041.3,""t"":202,""outside"":false,""outsidePx"":0},{""x"":756.7,""y"":1032.7,""t"":218,""outside"":false,""outsidePx"":0},{""x"":767.3,""y"":1025.3,""t"":235,""outside"":false,""outsidePx"":0},{""x"":780,""y"":1018.7,""t"":252,""outside"":false,""outsidePx"":0},{""x"":790,""y"":1010,""t"":268,""outside"":false,""outsidePx"":0},{""x"":802.7,""y"":1002.7,""t"":285,""outside"":false,""outsidePx"":0},{""x"":812.7,""y"":997.3,""t"":302,""outside"":false,""outsidePx"":0},{""x"":822,""y"":990.7,""t"":318,""outside"":false,""outsidePx"":0},{""x"":836,""y"":983.3,""t"":335,""outside"":false,""outsidePx"":0},{""x"":851.3,""y"":973.3,""t"":352,""outside"":false,""outsidePx"":0},{""x"":868.7,""y"":962.7,""t"":368,""outside"":false,""outsidePx"":0},{""x"":888,""y"":950.7,""t"":385,""outside"":false,""outsidePx"":0},{""x"":907.3,""y"":938,""t"":401,""outside"":false,""outsidePx"":0},{""x"":923.3,""y"":926,""t"":418,""outside"":false,""outsidePx"":0},{""x"":942.7,""y"":908.7,""t"":435,""outside"":false,""outsidePx"":0},{""x"":968.7,""y"":892.7,""t"":451,""outside"":false,""outsidePx"":0},{""x"":990,""y"":878.7,""t"":468,""outside"":false,""outsidePx"":0},{""x"":1010.7,""y"":864.7,""t"":485,""outside"":false,""outsidePx"":0},{""x"":1028,""y"":850.7,""t"":502,""outside"":false,""outsidePx"":0},{""x"":1044,""y"":838.7,""t"":518,""outside"":false,""outsidePx"":0},{""x"":1061.3,""y"":824.7,""t"":535,""outside"":false,""outsidePx"":0},{""x"":1080.7,""y"":810.7,""t"":551,""outside"":false,""outsidePx"":0},{""x"":1100,""y"":800,""t"":568,""outside"":false,""outsidePx"":0},{""x"":1119.3,""y"":787.3,""t"":585,""outside"":false,""outsidePx"":0},{""x"":1134.7,""y"":778.7,""t"":601,""outside"":false,""outsidePx"":0},{""x"":1152.7,""y"":768.7,""t"":618,""outside"":false,""outsidePx"":0},{""x"":1172,""y"":756,""t"":635,""outside"":false,""outsidePx"":0},{""x"":1190.7,""y"":744,""t"":651,""outside"":false,""outsidePx"":0},{""x"":1212,""y"":733.3,""t"":668,""outside"":false,""outsidePx"":0},{""x"":1232.7,""y"":722.7,""t"":685,""outside"":false,""outsidePx"":0},{""x"":1252,""y"":714,""t"":701,""outside"":false,""outsidePx"":0},{""x"":1271.3,""y"":703.3,""t"":718,""outside"":false,""outsidePx"":0},{""x"":1292.7,""y"":691.3,""t"":735,""outside"":false,""outsidePx"":0},{""x"":1310,""y"":684.7,""t"":751,""outside"":false,""outsidePx"":0},{""x"":1327.3,""y"":675.3,""t"":768,""outside"":false,""outsidePx"":0},{""x"":1344.7,""y"":666.7,""t"":785,""outside"":false,""outsidePx"":0},{""x"":1358.7,""y"":658,""t"":801,""outside"":false,""outsidePx"":0},{""x"":1372.7,""y"":649.3,""t"":818,""outside"":false,""outsidePx"":0},{""x"":1392,""y"":637.3,""t"":835,""outside"":false,""outsidePx"":0},{""x"":1410,""y"":628.7,""t"":851,""outside"":false,""outsidePx"":0},{""x"":1430.7,""y"":618,""t"":868,""outside"":false,""outsidePx"":0},{""x"":1450,""y"":609.3,""t"":885,""outside"":false,""outsidePx"":0},{""x"":1466,""y"":602,""t"":901,""outside"":false,""outsidePx"":0},{""x"":1483.3,""y"":593.3,""t"":918,""outside"":false,""outsidePx"":0},{""x"":1500.7,""y"":584.7,""t"":935,""outside"":false,""outsidePx"":0},{""x"":1516.7,""y"":576,""t"":951,""outside"":false,""outsidePx"":0},{""x"":1537.3,""y"":563.3,""t"":968,""outside"":false,""outsidePx"":0},{""x"":1556.7,""y"":554.7,""t"":985,""outside"":false,""outsidePx"":0},{""x"":1574,""y"":544.7,""t"":1002,""outside"":false,""outsidePx"":0},{""x"":1592,""y"":535.3,""t"":1018,""outside"":false,""outsidePx"":0},{""x"":1610.7,""y"":525.3,""t"":1035,""outside"":false,""outsidePx"":0},{""x"":1630,""y"":514.7,""t"":1051,""outside"":false,""outsidePx"":0},{""x"":1651.3,""y"":504,""t"":1068,""outside"":false,""outsidePx"":0},{""x"":1674,""y"":492,""t"":1085,""outside"":false,""outsidePx"":0},{""x"":1698.7,""y"":478,""t"":1101,""outside"":false,""outsidePx"":0},{""x"":1721.3,""y"":465.3,""t"":1118,""outside"":false,""outsidePx"":0},{""x"":1747.3,""y"":453.3,""t"":1135,""outside"":false,""outsidePx"":0},{""x"":1772,""y"":441.3,""t"":1151,""outside"":false,""outsidePx"":0},{""x"":1794.7,""y"":430.7,""t"":1168,""outside"":false,""outsidePx"":0},{""x"":1817.3,""y"":418.7,""t"":1185,""outside"":false,""outsidePx"":0},{""x"":1838.7,""y"":408,""t"":1201,""outside"":false,""outsidePx"":0},{""x"":1859.3,""y"":394,""t"":1218,""outside"":false,""outsidePx"":0},{""x"":1880.7,""y"":383.3,""t"":1235,""outside"":false,""outsidePx"":0},{""x"":1900,""y"":372.7,""t"":1251,""outside"":false,""outsidePx"":0},{""x"":1918.7,""y"":362.7,""t"":1268,""outside"":false,""outsidePx"":0},{""x"":1936.7,""y"":352,""t"":1285,""outside"":false,""outsidePx"":0},{""x"":1950.7,""y"":343.3,""t"":1301,""outside"":false,""outsidePx"":0},{""x"":1966,""y"":334.7,""t"":1318,""outside"":false,""outsidePx"":0},{""x"":1978.7,""y"":329.3,""t"":1335,""outside"":false,""outsidePx"":0},{""x"":1984,""y"":325.3,""t"":1352,""outside"":false,""outsidePx"":0},{""x"":1985.3,""y"":325.3,""t"":1368,""outside"":false,""outsidePx"":0},{""x"":1985.3,""y"":324,""t"":1391,""outside"":false,""outsidePx"":0},{""x"":1987.3,""y"":324,""t"":1416,""outside"":false,""outsidePx"":0},{""x"":1988.7,""y"":324,""t"":1486,""outside"":false,""outsidePx"":0},{""x"":1988,""y"":324,""t"":1513,""outside"":false,""outsidePx"":0},{""x"":1986,""y"":325.3,""t"":1521,""outside"":false,""outsidePx"":0}]"
shohei,main,practice,C2,幅狭条件,A固定・W狭い,70,1350,19.286,2,23,53,53,53,2026-09-29T08:05:25.743Z,2026-09-29T08:05:27.025Z,1283,180,999,819,true,true,none,2096.7,248,1,false,0,0,0,false,[],"[{""x"":560,""y"":1128,""t"":0,""outside"":false,""outsidePx"":0},{""x"":560.7,""y"":1128,""t"":51,""outside"":false,""outsidePx"":0},{""x"":562.7,""y"":1128,""t"":62,""outside"":false,""outsidePx"":0},{""x"":571.3,""y"":1122,""t"":77,""outside"":false,""outsidePx"":0},{""x"":585.3,""y"":1111.3,""t"":93,""outside"":false,""outsidePx"":0},{""x"":604.7,""y"":1100.7,""t"":110,""outside"":false,""outsidePx"":0},{""x"":627.3,""y"":1086.7,""t"":127,""outside"":false,""outsidePx"":0},{""x"":652,""y"":1076.7,""t"":143,""outside"":false,""outsidePx"":0},{""x"":669.3,""y"":1067.3,""t"":160,""outside"":false,""outsidePx"":0},{""x"":690.7,""y"":1057.3,""t"":177,""outside"":false,""outsidePx"":0},{""x"":708,""y"":1044.7,""t"":193,""outside"":false,""outsidePx"":0},{""x"":724,""y"":1034.7,""t"":210,""outside"":false,""outsidePx"":0},{""x"":742.7,""y"":1020.7,""t"":227,""outside"":false,""outsidePx"":0},{""x"":760.7,""y"":1008,""t"":243,""outside"":false,""outsidePx"":0},{""x"":778,""y"":999.3,""t"":260,""outside"":false,""outsidePx"":0},{""x"":795.3,""y"":988.7,""t"":277,""outside"":false,""outsidePx"":0},{""x"":812.7,""y"":982,""t"":293,""outside"":false,""outsidePx"":0},{""x"":830.7,""y"":973.3,""t"":310,""outside"":false,""outsidePx"":0},{""x"":850,""y"":964.7,""t"":327,""outside"":false,""outsidePx"":0},{""x"":870.7,""y"":952,""t"":344,""outside"":false,""outsidePx"":0},{""x"":892,""y"":938,""t"":360,""outside"":false,""outsidePx"":0},{""x"":920,""y"":922.7,""t"":377,""outside"":false,""outsidePx"":0},{""x"":948,""y"":906.7,""t"":393,""outside"":false,""outsidePx"":0},{""x"":979.3,""y"":892.7,""t"":410,""outside"":false,""outsidePx"":0},{""x"":1008.7,""y"":878.7,""t"":427,""outside"":false,""outsidePx"":0},{""x"":1033.3,""y"":866.7,""t"":443,""outside"":false,""outsidePx"":0},{""x"":1061.3,""y"":850.7,""t"":460,""outside"":false,""outsidePx"":0},{""x"":1091.3,""y"":834.7,""t"":477,""outside"":false,""outsidePx"":0},{""x"":1119.3,""y"":817.3,""t"":493,""outside"":false,""outsidePx"":0},{""x"":1145.3,""y"":803.3,""t"":510,""outside"":false,""outsidePx"":0},{""x"":1172,""y"":789.3,""t"":527,""outside"":false,""outsidePx"":0},{""x"":1198,""y"":777.3,""t"":543,""outside"":false,""outsidePx"":0},{""x"":1220.7,""y"":766.7,""t"":560,""outside"":false,""outsidePx"":0},{""x"":1243.3,""y"":754.7,""t"":577,""outside"":false,""outsidePx"":0},{""x"":1264.7,""y"":745.3,""t"":593,""outside"":false,""outsidePx"":0},{""x"":1284,""y"":733.3,""t"":610,""outside"":false,""outsidePx"":0},{""x"":1306.7,""y"":719.3,""t"":627,""outside"":false,""outsidePx"":0},{""x"":1332.7,""y"":703.3,""t"":643,""outside"":false,""outsidePx"":0},{""x"":1358.7,""y"":689.3,""t"":660,""outside"":false,""outsidePx"":0},{""x"":1390.7,""y"":674,""t"":677,""outside"":false,""outsidePx"":0},{""x"":1424,""y"":656.7,""t"":693,""outside"":false,""outsidePx"":0},{""x"":1453.3,""y"":638.7,""t"":710,""outside"":false,""outsidePx"":0},{""x"":1486.7,""y"":619.3,""t"":726,""outside"":false,""outsidePx"":0},{""x"":1512.7,""y"":602,""t"":743,""outside"":false,""outsidePx"":0},{""x"":1540.7,""y"":582.7,""t"":760,""outside"":false,""outsidePx"":0},{""x"":1567.3,""y"":567.3,""t"":777,""outside"":false,""outsidePx"":0},{""x"":1590,""y"":551.3,""t"":793,""outside"":false,""outsidePx"":0},{""x"":1614.7,""y"":535.3,""t"":810,""outside"":false,""outsidePx"":0},{""x"":1638.7,""y"":520,""t"":827,""outside"":false,""outsidePx"":0},{""x"":1660,""y"":507.3,""t"":843,""outside"":false,""outsidePx"":0},{""x"":1684.7,""y"":492,""t"":860,""outside"":false,""outsidePx"":0},{""x"":1707.3,""y"":479.3,""t"":876,""outside"":false,""outsidePx"":0},{""x"":1724.7,""y"":469.3,""t"":893,""outside"":false,""outsidePx"":0},{""x"":1744,""y"":456.7,""t"":910,""outside"":false,""outsidePx"":0},{""x"":1763.3,""y"":444.7,""t"":927,""outside"":false,""outsidePx"":0},{""x"":1782.7,""y"":432.7,""t"":943,""outside"":false,""outsidePx"":0},{""x"":1805.3,""y"":418.7,""t"":960,""outside"":false,""outsidePx"":0},{""x"":1830,""y"":400.7,""t"":977,""outside"":false,""outsidePx"":0},{""x"":1854,""y"":385.3,""t"":993,""outside"":false,""outsidePx"":0},{""x"":1882,""y"":369.3,""t"":1010,""outside"":false,""outsidePx"":0},{""x"":1906.7,""y"":355.3,""t"":1026,""outside"":false,""outsidePx"":0},{""x"":1926,""y"":343.3,""t"":1043,""outside"":false,""outsidePx"":0},{""x"":1946.7,""y"":332.7,""t"":1060,""outside"":false,""outsidePx"":0},{""x"":1966,""y"":322,""t"":1077,""outside"":false,""outsidePx"":0},{""x"":1984,""y"":315.3,""t"":1093,""outside"":false,""outsidePx"":0},{""x"":1999.3,""y"":306.7,""t"":1110,""outside"":false,""outsidePx"":0},{""x"":2013.3,""y"":299.3,""t"":1127,""outside"":false,""outsidePx"":0},{""x"":2027.3,""y"":290.7,""t"":1143,""outside"":false,""outsidePx"":0},{""x"":2044.7,""y"":282,""t"":1160,""outside"":false,""outsidePx"":0},{""x"":2066,""y"":269.3,""t"":1177,""outside"":false,""outsidePx"":0},{""x"":2085.3,""y"":257.3,""t"":1193,""outside"":false,""outsidePx"":0},{""x"":2104.7,""y"":248.7,""t"":1210,""outside"":false,""outsidePx"":0},{""x"":2116.7,""y"":241.3,""t"":1226,""outside"":false,""outsidePx"":0},{""x"":2116.7,""y"":240,""t"":1243,""outside"":false,""outsidePx"":0},{""x"":2115.3,""y"":240,""t"":1260,""outside"":false,""outsidePx"":0},{""x"":2100,""y"":246,""t"":1277,""outside"":false,""outsidePx"":0},{""x"":2096.7,""y"":248,""t"":1283,""outside"":false,""outsidePx"":0}]"
shohei,main,practice,C2,幅狭条件,A固定・W狭い,70,1350,19.286,2,24,54,54,54,2026-09-29T08:05:27.822Z,2026-09-29T08:05:29.034Z,1212,197,987,790,true,true,none,2112,274,1,false,0,0,0,false,[],"[{""x"":564.7,""y"":1133.3,""t"":0,""outside"":false,""outsidePx"":0},{""x"":566,""y"":1133.3,""t"":13,""outside"":false,""outsidePx"":0},{""x"":568,""y"":1133.3,""t"":30,""outside"":false,""outsidePx"":0},{""x"":570,""y"":1132.7,""t"":46,""outside"":false,""outsidePx"":0},{""x"":573.3,""y"":1130.7,""t"":63,""outside"":false,""outsidePx"":0},{""x"":578.7,""y"":1127.3,""t"":80,""outside"":false,""outsidePx"":0},{""x"":588.7,""y"":1118.7,""t"":96,""outside"":false,""outsidePx"":0},{""x"":604.7,""y"":1108,""t"":113,""outside"":false,""outsidePx"":0},{""x"":626,""y"":1095.3,""t"":130,""outside"":false,""outsidePx"":0},{""x"":646.7,""y"":1083.3,""t"":146,""outside"":false,""outsidePx"":0},{""x"":666,""y"":1072.7,""t"":163,""outside"":false,""outsidePx"":0},{""x"":682,""y"":1062.7,""t"":180,""outside"":false,""outsidePx"":0},{""x"":694,""y"":1055.3,""t"":196,""outside"":false,""outsidePx"":0},{""x"":704.7,""y"":1048.7,""t"":213,""outside"":false,""outsidePx"":0},{""x"":722,""y"":1038,""t"":230,""outside"":false,""outsidePx"":0},{""x"":739.3,""y"":1027.3,""t"":246,""outside"":false,""outsidePx"":0},{""x"":756.7,""y"":1015.3,""t"":263,""outside"":false,""outsidePx"":0},{""x"":778,""y"":1002.7,""t"":280,""outside"":false,""outsidePx"":0},{""x"":802.7,""y"":990.7,""t"":296,""outside"":false,""outsidePx"":0},{""x"":825.3,""y"":980,""t"":313,""outside"":false,""outsidePx"":0},{""x"":853.3,""y"":968,""t"":330,""outside"":false,""outsidePx"":0},{""x"":879.3,""y"":954,""t"":346,""outside"":false,""outsidePx"":0},{""x"":902,""y"":941.3,""t"":363,""outside"":false,""outsidePx"":0},{""x"":928.7,""y"":924,""t"":380,""outside"":false,""outsidePx"":0},{""x"":954.7,""y"":908.7,""t"":396,""outside"":false,""outsidePx"":0},{""x"":982.7,""y"":890.7,""t"":413,""outside"":false,""outsidePx"":0},{""x"":1014,""y"":875.3,""t"":430,""outside"":false,""outsidePx"":0},{""x"":1042,""y"":859.3,""t"":446,""outside"":false,""outsidePx"":0},{""x"":1068.7,""y"":843.3,""t"":463,""outside"":false,""outsidePx"":0},{""x"":1096.7,""y"":824.7,""t"":480,""outside"":false,""outsidePx"":0},{""x"":1124.7,""y"":808.7,""t"":496,""outside"":false,""outsidePx"":0},{""x"":1156,""y"":789.3,""t"":513,""outside"":false,""outsidePx"":0},{""x"":1189.3,""y"":768.7,""t"":530,""outside"":false,""outsidePx"":0},{""x"":1218.7,""y"":747.3,""t"":546,""outside"":false,""outsidePx"":0},{""x"":1240,""y"":730,""t"":563,""outside"":false,""outsidePx"":0},{""x"":1273.3,""y"":707.3,""t"":580,""outside"":false,""outsidePx"":0},{""x"":1298,""y"":688,""t"":596,""outside"":false,""outsidePx"":0},{""x"":1326,""y"":672,""t"":613,""outside"":false,""outsidePx"":0},{""x"":1350,""y"":656.7,""t"":630,""outside"":false,""outsidePx"":0},{""x"":1372.7,""y"":644,""t"":646,""outside"":false,""outsidePx"":0},{""x"":1397.3,""y"":630,""t"":663,""outside"":false,""outsidePx"":0},{""x"":1420,""y"":618,""t"":680,""outside"":false,""outsidePx"":0},{""x"":1438,""y"":609.3,""t"":696,""outside"":false,""outsidePx"":0},{""x"":1456.7,""y"":600.7,""t"":713,""outside"":false,""outsidePx"":0},{""x"":1474.7,""y"":591.3,""t"":730,""outside"":false,""outsidePx"":0},{""x"":1492,""y"":581.3,""t"":746,""outside"":false,""outsidePx"":0},{""x"":1512.7,""y"":570.7,""t"":763,""outside"":false,""outsidePx"":0},{""x"":1537.3,""y"":556.7,""t"":780,""outside"":false,""outsidePx"":0},{""x"":1562,""y"":546,""t"":796,""outside"":false,""outsidePx"":0},{""x"":1590,""y"":532,""t"":813,""outside"":false,""outsidePx"":0},{""x"":1618,""y"":520,""t"":830,""outside"":false,""outsidePx"":0},{""x"":1642.7,""y"":506,""t"":846,""outside"":false,""outsidePx"":0},{""x"":1670.7,""y"":492,""t"":863,""outside"":false,""outsidePx"":0},{""x"":1696.7,""y"":476,""t"":880,""outside"":false,""outsidePx"":0},{""x"":1721.3,""y"":465.3,""t"":896,""outside"":false,""outsidePx"":0},{""x"":1747.3,""y"":453.3,""t"":913,""outside"":false,""outsidePx"":0},{""x"":1775.3,""y"":442.7,""t"":930,""outside"":false,""outsidePx"":0},{""x"":1800,""y"":432.7,""t"":946,""outside"":false,""outsidePx"":0},{""x"":1828,""y"":418.7,""t"":963,""outside"":false,""outsidePx"":0},{""x"":1859.3,""y"":400.7,""t"":980,""outside"":false,""outsidePx"":0},{""x"":1887.3,""y"":385.3,""t"":996,""outside"":false,""outsidePx"":0},{""x"":1922.7,""y"":367.3,""t"":1013,""outside"":false,""outsidePx"":0},{""x"":1959.3,""y"":348.7,""t"":1030,""outside"":false,""outsidePx"":0},{""x"":1996,""y"":330.7,""t"":1046,""outside"":false,""outsidePx"":0},{""x"":2030.7,""y"":311.3,""t"":1063,""outside"":false,""outsidePx"":0},{""x"":2064,""y"":294,""t"":1080,""outside"":false,""outsidePx"":0},{""x"":2090.7,""y"":280,""t"":1096,""outside"":false,""outsidePx"":0},{""x"":2114.7,""y"":268,""t"":1113,""outside"":false,""outsidePx"":0},{""x"":2128.7,""y"":259.3,""t"":1130,""outside"":false,""outsidePx"":0},{""x"":2132.7,""y"":257.3,""t"":1146,""outside"":false,""outsidePx"":0},{""x"":2131.3,""y"":257.3,""t"":1179,""outside"":false,""outsidePx"":0},{""x"":2131.3,""y"":258.7,""t"":1180,""outside"":false,""outsidePx"":0},{""x"":2124.7,""y"":262,""t"":1196,""outside"":false,""outsidePx"":0},{""x"":2112,""y"":274,""t"":1212,""outside"":false,""outsidePx"":0}]"
shohei,main,practice,C2,幅狭条件,A固定・W狭い,70,1350,19.286,2,25,55,55,55,2026-09-29T08:05:29.982Z,2026-09-29T08:05:31.199Z,1218,169,966,797,true,true,none,2075.3,278,1,false,0,0,0,false,[],"[{""x"":582,""y"":1124.7,""t"":0,""outside"":false,""outsidePx"":0},{""x"":584,""y"":1124.7,""t"":5,""outside"":false,""outsidePx"":0},{""x"":585.3,""y"":1123.3,""t"":54,""outside"":false,""outsidePx"":0},{""x"":587.3,""y"":1120,""t"":71,""outside"":false,""outsidePx"":0},{""x"":592.7,""y"":1114.7,""t"":87,""outside"":false,""outsidePx"":0},{""x"":602.7,""y"":1106,""t"":104,""outside"":false,""outsidePx"":0},{""x"":616.7,""y"":1095.3,""t"":120,""outside"":false,""outsidePx"":0},{""x"":640,""y"":1081.3,""t"":137,""outside"":false,""outsidePx"":0},{""x"":664,""y"":1067.3,""t"":153,""outside"":false,""outsidePx"":0},{""x"":694,""y"":1050,""t"":170,""outside"":false,""outsidePx"":0},{""x"":724,""y"":1032.7,""t"":187,""outside"":false,""outsidePx"":0},{""x"":753.3,""y"":1016.7,""t"":204,""outside"":false,""outsidePx"":0},{""x"":783.3,""y"":1001.3,""t"":220,""outside"":false,""outsidePx"":0},{""x"":809.3,""y"":990.7,""t"":237,""outside"":false,""outsidePx"":0},{""x"":836,""y"":976.7,""t"":253,""outside"":false,""outsidePx"":0},{""x"":858.7,""y"":964.7,""t"":270,""outside"":false,""outsidePx"":0},{""x"":878,""y"":954,""t"":287,""outside"":false,""outsidePx"":0},{""x"":898.7,""y"":941.3,""t"":304,""outside"":false,""outsidePx"":0},{""x"":920,""y"":929.3,""t"":320,""outside"":false,""outsidePx"":0},{""x"":938.7,""y"":918.7,""t"":337,""outside"":false,""outsidePx"":0},{""x"":960,""y"":908.7,""t"":353,""outside"":false,""outsidePx"":0},{""x"":979.3,""y"":898,""t"":370,""outside"":false,""outsidePx"":0},{""x"":1000,""y"":884,""t"":387,""outside"":false,""outsidePx"":0},{""x"":1024.7,""y"":870,""t"":403,""outside"":false,""outsidePx"":0},{""x"":1050.7,""y"":854,""t"":420,""outside"":false,""outsidePx"":0},{""x"":1072,""y"":842,""t"":437,""outside"":false,""outsidePx"":0},{""x"":1094.7,""y"":828,""t"":453,""outside"":false,""outsidePx"":0},{""x"":1116,""y"":812,""t"":470,""outside"":false,""outsidePx"":0},{""x"":1136.7,""y"":798,""t"":487,""outside"":false,""outsidePx"":0},{""x"":1162.7,""y"":777.3,""t"":504,""outside"":false,""outsidePx"":0},{""x"":1190.7,""y"":759.3,""t"":520,""outside"":false,""outsidePx"":0},{""x"":1217.3,""y"":744,""t"":537,""outside"":false,""outsidePx"":0},{""x"":1246.7,""y"":728,""t"":553,""outside"":false,""outsidePx"":0},{""x"":1274.7,""y"":712.7,""t"":570,""outside"":false,""outsidePx"":0},{""x"":1299.3,""y"":696.7,""t"":587,""outside"":false,""outsidePx"":0},{""x"":1326,""y"":677.3,""t"":603,""outside"":false,""outsidePx"":0},{""x"":1354,""y"":660,""t"":620,""outside"":false,""outsidePx"":0},{""x"":1380,""y"":644,""t"":637,""outside"":false,""outsidePx"":0},{""x"":1406,""y"":626.7,""t"":653,""outside"":false,""outsidePx"":0},{""x"":1428.7,""y"":612.7,""t"":670,""outside"":false,""outsidePx"":0},{""x"":1452,""y"":598.7,""t"":687,""outside"":false,""outsidePx"":0},{""x"":1476,""y"":586.7,""t"":703,""outside"":false,""outsidePx"":0},{""x"":1495.3,""y"":577.3,""t"":720,""outside"":false,""outsidePx"":0},{""x"":1518,""y"":565.3,""t"":737,""outside"":false,""outsidePx"":0},{""x"":1539.3,""y"":554.7,""t"":753,""outside"":false,""outsidePx"":0},{""x"":1560,""y"":544.7,""t"":770,""outside"":false,""outsidePx"":0},{""x"":1584.7,""y"":532,""t"":787,""outside"":false,""outsidePx"":0},{""x"":1612.7,""y"":520,""t"":804,""outside"":false,""outsidePx"":0},{""x"":1637.3,""y"":507.3,""t"":820,""outside"":false,""outsidePx"":0},{""x"":1666.7,""y"":492,""t"":837,""outside"":false,""outsidePx"":0},{""x"":1694.7,""y"":476,""t"":853,""outside"":false,""outsidePx"":0},{""x"":1722.7,""y"":460.7,""t"":870,""outside"":false,""outsidePx"":0},{""x"":1752.7,""y"":444.7,""t"":887,""outside"":false,""outsidePx"":0},{""x"":1780.7,""y"":430.7,""t"":903,""outside"":false,""outsidePx"":0},{""x"":1808.7,""y"":416.7,""t"":920,""outside"":false,""outsidePx"":0},{""x"":1831.3,""y"":404.7,""t"":937,""outside"":false,""outsidePx"":0},{""x"":1850.7,""y"":392,""t"":953,""outside"":false,""outsidePx"":0},{""x"":1870,""y"":381.3,""t"":970,""outside"":false,""outsidePx"":0},{""x"":1890.7,""y"":371.3,""t"":987,""outside"":false,""outsidePx"":0},{""x"":1914,""y"":358.7,""t"":1003,""outside"":false,""outsidePx"":0},{""x"":1936.7,""y"":348.7,""t"":1020,""outside"":false,""outsidePx"":0},{""x"":1960.7,""y"":334.7,""t"":1037,""outside"":false,""outsidePx"":0},{""x"":1984,""y"":322,""t"":1053,""outside"":false,""outsidePx"":0},{""x"":2008,""y"":310,""t"":1070,""outside"":false,""outsidePx"":0},{""x"":2032.7,""y"":297.3,""t"":1087,""outside"":false,""outsidePx"":0},{""x"":2055.3,""y"":285.3,""t"":1103,""outside"":false,""outsidePx"":0},{""x"":2074.7,""y"":274.7,""t"":1120,""outside"":false,""outsidePx"":0},{""x"":2088.7,""y"":266,""t"":1137,""outside"":false,""outsidePx"":0},{""x"":2094,""y"":262.7,""t"":1154,""outside"":false,""outsidePx"":0},{""x"":2094,""y"":260.7,""t"":1170,""outside"":false,""outsidePx"":0},{""x"":2094,""y"":262,""t"":1187,""outside"":false,""outsidePx"":0},{""x"":2086,""y"":267.3,""t"":1203,""outside"":false,""outsidePx"":0},{""x"":2075.3,""y"":278,""t"":1218,""outside"":false,""outsidePx"":0}]"
shohei,main,practice,C2,幅狭条件,A固定・W狭い,70,1350,19.286,2,26,56,56,56,2026-09-29T08:05:31.993Z,2026-09-29T08:05:33.675Z,1681,209,1270,1061,true,true,deviation,2000,274,1,true,1,17,0,false,"[{""startMs"":1375,""startX"":1929.3,""startY"":304.7,""maxOutsidePx"":0,""endMs"":1392,""endX"":1938,""endY"":301.3,""durationMs"":17}]","[{""x"":570.7,""y"":1107.3,""t"":0,""outside"":false,""outsidePx"":0},{""x"":571.3,""y"":1107.3,""t"":48,""outside"":false,""outsidePx"":0},{""x"":573.3,""y"":1106,""t"":60,""outside"":false,""outsidePx"":0},{""x"":580,""y"":1102.7,""t"":75,""outside"":false,""outsidePx"":0},{""x"":585.3,""y"":1099.3,""t"":92,""outside"":false,""outsidePx"":0},{""x"":590.7,""y"":1095.3,""t"":109,""outside"":false,""outsidePx"":0},{""x"":596,""y"":1090.7,""t"":125,""outside"":false,""outsidePx"":0},{""x"":610,""y"":1083.3,""t"":142,""outside"":false,""outsidePx"":0},{""x"":629.3,""y"":1071.3,""t"":158,""outside"":false,""outsidePx"":0},{""x"":650,""y"":1060.7,""t"":175,""outside"":false,""outsidePx"":0},{""x"":669.3,""y"":1052,""t"":192,""outside"":false,""outsidePx"":0},{""x"":686.7,""y"":1043.3,""t"":208,""outside"":false,""outsidePx"":0},{""x"":702.7,""y"":1036,""t"":225,""outside"":false,""outsidePx"":0},{""x"":716.7,""y"":1029.3,""t"":242,""outside"":false,""outsidePx"":0},{""x"":734,""y"":1018.7,""t"":258,""outside"":false,""outsidePx"":0},{""x"":753.3,""y"":1008,""t"":275,""outside"":false,""outsidePx"":0},{""x"":770.7,""y"":999.3,""t"":291,""outside"":false,""outsidePx"":0},{""x"":784.7,""y"":992.7,""t"":308,""outside"":false,""outsidePx"":0},{""x"":795.3,""y"":988.7,""t"":325,""outside"":false,""outsidePx"":0},{""x"":806,""y"":983.3,""t"":342,""outside"":false,""outsidePx"":0},{""x"":818,""y"":978.7,""t"":358,""outside"":false,""outsidePx"":0},{""x"":834,""y"":971.3,""t"":375,""outside"":false,""outsidePx"":0},{""x"":851.3,""y"":964.7,""t"":392,""outside"":false,""outsidePx"":0},{""x"":870.7,""y"":955.3,""t"":408,""outside"":false,""outsidePx"":0},{""x"":892,""y"":946.7,""t"":425,""outside"":false,""outsidePx"":0},{""x"":912.7,""y"":940,""t"":442,""outside"":false,""outsidePx"":0},{""x"":930,""y"":932.7,""t"":458,""outside"":false,""outsidePx"":0},{""x"":948,""y"":924,""t"":475,""outside"":false,""outsidePx"":0},{""x"":965.3,""y"":913.3,""t"":492,""outside"":false,""outsidePx"":0},{""x"":982.7,""y"":903.3,""t"":508,""outside"":false,""outsidePx"":0},{""x"":1004,""y"":890.7,""t"":525,""outside"":false,""outsidePx"":0},{""x"":1026.7,""y"":880.7,""t"":541,""outside"":false,""outsidePx"":0},{""x"":1046,""y"":871.3,""t"":558,""outside"":false,""outsidePx"":0},{""x"":1063.3,""y"":862.7,""t"":575,""outside"":false,""outsidePx"":0},{""x"":1077.3,""y"":856,""t"":591,""outside"":false,""outsidePx"":0},{""x"":1089.3,""y"":848.7,""t"":608,""outside"":false,""outsidePx"":0},{""x"":1102,""y"":843.3,""t"":625,""outside"":false,""outsidePx"":0},{""x"":1112,""y"":838.7,""t"":641,""outside"":false,""outsidePx"":0},{""x"":1120.7,""y"":833.3,""t"":658,""outside"":false,""outsidePx"":0},{""x"":1133.3,""y"":826,""t"":675,""outside"":false,""outsidePx"":0},{""x"":1147.3,""y"":819.3,""t"":692,""outside"":false,""outsidePx"":0},{""x"":1164.7,""y"":808.7,""t"":708,""outside"":false,""outsidePx"":0},{""x"":1186,""y"":794.7,""t"":725,""outside"":false,""outsidePx"":0},{""x"":1206.7,""y"":780.7,""t"":742,""outside"":false,""outsidePx"":0},{""x"":1228,""y"":766.7,""t"":758,""outside"":false,""outsidePx"":0},{""x"":1248.7,""y"":752.7,""t"":775,""outside"":false,""outsidePx"":0},{""x"":1268,""y"":740.7,""t"":791,""outside"":false,""outsidePx"":0},{""x"":1287.3,""y"":730,""t"":808,""outside"":false,""outsidePx"":0},{""x"":1302.7,""y"":719.3,""t"":825,""outside"":false,""outsidePx"":0},{""x"":1316.7,""y"":710.7,""t"":841,""outside"":false,""outsidePx"":0},{""x"":1330.7,""y"":700,""t"":858,""outside"":false,""outsidePx"":0},{""x"":1348.7,""y"":688,""t"":875,""outside"":false,""outsidePx"":0},{""x"":1366,""y"":675.3,""t"":891,""outside"":false,""outsidePx"":0},{""x"":1383.3,""y"":663.3,""t"":908,""outside"":false,""outsidePx"":0},{""x"":1404.7,""y"":649.3,""t"":925,""outside"":false,""outsidePx"":0},{""x"":1422,""y"":637.3,""t"":941,""outside"":false,""outsidePx"":0},{""x"":1444.7,""y"":621.3,""t"":958,""outside"":false,""outsidePx"":0},{""x"":1466,""y"":607.3,""t"":975,""outside"":false,""outsidePx"":0},{""x"":1483.3,""y"":593.3,""t"":991,""outside"":false,""outsidePx"":0},{""x"":1504,""y"":579.3,""t"":1008,""outside"":false,""outsidePx"":0},{""x"":1522,""y"":567.3,""t"":1025,""outside"":false,""outsidePx"":0},{""x"":1539.3,""y"":556.7,""t"":1041,""outside"":false,""outsidePx"":0},{""x"":1556.7,""y"":544.7,""t"":1058,""outside"":false,""outsidePx"":0},{""x"":1576,""y"":532,""t"":1075,""outside"":false,""outsidePx"":0},{""x"":1595.3,""y"":518,""t"":1091,""outside"":false,""outsidePx"":0},{""x"":1618,""y"":504,""t"":1108,""outside"":false,""outsidePx"":0},{""x"":1640.7,""y"":492,""t"":1125,""outside"":false,""outsidePx"":0},{""x"":1660,""y"":478,""t"":1141,""outside"":false,""outsidePx"":0},{""x"":1680.7,""y"":464,""t"":1158,""outside"":false,""outsidePx"":0},{""x"":1705.3,""y"":446.7,""t"":1175,""outside"":false,""outsidePx"":0},{""x"":1730,""y"":432.7,""t"":1191,""outside"":false,""outsidePx"":0},{""x"":1756,""y"":414.7,""t"":1208,""outside"":false,""outsidePx"":0},{""x"":1782.7,""y"":397.3,""t"":1225,""outside"":false,""outsidePx"":0},{""x"":1806.7,""y"":383.3,""t"":1241,""outside"":false,""outsidePx"":0},{""x"":1833.3,""y"":367.3,""t"":1258,""outside"":false,""outsidePx"":0},{""x"":1856,""y"":353.3,""t"":1275,""outside"":false,""outsidePx"":0},{""x"":1872,""y"":343.3,""t"":1291,""outside"":false,""outsidePx"":0},{""x"":1887.3,""y"":334.7,""t"":1308,""outside"":false,""outsidePx"":0},{""x"":1900,""y"":325.3,""t"":1325,""outside"":false,""outsidePx"":0},{""x"":1910,""y"":318.7,""t"":1341,""outside"":false,""outsidePx"":0},{""x"":1920.7,""y"":311.3,""t"":1358,""outside"":false,""outsidePx"":0},{""x"":1929.3,""y"":304.7,""t"":1375,""outside"":true,""outsidePx"":0},{""x"":1938,""y"":301.3,""t"":1392,""outside"":false,""outsidePx"":0},{""x"":1945.3,""y"":297.3,""t"":1408,""outside"":false,""outsidePx"":0},{""x"":1952,""y"":292.7,""t"":1425,""outside"":false,""outsidePx"":0},{""x"":1959.3,""y"":288.7,""t"":1441,""outside"":false,""outsidePx"":0},{""x"":1970,""y"":283.3,""t"":1458,""outside"":false,""outsidePx"":0},{""x"":1978.7,""y"":280,""t"":1475,""outside"":false,""outsidePx"":0},{""x"":1985.3,""y"":278.7,""t"":1491,""outside"":false,""outsidePx"":0},{""x"":1987.3,""y"":276.7,""t"":1508,""outside"":false,""outsidePx"":0},{""x"":1990.7,""y"":276.7,""t"":1558,""outside"":false,""outsidePx"":0},{""x"":1994,""y"":274.7,""t"":1575,""outside"":false,""outsidePx"":0},{""x"":2001.3,""y"":271.3,""t"":1592,""outside"":false,""outsidePx"":0},{""x"":2006.7,""y"":268,""t"":1608,""outside"":false,""outsidePx"":0},{""x"":2008,""y"":268,""t"":1625,""outside"":false,""outsidePx"":0},{""x"":2007.3,""y"":268,""t"":1656,""outside"":false,""outsidePx"":0},{""x"":2005.3,""y"":269.3,""t"":1666,""outside"":false,""outsidePx"":0},{""x"":2002,""y"":270.7,""t"":1675,""outside"":false,""outsidePx"":0},{""x"":2000,""y"":274,""t"":1681,""outside"":false,""outsidePx"":0}]"
shohei,main,practice,C2,幅狭条件,A固定・W狭い,70,1350,19.286,2,27,57,57,57,2026-09-29T08:05:34.491Z,2026-09-29T08:05:35.777Z,1286,229,998,769,true,true,none,1996,302.7,1,false,0,0,0,false,[],"[{""x"":524,""y"":1137.3,""t"":0,""outside"":false,""outsidePx"":0},{""x"":526,""y"":1137.3,""t"":27,""outside"":false,""outsidePx"":0},{""x"":528,""y"":1138.7,""t"":44,""outside"":false,""outsidePx"":0},{""x"":529.3,""y"":1138.7,""t"":60,""outside"":false,""outsidePx"":0},{""x"":532.7,""y"":1138.7,""t"":77,""outside"":false,""outsidePx"":0},{""x"":542,""y"":1134,""t"":94,""outside"":false,""outsidePx"":0},{""x"":556,""y"":1122,""t"":110,""outside"":false,""outsidePx"":0},{""x"":576.7,""y"":1106,""t"":127,""outside"":false,""outsidePx"":0},{""x"":596,""y"":1094,""t"":143,""outside"":false,""outsidePx"":0},{""x"":615.3,""y"":1080,""t"":160,""outside"":false,""outsidePx"":0},{""x"":632.7,""y"":1067.3,""t"":177,""outside"":false,""outsidePx"":0},{""x"":650,""y"":1057.3,""t"":194,""outside"":false,""outsidePx"":0},{""x"":668,""y"":1046.7,""t"":210,""outside"":false,""outsidePx"":0},{""x"":682,""y"":1039.3,""t"":227,""outside"":false,""outsidePx"":0},{""x"":697.3,""y"":1034.7,""t"":243,""outside"":false,""outsidePx"":0},{""x"":714.7,""y"":1029.3,""t"":260,""outside"":false,""outsidePx"":0},{""x"":734,""y"":1024,""t"":277,""outside"":false,""outsidePx"":0},{""x"":756.7,""y"":1013.3,""t"":293,""outside"":false,""outsidePx"":0},{""x"":786.7,""y"":997.3,""t"":310,""outside"":false,""outsidePx"":0},{""x"":814.7,""y"":982,""t"":327,""outside"":false,""outsidePx"":0},{""x"":846,""y"":968,""t"":343,""outside"":false,""outsidePx"":0},{""x"":876,""y"":954,""t"":360,""outside"":false,""outsidePx"":0},{""x"":898.7,""y"":943.3,""t"":377,""outside"":false,""outsidePx"":0},{""x"":921.3,""y"":929.3,""t"":393,""outside"":false,""outsidePx"":0},{""x"":944,""y"":915.3,""t"":410,""outside"":false,""outsidePx"":0},{""x"":966.7,""y"":903.3,""t"":427,""outside"":false,""outsidePx"":0},{""x"":988,""y"":890.7,""t"":443,""outside"":false,""outsidePx"":0},{""x"":1007.3,""y"":880.7,""t"":460,""outside"":false,""outsidePx"":0},{""x"":1022.7,""y"":870,""t"":477,""outside"":false,""outsidePx"":0},{""x"":1046,""y"":856,""t"":493,""outside"":false,""outsidePx"":0},{""x"":1068.7,""y"":842,""t"":510,""outside"":false,""outsidePx"":0},{""x"":1094.7,""y"":828,""t"":527,""outside"":false,""outsidePx"":0},{""x"":1120.7,""y"":808.7,""t"":543,""outside"":false,""outsidePx"":0},{""x"":1147.3,""y"":791.3,""t"":560,""outside"":false,""outsidePx"":0},{""x"":1175.3,""y"":773.3,""t"":577,""outside"":false,""outsidePx"":0},{""x"":1206.7,""y"":754.7,""t"":593,""outside"":false,""outsidePx"":0},{""x"":1236.7,""y"":735.3,""t"":610,""outside"":false,""outsidePx"":0},{""x"":1264.7,""y"":717.3,""t"":627,""outside"":false,""outsidePx"":0},{""x"":1294,""y"":698.7,""t"":643,""outside"":false,""outsidePx"":0},{""x"":1322,""y"":679.3,""t"":660,""outside"":false,""outsidePx"":0},{""x"":1352,""y"":658,""t"":677,""outside"":false,""outsidePx"":0},{""x"":1383.3,""y"":635.3,""t"":693,""outside"":false,""outsidePx"":0},{""x"":1414.7,""y"":616,""t"":710,""outside"":false,""outsidePx"":0},{""x"":1442.7,""y"":600.7,""t"":727,""outside"":false,""outsidePx"":0},{""x"":1470.7,""y"":582.7,""t"":743,""outside"":false,""outsidePx"":0},{""x"":1494,""y"":568.7,""t"":760,""outside"":false,""outsidePx"":0},{""x"":1514.7,""y"":554.7,""t"":777,""outside"":false,""outsidePx"":0},{""x"":1539.3,""y"":539.3,""t"":793,""outside"":false,""outsidePx"":0},{""x"":1564,""y"":523.3,""t"":810,""outside"":false,""outsidePx"":0},{""x"":1590,""y"":507.3,""t"":827,""outside"":false,""outsidePx"":0},{""x"":1618,""y"":492,""t"":843,""outside"":false,""outsidePx"":0},{""x"":1646,""y"":476,""t"":860,""outside"":false,""outsidePx"":0},{""x"":1670.7,""y"":462,""t"":877,""outside"":false,""outsidePx"":0},{""x"":1694.7,""y"":448,""t"":893,""outside"":false,""outsidePx"":0},{""x"":1721.3,""y"":430.7,""t"":910,""outside"":false,""outsidePx"":0},{""x"":1746,""y"":416.7,""t"":927,""outside"":false,""outsidePx"":0},{""x"":1772,""y"":402.7,""t"":943,""outside"":false,""outsidePx"":0},{""x"":1800,""y"":388.7,""t"":960,""outside"":false,""outsidePx"":0},{""x"":1826,""y"":376.7,""t"":977,""outside"":false,""outsidePx"":0},{""x"":1847.3,""y"":366,""t"":993,""outside"":false,""outsidePx"":0},{""x"":1866.7,""y"":355.3,""t"":1010,""outside"":false,""outsidePx"":0},{""x"":1882,""y"":346.7,""t"":1027,""outside"":false,""outsidePx"":0},{""x"":1898,""y"":338,""t"":1043,""outside"":false,""outsidePx"":0},{""x"":1914,""y"":330.7,""t"":1060,""outside"":false,""outsidePx"":0},{""x"":1929.3,""y"":327.3,""t"":1077,""outside"":false,""outsidePx"":0},{""x"":1942,""y"":322,""t"":1093,""outside"":false,""outsidePx"":0},{""x"":1948.7,""y"":320.7,""t"":1110,""outside"":false,""outsidePx"":0},{""x"":1952,""y"":316.7,""t"":1127,""outside"":false,""outsidePx"":0},{""x"":1954,""y"":316.7,""t"":1143,""outside"":false,""outsidePx"":0},{""x"":1956,""y"":315.3,""t"":1160,""outside"":false,""outsidePx"":0},{""x"":1959.3,""y"":315.3,""t"":1177,""outside"":false,""outsidePx"":0},{""x"":1966,""y"":313.3,""t"":1194,""outside"":false,""outsidePx"":0},{""x"":1976.7,""y"":311.3,""t"":1210,""outside"":false,""outsidePx"":0},{""x"":1985.3,""y"":306.7,""t"":1227,""outside"":false,""outsidePx"":0},{""x"":1992.7,""y"":304.7,""t"":1244,""outside"":false,""outsidePx"":0},{""x"":1994,""y"":304.7,""t"":1260,""outside"":false,""outsidePx"":0},{""x"":1994,""y"":302.7,""t"":1277,""outside"":false,""outsidePx"":0},{""x"":1996,""y"":302.7,""t"":1286,""outside"":false,""outsidePx"":0}]"
shohei,main,practice,C2,幅狭条件,A固定・W狭い,70,1350,19.286,2,28,58,58,58,2026-09-29T08:05:36.699Z,2026-09-29T08:05:37.935Z,1236,178,979,801,true,true,none,2061.3,270.7,1,false,0,0,0,false,[],"[{""x"":542,""y"":1132.7,""t"":0,""outside"":false,""outsidePx"":0},{""x"":543.3,""y"":1130.7,""t"":18,""outside"":false,""outsidePx"":0},{""x"":545.3,""y"":1130.7,""t"":35,""outside"":false,""outsidePx"":0},{""x"":546.7,""y"":1130.7,""t"":54,""outside"":false,""outsidePx"":0},{""x"":548.7,""y"":1128.7,""t"":68,""outside"":false,""outsidePx"":0},{""x"":557.3,""y"":1123.3,""t"":85,""outside"":false,""outsidePx"":0},{""x"":571.3,""y"":1114.7,""t"":102,""outside"":false,""outsidePx"":0},{""x"":592.7,""y"":1102.7,""t"":118,""outside"":false,""outsidePx"":0},{""x"":616.7,""y"":1090.7,""t"":135,""outside"":false,""outsidePx"":0},{""x"":641.3,""y"":1076.7,""t"":151,""outside"":false,""outsidePx"":0},{""x"":671.3,""y"":1057.3,""t"":168,""outside"":false,""outsidePx"":0},{""x"":702.7,""y"":1039.3,""t"":185,""outside"":false,""outsidePx"":0},{""x"":728.7,""y"":1025.3,""t"":201,""outside"":false,""outsidePx"":0},{""x"":758.7,""y"":1013.3,""t"":218,""outside"":false,""outsidePx"":0},{""x"":784.7,""y"":1004.7,""t"":235,""outside"":false,""outsidePx"":0},{""x"":804,""y"":996,""t"":251,""outside"":false,""outsidePx"":0},{""x"":820,""y"":988.7,""t"":268,""outside"":false,""outsidePx"":0},{""x"":834,""y"":978.7,""t"":285,""outside"":false,""outsidePx"":0},{""x"":846,""y"":968,""t"":301,""outside"":false,""outsidePx"":0},{""x"":865.3,""y"":955.3,""t"":318,""outside"":false,""outsidePx"":0},{""x"":888,""y"":943.3,""t"":335,""outside"":false,""outsidePx"":0},{""x"":914.7,""y"":929.3,""t"":351,""outside"":false,""outsidePx"":0},{""x"":944,""y"":917.3,""t"":368,""outside"":false,""outsidePx"":0},{""x"":970.7,""y"":904.7,""t"":385,""outside"":false,""outsidePx"":0},{""x"":996.7,""y"":892.7,""t"":401,""outside"":false,""outsidePx"":0},{""x"":1022.7,""y"":878.7,""t"":418,""outside"":false,""outsidePx"":0},{""x"":1046,""y"":868,""t"":435,""outside"":false,""outsidePx"":0},{""x"":1068.7,""y"":854,""t"":451,""outside"":false,""outsidePx"":0},{""x"":1096.7,""y"":838.7,""t"":468,""outside"":false,""outsidePx"":0},{""x"":1124.7,""y"":820.7,""t"":485,""outside"":false,""outsidePx"":0},{""x"":1158,""y"":803.3,""t"":501,""outside"":false,""outsidePx"":0},{""x"":1190.7,""y"":784,""t"":518,""outside"":false,""outsidePx"":0},{""x"":1222.7,""y"":766.7,""t"":535,""outside"":false,""outsidePx"":0},{""x"":1254,""y"":749.3,""t"":551,""outside"":false,""outsidePx"":0},{""x"":1287.3,""y"":730,""t"":568,""outside"":false,""outsidePx"":0},{""x"":1316.7,""y"":712.7,""t"":585,""outside"":false,""outsidePx"":0},{""x"":1346.7,""y"":694.7,""t"":601,""outside"":false,""outsidePx"":0},{""x"":1372.7,""y"":679.3,""t"":618,""outside"":false,""outsidePx"":0},{""x"":1404.7,""y"":660,""t"":635,""outside"":false,""outsidePx"":0},{""x"":1427.3,""y"":644,""t"":651,""outside"":false,""outsidePx"":0},{""x"":1448,""y"":630,""t"":668,""outside"":false,""outsidePx"":0},{""x"":1467.3,""y"":618,""t"":685,""outside"":false,""outsidePx"":0},{""x"":1484.7,""y"":605.3,""t"":701,""outside"":false,""outsidePx"":0},{""x"":1502.7,""y"":593.3,""t"":718,""outside"":false,""outsidePx"":0},{""x"":1520,""y"":582.7,""t"":735,""outside"":false,""outsidePx"":0},{""x"":1537.3,""y"":570.7,""t"":751,""outside"":false,""outsidePx"":0},{""x"":1554.7,""y"":560,""t"":768,""outside"":false,""outsidePx"":0},{""x"":1574,""y"":546,""t"":785,""outside"":false,""outsidePx"":0},{""x"":1578,""y"":544.7,""t"":802,""outside"":false,""outsidePx"":0},{""x"":1612.7,""y"":521.3,""t"":818,""outside"":false,""outsidePx"":0},{""x"":1632,""y"":509.3,""t"":835,""outside"":false,""outsidePx"":0},{""x"":1656.7,""y"":492,""t"":851,""outside"":false,""outsidePx"":0},{""x"":1677.3,""y"":478,""t"":868,""outside"":false,""outsidePx"":0},{""x"":1690,""y"":470.7,""t"":885,""outside"":false,""outsidePx"":0},{""x"":1726.7,""y"":451.3,""t"":901,""outside"":false,""outsidePx"":0},{""x"":1774,""y"":427.3,""t"":918,""outside"":false,""outsidePx"":0},{""x"":1800,""y"":413.3,""t"":935,""outside"":false,""outsidePx"":0},{""x"":1822.7,""y"":399.3,""t"":951,""outside"":false,""outsidePx"":0},{""x"":1844,""y"":385.3,""t"":968,""outside"":false,""outsidePx"":0},{""x"":1868,""y"":369.3,""t"":985,""outside"":false,""outsidePx"":0},{""x"":1890.7,""y"":355.3,""t"":1001,""outside"":false,""outsidePx"":0},{""x"":1917.3,""y"":339.3,""t"":1018,""outside"":false,""outsidePx"":0},{""x"":1943.3,""y"":324,""t"":1035,""outside"":false,""outsidePx"":0},{""x"":1968,""y"":310,""t"":1051,""outside"":false,""outsidePx"":0},{""x"":1990.7,""y"":296,""t"":1068,""outside"":false,""outsidePx"":0},{""x"":2015.3,""y"":285.3,""t"":1085,""outside"":false,""outsidePx"":0},{""x"":2036,""y"":276.7,""t"":1101,""outside"":false,""outsidePx"":0},{""x"":2052,""y"":268,""t"":1118,""outside"":false,""outsidePx"":0},{""x"":2064,""y"":262.7,""t"":1135,""outside"":false,""outsidePx"":0},{""x"":2071.3,""y"":257.3,""t"":1151,""outside"":false,""outsidePx"":0},{""x"":2072.7,""y"":257.3,""t"":1168,""outside"":false,""outsidePx"":0},{""x"":2070,""y"":260,""t"":1218,""outside"":false,""outsidePx"":0},{""x"":2063.3,""y"":270.7,""t"":1235,""outside"":false,""outsidePx"":0},{""x"":2061.3,""y"":270.7,""t"":1236,""outside"":false,""outsidePx"":0}]"
shohei,main,practice,C2,幅狭条件,A固定・W狭い,70,1350,19.286,2,29,59,59,59,2026-09-29T08:05:40.825Z,2026-09-29T08:05:42.216Z,1391,205,1152,947,true,true,none,2030.7,285.3,1,false,0,0,0,false,[],"[{""x"":579.3,""y"":1104,""t"":0,""outside"":false,""outsidePx"":0},{""x"":580,""y"":1104,""t"":61,""outside"":false,""outsidePx"":0},{""x"":584,""y"":1102.7,""t"":75,""outside"":false,""outsidePx"":0},{""x"":590.7,""y"":1099.3,""t"":92,""outside"":false,""outsidePx"":0},{""x"":598,""y"":1094,""t"":108,""outside"":false,""outsidePx"":0},{""x"":612,""y"":1086.7,""t"":125,""outside"":false,""outsidePx"":0},{""x"":626,""y"":1078,""t"":141,""outside"":false,""outsidePx"":0},{""x"":643.3,""y"":1069.3,""t"":158,""outside"":false,""outsidePx"":0},{""x"":658.7,""y"":1060.7,""t"":175,""outside"":false,""outsidePx"":0},{""x"":676.7,""y"":1052,""t"":191,""outside"":false,""outsidePx"":0},{""x"":692,""y"":1044.7,""t"":208,""outside"":false,""outsidePx"":0},{""x"":708,""y"":1036,""t"":225,""outside"":false,""outsidePx"":0},{""x"":725.3,""y"":1025.3,""t"":241,""outside"":false,""outsidePx"":0},{""x"":742.7,""y"":1016.7,""t"":258,""outside"":false,""outsidePx"":0},{""x"":762,""y"":1006.7,""t"":275,""outside"":false,""outsidePx"":0},{""x"":781.3,""y"":996,""t"":291,""outside"":false,""outsidePx"":0},{""x"":802.7,""y"":982,""t"":308,""outside"":false,""outsidePx"":0},{""x"":826.7,""y"":966,""t"":325,""outside"":false,""outsidePx"":0},{""x"":850,""y"":952,""t"":341,""outside"":false,""outsidePx"":0},{""x"":872.7,""y"":940,""t"":358,""outside"":false,""outsidePx"":0},{""x"":893.3,""y"":929.3,""t"":374,""outside"":false,""outsidePx"":0},{""x"":904,""y"":922.7,""t"":391,""outside"":false,""outsidePx"":0},{""x"":914.7,""y"":917.3,""t"":408,""outside"":false,""outsidePx"":0},{""x"":926.7,""y"":908.7,""t"":424,""outside"":false,""outsidePx"":0},{""x"":940.7,""y"":898,""t"":441,""outside"":false,""outsidePx"":0},{""x"":960,""y"":889.3,""t"":458,""outside"":false,""outsidePx"":0},{""x"":982.7,""y"":876.7,""t"":475,""outside"":false,""outsidePx"":0},{""x"":1005.3,""y"":866.7,""t"":491,""outside"":false,""outsidePx"":0},{""x"":1026.7,""y"":856,""t"":508,""outside"":false,""outsidePx"":0},{""x"":1046,""y"":843.3,""t"":524,""outside"":false,""outsidePx"":0},{""x"":1064.7,""y"":831.3,""t"":541,""outside"":false,""outsidePx"":0},{""x"":1084,""y"":819.3,""t"":558,""outside"":false,""outsidePx"":0},{""x"":1106.7,""y"":805.3,""t"":575,""outside"":false,""outsidePx"":0},{""x"":1128,""y"":794.7,""t"":591,""outside"":false,""outsidePx"":0},{""x"":1145.3,""y"":786,""t"":608,""outside"":false,""outsidePx"":0},{""x"":1162.7,""y"":777.3,""t"":624,""outside"":false,""outsidePx"":0},{""x"":1176.7,""y"":768.7,""t"":641,""outside"":false,""outsidePx"":0},{""x"":1190.7,""y"":761.3,""t"":658,""outside"":false,""outsidePx"":0},{""x"":1204.7,""y"":754.7,""t"":674,""outside"":false,""outsidePx"":0},{""x"":1218.7,""y"":749.3,""t"":691,""outside"":false,""outsidePx"":0},{""x"":1231.3,""y"":744,""t"":708,""outside"":false,""outsidePx"":0},{""x"":1246.7,""y"":735.3,""t"":724,""outside"":false,""outsidePx"":0},{""x"":1262.7,""y"":726.7,""t"":741,""outside"":false,""outsidePx"":0},{""x"":1284,""y"":714,""t"":758,""outside"":false,""outsidePx"":0},{""x"":1308,""y"":702,""t"":774,""outside"":false,""outsidePx"":0},{""x"":1327.3,""y"":691.3,""t"":791,""outside"":false,""outsidePx"":0},{""x"":1355.3,""y"":675.3,""t"":808,""outside"":false,""outsidePx"":0},{""x"":1380,""y"":663.3,""t"":824,""outside"":false,""outsidePx"":0},{""x"":1400.7,""y"":652.7,""t"":841,""outside"":false,""outsidePx"":0},{""x"":1424,""y"":640.7,""t"":858,""outside"":false,""outsidePx"":0},{""x"":1444.7,""y"":628.7,""t"":874,""outside"":false,""outsidePx"":0},{""x"":1464,""y"":618,""t"":891,""outside"":false,""outsidePx"":0},{""x"":1486.7,""y"":605.3,""t"":908,""outside"":false,""outsidePx"":0},{""x"":1506,""y"":593.3,""t"":924,""outside"":false,""outsidePx"":0},{""x"":1526.7,""y"":581.3,""t"":941,""outside"":false,""outsidePx"":0},{""x"":1550,""y"":567.3,""t"":958,""outside"":false,""outsidePx"":0},{""x"":1574,""y"":554.7,""t"":974,""outside"":false,""outsidePx"":0},{""x"":1593.3,""y"":542.7,""t"":991,""outside"":false,""outsidePx"":0},{""x"":1618,""y"":530.7,""t"":1008,""outside"":false,""outsidePx"":0},{""x"":1642.7,""y"":516.7,""t"":1024,""outside"":false,""outsidePx"":0},{""x"":1665.3,""y"":502.7,""t"":1041,""outside"":false,""outsidePx"":0},{""x"":1690,""y"":484.7,""t"":1058,""outside"":false,""outsidePx"":0},{""x"":1718,""y"":467.3,""t"":1074,""outside"":false,""outsidePx"":0},{""x"":1747.3,""y"":448,""t"":1091,""outside"":false,""outsidePx"":0},{""x"":1780.7,""y"":427.3,""t"":1108,""outside"":false,""outsidePx"":0},{""x"":1808.7,""y"":411.3,""t"":1124,""outside"":false,""outsidePx"":0},{""x"":1844,""y"":392,""t"":1141,""outside"":false,""outsidePx"":0},{""x"":1873.3,""y"":376.7,""t"":1158,""outside"":false,""outsidePx"":0},{""x"":1900,""y"":360.7,""t"":1174,""outside"":false,""outsidePx"":0},{""x"":1924,""y"":344.7,""t"":1191,""outside"":false,""outsidePx"":0},{""x"":1950.7,""y"":327.3,""t"":1208,""outside"":false,""outsidePx"":0},{""x"":1974.7,""y"":313.3,""t"":1224,""outside"":false,""outsidePx"":0},{""x"":1990.7,""y"":304.7,""t"":1241,""outside"":false,""outsidePx"":0},{""x"":2004.7,""y"":297.3,""t"":1258,""outside"":false,""outsidePx"":0},{""x"":2010,""y"":294,""t"":1274,""outside"":false,""outsidePx"":0},{""x"":2013.3,""y"":292.7,""t"":1291,""outside"":false,""outsidePx"":0},{""x"":2016.7,""y"":290.7,""t"":1308,""outside"":false,""outsidePx"":0},{""x"":2018.7,""y"":288.7,""t"":1324,""outside"":false,""outsidePx"":0},{""x"":2022,""y"":288.7,""t"":1341,""outside"":false,""outsidePx"":0},{""x"":2026,""y"":287.3,""t"":1358,""outside"":false,""outsidePx"":0},{""x"":2029.3,""y"":285.3,""t"":1375,""outside"":false,""outsidePx"":0},{""x"":2030.7,""y"":285.3,""t"":1390,""outside"":false,""outsidePx"":0}]"
shohei,main,practice,C2,幅狭条件,A固定・W狭い,70,1350,19.286,2,30,60,60,60,2026-09-29T08:05:42.960Z,2026-09-29T08:05:44.172Z,1213,204,1006,802,true,true,none,2082.7,270.7,1,false,0,0,0,false,[],"[{""x"":528.7,""y"":1142,""t"":0,""outside"":false,""outsidePx"":0},{""x"":528.7,""y"":1141.3,""t"":10,""outside"":false,""outsidePx"":0},{""x"":531.3,""y"":1141.3,""t"":24,""outside"":false,""outsidePx"":0},{""x"":532.7,""y"":1139.3,""t"":40,""outside"":false,""outsidePx"":0},{""x"":538,""y"":1137.3,""t"":57,""outside"":false,""outsidePx"":0},{""x"":545.3,""y"":1134,""t"":74,""outside"":false,""outsidePx"":0},{""x"":556,""y"":1128.7,""t"":90,""outside"":false,""outsidePx"":0},{""x"":570,""y"":1118.7,""t"":107,""outside"":false,""outsidePx"":0},{""x"":592.7,""y"":1104.7,""t"":123,""outside"":false,""outsidePx"":0},{""x"":615.3,""y"":1090.7,""t"":140,""outside"":false,""outsidePx"":0},{""x"":638,""y"":1074.7,""t"":157,""outside"":false,""outsidePx"":0},{""x"":660.7,""y"":1062.7,""t"":173,""outside"":false,""outsidePx"":0},{""x"":678,""y"":1052,""t"":190,""outside"":false,""outsidePx"":0},{""x"":692,""y"":1046.7,""t"":207,""outside"":false,""outsidePx"":0},{""x"":704.7,""y"":1041.3,""t"":223,""outside"":false,""outsidePx"":0},{""x"":713.3,""y"":1038,""t"":240,""outside"":false,""outsidePx"":0},{""x"":727.3,""y"":1030.7,""t"":257,""outside"":false,""outsidePx"":0},{""x"":744.7,""y"":1022,""t"":273,""outside"":false,""outsidePx"":0},{""x"":766,""y"":1011.3,""t"":290,""outside"":false,""outsidePx"":0},{""x"":790,""y"":999.3,""t"":306,""outside"":false,""outsidePx"":0},{""x"":812.7,""y"":988.7,""t"":323,""outside"":false,""outsidePx"":0},{""x"":836,""y"":974.7,""t"":340,""outside"":false,""outsidePx"":0},{""x"":856.7,""y"":959.3,""t"":356,""outside"":false,""outsidePx"":0},{""x"":879.3,""y"":941.3,""t"":373,""outside"":false,""outsidePx"":0},{""x"":904,""y"":927.3,""t"":390,""outside"":false,""outsidePx"":0},{""x"":930,""y"":912,""t"":407,""outside"":false,""outsidePx"":0},{""x"":956.7,""y"":896,""t"":423,""outside"":false,""outsidePx"":0},{""x"":980.7,""y"":880.7,""t"":440,""outside"":false,""outsidePx"":0},{""x"":1005.3,""y"":864.7,""t"":456,""outside"":false,""outsidePx"":0},{""x"":1032,""y"":848.7,""t"":473,""outside"":false,""outsidePx"":0},{""x"":1056,""y"":833.3,""t"":490,""outside"":false,""outsidePx"":0},{""x"":1082.7,""y"":815.3,""t"":507,""outside"":false,""outsidePx"":0},{""x"":1108.7,""y"":800,""t"":523,""outside"":false,""outsidePx"":0},{""x"":1130,""y"":784,""t"":540,""outside"":false,""outsidePx"":0},{""x"":1154,""y"":768.7,""t"":556,""outside"":false,""outsidePx"":0},{""x"":1178.7,""y"":750.7,""t"":573,""outside"":false,""outsidePx"":0},{""x"":1201.3,""y"":736.7,""t"":590,""outside"":false,""outsidePx"":0},{""x"":1226,""y"":721.3,""t"":606,""outside"":false,""outsidePx"":0},{""x"":1248.7,""y"":707.3,""t"":623,""outside"":false,""outsidePx"":0},{""x"":1268,""y"":694.7,""t"":640,""outside"":false,""outsidePx"":0},{""x"":1288.7,""y"":680.7,""t"":656,""outside"":false,""outsidePx"":0},{""x"":1310,""y"":668.7,""t"":673,""outside"":false,""outsidePx"":0},{""x"":1330.7,""y"":656.7,""t"":690,""outside"":false,""outsidePx"":0},{""x"":1352,""y"":644,""t"":706,""outside"":false,""outsidePx"":0},{""x"":1374.7,""y"":632,""t"":723,""outside"":false,""outsidePx"":0},{""x"":1396,""y"":621.3,""t"":740,""outside"":false,""outsidePx"":0},{""x"":1422,""y"":609.3,""t"":756,""outside"":false,""outsidePx"":0},{""x"":1446.7,""y"":596.7,""t"":773,""outside"":false,""outsidePx"":0},{""x"":1470.7,""y"":582.7,""t"":790,""outside"":false,""outsidePx"":0},{""x"":1497.3,""y"":570.7,""t"":806,""outside"":false,""outsidePx"":0},{""x"":1526.7,""y"":553.3,""t"":823,""outside"":false,""outsidePx"":0},{""x"":1554.7,""y"":539.3,""t"":840,""outside"":false,""outsidePx"":0},{""x"":1584.7,""y"":525.3,""t"":856,""outside"":false,""outsidePx"":0},{""x"":1614.7,""y"":507.3,""t"":873,""outside"":false,""outsidePx"":0},{""x"":1640.7,""y"":493.3,""t"":890,""outside"":false,""outsidePx"":0},{""x"":1672,""y"":476,""t"":906,""outside"":false,""outsidePx"":0},{""x"":1704,""y"":458.7,""t"":923,""outside"":false,""outsidePx"":0},{""x"":1732,""y"":442.7,""t"":940,""outside"":false,""outsidePx"":0},{""x"":1764.7,""y"":427.3,""t"":956,""outside"":false,""outsidePx"":0},{""x"":1798,""y"":411.3,""t"":973,""outside"":false,""outsidePx"":0},{""x"":1830,""y"":395.3,""t"":990,""outside"":false,""outsidePx"":0},{""x"":1862.7,""y"":378,""t"":1006,""outside"":false,""outsidePx"":0},{""x"":1900,""y"":358.7,""t"":1023,""outside"":false,""outsidePx"":0},{""x"":1934.7,""y"":339.3,""t"":1040,""outside"":false,""outsidePx"":0},{""x"":1974.7,""y"":316.7,""t"":1056,""outside"":false,""outsidePx"":0},{""x"":2015.3,""y"":296,""t"":1073,""outside"":false,""outsidePx"":0},{""x"":2048.7,""y"":278.7,""t"":1090,""outside"":false,""outsidePx"":0},{""x"":2080,""y"":262.7,""t"":1106,""outside"":false,""outsidePx"":0},{""x"":2096,""y"":254,""t"":1123,""outside"":false,""outsidePx"":0},{""x"":2099.3,""y"":252,""t"":1140,""outside"":false,""outsidePx"":0},{""x"":2098,""y"":252,""t"":1160,""outside"":false,""outsidePx"":0},{""x"":2094.7,""y"":255.3,""t"":1173,""outside"":false,""outsidePx"":0},{""x"":2087.3,""y"":262,""t"":1190,""outside"":false,""outsidePx"":0},{""x"":2082.7,""y"":269.3,""t"":1207,""outside"":false,""outsidePx"":0},{""x"":2082.7,""y"":270.7,""t"":1212,""outside"":false,""outsidePx"":0}]"
shohei,main,practice,C3,距離大条件,W固定・A長い,35,675,19.286,3,1,61,61,61,2026-09-29T08:05:45.153Z,2026-09-29T08:05:46.428Z,1274,160,987,827,true,true,none,1736.7,460.7,1,false,0,0,0,false,[],"[{""x"":881.3,""y"":940,""t"":0,""outside"":false,""outsidePx"":0},{""x"":886.7,""y"":938,""t"":13,""outside"":false,""outsidePx"":0},{""x"":890,""y"":936.7,""t"":30,""outside"":false,""outsidePx"":0},{""x"":895.3,""y"":932.7,""t"":46,""outside"":false,""outsidePx"":0},{""x"":902,""y"":929.3,""t"":63,""outside"":false,""outsidePx"":0},{""x"":910.7,""y"":924,""t"":80,""outside"":false,""outsidePx"":0},{""x"":923.3,""y"":918.7,""t"":96,""outside"":false,""outsidePx"":0},{""x"":938.7,""y"":910,""t"":113,""outside"":false,""outsidePx"":0},{""x"":954.7,""y"":901.3,""t"":130,""outside"":false,""outsidePx"":0},{""x"":970.7,""y"":892.7,""t"":146,""outside"":false,""outsidePx"":0},{""x"":988,""y"":882,""t"":163,""outside"":false,""outsidePx"":0},{""x"":1002,""y"":873.3,""t"":179,""outside"":false,""outsidePx"":0},{""x"":1018,""y"":866.7,""t"":196,""outside"":false,""outsidePx"":0},{""x"":1033.3,""y"":857.3,""t"":213,""outside"":false,""outsidePx"":0},{""x"":1046,""y"":850.7,""t"":229,""outside"":false,""outsidePx"":0},{""x"":1056,""y"":845.3,""t"":246,""outside"":false,""outsidePx"":0},{""x"":1066.7,""y"":840,""t"":263,""outside"":false,""outsidePx"":0},{""x"":1077.3,""y"":833.3,""t"":279,""outside"":false,""outsidePx"":0},{""x"":1088,""y"":828,""t"":296,""outside"":false,""outsidePx"":0},{""x"":1100,""y"":819.3,""t"":313,""outside"":false,""outsidePx"":0},{""x"":1110.7,""y"":812,""t"":329,""outside"":false,""outsidePx"":0},{""x"":1119.3,""y"":805.3,""t"":346,""outside"":false,""outsidePx"":0},{""x"":1131.3,""y"":800,""t"":363,""outside"":false,""outsidePx"":0},{""x"":1140,""y"":792.7,""t"":379,""outside"":false,""outsidePx"":0},{""x"":1152.7,""y"":787.3,""t"":396,""outside"":false,""outsidePx"":0},{""x"":1161.3,""y"":780.7,""t"":413,""outside"":false,""outsidePx"":0},{""x"":1170,""y"":775.3,""t"":430,""outside"":false,""outsidePx"":0},{""x"":1178.7,""y"":770,""t"":446,""outside"":false,""outsidePx"":0},{""x"":1189.3,""y"":763.3,""t"":463,""outside"":false,""outsidePx"":0},{""x"":1198,""y"":758,""t"":480,""outside"":false,""outsidePx"":0},{""x"":1208.7,""y"":750.7,""t"":496,""outside"":false,""outsidePx"":0},{""x"":1220.7,""y"":742,""t"":513,""outside"":false,""outsidePx"":0},{""x"":1231.3,""y"":735.3,""t"":530,""outside"":false,""outsidePx"":0},{""x"":1242,""y"":728,""t"":546,""outside"":false,""outsidePx"":0},{""x"":1254,""y"":721.3,""t"":563,""outside"":false,""outsidePx"":0},{""x"":1264.7,""y"":716,""t"":579,""outside"":false,""outsidePx"":0},{""x"":1274.7,""y"":708.7,""t"":596,""outside"":false,""outsidePx"":0},{""x"":1284,""y"":703.3,""t"":613,""outside"":false,""outsidePx"":0},{""x"":1292.7,""y"":698.7,""t"":629,""outside"":false,""outsidePx"":0},{""x"":1302.7,""y"":693.3,""t"":646,""outside"":false,""outsidePx"":0},{""x"":1315.3,""y"":686,""t"":663,""outside"":false,""outsidePx"":0},{""x"":1326,""y"":680.7,""t"":679,""outside"":false,""outsidePx"":0},{""x"":1340,""y"":672,""t"":696,""outside"":false,""outsidePx"":0},{""x"":1354,""y"":663.3,""t"":713,""outside"":false,""outsidePx"":0},{""x"":1364,""y"":656.7,""t"":729,""outside"":false,""outsidePx"":0},{""x"":1378,""y"":649.3,""t"":746,""outside"":false,""outsidePx"":0},{""x"":1390.7,""y"":642.7,""t"":763,""outside"":false,""outsidePx"":0},{""x"":1402.7,""y"":635.3,""t"":779,""outside"":false,""outsidePx"":0},{""x"":1416.7,""y"":626.7,""t"":796,""outside"":false,""outsidePx"":0},{""x"":1432.7,""y"":618,""t"":813,""outside"":false,""outsidePx"":0},{""x"":1444.7,""y"":610.7,""t"":829,""outside"":false,""outsidePx"":0},{""x"":1456.7,""y"":605.3,""t"":846,""outside"":false,""outsidePx"":0},{""x"":1467.3,""y"":600.7,""t"":863,""outside"":false,""outsidePx"":0},{""x"":1476,""y"":595.3,""t"":880,""outside"":false,""outsidePx"":0},{""x"":1486.7,""y"":588,""t"":896,""outside"":false,""outsidePx"":0},{""x"":1498.7,""y"":581.3,""t"":913,""outside"":false,""outsidePx"":0},{""x"":1511.3,""y"":574,""t"":929,""outside"":false,""outsidePx"":0},{""x"":1526.7,""y"":567.3,""t"":946,""outside"":false,""outsidePx"":0},{""x"":1540.7,""y"":558.7,""t"":963,""outside"":false,""outsidePx"":0},{""x"":1560,""y"":549.3,""t"":979,""outside"":false,""outsidePx"":0},{""x"":1578,""y"":537.3,""t"":996,""outside"":false,""outsidePx"":0},{""x"":1595.3,""y"":528.7,""t"":1012,""outside"":false,""outsidePx"":0},{""x"":1614.7,""y"":518,""t"":1029,""outside"":false,""outsidePx"":0},{""x"":1632,""y"":509.3,""t"":1046,""outside"":false,""outsidePx"":0},{""x"":1646,""y"":500.7,""t"":1062,""outside"":false,""outsidePx"":0},{""x"":1662,""y"":492,""t"":1079,""outside"":false,""outsidePx"":0},{""x"":1676,""y"":483.3,""t"":1096,""outside"":false,""outsidePx"":0},{""x"":1688,""y"":474.7,""t"":1113,""outside"":false,""outsidePx"":0},{""x"":1702,""y"":469.3,""t"":1129,""outside"":false,""outsidePx"":0},{""x"":1712.7,""y"":464,""t"":1146,""outside"":false,""outsidePx"":0},{""x"":1718,""y"":462,""t"":1162,""outside"":false,""outsidePx"":0},{""x"":1719.3,""y"":460.7,""t"":1179,""outside"":false,""outsidePx"":0},{""x"":1722.7,""y"":460.7,""t"":1229,""outside"":false,""outsidePx"":0},{""x"":1726.7,""y"":460.7,""t"":1246,""outside"":false,""outsidePx"":0},{""x"":1732,""y"":460.7,""t"":1262,""outside"":false,""outsidePx"":0},{""x"":1736.7,""y"":460.7,""t"":1274,""outside"":false,""outsidePx"":0}]"
shohei,main,practice,C3,距離大条件,W固定・A長い,35,675,19.286,3,2,62,62,62,2026-09-29T08:05:47.461Z,2026-09-29T08:05:48.937Z,1477,317,1097,780,true,true,none,1710.7,469.3,1,false,0,0,0,false,[],"[{""x"":848,""y"":969.3,""t"":0,""outside"":false,""outsidePx"":0},{""x"":848,""y"":968,""t"":9,""outside"":false,""outsidePx"":0},{""x"":850,""y"":968,""t"":23,""outside"":false,""outsidePx"":0},{""x"":850,""y"":966,""t"":39,""outside"":false,""outsidePx"":0},{""x"":851.3,""y"":964.7,""t"":55,""outside"":false,""outsidePx"":0},{""x"":853.3,""y"":962.7,""t"":72,""outside"":false,""outsidePx"":0},{""x"":856.7,""y"":960.7,""t"":89,""outside"":false,""outsidePx"":0},{""x"":862,""y"":957.3,""t"":105,""outside"":false,""outsidePx"":0},{""x"":870.7,""y"":950.7,""t"":122,""outside"":false,""outsidePx"":0},{""x"":881.3,""y"":943.3,""t"":138,""outside"":false,""outsidePx"":0},{""x"":893.3,""y"":936.7,""t"":155,""outside"":false,""outsidePx"":0},{""x"":904,""y"":929.3,""t"":172,""outside"":false,""outsidePx"":0},{""x"":918,""y"":922.7,""t"":189,""outside"":false,""outsidePx"":0},{""x"":928.7,""y"":917.3,""t"":205,""outside"":false,""outsidePx"":0},{""x"":938.7,""y"":912,""t"":222,""outside"":false,""outsidePx"":0},{""x"":948,""y"":904.7,""t"":239,""outside"":false,""outsidePx"":0},{""x"":956.7,""y"":901.3,""t"":255,""outside"":false,""outsidePx"":0},{""x"":965.3,""y"":896,""t"":272,""outside"":false,""outsidePx"":0},{""x"":974,""y"":892.7,""t"":289,""outside"":false,""outsidePx"":0},{""x"":980.7,""y"":887.3,""t"":305,""outside"":false,""outsidePx"":0},{""x"":988,""y"":884,""t"":322,""outside"":false,""outsidePx"":0},{""x"":996.7,""y"":880.7,""t"":339,""outside"":false,""outsidePx"":0},{""x"":1002,""y"":878.7,""t"":355,""outside"":false,""outsidePx"":0},{""x"":1007.3,""y"":875.3,""t"":372,""outside"":false,""outsidePx"":0},{""x"":1012.7,""y"":873.3,""t"":388,""outside"":false,""outsidePx"":0},{""x"":1018,""y"":871.3,""t"":405,""outside"":false,""outsidePx"":0},{""x"":1026.7,""y"":866.7,""t"":422,""outside"":false,""outsidePx"":0},{""x"":1038.7,""y"":859.3,""t"":438,""outside"":false,""outsidePx"":0},{""x"":1052.7,""y"":852.7,""t"":455,""outside"":false,""outsidePx"":0},{""x"":1068.7,""y"":843.3,""t"":472,""outside"":false,""outsidePx"":0},{""x"":1084,""y"":836.7,""t"":489,""outside"":false,""outsidePx"":0},{""x"":1096.7,""y"":831.3,""t"":505,""outside"":false,""outsidePx"":0},{""x"":1106.7,""y"":826,""t"":522,""outside"":false,""outsidePx"":0},{""x"":1116,""y"":820.7,""t"":539,""outside"":false,""outsidePx"":0},{""x"":1124.7,""y"":815.3,""t"":556,""outside"":false,""outsidePx"":0},{""x"":1134.7,""y"":806.7,""t"":572,""outside"":false,""outsidePx"":0},{""x"":1148.7,""y"":798,""t"":589,""outside"":false,""outsidePx"":0},{""x"":1161.3,""y"":789.3,""t"":605,""outside"":false,""outsidePx"":0},{""x"":1175.3,""y"":780.7,""t"":622,""outside"":false,""outsidePx"":0},{""x"":1189.3,""y"":772,""t"":639,""outside"":false,""outsidePx"":0},{""x"":1201.3,""y"":764.7,""t"":655,""outside"":false,""outsidePx"":0},{""x"":1215.3,""y"":758,""t"":672,""outside"":false,""outsidePx"":0},{""x"":1229.3,""y"":750.7,""t"":688,""outside"":false,""outsidePx"":0},{""x"":1243.3,""y"":744,""t"":705,""outside"":false,""outsidePx"":0},{""x"":1256,""y"":735.3,""t"":722,""outside"":false,""outsidePx"":0},{""x"":1271.3,""y"":724.7,""t"":739,""outside"":false,""outsidePx"":0},{""x"":1285.3,""y"":716,""t"":755,""outside"":false,""outsidePx"":0},{""x"":1301.3,""y"":705.3,""t"":772,""outside"":false,""outsidePx"":0},{""x"":1316.7,""y"":694.7,""t"":789,""outside"":false,""outsidePx"":0},{""x"":1330.7,""y"":686,""t"":805,""outside"":false,""outsidePx"":0},{""x"":1346.7,""y"":679.3,""t"":822,""outside"":false,""outsidePx"":0},{""x"":1358.7,""y"":672,""t"":839,""outside"":false,""outsidePx"":0},{""x"":1369.3,""y"":665.3,""t"":856,""outside"":false,""outsidePx"":0},{""x"":1382,""y"":658,""t"":872,""outside"":false,""outsidePx"":0},{""x"":1392,""y"":651.3,""t"":888,""outside"":false,""outsidePx"":0},{""x"":1402.7,""y"":644,""t"":905,""outside"":false,""outsidePx"":0},{""x"":1414.7,""y"":637.3,""t"":922,""outside"":false,""outsidePx"":0},{""x"":1430.7,""y"":626.7,""t"":938,""outside"":false,""outsidePx"":0},{""x"":1444.7,""y"":616,""t"":955,""outside"":false,""outsidePx"":0},{""x"":1462,""y"":605.3,""t"":972,""outside"":false,""outsidePx"":0},{""x"":1464,""y"":604,""t"":989,""outside"":false,""outsidePx"":0},{""x"":1488.7,""y"":590,""t"":1005,""outside"":false,""outsidePx"":0},{""x"":1500.7,""y"":582.7,""t"":1022,""outside"":false,""outsidePx"":0},{""x"":1511.3,""y"":577.3,""t"":1039,""outside"":false,""outsidePx"":0},{""x"":1526.7,""y"":567.3,""t"":1055,""outside"":false,""outsidePx"":0},{""x"":1544.7,""y"":556.7,""t"":1072,""outside"":false,""outsidePx"":0},{""x"":1560,""y"":548,""t"":1088,""outside"":false,""outsidePx"":0},{""x"":1576,""y"":539.3,""t"":1105,""outside"":false,""outsidePx"":0},{""x"":1590,""y"":534,""t"":1122,""outside"":false,""outsidePx"":0},{""x"":1598.7,""y"":528.7,""t"":1138,""outside"":false,""outsidePx"":0},{""x"":1607.3,""y"":523.3,""t"":1155,""outside"":false,""outsidePx"":0},{""x"":1614.7,""y"":518,""t"":1172,""outside"":false,""outsidePx"":0},{""x"":1621.3,""y"":514.7,""t"":1188,""outside"":false,""outsidePx"":0},{""x"":1628.7,""y"":511.3,""t"":1205,""outside"":false,""outsidePx"":0},{""x"":1635.3,""y"":507.3,""t"":1222,""outside"":false,""outsidePx"":0},{""x"":1644,""y"":504,""t"":1239,""outside"":false,""outsidePx"":0},{""x"":1651.3,""y"":500.7,""t"":1255,""outside"":false,""outsidePx"":0},{""x"":1663.3,""y"":493.3,""t"":1272,""outside"":false,""outsidePx"":0},{""x"":1672,""y"":490,""t"":1288,""outside"":false,""outsidePx"":0},{""x"":1680.7,""y"":484.7,""t"":1305,""outside"":false,""outsidePx"":0},{""x"":1690,""y"":481.3,""t"":1322,""outside"":false,""outsidePx"":0},{""x"":1696.7,""y"":478,""t"":1338,""outside"":false,""outsidePx"":0},{""x"":1700,""y"":476,""t"":1355,""outside"":false,""outsidePx"":0},{""x"":1705.3,""y"":472.7,""t"":1372,""outside"":false,""outsidePx"":0},{""x"":1708.7,""y"":470.7,""t"":1389,""outside"":false,""outsidePx"":0},{""x"":1710.7,""y"":470.7,""t"":1454,""outside"":false,""outsidePx"":0},{""x"":1710.7,""y"":469.3,""t"":1462,""outside"":false,""outsidePx"":0}]"
shohei,main,practice,C3,距離大条件,W固定・A長い,35,675,19.286,3,3,63,63,63,2026-09-29T08:05:49.874Z,2026-09-29T08:05:51.494Z,1620,381,1213,832,true,true,deviation,1719.3,474.7,1,true,2,717,4.6,false,"[{""startMs"":142,""startX"":823.3,""startY"":962.7,""maxOutsidePx"":0.7,""endMs"":192,""endX"":870.7,""endY"":940,""durationMs"":50},{""startMs"":408,""startX"":1012.7,""startY"":894.7,""maxOutsidePx"":4.6,""endMs"":1075,""endX"":1438,""endY"":647.3,""durationMs"":667}]","[{""x"":804,""y"":980,""t"":0,""outside"":false,""outsidePx"":0},{""x"":804,""y"":978.7,""t"":59,""outside"":false,""outsidePx"":0},{""x"":806,""y"":978.7,""t"":84,""outside"":false,""outsidePx"":0},{""x"":806,""y"":976.7,""t"":93,""outside"":false,""outsidePx"":0},{""x"":809.3,""y"":973.3,""t"":108,""outside"":false,""outsidePx"":0},{""x"":814.7,""y"":969.3,""t"":125,""outside"":false,""outsidePx"":0},{""x"":823.3,""y"":962.7,""t"":142,""outside"":true,""outsidePx"":0.7},{""x"":836,""y"":955.3,""t"":158,""outside"":true,""outsidePx"":0.7},{""x"":851.3,""y"":946.7,""t"":175,""outside"":true,""outsidePx"":0.5},{""x"":870.7,""y"":940,""t"":192,""outside"":false,""outsidePx"":0},{""x"":888,""y"":934.7,""t"":208,""outside"":false,""outsidePx"":0},{""x"":906,""y"":929.3,""t"":225,""outside"":false,""outsidePx"":0},{""x"":916,""y"":926,""t"":242,""outside"":false,""outsidePx"":0},{""x"":921.3,""y"":924,""t"":258,""outside"":false,""outsidePx"":0},{""x"":928.7,""y"":922.7,""t"":275,""outside"":false,""outsidePx"":0},{""x"":935.3,""y"":918.7,""t"":292,""outside"":false,""outsidePx"":0},{""x"":948,""y"":915.3,""t"":308,""outside"":false,""outsidePx"":0},{""x"":956.7,""y"":912,""t"":325,""outside"":false,""outsidePx"":0},{""x"":970.7,""y"":910,""t"":342,""outside"":false,""outsidePx"":0},{""x"":982.7,""y"":906.7,""t"":358,""outside"":false,""outsidePx"":0},{""x"":991.3,""y"":903.3,""t"":375,""outside"":false,""outsidePx"":0},{""x"":1002,""y"":899.3,""t"":392,""outside"":false,""outsidePx"":0},{""x"":1012.7,""y"":894.7,""t"":408,""outside"":true,""outsidePx"":0.1},{""x"":1021.3,""y"":890.7,""t"":425,""outside"":true,""outsidePx"":1},{""x"":1032,""y"":884,""t"":442,""outside"":true,""outsidePx"":0.5},{""x"":1042,""y"":878.7,""t"":458,""outside"":true,""outsidePx"":0.9},{""x"":1054.7,""y"":871.3,""t"":475,""outside"":true,""outsidePx"":0.9},{""x"":1068.7,""y"":862.7,""t"":492,""outside"":true,""outsidePx"":0.4},{""x"":1080.7,""y"":856,""t"":508,""outside"":true,""outsidePx"":0.6},{""x"":1089.3,""y"":850.7,""t"":525,""outside"":true,""outsidePx"":0.3},{""x"":1102,""y"":843.3,""t"":542,""outside"":true,""outsidePx"":0.3},{""x"":1116,""y"":836.7,""t"":558,""outside"":true,""outsidePx"":1.5},{""x"":1130,""y"":828,""t"":575,""outside"":true,""outsidePx"":1},{""x"":1147.3,""y"":819.3,""t"":591,""outside"":true,""outsidePx"":2.2},{""x"":1162.7,""y"":810.7,""t"":608,""outside"":true,""outsidePx"":2.4},{""x"":1175.3,""y"":803.3,""t"":625,""outside"":true,""outsidePx"":2.3},{""x"":1186,""y"":798,""t"":641,""outside"":true,""outsidePx"":3},{""x"":1192.7,""y"":794.7,""t"":658,""outside"":true,""outsidePx"":3.5},{""x"":1200,""y"":791.3,""t"":675,""outside"":true,""outsidePx"":4.3},{""x"":1206.7,""y"":787.3,""t"":691,""outside"":true,""outsidePx"":4.1},{""x"":1210,""y"":784,""t"":708,""outside"":true,""outsidePx"":2.9},{""x"":1217.3,""y"":780.7,""t"":725,""outside"":true,""outsidePx"":3.7},{""x"":1224,""y"":777.3,""t"":741,""outside"":true,""outsidePx"":4.2},{""x"":1232.7,""y"":772,""t"":758,""outside"":true,""outsidePx"":3.9},{""x"":1243.3,""y"":766.7,""t"":775,""outside"":true,""outsidePx"":4.6},{""x"":1257.3,""y"":758,""t"":791,""outside"":true,""outsidePx"":4.1},{""x"":1270,""y"":749.3,""t"":808,""outside"":true,""outsidePx"":2.9},{""x"":1285.3,""y"":742,""t"":825,""outside"":true,""outsidePx"":4.2},{""x"":1299.3,""y"":733.3,""t"":842,""outside"":true,""outsidePx"":3.7},{""x"":1312,""y"":726.7,""t"":858,""outside"":true,""outsidePx"":4.3},{""x"":1324,""y"":719.3,""t"":875,""outside"":true,""outsidePx"":3.9},{""x"":1338,""y"":710.7,""t"":892,""outside"":true,""outsidePx"":3.4},{""x"":1350,""y"":703.3,""t"":908,""outside"":true,""outsidePx"":3.1},{""x"":1362.7,""y"":696.7,""t"":925,""outside"":true,""outsidePx"":3.6},{""x"":1369.3,""y"":691.3,""t"":941,""outside"":true,""outsidePx"":2.3},{""x"":1380,""y"":686,""t"":958,""outside"":true,""outsidePx"":3.1},{""x"":1386.7,""y"":680.7,""t"":975,""outside"":true,""outsidePx"":1.8},{""x"":1390.7,""y"":677.3,""t"":992,""outside"":true,""outsidePx"":0.9},{""x"":1396,""y"":674,""t"":1008,""outside"":true,""outsidePx"":0.7},{""x"":1402.7,""y"":670.7,""t"":1025,""outside"":true,""outsidePx"":1.1},{""x"":1413.3,""y"":663.3,""t"":1042,""outside"":true,""outsidePx"":0.1},{""x"":1425.3,""y"":656.7,""t"":1058,""outside"":true,""outsidePx"":0.3},{""x"":1438,""y"":647.3,""t"":1075,""outside"":false,""outsidePx"":0},{""x"":1453.3,""y"":635.3,""t"":1092,""outside"":false,""outsidePx"":0},{""x"":1469.3,""y"":626.7,""t"":1108,""outside"":false,""outsidePx"":0},{""x"":1484.7,""y"":616,""t"":1125,""outside"":false,""outsidePx"":0},{""x"":1502.7,""y"":604,""t"":1142,""outside"":false,""outsidePx"":0},{""x"":1525.3,""y"":590,""t"":1158,""outside"":false,""outsidePx"":0},{""x"":1542.7,""y"":577.3,""t"":1175,""outside"":false,""outsidePx"":0},{""x"":1560,""y"":567.3,""t"":1192,""outside"":false,""outsidePx"":0},{""x"":1572.7,""y"":558.7,""t"":1208,""outside"":false,""outsidePx"":0},{""x"":1582.7,""y"":551.3,""t"":1225,""outside"":false,""outsidePx"":0},{""x"":1592,""y"":546,""t"":1241,""outside"":false,""outsidePx"":0},{""x"":1598.7,""y"":540.7,""t"":1258,""outside"":false,""outsidePx"":0},{""x"":1606,""y"":537.3,""t"":1275,""outside"":false,""outsidePx"":0},{""x"":1612.7,""y"":532,""t"":1292,""outside"":false,""outsidePx"":0},{""x"":1620,""y"":526.7,""t"":1308,""outside"":false,""outsidePx"":0},{""x"":1624.7,""y"":523.3,""t"":1325,""outside"":false,""outsidePx"":0},{""x"":1630,""y"":520,""t"":1342,""outside"":false,""outsidePx"":0},{""x"":1634,""y"":518,""t"":1358,""outside"":false,""outsidePx"":0},{""x"":1640.7,""y"":514.7,""t"":1375,""outside"":false,""outsidePx"":0},{""x"":1648,""y"":509.3,""t"":1392,""outside"":false,""outsidePx"":0},{""x"":1656.7,""y"":506,""t"":1408,""outside"":false,""outsidePx"":0},{""x"":1665.3,""y"":500.7,""t"":1425,""outside"":false,""outsidePx"":0},{""x"":1672,""y"":497.3,""t"":1442,""outside"":false,""outsidePx"":0},{""x"":1684.7,""y"":492,""t"":1458,""outside"":false,""outsidePx"":0},{""x"":1694.7,""y"":486.7,""t"":1475,""outside"":false,""outsidePx"":0},{""x"":1707.3,""y"":479.3,""t"":1492,""outside"":false,""outsidePx"":0},{""x"":1714,""y"":476,""t"":1509,""outside"":false,""outsidePx"":0},{""x"":1719.3,""y"":474.7,""t"":1525,""outside"":false,""outsidePx"":0}]"
shohei,main,practice,C3,距離大条件,W固定・A長い,35,675,19.286,3,4,64,64,64,2026-09-29T08:05:52.240Z,2026-09-29T08:05:53.580Z,1340,216,1062,846,true,true,deviation,1694.7,465.3,1,true,1,16,0.3,false,"[{""startMs"":1026,""startX"":1530.7,""startY"":554.7,""maxOutsidePx"":0.3,""endMs"":1042,""endX"":1546,""endY"":548,""durationMs"":16}]","[{""x"":880,""y"":946,""t"":0,""outside"":false,""outsidePx"":0},{""x"":881.3,""y"":946,""t"":59,""outside"":false,""outsidePx"":0},{""x"":886.7,""y"":943.3,""t"":76,""outside"":false,""outsidePx"":0},{""x"":893.3,""y"":940,""t"":92,""outside"":false,""outsidePx"":0},{""x"":906,""y"":932.7,""t"":109,""outside"":false,""outsidePx"":0},{""x"":916,""y"":924,""t"":126,""outside"":false,""outsidePx"":0},{""x"":928.7,""y"":915.3,""t"":143,""outside"":false,""outsidePx"":0},{""x"":940.7,""y"":908.7,""t"":159,""outside"":false,""outsidePx"":0},{""x"":954.7,""y"":901.3,""t"":176,""outside"":false,""outsidePx"":0},{""x"":968.7,""y"":894.7,""t"":192,""outside"":false,""outsidePx"":0},{""x"":980.7,""y"":887.3,""t"":209,""outside"":false,""outsidePx"":0},{""x"":991.3,""y"":880.7,""t"":226,""outside"":false,""outsidePx"":0},{""x"":998.7,""y"":875.3,""t"":242,""outside"":false,""outsidePx"":0},{""x"":1005.3,""y"":871.3,""t"":259,""outside"":false,""outsidePx"":0},{""x"":1014,""y"":866.7,""t"":276,""outside"":false,""outsidePx"":0},{""x"":1024.7,""y"":859.3,""t"":293,""outside"":false,""outsidePx"":0},{""x"":1035.3,""y"":852.7,""t"":309,""outside"":false,""outsidePx"":0},{""x"":1047.3,""y"":845.3,""t"":326,""outside"":false,""outsidePx"":0},{""x"":1058,""y"":838.7,""t"":343,""outside"":false,""outsidePx"":0},{""x"":1064.7,""y"":834.7,""t"":359,""outside"":false,""outsidePx"":0},{""x"":1072,""y"":829.3,""t"":376,""outside"":false,""outsidePx"":0},{""x"":1080.7,""y"":824.7,""t"":392,""outside"":false,""outsidePx"":0},{""x"":1088,""y"":820.7,""t"":409,""outside"":false,""outsidePx"":0},{""x"":1096.7,""y"":814,""t"":426,""outside"":false,""outsidePx"":0},{""x"":1106.7,""y"":806.7,""t"":443,""outside"":false,""outsidePx"":0},{""x"":1116,""y"":803.3,""t"":459,""outside"":false,""outsidePx"":0},{""x"":1124.7,""y"":798,""t"":476,""outside"":false,""outsidePx"":0},{""x"":1131.3,""y"":794.7,""t"":492,""outside"":false,""outsidePx"":0},{""x"":1140,""y"":789.3,""t"":509,""outside"":false,""outsidePx"":0},{""x"":1150.7,""y"":782.7,""t"":526,""outside"":false,""outsidePx"":0},{""x"":1161.3,""y"":773.3,""t"":542,""outside"":false,""outsidePx"":0},{""x"":1176.7,""y"":764.7,""t"":559,""outside"":false,""outsidePx"":0},{""x"":1192.7,""y"":756,""t"":576,""outside"":false,""outsidePx"":0},{""x"":1208.7,""y"":747.3,""t"":593,""outside"":false,""outsidePx"":0},{""x"":1224,""y"":738.7,""t"":609,""outside"":false,""outsidePx"":0},{""x"":1240,""y"":730,""t"":626,""outside"":false,""outsidePx"":0},{""x"":1254,""y"":721.3,""t"":642,""outside"":false,""outsidePx"":0},{""x"":1268,""y"":714,""t"":659,""outside"":false,""outsidePx"":0},{""x"":1278.7,""y"":705.3,""t"":675,""outside"":false,""outsidePx"":0},{""x"":1285.3,""y"":702,""t"":692,""outside"":false,""outsidePx"":0},{""x"":1296,""y"":696.7,""t"":709,""outside"":false,""outsidePx"":0},{""x"":1301.3,""y"":693.3,""t"":726,""outside"":false,""outsidePx"":0},{""x"":1312,""y"":688,""t"":743,""outside"":false,""outsidePx"":0},{""x"":1320.7,""y"":680.7,""t"":759,""outside"":false,""outsidePx"":0},{""x"":1334.7,""y"":674,""t"":776,""outside"":false,""outsidePx"":0},{""x"":1346.7,""y"":665.3,""t"":793,""outside"":false,""outsidePx"":0},{""x"":1362.7,""y"":658,""t"":810,""outside"":false,""outsidePx"":0},{""x"":1372.7,""y"":651.3,""t"":826,""outside"":false,""outsidePx"":0},{""x"":1386.7,""y"":642.7,""t"":842,""outside"":false,""outsidePx"":0},{""x"":1399.3,""y"":633.3,""t"":859,""outside"":false,""outsidePx"":0},{""x"":1411.3,""y"":626.7,""t"":876,""outside"":false,""outsidePx"":0},{""x"":1424,""y"":618,""t"":893,""outside"":false,""outsidePx"":0},{""x"":1438,""y"":610.7,""t"":909,""outside"":false,""outsidePx"":0},{""x"":1450,""y"":602,""t"":926,""outside"":false,""outsidePx"":0},{""x"":1462,""y"":596.7,""t"":942,""outside"":false,""outsidePx"":0},{""x"":1474.7,""y"":588,""t"":959,""outside"":false,""outsidePx"":0},{""x"":1488.7,""y"":581.3,""t"":976,""outside"":false,""outsidePx"":0},{""x"":1502.7,""y"":572.7,""t"":993,""outside"":false,""outsidePx"":0},{""x"":1516.7,""y"":563.3,""t"":1010,""outside"":false,""outsidePx"":0},{""x"":1530.7,""y"":554.7,""t"":1026,""outside"":true,""outsidePx"":0.3},{""x"":1546,""y"":548,""t"":1042,""outside"":false,""outsidePx"":0},{""x"":1562,""y"":539.3,""t"":1059,""outside"":false,""outsidePx"":0},{""x"":1576,""y"":530.7,""t"":1076,""outside"":false,""outsidePx"":0},{""x"":1588,""y"":523.3,""t"":1093,""outside"":false,""outsidePx"":0},{""x"":1602,""y"":514.7,""t"":1109,""outside"":false,""outsidePx"":0},{""x"":1614.7,""y"":507.3,""t"":1126,""outside"":false,""outsidePx"":0},{""x"":1630,""y"":498.7,""t"":1142,""outside"":false,""outsidePx"":0},{""x"":1646,""y"":490,""t"":1159,""outside"":false,""outsidePx"":0},{""x"":1660,""y"":483.3,""t"":1176,""outside"":false,""outsidePx"":0},{""x"":1662,""y"":483.3,""t"":1194,""outside"":false,""outsidePx"":0},{""x"":1684.7,""y"":470.7,""t"":1209,""outside"":false,""outsidePx"":0},{""x"":1693.3,""y"":465.3,""t"":1226,""outside"":false,""outsidePx"":0},{""x"":1694.7,""y"":464,""t"":1243,""outside"":false,""outsidePx"":0},{""x"":1694.7,""y"":465.3,""t"":1332,""outside"":false,""outsidePx"":0}]"
shohei,main,practice,C3,距離大条件,W固定・A長い,35,675,19.286,3,5,65,65,65,2026-09-29T08:05:54.216Z,2026-09-29T08:05:55.744Z,1528,274,1130,856,true,true,none,1728,476,1,false,0,0,0,false,[],"[{""x"":838,""y"":958.7,""t"":0,""outside"":false,""outsidePx"":0},{""x"":840.7,""y"":957.3,""t"":16,""outside"":false,""outsidePx"":0},{""x"":846,""y"":955.3,""t"":32,""outside"":false,""outsidePx"":0},{""x"":853.3,""y"":952,""t"":49,""outside"":false,""outsidePx"":0},{""x"":860,""y"":948.7,""t"":65,""outside"":false,""outsidePx"":0},{""x"":872.7,""y"":943.3,""t"":82,""outside"":false,""outsidePx"":0},{""x"":884.7,""y"":936.7,""t"":99,""outside"":false,""outsidePx"":0},{""x"":895.3,""y"":931.3,""t"":116,""outside"":false,""outsidePx"":0},{""x"":906,""y"":926,""t"":133,""outside"":false,""outsidePx"":0},{""x"":916,""y"":920.7,""t"":149,""outside"":false,""outsidePx"":0},{""x"":928.7,""y"":915.3,""t"":166,""outside"":false,""outsidePx"":0},{""x"":938.7,""y"":910,""t"":183,""outside"":false,""outsidePx"":0},{""x"":951.3,""y"":904.7,""t"":199,""outside"":false,""outsidePx"":0},{""x"":960,""y"":899.3,""t"":216,""outside"":false,""outsidePx"":0},{""x"":965.3,""y"":898,""t"":232,""outside"":false,""outsidePx"":0},{""x"":972,""y"":894.7,""t"":249,""outside"":false,""outsidePx"":0},{""x"":979.3,""y"":890.7,""t"":266,""outside"":false,""outsidePx"":0},{""x"":993.3,""y"":884,""t"":282,""outside"":false,""outsidePx"":0},{""x"":1005.3,""y"":876.7,""t"":299,""outside"":false,""outsidePx"":0},{""x"":1018,""y"":871.3,""t"":316,""outside"":false,""outsidePx"":0},{""x"":1030,""y"":864.7,""t"":332,""outside"":false,""outsidePx"":0},{""x"":1040.7,""y"":859.3,""t"":349,""outside"":false,""outsidePx"":0},{""x"":1047.3,""y"":854,""t"":366,""outside"":false,""outsidePx"":0},{""x"":1056,""y"":848.7,""t"":382,""outside"":false,""outsidePx"":0},{""x"":1066.7,""y"":842,""t"":399,""outside"":false,""outsidePx"":0},{""x"":1075.3,""y"":836.7,""t"":416,""outside"":false,""outsidePx"":0},{""x"":1084,""y"":831.3,""t"":433,""outside"":false,""outsidePx"":0},{""x"":1091.3,""y"":828,""t"":449,""outside"":false,""outsidePx"":0},{""x"":1098,""y"":824.7,""t"":466,""outside"":false,""outsidePx"":0},{""x"":1106.7,""y"":819.3,""t"":483,""outside"":false,""outsidePx"":0},{""x"":1114,""y"":814,""t"":499,""outside"":false,""outsidePx"":0},{""x"":1126,""y"":806.7,""t"":516,""outside"":false,""outsidePx"":0},{""x"":1138.7,""y"":798,""t"":533,""outside"":false,""outsidePx"":0},{""x"":1145.3,""y"":792.7,""t"":549,""outside"":false,""outsidePx"":0},{""x"":1152.7,""y"":789.3,""t"":566,""outside"":false,""outsidePx"":0},{""x"":1159.3,""y"":786,""t"":583,""outside"":false,""outsidePx"":0},{""x"":1170,""y"":780.7,""t"":599,""outside"":false,""outsidePx"":0},{""x"":1182,""y"":775.3,""t"":616,""outside"":false,""outsidePx"":0},{""x"":1189.3,""y"":770,""t"":633,""outside"":false,""outsidePx"":0},{""x"":1198,""y"":764.7,""t"":649,""outside"":false,""outsidePx"":0},{""x"":1208.7,""y"":758,""t"":666,""outside"":false,""outsidePx"":0},{""x"":1220.7,""y"":752.7,""t"":683,""outside"":false,""outsidePx"":0},{""x"":1236.7,""y"":744,""t"":699,""outside"":false,""outsidePx"":0},{""x"":1250.7,""y"":735.3,""t"":716,""outside"":false,""outsidePx"":0},{""x"":1268,""y"":726.7,""t"":732,""outside"":false,""outsidePx"":0},{""x"":1280,""y"":719.3,""t"":749,""outside"":false,""outsidePx"":0},{""x"":1296,""y"":710.7,""t"":766,""outside"":false,""outsidePx"":0},{""x"":1310,""y"":703.3,""t"":783,""outside"":false,""outsidePx"":0},{""x"":1324,""y"":696.7,""t"":799,""outside"":false,""outsidePx"":0},{""x"":1336,""y"":691.3,""t"":816,""outside"":false,""outsidePx"":0},{""x"":1348.7,""y"":684.7,""t"":833,""outside"":false,""outsidePx"":0},{""x"":1364,""y"":675.3,""t"":849,""outside"":false,""outsidePx"":0},{""x"":1380,""y"":666.7,""t"":866,""outside"":false,""outsidePx"":0},{""x"":1397.3,""y"":658,""t"":883,""outside"":false,""outsidePx"":0},{""x"":1411.3,""y"":651.3,""t"":899,""outside"":false,""outsidePx"":0},{""x"":1425.3,""y"":644,""t"":916,""outside"":false,""outsidePx"":0},{""x"":1438,""y"":638.7,""t"":933,""outside"":false,""outsidePx"":0},{""x"":1448,""y"":632,""t"":949,""outside"":false,""outsidePx"":0},{""x"":1458.7,""y"":626.7,""t"":966,""outside"":false,""outsidePx"":0},{""x"":1470.7,""y"":619.3,""t"":983,""outside"":false,""outsidePx"":0},{""x"":1483.3,""y"":612.7,""t"":999,""outside"":false,""outsidePx"":0},{""x"":1492,""y"":609.3,""t"":1016,""outside"":false,""outsidePx"":0},{""x"":1502.7,""y"":604,""t"":1032,""outside"":false,""outsidePx"":0},{""x"":1514.7,""y"":598.7,""t"":1049,""outside"":false,""outsidePx"":0},{""x"":1526.7,""y"":591.3,""t"":1066,""outside"":false,""outsidePx"":0},{""x"":1539.3,""y"":584.7,""t"":1083,""outside"":false,""outsidePx"":0},{""x"":1554.7,""y"":577.3,""t"":1099,""outside"":false,""outsidePx"":0},{""x"":1568.7,""y"":570.7,""t"":1116,""outside"":false,""outsidePx"":0},{""x"":1581.3,""y"":563.3,""t"":1132,""outside"":false,""outsidePx"":0},{""x"":1595.3,""y"":554.7,""t"":1149,""outside"":false,""outsidePx"":0},{""x"":1609.3,""y"":546,""t"":1166,""outside"":false,""outsidePx"":0},{""x"":1621.3,""y"":539.3,""t"":1183,""outside"":false,""outsidePx"":0},{""x"":1630,""y"":534,""t"":1200,""outside"":false,""outsidePx"":0},{""x"":1644,""y"":526.7,""t"":1216,""outside"":false,""outsidePx"":0},{""x"":1656.7,""y"":520,""t"":1233,""outside"":false,""outsidePx"":0},{""x"":1665.3,""y"":516.7,""t"":1249,""outside"":false,""outsidePx"":0},{""x"":1672,""y"":511.3,""t"":1266,""outside"":false,""outsidePx"":0},{""x"":1680.7,""y"":506,""t"":1283,""outside"":false,""outsidePx"":0},{""x"":1688,""y"":500.7,""t"":1299,""outside"":false,""outsidePx"":0},{""x"":1698.7,""y"":493.3,""t"":1316,""outside"":false,""outsidePx"":0},{""x"":1707.3,""y"":488.7,""t"":1333,""outside"":false,""outsidePx"":0},{""x"":1712.7,""y"":484.7,""t"":1349,""outside"":false,""outsidePx"":0},{""x"":1718,""y"":483.3,""t"":1366,""outside"":false,""outsidePx"":0},{""x"":1721.3,""y"":479.3,""t"":1383,""outside"":false,""outsidePx"":0},{""x"":1722.7,""y"":479.3,""t"":1399,""outside"":false,""outsidePx"":0},{""x"":1722.7,""y"":478,""t"":1460,""outside"":false,""outsidePx"":0},{""x"":1724.7,""y"":478,""t"":1466,""outside"":false,""outsidePx"":0},{""x"":1726.7,""y"":478,""t"":1483,""outside"":false,""outsidePx"":0},{""x"":1728,""y"":476,""t"":1499,""outside"":false,""outsidePx"":0}]"
shohei,main,practice,C3,距離大条件,W固定・A長い,35,675,19.286,3,6,66,66,66,2026-09-29T08:05:56.375Z,2026-09-29T08:05:57.708Z,1333,195,986,791,true,true,none,1726.7,465.3,1,false,0,0,0,false,[],"[{""x"":866,""y"":962,""t"":0,""outside"":false,""outsidePx"":0},{""x"":866,""y"":960.7,""t"":51,""outside"":false,""outsidePx"":0},{""x"":867.3,""y"":960.7,""t"":57,""outside"":false,""outsidePx"":0},{""x"":876,""y"":957.3,""t"":74,""outside"":false,""outsidePx"":0},{""x"":886.7,""y"":952,""t"":90,""outside"":false,""outsidePx"":0},{""x"":906,""y"":943.3,""t"":107,""outside"":false,""outsidePx"":0},{""x"":926.7,""y"":931.3,""t"":124,""outside"":false,""outsidePx"":0},{""x"":946,""y"":922.7,""t"":141,""outside"":false,""outsidePx"":0},{""x"":962,""y"":912,""t"":157,""outside"":false,""outsidePx"":0},{""x"":977.3,""y"":904.7,""t"":174,""outside"":false,""outsidePx"":0},{""x"":988,""y"":898,""t"":191,""outside"":false,""outsidePx"":0},{""x"":1002,""y"":890.7,""t"":207,""outside"":false,""outsidePx"":0},{""x"":1014,""y"":884,""t"":224,""outside"":false,""outsidePx"":0},{""x"":1030,""y"":875.3,""t"":241,""outside"":false,""outsidePx"":0},{""x"":1042,""y"":870,""t"":257,""outside"":false,""outsidePx"":0},{""x"":1050.7,""y"":864.7,""t"":274,""outside"":false,""outsidePx"":0},{""x"":1060,""y"":861.3,""t"":290,""outside"":false,""outsidePx"":0},{""x"":1072,""y"":854,""t"":307,""outside"":false,""outsidePx"":0},{""x"":1082.7,""y"":847.3,""t"":324,""outside"":false,""outsidePx"":0},{""x"":1098,""y"":836.7,""t"":340,""outside"":false,""outsidePx"":0},{""x"":1114,""y"":824.7,""t"":357,""outside"":false,""outsidePx"":0},{""x"":1130,""y"":815.3,""t"":374,""outside"":false,""outsidePx"":0},{""x"":1145.3,""y"":805.3,""t"":390,""outside"":false,""outsidePx"":0},{""x"":1161.3,""y"":794.7,""t"":407,""outside"":false,""outsidePx"":0},{""x"":1175.3,""y"":784,""t"":424,""outside"":false,""outsidePx"":0},{""x"":1187.3,""y"":775.3,""t"":441,""outside"":false,""outsidePx"":0},{""x"":1196,""y"":770,""t"":457,""outside"":false,""outsidePx"":0},{""x"":1206.7,""y"":763.3,""t"":474,""outside"":false,""outsidePx"":0},{""x"":1214,""y"":758,""t"":490,""outside"":false,""outsidePx"":0},{""x"":1220.7,""y"":754.7,""t"":507,""outside"":false,""outsidePx"":0},{""x"":1228,""y"":749.3,""t"":524,""outside"":false,""outsidePx"":0},{""x"":1238,""y"":744,""t"":541,""outside"":false,""outsidePx"":0},{""x"":1248.7,""y"":738.7,""t"":557,""outside"":false,""outsidePx"":0},{""x"":1256,""y"":735.3,""t"":574,""outside"":false,""outsidePx"":0},{""x"":1270,""y"":728,""t"":590,""outside"":false,""outsidePx"":0},{""x"":1282,""y"":721.3,""t"":607,""outside"":false,""outsidePx"":0},{""x"":1294,""y"":714,""t"":624,""outside"":false,""outsidePx"":0},{""x"":1308,""y"":707.3,""t"":641,""outside"":false,""outsidePx"":0},{""x"":1318.7,""y"":702,""t"":658,""outside"":false,""outsidePx"":0},{""x"":1329.3,""y"":698.7,""t"":674,""outside"":false,""outsidePx"":0},{""x"":1340,""y"":694.7,""t"":691,""outside"":false,""outsidePx"":0},{""x"":1341.3,""y"":693.3,""t"":707,""outside"":false,""outsidePx"":0},{""x"":1362.7,""y"":682.7,""t"":724,""outside"":false,""outsidePx"":0},{""x"":1376.7,""y"":674,""t"":741,""outside"":false,""outsidePx"":0},{""x"":1394,""y"":666.7,""t"":757,""outside"":false,""outsidePx"":0},{""x"":1410,""y"":658,""t"":774,""outside"":false,""outsidePx"":0},{""x"":1427.3,""y"":649.3,""t"":791,""outside"":false,""outsidePx"":0},{""x"":1442.7,""y"":640.7,""t"":807,""outside"":false,""outsidePx"":0},{""x"":1456.7,""y"":633.3,""t"":824,""outside"":false,""outsidePx"":0},{""x"":1470.7,""y"":626.7,""t"":841,""outside"":false,""outsidePx"":0},{""x"":1483.3,""y"":618,""t"":857,""outside"":false,""outsidePx"":0},{""x"":1494,""y"":610.7,""t"":874,""outside"":false,""outsidePx"":0},{""x"":1504,""y"":605.3,""t"":891,""outside"":false,""outsidePx"":0},{""x"":1518,""y"":596.7,""t"":907,""outside"":false,""outsidePx"":0},{""x"":1532,""y"":590,""t"":924,""outside"":false,""outsidePx"":0},{""x"":1544.7,""y"":582.7,""t"":941,""outside"":false,""outsidePx"":0},{""x"":1558.7,""y"":574,""t"":957,""outside"":false,""outsidePx"":0},{""x"":1570.7,""y"":567.3,""t"":974,""outside"":false,""outsidePx"":0},{""x"":1581.3,""y"":560,""t"":991,""outside"":false,""outsidePx"":0},{""x"":1595.3,""y"":553.3,""t"":1007,""outside"":false,""outsidePx"":0},{""x"":1604,""y"":548,""t"":1024,""outside"":false,""outsidePx"":0},{""x"":1612.7,""y"":542.7,""t"":1041,""outside"":false,""outsidePx"":0},{""x"":1623.3,""y"":535.3,""t"":1057,""outside"":false,""outsidePx"":0},{""x"":1635.3,""y"":528.7,""t"":1074,""outside"":false,""outsidePx"":0},{""x"":1651.3,""y"":518,""t"":1090,""outside"":false,""outsidePx"":0},{""x"":1666.7,""y"":511.3,""t"":1107,""outside"":false,""outsidePx"":0},{""x"":1680.7,""y"":502.7,""t"":1124,""outside"":false,""outsidePx"":0},{""x"":1690,""y"":497.3,""t"":1141,""outside"":false,""outsidePx"":0},{""x"":1700,""y"":490,""t"":1157,""outside"":false,""outsidePx"":0},{""x"":1707.3,""y"":484.7,""t"":1174,""outside"":false,""outsidePx"":0},{""x"":1710.7,""y"":481.3,""t"":1191,""outside"":false,""outsidePx"":0},{""x"":1718,""y"":476,""t"":1207,""outside"":false,""outsidePx"":0},{""x"":1722.7,""y"":472.7,""t"":1224,""outside"":false,""outsidePx"":0},{""x"":1724.7,""y"":470.7,""t"":1241,""outside"":false,""outsidePx"":0},{""x"":1726.7,""y"":469.3,""t"":1258,""outside"":false,""outsidePx"":0},{""x"":1726.7,""y"":467.3,""t"":1274,""outside"":false,""outsidePx"":0},{""x"":1726.7,""y"":465.3,""t"":1323,""outside"":false,""outsidePx"":0}]"
shohei,main,practice,C3,距離大条件,W固定・A長い,35,675,19.286,3,7,67,67,67,2026-09-29T08:05:59.743Z,2026-09-29T08:06:01.660Z,1918,323,1404,1081,true,true,deviation,1716,479.3,1,true,1,50,2.1,false,"[{""startMs"":389,""startX"":998.7,""startY"":861.3,""maxOutsidePx"":2.1,""endMs"":439,""endX"":1030,""endY"":845.3,""durationMs"":50}]","[{""x"":883.3,""y"":948.7,""t"":0,""outside"":false,""outsidePx"":0},{""x"":883.3,""y"":946.7,""t"":46,""outside"":false,""outsidePx"":0},{""x"":884.7,""y"":945.3,""t"":56,""outside"":false,""outsidePx"":0},{""x"":895.3,""y"":936.7,""t"":72,""outside"":false,""outsidePx"":0},{""x"":907.3,""y"":927.3,""t"":89,""outside"":false,""outsidePx"":0},{""x"":920,""y"":918.7,""t"":106,""outside"":false,""outsidePx"":0},{""x"":928.7,""y"":912,""t"":122,""outside"":false,""outsidePx"":0},{""x"":932,""y"":908.7,""t"":139,""outside"":false,""outsidePx"":0},{""x"":942.7,""y"":901.3,""t"":156,""outside"":false,""outsidePx"":0},{""x"":951.3,""y"":896,""t"":173,""outside"":false,""outsidePx"":0},{""x"":958,""y"":890.7,""t"":189,""outside"":false,""outsidePx"":0},{""x"":963.3,""y"":889.3,""t"":205,""outside"":false,""outsidePx"":0},{""x"":965.3,""y"":887.3,""t"":222,""outside"":false,""outsidePx"":0},{""x"":966.7,""y"":887.3,""t"":239,""outside"":false,""outsidePx"":0},{""x"":968.7,""y"":885.3,""t"":256,""outside"":false,""outsidePx"":0},{""x"":970.7,""y"":884,""t"":273,""outside"":false,""outsidePx"":0},{""x"":974,""y"":882,""t"":289,""outside"":false,""outsidePx"":0},{""x"":977.3,""y"":880.7,""t"":306,""outside"":false,""outsidePx"":0},{""x"":980.7,""y"":876.7,""t"":322,""outside"":false,""outsidePx"":0},{""x"":982.7,""y"":875.3,""t"":339,""outside"":false,""outsidePx"":0},{""x"":986,""y"":871.3,""t"":356,""outside"":false,""outsidePx"":0},{""x"":991.3,""y"":868,""t"":373,""outside"":false,""outsidePx"":0},{""x"":998.7,""y"":861.3,""t"":389,""outside"":true,""outsidePx"":0.8},{""x"":1008.7,""y"":854,""t"":406,""outside"":true,""outsidePx"":2.1},{""x"":1018,""y"":848.7,""t"":423,""outside"":true,""outsidePx"":2.1},{""x"":1030,""y"":845.3,""t"":439,""outside"":false,""outsidePx"":0},{""x"":1036.7,""y"":843.3,""t"":456,""outside"":false,""outsidePx"":0},{""x"":1040.7,""y"":842,""t"":473,""outside"":false,""outsidePx"":0},{""x"":1046,""y"":838.7,""t"":489,""outside"":false,""outsidePx"":0},{""x"":1052.7,""y"":833.3,""t"":506,""outside"":false,""outsidePx"":0},{""x"":1066.7,""y"":828,""t"":523,""outside"":false,""outsidePx"":0},{""x"":1077.3,""y"":824.7,""t"":539,""outside"":false,""outsidePx"":0},{""x"":1092.7,""y"":822.7,""t"":556,""outside"":false,""outsidePx"":0},{""x"":1103.3,""y"":820.7,""t"":573,""outside"":false,""outsidePx"":0},{""x"":1112,""y"":817.3,""t"":589,""outside"":false,""outsidePx"":0},{""x"":1120.7,""y"":812,""t"":606,""outside"":false,""outsidePx"":0},{""x"":1131.3,""y"":805.3,""t"":623,""outside"":false,""outsidePx"":0},{""x"":1144,""y"":796.7,""t"":640,""outside"":false,""outsidePx"":0},{""x"":1159.3,""y"":789.3,""t"":656,""outside"":false,""outsidePx"":0},{""x"":1164.7,""y"":786,""t"":673,""outside"":false,""outsidePx"":0},{""x"":1172,""y"":782.7,""t"":689,""outside"":false,""outsidePx"":0},{""x"":1178.7,""y"":778.7,""t"":706,""outside"":false,""outsidePx"":0},{""x"":1187.3,""y"":772,""t"":723,""outside"":false,""outsidePx"":0},{""x"":1194.7,""y"":766.7,""t"":739,""outside"":false,""outsidePx"":0},{""x"":1208.7,""y"":759.3,""t"":756,""outside"":false,""outsidePx"":0},{""x"":1215.3,""y"":754.7,""t"":773,""outside"":false,""outsidePx"":0},{""x"":1226,""y"":747.3,""t"":789,""outside"":false,""outsidePx"":0},{""x"":1234.7,""y"":744,""t"":806,""outside"":false,""outsidePx"":0},{""x"":1242,""y"":738.7,""t"":823,""outside"":false,""outsidePx"":0},{""x"":1250.7,""y"":735.3,""t"":839,""outside"":false,""outsidePx"":0},{""x"":1259.3,""y"":730,""t"":856,""outside"":false,""outsidePx"":0},{""x"":1268,""y"":724.7,""t"":873,""outside"":false,""outsidePx"":0},{""x"":1280,""y"":717.3,""t"":889,""outside"":false,""outsidePx"":0},{""x"":1290.7,""y"":712.7,""t"":906,""outside"":false,""outsidePx"":0},{""x"":1302.7,""y"":707.3,""t"":923,""outside"":false,""outsidePx"":0},{""x"":1316.7,""y"":700,""t"":939,""outside"":false,""outsidePx"":0},{""x"":1327.3,""y"":694.7,""t"":956,""outside"":false,""outsidePx"":0},{""x"":1343.3,""y"":686,""t"":972,""outside"":false,""outsidePx"":0},{""x"":1357.3,""y"":679.3,""t"":989,""outside"":false,""outsidePx"":0},{""x"":1368,""y"":672,""t"":1006,""outside"":false,""outsidePx"":0},{""x"":1382,""y"":663.3,""t"":1023,""outside"":false,""outsidePx"":0},{""x"":1394,""y"":656.7,""t"":1039,""outside"":false,""outsidePx"":0},{""x"":1402.7,""y"":651.3,""t"":1057,""outside"":false,""outsidePx"":0},{""x"":1411.3,""y"":646,""t"":1073,""outside"":false,""outsidePx"":0},{""x"":1414.7,""y"":644,""t"":1089,""outside"":false,""outsidePx"":0},{""x"":1418.7,""y"":642.7,""t"":1106,""outside"":false,""outsidePx"":0},{""x"":1422,""y"":640.7,""t"":1123,""outside"":false,""outsidePx"":0},{""x"":1425.3,""y"":638.7,""t"":1139,""outside"":false,""outsidePx"":0},{""x"":1434,""y"":633.3,""t"":1156,""outside"":false,""outsidePx"":0},{""x"":1444.7,""y"":628.7,""t"":1173,""outside"":false,""outsidePx"":0},{""x"":1456.7,""y"":621.3,""t"":1190,""outside"":false,""outsidePx"":0},{""x"":1469.3,""y"":614.7,""t"":1206,""outside"":false,""outsidePx"":0},{""x"":1481.3,""y"":607.3,""t"":1223,""outside"":false,""outsidePx"":0},{""x"":1495.3,""y"":598.7,""t"":1239,""outside"":false,""outsidePx"":0},{""x"":1506,""y"":593.3,""t"":1256,""outside"":false,""outsidePx"":0},{""x"":1514.7,""y"":588,""t"":1273,""outside"":false,""outsidePx"":0},{""x"":1523.3,""y"":582.7,""t"":1290,""outside"":false,""outsidePx"":0},{""x"":1532,""y"":577.3,""t"":1306,""outside"":false,""outsidePx"":0},{""x"":1540.7,""y"":572.7,""t"":1323,""outside"":false,""outsidePx"":0},{""x"":1546,""y"":570.7,""t"":1339,""outside"":false,""outsidePx"":0},{""x"":1553.3,""y"":567.3,""t"":1356,""outside"":false,""outsidePx"":0},{""x"":1560,""y"":563.3,""t"":1373,""outside"":false,""outsidePx"":0},{""x"":1567.3,""y"":558.7,""t"":1389,""outside"":false,""outsidePx"":0},{""x"":1576,""y"":554.7,""t"":1406,""outside"":false,""outsidePx"":0},{""x"":1584.7,""y"":549.3,""t"":1423,""outside"":false,""outsidePx"":0},{""x"":1590,""y"":546,""t"":1440,""outside"":false,""outsidePx"":0},{""x"":1596.7,""y"":542.7,""t"":1456,""outside"":false,""outsidePx"":0},{""x"":1606,""y"":539.3,""t"":1472,""outside"":false,""outsidePx"":0},{""x"":1614.7,""y"":534,""t"":1489,""outside"":false,""outsidePx"":0},{""x"":1623.3,""y"":530.7,""t"":1506,""outside"":false,""outsidePx"":0},{""x"":1634,""y"":525.3,""t"":1522,""outside"":false,""outsidePx"":0},{""x"":1638.7,""y"":521.3,""t"":1540,""outside"":false,""outsidePx"":0},{""x"":1648,""y"":516.7,""t"":1556,""outside"":false,""outsidePx"":0},{""x"":1656.7,""y"":511.3,""t"":1573,""outside"":false,""outsidePx"":0},{""x"":1666.7,""y"":506,""t"":1589,""outside"":false,""outsidePx"":0},{""x"":1672,""y"":502.7,""t"":1606,""outside"":false,""outsidePx"":0},{""x"":1676,""y"":500.7,""t"":1623,""outside"":false,""outsidePx"":0},{""x"":1677.3,""y"":498.7,""t"":1640,""outside"":false,""outsidePx"":0},{""x"":1680.7,""y"":497.3,""t"":1656,""outside"":false,""outsidePx"":0},{""x"":1684.7,""y"":495.3,""t"":1673,""outside"":false,""outsidePx"":0},{""x"":1691.3,""y"":490,""t"":1689,""outside"":false,""outsidePx"":0},{""x"":1698.7,""y"":484.7,""t"":1706,""outside"":false,""outsidePx"":0},{""x"":1707.3,""y"":481.3,""t"":1723,""outside"":false,""outsidePx"":0},{""x"":1712.7,""y"":478,""t"":1739,""outside"":false,""outsidePx"":0},{""x"":1714,""y"":476,""t"":1756,""outside"":false,""outsidePx"":0},{""x"":1716,""y"":476,""t"":1773,""outside"":false,""outsidePx"":0},{""x"":1716,""y"":477.3,""t"":1904,""outside"":false,""outsidePx"":0},{""x"":1716,""y"":479.3,""t"":1918,""outside"":false,""outsidePx"":0}]"
shohei,main,practice,C3,距離大条件,W固定・A長い,35,675,19.286,3,8,68,68,68,2026-09-29T08:06:03.920Z,2026-09-29T08:06:05.342Z,1423,373,1231,858,false,true,near_goal_pointerup,1676,458.7,1,true,2,347,11.8,false,"[{""startMs"":810,""startX"":1256,""startY"":758,""maxOutsidePx"":8.6,""endMs"":1027,""endX"":1420,""endY"":658,""durationMs"":217},{""startMs"":1293,""startX"":1637.3,""startY"":492,""maxOutsidePx"":11.8,""endMs"":1423,""endX"":1676,""endY"":458.7,""durationMs"":130}]","[{""x"":851.3,""y"":970.7,""t"":0,""outside"":false,""outsidePx"":0},{""x"":851.3,""y"":969.3,""t"":94,""outside"":false,""outsidePx"":0},{""x"":856.7,""y"":966,""t"":110,""outside"":false,""outsidePx"":0},{""x"":865.3,""y"":960.7,""t"":127,""outside"":false,""outsidePx"":0},{""x"":874,""y"":955.3,""t"":143,""outside"":false,""outsidePx"":0},{""x"":882.7,""y"":948.7,""t"":160,""outside"":false,""outsidePx"":0},{""x"":892,""y"":943.3,""t"":177,""outside"":false,""outsidePx"":0},{""x"":902,""y"":940,""t"":194,""outside"":false,""outsidePx"":0},{""x"":912.7,""y"":936.7,""t"":210,""outside"":false,""outsidePx"":0},{""x"":921.3,""y"":932.7,""t"":227,""outside"":false,""outsidePx"":0},{""x"":930,""y"":929.3,""t"":243,""outside"":false,""outsidePx"":0},{""x"":938.7,""y"":926,""t"":260,""outside"":false,""outsidePx"":0},{""x"":948,""y"":920.7,""t"":277,""outside"":false,""outsidePx"":0},{""x"":951.3,""y"":918.7,""t"":294,""outside"":false,""outsidePx"":0},{""x"":958,""y"":915.3,""t"":310,""outside"":false,""outsidePx"":0},{""x"":963.3,""y"":912,""t"":327,""outside"":false,""outsidePx"":0},{""x"":974,""y"":910,""t"":343,""outside"":false,""outsidePx"":0},{""x"":986,""y"":906.7,""t"":360,""outside"":false,""outsidePx"":0},{""x"":998.7,""y"":901.3,""t"":377,""outside"":false,""outsidePx"":0},{""x"":1008.7,""y"":892.7,""t"":394,""outside"":false,""outsidePx"":0},{""x"":1018,""y"":885.3,""t"":410,""outside"":false,""outsidePx"":0},{""x"":1026.7,""y"":878.7,""t"":427,""outside"":false,""outsidePx"":0},{""x"":1033.3,""y"":873.3,""t"":443,""outside"":false,""outsidePx"":0},{""x"":1038.7,""y"":868,""t"":460,""outside"":false,""outsidePx"":0},{""x"":1046,""y"":862.7,""t"":477,""outside"":false,""outsidePx"":0},{""x"":1052.7,""y"":857.3,""t"":494,""outside"":false,""outsidePx"":0},{""x"":1061.3,""y"":850.7,""t"":510,""outside"":false,""outsidePx"":0},{""x"":1070,""y"":842,""t"":527,""outside"":false,""outsidePx"":0},{""x"":1084,""y"":833.3,""t"":543,""outside"":false,""outsidePx"":0},{""x"":1094.7,""y"":824.7,""t"":560,""outside"":false,""outsidePx"":0},{""x"":1105.3,""y"":817.3,""t"":577,""outside"":false,""outsidePx"":0},{""x"":1116,""y"":810.7,""t"":594,""outside"":false,""outsidePx"":0},{""x"":1128,""y"":806.7,""t"":610,""outside"":false,""outsidePx"":0},{""x"":1145.3,""y"":801.3,""t"":627,""outside"":false,""outsidePx"":0},{""x"":1159.3,""y"":798,""t"":643,""outside"":false,""outsidePx"":0},{""x"":1172,""y"":791.3,""t"":660,""outside"":false,""outsidePx"":0},{""x"":1180.7,""y"":786,""t"":677,""outside"":false,""outsidePx"":0},{""x"":1192.7,""y"":778.7,""t"":693,""outside"":false,""outsidePx"":0},{""x"":1201.3,""y"":773.3,""t"":710,""outside"":false,""outsidePx"":0},{""x"":1208.7,""y"":770,""t"":727,""outside"":false,""outsidePx"":0},{""x"":1214,""y"":768.7,""t"":743,""outside"":false,""outsidePx"":0},{""x"":1220.7,""y"":766.7,""t"":760,""outside"":false,""outsidePx"":0},{""x"":1229.3,""y"":763.3,""t"":777,""outside"":false,""outsidePx"":0},{""x"":1240,""y"":761.3,""t"":793,""outside"":false,""outsidePx"":0},{""x"":1256,""y"":758,""t"":810,""outside"":true,""outsidePx"":3.4},{""x"":1271.3,""y"":750.7,""t"":827,""outside"":true,""outsidePx"":4.7},{""x"":1284,""y"":745.3,""t"":843,""outside"":true,""outsidePx"":6.4},{""x"":1298,""y"":736.7,""t"":860,""outside"":true,""outsidePx"":5.9},{""x"":1310,""y"":731.3,""t"":877,""outside"":true,""outsidePx"":7.3},{""x"":1320.7,""y"":726.7,""t"":894,""outside"":true,""outsidePx"":8.6},{""x"":1329.3,""y"":721.3,""t"":910,""outside"":true,""outsidePx"":8.3},{""x"":1340,""y"":714,""t"":927,""outside"":true,""outsidePx"":7.3},{""x"":1350,""y"":705.3,""t"":943,""outside"":true,""outsidePx"":4.8},{""x"":1362.7,""y"":694.7,""t"":960,""outside"":true,""outsidePx"":1.9},{""x"":1376.7,""y"":686,""t"":977,""outside"":true,""outsidePx"":1.4},{""x"":1392,""y"":677.3,""t"":994,""outside"":true,""outsidePx"":1.5},{""x"":1406,""y"":668.7,""t"":1010,""outside"":true,""outsidePx"":1},{""x"":1420,""y"":658,""t"":1027,""outside"":false,""outsidePx"":0},{""x"":1436,""y"":647.3,""t"":1043,""outside"":false,""outsidePx"":0},{""x"":1452,""y"":638.7,""t"":1060,""outside"":false,""outsidePx"":0},{""x"":1464,""y"":630,""t"":1077,""outside"":false,""outsidePx"":0},{""x"":1474.7,""y"":623.3,""t"":1094,""outside"":false,""outsidePx"":0},{""x"":1483.3,""y"":614.7,""t"":1110,""outside"":false,""outsidePx"":0},{""x"":1492,""y"":604,""t"":1127,""outside"":false,""outsidePx"":0},{""x"":1500.7,""y"":595.3,""t"":1144,""outside"":false,""outsidePx"":0},{""x"":1512.7,""y"":588,""t"":1160,""outside"":false,""outsidePx"":0},{""x"":1523.3,""y"":581.3,""t"":1177,""outside"":false,""outsidePx"":0},{""x"":1536,""y"":572.7,""t"":1193,""outside"":false,""outsidePx"":0},{""x"":1548,""y"":563.3,""t"":1210,""outside"":false,""outsidePx"":0},{""x"":1564,""y"":549.3,""t"":1227,""outside"":false,""outsidePx"":0},{""x"":1584.7,""y"":535.3,""t"":1243,""outside"":false,""outsidePx"":0},{""x"":1602,""y"":523.3,""t"":1260,""outside"":false,""outsidePx"":0},{""x"":1623.3,""y"":506,""t"":1277,""outside"":false,""outsidePx"":0},{""x"":1637.3,""y"":492,""t"":1293,""outside"":true,""outsidePx"":1.3},{""x"":1649.3,""y"":479.3,""t"":1310,""outside"":true,""outsidePx"":6.3},{""x"":1662,""y"":467.3,""t"":1327,""outside"":true,""outsidePx"":10.3},{""x"":1670.7,""y"":462,""t"":1343,""outside"":true,""outsidePx"":10.6},{""x"":1672,""y"":460.7,""t"":1360,""outside"":true,""outsidePx"":11.1},{""x"":1674,""y"":460.7,""t"":1377,""outside"":true,""outsidePx"":10.1},{""x"":1674,""y"":458.7,""t"":1402,""outside"":true,""outsidePx"":11.8},{""x"":1676,""y"":458.7,""t"":1413,""outside"":true,""outsidePx"":10.8}]"
shohei,main,practice,C3,距離大条件,W固定・A長い,35,675,19.286,3,9,69,69,69,2026-09-29T08:06:06.348Z,2026-09-29T08:06:08.693Z,2344,252,1757,1505,false,true,near_goal_pointerup,1798,451.3,1,true,4,929,20,false,"[{""startMs"":364,""startX"":1019.3,""startY"":848.7,""maxOutsidePx"":1.4,""endMs"":398,""endX"":1044,""endY"":836.7,""durationMs"":34},{""startMs"":448,""startX"":1078.7,""startY"":814,""maxOutsidePx"":8.4,""endMs"":698,""endX"":1158,""endY"":773.3,""durationMs"":250},{""startMs"":1066,""startX"":1350,""startY"":656.7,""maxOutsidePx"":20,""endMs"":1616,""endX"":1448,""endY"":603.3,""durationMs"":550},{""startMs"":2249,""startX"":1794.7,""startY"":451.3,""maxOutsidePx"":8.8,""endMs"":2344,""endX"":1798,""endY"":451.3,""durationMs"":95}]","[{""x"":855.3,""y"":954,""t"":0,""outside"":false,""outsidePx"":0},{""x"":855.3,""y"":952,""t"":31,""outside"":false,""outsidePx"":0},{""x"":860,""y"":948.7,""t"":48,""outside"":false,""outsidePx"":0},{""x"":867.3,""y"":946.7,""t"":65,""outside"":false,""outsidePx"":0},{""x"":876,""y"":941.3,""t"":82,""outside"":false,""outsidePx"":0},{""x"":890,""y"":934.7,""t"":98,""outside"":false,""outsidePx"":0},{""x"":904,""y"":924,""t"":114,""outside"":false,""outsidePx"":0},{""x"":921.3,""y"":915.3,""t"":131,""outside"":false,""outsidePx"":0},{""x"":938.7,""y"":906.7,""t"":148,""outside"":false,""outsidePx"":0},{""x"":952.7,""y"":901.3,""t"":164,""outside"":false,""outsidePx"":0},{""x"":962,""y"":894.7,""t"":181,""outside"":false,""outsidePx"":0},{""x"":966.7,""y"":890.7,""t"":198,""outside"":false,""outsidePx"":0},{""x"":972,""y"":887.3,""t"":214,""outside"":false,""outsidePx"":0},{""x"":976,""y"":884,""t"":231,""outside"":false,""outsidePx"":0},{""x"":980.7,""y"":878.7,""t"":248,""outside"":false,""outsidePx"":0},{""x"":984.7,""y"":876.7,""t"":264,""outside"":false,""outsidePx"":0},{""x"":988,""y"":875.3,""t"":281,""outside"":false,""outsidePx"":0},{""x"":991.3,""y"":873.3,""t"":299,""outside"":false,""outsidePx"":0},{""x"":996.7,""y"":870,""t"":315,""outside"":false,""outsidePx"":0},{""x"":1002,""y"":864.7,""t"":332,""outside"":false,""outsidePx"":0},{""x"":1008.7,""y"":857.3,""t"":348,""outside"":false,""outsidePx"":0},{""x"":1019.3,""y"":848.7,""t"":364,""outside"":true,""outsidePx"":1.4},{""x"":1030,""y"":843.3,""t"":381,""outside"":true,""outsidePx"":0.7},{""x"":1044,""y"":836.7,""t"":398,""outside"":false,""outsidePx"":0},{""x"":1056,""y"":829.3,""t"":415,""outside"":false,""outsidePx"":0},{""x"":1068.7,""y"":822.7,""t"":431,""outside"":false,""outsidePx"":0},{""x"":1078.7,""y"":814,""t"":448,""outside"":true,""outsidePx"":1.8},{""x"":1089.3,""y"":806.7,""t"":464,""outside"":true,""outsidePx"":2.8},{""x"":1100,""y"":800,""t"":481,""outside"":true,""outsidePx"":3.2},{""x"":1106.7,""y"":794.7,""t"":499,""outside"":true,""outsidePx"":4.5},{""x"":1112,""y"":789.3,""t"":515,""outside"":true,""outsidePx"":6.5},{""x"":1116,""y"":786,""t"":531,""outside"":true,""outsidePx"":7.3},{""x"":1117.3,""y"":784,""t"":548,""outside"":true,""outsidePx"":8.4},{""x"":1120.7,""y"":782.7,""t"":564,""outside"":true,""outsidePx"":7.9},{""x"":1126,""y"":782.7,""t"":581,""outside"":true,""outsidePx"":5.2},{""x"":1130,""y"":782.7,""t"":598,""outside"":true,""outsidePx"":3.2},{""x"":1133.3,""y"":780.7,""t"":614,""outside"":true,""outsidePx"":3.3},{""x"":1134.7,""y"":780.7,""t"":631,""outside"":true,""outsidePx"":2.6},{""x"":1138.7,""y"":778.7,""t"":648,""outside"":true,""outsidePx"":2.4},{""x"":1144,""y"":777.3,""t"":665,""outside"":true,""outsidePx"":0.8},{""x"":1148.7,""y"":775.3,""t"":681,""outside"":true,""outsidePx"":0.2},{""x"":1158,""y"":773.3,""t"":698,""outside"":false,""outsidePx"":0},{""x"":1161.3,""y"":772,""t"":714,""outside"":false,""outsidePx"":0},{""x"":1166.7,""y"":770,""t"":731,""outside"":false,""outsidePx"":0},{""x"":1170,""y"":768.7,""t"":748,""outside"":false,""outsidePx"":0},{""x"":1176.7,""y"":764.7,""t"":765,""outside"":false,""outsidePx"":0},{""x"":1184,""y"":761.3,""t"":781,""outside"":false,""outsidePx"":0},{""x"":1190.7,""y"":759.3,""t"":798,""outside"":false,""outsidePx"":0},{""x"":1201.3,""y"":756,""t"":815,""outside"":false,""outsidePx"":0},{""x"":1210,""y"":750.7,""t"":831,""outside"":false,""outsidePx"":0},{""x"":1220.7,""y"":745.3,""t"":848,""outside"":false,""outsidePx"":0},{""x"":1229.3,""y"":740.7,""t"":864,""outside"":false,""outsidePx"":0},{""x"":1242,""y"":735.3,""t"":881,""outside"":false,""outsidePx"":0},{""x"":1256,""y"":726.7,""t"":898,""outside"":false,""outsidePx"":0},{""x"":1266,""y"":719.3,""t"":916,""outside"":false,""outsidePx"":0},{""x"":1276.7,""y"":710.7,""t"":933,""outside"":false,""outsidePx"":0},{""x"":1285.3,""y"":705.3,""t"":950,""outside"":false,""outsidePx"":0},{""x"":1294,""y"":700,""t"":967,""outside"":false,""outsidePx"":0},{""x"":1302.7,""y"":694.7,""t"":983,""outside"":false,""outsidePx"":0},{""x"":1313.3,""y"":689.3,""t"":999,""outside"":false,""outsidePx"":0},{""x"":1324,""y"":682.7,""t"":1016,""outside"":false,""outsidePx"":0},{""x"":1330.7,""y"":677.3,""t"":1033,""outside"":false,""outsidePx"":0},{""x"":1341.3,""y"":668.7,""t"":1049,""outside"":false,""outsidePx"":0},{""x"":1350,""y"":656.7,""t"":1066,""outside"":true,""outsidePx"":2.3},{""x"":1357.3,""y"":642.7,""t"":1083,""outside"":true,""outsidePx"":10.8},{""x"":1368,""y"":628.7,""t"":1099,""outside"":true,""outsidePx"":17.6},{""x"":1372.7,""y"":623.3,""t"":1117,""outside"":true,""outsidePx"":19.9},{""x"":1374.7,""y"":623.3,""t"":1133,""outside"":true,""outsidePx"":18.9},{""x"":1378,""y"":626,""t"":1149,""outside"":true,""outsidePx"":14.9},{""x"":1380,""y"":633.3,""t"":1166,""outside"":true,""outsidePx"":7.6},{""x"":1382,""y"":638,""t"":1183,""outside"":true,""outsidePx"":2.5},{""x"":1383.3,""y"":638,""t"":1199,""outside"":true,""outsidePx"":1.8},{""x"":1385.3,""y"":638,""t"":1217,""outside"":true,""outsidePx"":0.8},{""x"":1385.3,""y"":637.3,""t"":1236,""outside"":true,""outsidePx"":1.4},{""x"":1385.3,""y"":635.3,""t"":1250,""outside"":true,""outsidePx"":3.2},{""x"":1386.7,""y"":633.3,""t"":1266,""outside"":true,""outsidePx"":4.2},{""x"":1388.7,""y"":633.3,""t"":1339,""outside"":true,""outsidePx"":3.2},{""x"":1388.7,""y"":634.7,""t"":1349,""outside"":true,""outsidePx"":2.1},{""x"":1390.7,""y"":634.7,""t"":1366,""outside"":true,""outsidePx"":1.1},{""x"":1392,""y"":634.7,""t"":1382,""outside"":true,""outsidePx"":0.4},{""x"":1396,""y"":626.7,""t"":1399,""outside"":true,""outsidePx"":5.3},{""x"":1400.7,""y"":616,""t"":1416,""outside"":true,""outsidePx"":12.2},{""x"":1411.3,""y"":602,""t"":1433,""outside"":true,""outsidePx"":19},{""x"":1418.7,""y"":596.7,""t"":1449,""outside"":true,""outsidePx"":20},{""x"":1422,""y"":596.7,""t"":1466,""outside"":true,""outsidePx"":18.3},{""x"":1424,""y"":596.7,""t"":1521,""outside"":true,""outsidePx"":17.3},{""x"":1425.3,""y"":598,""t"":1532,""outside"":true,""outsidePx"":15.5},{""x"":1428.7,""y"":600,""t"":1550,""outside"":true,""outsidePx"":12.1},{""x"":1432.7,""y"":601.3,""t"":1566,""outside"":true,""outsidePx"":8.9},{""x"":1438,""y"":601.3,""t"":1583,""outside"":true,""outsidePx"":6.3},{""x"":1441.3,""y"":601.3,""t"":1599,""outside"":true,""outsidePx"":4.6},{""x"":1448,""y"":603.3,""t"":1616,""outside"":false,""outsidePx"":0},{""x"":1455.3,""y"":605.3,""t"":1633,""outside"":false,""outsidePx"":0},{""x"":1462,""y"":605.3,""t"":1650,""outside"":false,""outsidePx"":0},{""x"":1470.7,""y"":605.3,""t"":1666,""outside"":false,""outsidePx"":0},{""x"":1481.3,""y"":605.3,""t"":1683,""outside"":false,""outsidePx"":0},{""x"":1494,""y"":598.7,""t"":1699,""outside"":false,""outsidePx"":0},{""x"":1508,""y"":591.3,""t"":1716,""outside"":false,""outsidePx"":0},{""x"":1534,""y"":576,""t"":1732,""outside"":false,""outsidePx"":0},{""x"":1562,""y"":558.7,""t"":1749,""outside"":false,""outsidePx"":0},{""x"":1584.7,""y"":542.7,""t"":1766,""outside"":false,""outsidePx"":0},{""x"":1609.3,""y"":525.3,""t"":1782,""outside"":false,""outsidePx"":0},{""x"":1628.7,""y"":511.3,""t"":1799,""outside"":false,""outsidePx"":0},{""x"":1638.7,""y"":504,""t"":1816,""outside"":false,""outsidePx"":0},{""x"":1642.7,""y"":498.7,""t"":1833,""outside"":false,""outsidePx"":0},{""x"":1644,""y"":498.7,""t"":1850,""outside"":false,""outsidePx"":0},{""x"":1643.3,""y"":498.7,""t"":1982,""outside"":false,""outsidePx"":0},{""x"":1643.3,""y"":500,""t"":1998,""outside"":false,""outsidePx"":0},{""x"":1641.3,""y"":502,""t"":2016,""outside"":false,""outsidePx"":0},{""x"":1641.3,""y"":500.7,""t"":2074,""outside"":false,""outsidePx"":0},{""x"":1641.3,""y"":498.7,""t"":2082,""outside"":false,""outsidePx"":0},{""x"":1642.7,""y"":495.3,""t"":2100,""outside"":false,""outsidePx"":0},{""x"":1646,""y"":492,""t"":2116,""outside"":false,""outsidePx"":0},{""x"":1649.3,""y"":490,""t"":2132,""outside"":false,""outsidePx"":0},{""x"":1654.7,""y"":490,""t"":2149,""outside"":false,""outsidePx"":0},{""x"":1662,""y"":488.7,""t"":2166,""outside"":false,""outsidePx"":0},{""x"":1677.3,""y"":483.3,""t"":2183,""outside"":false,""outsidePx"":0},{""x"":1700,""y"":474.7,""t"":2199,""outside"":false,""outsidePx"":0},{""x"":1738.7,""y"":462,""t"":2216,""outside"":false,""outsidePx"":0},{""x"":1772,""y"":455.3,""t"":2232,""outside"":false,""outsidePx"":0},{""x"":1794.7,""y"":451.3,""t"":2249,""outside"":true,""outsidePx"":7.2},{""x"":1798,""y"":451.3,""t"":2266,""outside"":true,""outsidePx"":8.8}]"
shohei,main,practice,C3,距離大条件,W固定・A長い,35,675,19.286,3,10,70,70,70,2026-09-29T08:06:09.622Z,2026-09-29T08:06:11.158Z,1537,268,1180,912,false,true,near_goal_pointerup,1738.7,479.3,1,true,1,162,4.7,false,"[{""startMs"":1375,""startX"":1690,""startY"":504,""maxOutsidePx"":4.7,""endMs"":1537,""endX"":1738.7,""endY"":479.3,""durationMs"":162}]","[{""x"":867.3,""y"":952,""t"":0,""outside"":false,""outsidePx"":0},{""x"":867.3,""y"":950.7,""t"":53,""outside"":false,""outsidePx"":0},{""x"":868.7,""y"":950.7,""t"":63,""outside"":false,""outsidePx"":0},{""x"":870.7,""y"":950.7,""t"":80,""outside"":false,""outsidePx"":0},{""x"":872.7,""y"":948.7,""t"":93,""outside"":false,""outsidePx"":0},{""x"":879.3,""y"":943.3,""t"":109,""outside"":false,""outsidePx"":0},{""x"":888,""y"":940,""t"":126,""outside"":false,""outsidePx"":0},{""x"":900.7,""y"":932.7,""t"":142,""outside"":false,""outsidePx"":0},{""x"":920,""y"":926,""t"":159,""outside"":false,""outsidePx"":0},{""x"":934,""y"":918.7,""t"":176,""outside"":false,""outsidePx"":0},{""x"":948,""y"":912,""t"":193,""outside"":false,""outsidePx"":0},{""x"":958,""y"":904.7,""t"":209,""outside"":false,""outsidePx"":0},{""x"":965.3,""y"":898,""t"":226,""outside"":false,""outsidePx"":0},{""x"":974,""y"":890.7,""t"":243,""outside"":false,""outsidePx"":0},{""x"":980.7,""y"":884,""t"":259,""outside"":false,""outsidePx"":0},{""x"":986,""y"":878.7,""t"":276,""outside"":false,""outsidePx"":0},{""x"":991.3,""y"":876.7,""t"":293,""outside"":false,""outsidePx"":0},{""x"":996.7,""y"":873.3,""t"":309,""outside"":false,""outsidePx"":0},{""x"":1004,""y"":870,""t"":325,""outside"":false,""outsidePx"":0},{""x"":1010.7,""y"":864.7,""t"":343,""outside"":false,""outsidePx"":0},{""x"":1018,""y"":857.3,""t"":359,""outside"":false,""outsidePx"":0},{""x"":1022.7,""y"":852.7,""t"":376,""outside"":false,""outsidePx"":0},{""x"":1028,""y"":848.7,""t"":393,""outside"":false,""outsidePx"":0},{""x"":1033.3,""y"":845.3,""t"":409,""outside"":false,""outsidePx"":0},{""x"":1042,""y"":842,""t"":425,""outside"":false,""outsidePx"":0},{""x"":1050.7,""y"":838.7,""t"":442,""outside"":false,""outsidePx"":0},{""x"":1058,""y"":833.3,""t"":459,""outside"":false,""outsidePx"":0},{""x"":1068.7,""y"":826,""t"":475,""outside"":false,""outsidePx"":0},{""x"":1078.7,""y"":820.7,""t"":493,""outside"":false,""outsidePx"":0},{""x"":1096.7,""y"":815.3,""t"":509,""outside"":false,""outsidePx"":0},{""x"":1114,""y"":810.7,""t"":526,""outside"":false,""outsidePx"":0},{""x"":1130,""y"":801.3,""t"":542,""outside"":false,""outsidePx"":0},{""x"":1142,""y"":794.7,""t"":559,""outside"":false,""outsidePx"":0},{""x"":1154,""y"":786,""t"":575,""outside"":false,""outsidePx"":0},{""x"":1159.3,""y"":780.7,""t"":592,""outside"":false,""outsidePx"":0},{""x"":1162.7,""y"":778.7,""t"":610,""outside"":false,""outsidePx"":0},{""x"":1168,""y"":775.3,""t"":625,""outside"":false,""outsidePx"":0},{""x"":1173.3,""y"":773.3,""t"":642,""outside"":false,""outsidePx"":0},{""x"":1180.7,""y"":770,""t"":659,""outside"":false,""outsidePx"":0},{""x"":1187.3,""y"":764.7,""t"":676,""outside"":false,""outsidePx"":0},{""x"":1194.7,""y"":761.3,""t"":692,""outside"":false,""outsidePx"":0},{""x"":1200,""y"":758,""t"":709,""outside"":false,""outsidePx"":0},{""x"":1210,""y"":752.7,""t"":726,""outside"":false,""outsidePx"":0},{""x"":1220.7,""y"":747.3,""t"":742,""outside"":false,""outsidePx"":0},{""x"":1231.3,""y"":742,""t"":759,""outside"":false,""outsidePx"":0},{""x"":1242,""y"":736.7,""t"":776,""outside"":false,""outsidePx"":0},{""x"":1254,""y"":728,""t"":792,""outside"":false,""outsidePx"":0},{""x"":1270,""y"":721.3,""t"":809,""outside"":false,""outsidePx"":0},{""x"":1287.3,""y"":714,""t"":825,""outside"":false,""outsidePx"":0},{""x"":1301.3,""y"":707.3,""t"":842,""outside"":false,""outsidePx"":0},{""x"":1316.7,""y"":698.7,""t"":859,""outside"":false,""outsidePx"":0},{""x"":1330.7,""y"":689.3,""t"":875,""outside"":false,""outsidePx"":0},{""x"":1344.7,""y"":682.7,""t"":892,""outside"":false,""outsidePx"":0},{""x"":1358.7,""y"":675.3,""t"":909,""outside"":false,""outsidePx"":0},{""x"":1371.3,""y"":668.7,""t"":926,""outside"":false,""outsidePx"":0},{""x"":1382,""y"":661.3,""t"":942,""outside"":false,""outsidePx"":0},{""x"":1390.7,""y"":654.7,""t"":959,""outside"":false,""outsidePx"":0},{""x"":1399.3,""y"":646,""t"":975,""outside"":false,""outsidePx"":0},{""x"":1408,""y"":640.7,""t"":992,""outside"":false,""outsidePx"":0},{""x"":1418.7,""y"":635.3,""t"":1009,""outside"":false,""outsidePx"":0},{""x"":1428.7,""y"":628.7,""t"":1025,""outside"":false,""outsidePx"":0},{""x"":1438,""y"":623.3,""t"":1043,""outside"":false,""outsidePx"":0},{""x"":1450,""y"":616,""t"":1059,""outside"":false,""outsidePx"":0},{""x"":1464,""y"":609.3,""t"":1075,""outside"":false,""outsidePx"":0},{""x"":1478,""y"":604,""t"":1092,""outside"":false,""outsidePx"":0},{""x"":1495.3,""y"":595.3,""t"":1109,""outside"":false,""outsidePx"":0},{""x"":1512.7,""y"":586.7,""t"":1125,""outside"":false,""outsidePx"":0},{""x"":1532,""y"":574,""t"":1142,""outside"":false,""outsidePx"":0},{""x"":1551.3,""y"":565.3,""t"":1159,""outside"":false,""outsidePx"":0},{""x"":1568.7,""y"":554.7,""t"":1175,""outside"":false,""outsidePx"":0},{""x"":1584.7,""y"":549.3,""t"":1192,""outside"":false,""outsidePx"":0},{""x"":1596.7,""y"":544.7,""t"":1209,""outside"":false,""outsidePx"":0},{""x"":1609.3,""y"":539.3,""t"":1226,""outside"":false,""outsidePx"":0},{""x"":1620,""y"":534,""t"":1242,""outside"":false,""outsidePx"":0},{""x"":1630,""y"":528.7,""t"":1259,""outside"":false,""outsidePx"":0},{""x"":1644,""y"":521.3,""t"":1275,""outside"":false,""outsidePx"":0},{""x"":1656.7,""y"":516.7,""t"":1292,""outside"":false,""outsidePx"":0},{""x"":1668.7,""y"":511.3,""t"":1309,""outside"":false,""outsidePx"":0},{""x"":1676,""y"":507.3,""t"":1325,""outside"":false,""outsidePx"":0},{""x"":1679.3,""y"":506,""t"":1342,""outside"":false,""outsidePx"":0},{""x"":1680.7,""y"":506,""t"":1359,""outside"":false,""outsidePx"":0},{""x"":1690,""y"":504,""t"":1375,""outside"":true,""outsidePx"":0.4},{""x"":1694.7,""y"":502.7,""t"":1392,""outside"":true,""outsidePx"":1.6},{""x"":1702,""y"":500.7,""t"":1408,""outside"":true,""outsidePx"":3.6},{""x"":1707.3,""y"":497.3,""t"":1425,""outside"":true,""outsidePx"":3.3},{""x"":1712.7,""y"":495.3,""t"":1442,""outside"":true,""outsidePx"":4.3},{""x"":1721.3,""y"":490,""t"":1459,""outside"":true,""outsidePx"":4},{""x"":1732,""y"":484.7,""t"":1475,""outside"":true,""outsidePx"":4.7},{""x"":1736.7,""y"":481.3,""t"":1492,""outside"":true,""outsidePx"":4.1},{""x"":1738.7,""y"":479.3,""t"":1509,""outside"":true,""outsidePx"":3.4}]"
shohei,main,practice,C3,距離大条件,W固定・A長い,35,675,19.286,3,11,71,71,71,2026-09-29T08:06:11.942Z,2026-09-29T08:06:13.466Z,1524,214,1143,929,true,true,none,1684.7,488.7,1,false,0,0,0,false,[],"[{""x"":866,""y"":950,""t"":0,""outside"":false,""outsidePx"":0},{""x"":867.3,""y"":950,""t"":62,""outside"":false,""outsidePx"":0},{""x"":868.7,""y"":948.7,""t"":72,""outside"":false,""outsidePx"":0},{""x"":881.3,""y"":943.3,""t"":89,""outside"":false,""outsidePx"":0},{""x"":896.7,""y"":938,""t"":105,""outside"":false,""outsidePx"":0},{""x"":912.7,""y"":931.3,""t"":123,""outside"":false,""outsidePx"":0},{""x"":924.7,""y"":926,""t"":139,""outside"":false,""outsidePx"":0},{""x"":938.7,""y"":917.3,""t"":155,""outside"":false,""outsidePx"":0},{""x"":952.7,""y"":910,""t"":172,""outside"":false,""outsidePx"":0},{""x"":965.3,""y"":904.7,""t"":189,""outside"":false,""outsidePx"":0},{""x"":980.7,""y"":898,""t"":206,""outside"":false,""outsidePx"":0},{""x"":1000,""y"":889.3,""t"":222,""outside"":false,""outsidePx"":0},{""x"":1012.7,""y"":884,""t"":239,""outside"":false,""outsidePx"":0},{""x"":1024.7,""y"":876.7,""t"":255,""outside"":false,""outsidePx"":0},{""x"":1032,""y"":870,""t"":272,""outside"":false,""outsidePx"":0},{""x"":1038.7,""y"":864.7,""t"":289,""outside"":false,""outsidePx"":0},{""x"":1046,""y"":859.3,""t"":305,""outside"":false,""outsidePx"":0},{""x"":1054.7,""y"":854,""t"":322,""outside"":false,""outsidePx"":0},{""x"":1061.3,""y"":848.7,""t"":339,""outside"":false,""outsidePx"":0},{""x"":1068.7,""y"":843.3,""t"":355,""outside"":false,""outsidePx"":0},{""x"":1077.3,""y"":836.7,""t"":372,""outside"":false,""outsidePx"":0},{""x"":1088,""y"":828,""t"":388,""outside"":false,""outsidePx"":0},{""x"":1100,""y"":822.7,""t"":405,""outside"":false,""outsidePx"":0},{""x"":1110.7,""y"":815.3,""t"":422,""outside"":false,""outsidePx"":0},{""x"":1124.7,""y"":806.7,""t"":439,""outside"":false,""outsidePx"":0},{""x"":1138.7,""y"":800,""t"":455,""outside"":false,""outsidePx"":0},{""x"":1152.7,""y"":791.3,""t"":472,""outside"":false,""outsidePx"":0},{""x"":1170,""y"":784,""t"":489,""outside"":false,""outsidePx"":0},{""x"":1186,""y"":778.7,""t"":505,""outside"":false,""outsidePx"":0},{""x"":1200,""y"":772,""t"":522,""outside"":false,""outsidePx"":0},{""x"":1212,""y"":764.7,""t"":539,""outside"":false,""outsidePx"":0},{""x"":1228,""y"":754.7,""t"":555,""outside"":false,""outsidePx"":0},{""x"":1242,""y"":745.3,""t"":572,""outside"":false,""outsidePx"":0},{""x"":1259.3,""y"":736.7,""t"":589,""outside"":false,""outsidePx"":0},{""x"":1276.7,""y"":728,""t"":605,""outside"":false,""outsidePx"":0},{""x"":1288.7,""y"":719.3,""t"":622,""outside"":false,""outsidePx"":0},{""x"":1298,""y"":712.7,""t"":638,""outside"":false,""outsidePx"":0},{""x"":1304.7,""y"":707.3,""t"":654,""outside"":false,""outsidePx"":0},{""x"":1312,""y"":702,""t"":671,""outside"":false,""outsidePx"":0},{""x"":1318.7,""y"":698.7,""t"":688,""outside"":false,""outsidePx"":0},{""x"":1324,""y"":694.7,""t"":706,""outside"":false,""outsidePx"":0},{""x"":1329.3,""y"":691.3,""t"":722,""outside"":false,""outsidePx"":0},{""x"":1336,""y"":686,""t"":739,""outside"":false,""outsidePx"":0},{""x"":1344.7,""y"":680.7,""t"":755,""outside"":false,""outsidePx"":0},{""x"":1355.3,""y"":674,""t"":772,""outside"":false,""outsidePx"":0},{""x"":1368,""y"":666.7,""t"":788,""outside"":false,""outsidePx"":0},{""x"":1380,""y"":661.3,""t"":805,""outside"":false,""outsidePx"":0},{""x"":1392,""y"":656.7,""t"":821,""outside"":false,""outsidePx"":0},{""x"":1402.7,""y"":651.3,""t"":838,""outside"":false,""outsidePx"":0},{""x"":1410,""y"":644,""t"":855,""outside"":false,""outsidePx"":0},{""x"":1422,""y"":637.3,""t"":871,""outside"":false,""outsidePx"":0},{""x"":1428.7,""y"":633.3,""t"":888,""outside"":false,""outsidePx"":0},{""x"":1439.3,""y"":624.7,""t"":905,""outside"":false,""outsidePx"":0},{""x"":1450,""y"":618,""t"":921,""outside"":false,""outsidePx"":0},{""x"":1460.7,""y"":610.7,""t"":938,""outside"":false,""outsidePx"":0},{""x"":1469.3,""y"":605.3,""t"":956,""outside"":false,""outsidePx"":0},{""x"":1480,""y"":600.7,""t"":971,""outside"":false,""outsidePx"":0},{""x"":1490,""y"":593.3,""t"":989,""outside"":false,""outsidePx"":0},{""x"":1497.3,""y"":590,""t"":1005,""outside"":false,""outsidePx"":0},{""x"":1506,""y"":582.7,""t"":1021,""outside"":false,""outsidePx"":0},{""x"":1516.7,""y"":577.3,""t"":1038,""outside"":false,""outsidePx"":0},{""x"":1525.3,""y"":572.7,""t"":1055,""outside"":false,""outsidePx"":0},{""x"":1536,""y"":567.3,""t"":1072,""outside"":false,""outsidePx"":0},{""x"":1544.7,""y"":563.3,""t"":1088,""outside"":false,""outsidePx"":0},{""x"":1551.3,""y"":558.7,""t"":1105,""outside"":false,""outsidePx"":0},{""x"":1558.7,""y"":553.3,""t"":1121,""outside"":false,""outsidePx"":0},{""x"":1567.3,""y"":548,""t"":1139,""outside"":false,""outsidePx"":0},{""x"":1576,""y"":544.7,""t"":1155,""outside"":false,""outsidePx"":0},{""x"":1586.7,""y"":539.3,""t"":1171,""outside"":false,""outsidePx"":0},{""x"":1592,""y"":537.3,""t"":1189,""outside"":false,""outsidePx"":0},{""x"":1596.7,""y"":534,""t"":1204,""outside"":false,""outsidePx"":0},{""x"":1602,""y"":532,""t"":1221,""outside"":false,""outsidePx"":0},{""x"":1607.3,""y"":528.7,""t"":1238,""outside"":false,""outsidePx"":0},{""x"":1616,""y"":523.3,""t"":1255,""outside"":false,""outsidePx"":0},{""x"":1628.7,""y"":518,""t"":1272,""outside"":false,""outsidePx"":0},{""x"":1638.7,""y"":512.7,""t"":1288,""outside"":false,""outsidePx"":0},{""x"":1649.3,""y"":507.3,""t"":1305,""outside"":false,""outsidePx"":0},{""x"":1656.7,""y"":506,""t"":1322,""outside"":false,""outsidePx"":0},{""x"":1665.3,""y"":502.7,""t"":1338,""outside"":false,""outsidePx"":0},{""x"":1668.7,""y"":500.7,""t"":1355,""outside"":false,""outsidePx"":0},{""x"":1670.7,""y"":497.3,""t"":1372,""outside"":false,""outsidePx"":0},{""x"":1674,""y"":493.3,""t"":1388,""outside"":false,""outsidePx"":0},{""x"":1679.3,""y"":490,""t"":1404,""outside"":false,""outsidePx"":0},{""x"":1682.7,""y"":488.7,""t"":1422,""outside"":false,""outsidePx"":0},{""x"":1684.7,""y"":488.7,""t"":1520,""outside"":false,""outsidePx"":0}]"
shohei,main,practice,C3,距離大条件,W固定・A長い,35,675,19.286,3,12,72,72,72,2026-09-29T08:06:14.311Z,2026-09-29T08:06:15.866Z,1554,290,1200,910,true,true,deviation,1698.7,492,1,true,2,383,5.1,false,"[{""startMs"":617,""startX"":1194.7,""startY"":791.3,""maxOutsidePx"":5.1,""endMs"":950,""endX"":1422,""endY"":658,""durationMs"":333},{""startMs"":967,""startX"":1436,""startY"":651.3,""maxOutsidePx"":1,""endMs"":1017,""endX"":1467.3,""endY"":630,""durationMs"":50}]","[{""x"":850.7,""y"":962,""t"":0,""outside"":false,""outsidePx"":0},{""x"":851.3,""y"":962,""t"":19,""outside"":false,""outsidePx"":0},{""x"":854.7,""y"":959.3,""t"":34,""outside"":false,""outsidePx"":0},{""x"":862,""y"":955.3,""t"":50,""outside"":false,""outsidePx"":0},{""x"":868.7,""y"":952,""t"":67,""outside"":false,""outsidePx"":0},{""x"":876,""y"":948.7,""t"":84,""outside"":false,""outsidePx"":0},{""x"":882.7,""y"":943.3,""t"":100,""outside"":false,""outsidePx"":0},{""x"":895.3,""y"":936.7,""t"":117,""outside"":false,""outsidePx"":0},{""x"":907.3,""y"":929.3,""t"":134,""outside"":false,""outsidePx"":0},{""x"":920,""y"":924,""t"":150,""outside"":false,""outsidePx"":0},{""x"":932,""y"":917.3,""t"":167,""outside"":false,""outsidePx"":0},{""x"":940.7,""y"":912,""t"":183,""outside"":false,""outsidePx"":0},{""x"":948,""y"":906.7,""t"":200,""outside"":false,""outsidePx"":0},{""x"":952.7,""y"":903.3,""t"":217,""outside"":false,""outsidePx"":0},{""x"":958,""y"":901.3,""t"":233,""outside"":false,""outsidePx"":0},{""x"":963.3,""y"":896,""t"":250,""outside"":false,""outsidePx"":0},{""x"":972,""y"":892.7,""t"":267,""outside"":false,""outsidePx"":0},{""x"":982.7,""y"":889.3,""t"":283,""outside"":false,""outsidePx"":0},{""x"":994.7,""y"":885.3,""t"":300,""outside"":false,""outsidePx"":0},{""x"":1005.3,""y"":880.7,""t"":317,""outside"":false,""outsidePx"":0},{""x"":1014,""y"":875.3,""t"":334,""outside"":false,""outsidePx"":0},{""x"":1024.7,""y"":870,""t"":350,""outside"":false,""outsidePx"":0},{""x"":1035.3,""y"":862.7,""t"":367,""outside"":false,""outsidePx"":0},{""x"":1044,""y"":856,""t"":384,""outside"":false,""outsidePx"":0},{""x"":1052.7,""y"":850.7,""t"":400,""outside"":false,""outsidePx"":0},{""x"":1058,""y"":847.3,""t"":417,""outside"":false,""outsidePx"":0},{""x"":1063.3,""y"":843.3,""t"":434,""outside"":false,""outsidePx"":0},{""x"":1068.7,""y"":840,""t"":450,""outside"":false,""outsidePx"":0},{""x"":1074,""y"":836.7,""t"":467,""outside"":false,""outsidePx"":0},{""x"":1082.7,""y"":834.7,""t"":484,""outside"":false,""outsidePx"":0},{""x"":1094.7,""y"":833.3,""t"":500,""outside"":false,""outsidePx"":0},{""x"":1108.7,""y"":829.3,""t"":517,""outside"":false,""outsidePx"":0},{""x"":1120.7,""y"":824.7,""t"":533,""outside"":false,""outsidePx"":0},{""x"":1136.7,""y"":815.3,""t"":550,""outside"":false,""outsidePx"":0},{""x"":1150.7,""y"":808.7,""t"":567,""outside"":false,""outsidePx"":0},{""x"":1164.7,""y"":801.3,""t"":583,""outside"":false,""outsidePx"":0},{""x"":1180.7,""y"":794.7,""t"":600,""outside"":false,""outsidePx"":0},{""x"":1194.7,""y"":791.3,""t"":617,""outside"":true,""outsidePx"":1.6},{""x"":1206.7,""y"":786,""t"":633,""outside"":true,""outsidePx"":3},{""x"":1217.3,""y"":780.7,""t"":650,""outside"":true,""outsidePx"":3.7},{""x"":1228,""y"":773.3,""t"":667,""outside"":true,""outsidePx"":2.7},{""x"":1238,""y"":764.7,""t"":684,""outside"":true,""outsidePx"":0.2},{""x"":1254,""y"":758,""t"":700,""outside"":true,""outsidePx"":2.4},{""x"":1264.7,""y"":752.7,""t"":717,""outside"":true,""outsidePx"":3.1},{""x"":1273.3,""y"":747.3,""t"":734,""outside"":true,""outsidePx"":2.8},{""x"":1284,""y"":742,""t"":750,""outside"":true,""outsidePx"":3.6},{""x"":1296,""y"":733.3,""t"":767,""outside"":true,""outsidePx"":2},{""x"":1312,""y"":726.7,""t"":784,""outside"":true,""outsidePx"":4.3},{""x"":1326,""y"":719.3,""t"":800,""outside"":true,""outsidePx"":4.9},{""x"":1340,""y"":710.7,""t"":817,""outside"":true,""outsidePx"":4.4},{""x"":1354,""y"":703.3,""t"":834,""outside"":true,""outsidePx"":5.1},{""x"":1364,""y"":694.7,""t"":850,""outside"":true,""outsidePx"":2.6},{""x"":1378,""y"":688,""t"":867,""outside"":true,""outsidePx"":3.8},{""x"":1386.7,""y"":680.7,""t"":884,""outside"":true,""outsidePx"":1.8},{""x"":1397.3,""y"":675.3,""t"":900,""outside"":true,""outsidePx"":2.5},{""x"":1404.7,""y"":668.7,""t"":917,""outside"":true,""outsidePx"":0.4},{""x"":1413.3,""y"":663.3,""t"":933,""outside"":true,""outsidePx"":0.1},{""x"":1422,""y"":658,""t"":950,""outside"":false,""outsidePx"":0},{""x"":1436,""y"":651.3,""t"":967,""outside"":true,""outsidePx"":1},{""x"":1448,""y"":644,""t"":983,""outside"":true,""outsidePx"":0.7},{""x"":1458.7,""y"":637.3,""t"":1000,""outside"":true,""outsidePx"":0.2},{""x"":1467.3,""y"":630,""t"":1017,""outside"":false,""outsidePx"":0},{""x"":1476,""y"":624.7,""t"":1034,""outside"":false,""outsidePx"":0},{""x"":1484.7,""y"":618,""t"":1050,""outside"":false,""outsidePx"":0},{""x"":1494,""y"":610.7,""t"":1067,""outside"":false,""outsidePx"":0},{""x"":1502.7,""y"":604,""t"":1084,""outside"":false,""outsidePx"":0},{""x"":1512.7,""y"":595.3,""t"":1100,""outside"":false,""outsidePx"":0},{""x"":1523.3,""y"":588,""t"":1117,""outside"":false,""outsidePx"":0},{""x"":1536,""y"":579.3,""t"":1134,""outside"":false,""outsidePx"":0},{""x"":1546,""y"":570.7,""t"":1150,""outside"":false,""outsidePx"":0},{""x"":1556.7,""y"":565.3,""t"":1167,""outside"":false,""outsidePx"":0},{""x"":1567.3,""y"":560,""t"":1183,""outside"":false,""outsidePx"":0},{""x"":1574,""y"":554.7,""t"":1200,""outside"":false,""outsidePx"":0},{""x"":1581.3,""y"":551.3,""t"":1217,""outside"":false,""outsidePx"":0},{""x"":1588,""y"":548,""t"":1233,""outside"":false,""outsidePx"":0},{""x"":1595.3,""y"":544.7,""t"":1250,""outside"":false,""outsidePx"":0},{""x"":1604,""y"":539.3,""t"":1267,""outside"":false,""outsidePx"":0},{""x"":1614.7,""y"":534,""t"":1283,""outside"":false,""outsidePx"":0},{""x"":1624.7,""y"":530.7,""t"":1300,""outside"":false,""outsidePx"":0},{""x"":1632,""y"":526.7,""t"":1316,""outside"":false,""outsidePx"":0},{""x"":1638.7,""y"":525.3,""t"":1333,""outside"":false,""outsidePx"":0},{""x"":1646,""y"":520,""t"":1350,""outside"":false,""outsidePx"":0},{""x"":1652.7,""y"":516.7,""t"":1367,""outside"":false,""outsidePx"":0},{""x"":1662,""y"":511.3,""t"":1383,""outside"":false,""outsidePx"":0},{""x"":1670.7,""y"":507.3,""t"":1400,""outside"":false,""outsidePx"":0},{""x"":1677.3,""y"":504,""t"":1417,""outside"":false,""outsidePx"":0},{""x"":1684.7,""y"":500.7,""t"":1434,""outside"":false,""outsidePx"":0},{""x"":1690,""y"":498.7,""t"":1450,""outside"":false,""outsidePx"":0},{""x"":1691.3,""y"":497.3,""t"":1467,""outside"":false,""outsidePx"":0},{""x"":1693.3,""y"":495.3,""t"":1484,""outside"":false,""outsidePx"":0},{""x"":1694.7,""y"":493.3,""t"":1500,""outside"":false,""outsidePx"":0},{""x"":1696.7,""y"":493.3,""t"":1551,""outside"":false,""outsidePx"":0},{""x"":1698.7,""y"":492,""t"":1554,""outside"":false,""outsidePx"":0}]"
shohei,main,practice,C3,距離大条件,W固定・A長い,35,675,19.286,3,13,73,73,73,2026-09-29T08:06:17.922Z,2026-09-29T08:06:19.815Z,1894,180,1472,1292,true,true,deviation,1714,479.3,1,true,4,383,3,false,"[{""startMs"":140,""startX"":960,""startY"":927.3,""maxOutsidePx"":2.1,""endMs"":173,""endX"":990,""endY"":901.3,""durationMs"":33},{""startMs"":457,""startX"":1128,""startY"":787.3,""maxOutsidePx"":0.9,""endMs"":556,""endX"":1158,""endY"":772,""durationMs"":99},{""startMs"":706,""startX"":1248.7,""startY"":717.3,""maxOutsidePx"":0.7,""endMs"":740,""endX"":1259.3,""endY"":712.7,""durationMs"":34},{""startMs"":756,""startX"":1264.7,""startY"":707.3,""maxOutsidePx"":3,""endMs"":973,""endX"":1327.3,""endY"":674,""durationMs"":217}]","[{""x"":842.7,""y"":974.7,""t"":0,""outside"":false,""outsidePx"":0},{""x"":844.7,""y"":974.7,""t"":12,""outside"":false,""outsidePx"":0},{""x"":844.7,""y"":973.3,""t"":23,""outside"":false,""outsidePx"":0},{""x"":846,""y"":973.3,""t"":40,""outside"":false,""outsidePx"":0},{""x"":853.3,""y"":969.3,""t"":57,""outside"":false,""outsidePx"":0},{""x"":867.3,""y"":964.7,""t"":73,""outside"":false,""outsidePx"":0},{""x"":882.7,""y"":957.3,""t"":90,""outside"":false,""outsidePx"":0},{""x"":906,""y"":948.7,""t"":106,""outside"":false,""outsidePx"":0},{""x"":935.3,""y"":938,""t"":123,""outside"":false,""outsidePx"":0},{""x"":960,""y"":927.3,""t"":140,""outside"":true,""outsidePx"":2.1},{""x"":977.3,""y"":915.3,""t"":156,""outside"":true,""outsidePx"":0.3},{""x"":990,""y"":901.3,""t"":173,""outside"":false,""outsidePx"":0},{""x"":996.7,""y"":892.7,""t"":190,""outside"":false,""outsidePx"":0},{""x"":1004,""y"":885.3,""t"":206,""outside"":false,""outsidePx"":0},{""x"":1012.7,""y"":880.7,""t"":223,""outside"":false,""outsidePx"":0},{""x"":1019.3,""y"":875.3,""t"":240,""outside"":false,""outsidePx"":0},{""x"":1028,""y"":870,""t"":257,""outside"":false,""outsidePx"":0},{""x"":1036.7,""y"":862.7,""t"":273,""outside"":false,""outsidePx"":0},{""x"":1044,""y"":857.3,""t"":290,""outside"":false,""outsidePx"":0},{""x"":1054.7,""y"":848.7,""t"":306,""outside"":false,""outsidePx"":0},{""x"":1063.3,""y"":840,""t"":323,""outside"":false,""outsidePx"":0},{""x"":1074,""y"":831.3,""t"":340,""outside"":false,""outsidePx"":0},{""x"":1084,""y"":822.7,""t"":356,""outside"":false,""outsidePx"":0},{""x"":1094.7,""y"":814,""t"":373,""outside"":false,""outsidePx"":0},{""x"":1105.3,""y"":806.7,""t"":390,""outside"":false,""outsidePx"":0},{""x"":1112,""y"":800,""t"":406,""outside"":false,""outsidePx"":0},{""x"":1119.3,""y"":794.7,""t"":423,""outside"":false,""outsidePx"":0},{""x"":1124.7,""y"":791.3,""t"":440,""outside"":false,""outsidePx"":0},{""x"":1128,""y"":787.3,""t"":457,""outside"":true,""outsidePx"":0.2},{""x"":1133.3,""y"":784,""t"":473,""outside"":true,""outsidePx"":0.4},{""x"":1134.7,""y"":782.7,""t"":490,""outside"":true,""outsidePx"":0.9},{""x"":1138.7,""y"":780.7,""t"":506,""outside"":true,""outsidePx"":0.6},{""x"":1142,""y"":778.7,""t"":523,""outside"":true,""outsidePx"":0.7},{""x"":1148.7,""y"":775.3,""t"":540,""outside"":true,""outsidePx"":0.2},{""x"":1158,""y"":772,""t"":556,""outside"":false,""outsidePx"":0},{""x"":1166.7,""y"":768.7,""t"":573,""outside"":false,""outsidePx"":0},{""x"":1176.7,""y"":763.3,""t"":590,""outside"":false,""outsidePx"":0},{""x"":1189.3,""y"":754.7,""t"":606,""outside"":false,""outsidePx"":0},{""x"":1201.3,""y"":745.3,""t"":623,""outside"":false,""outsidePx"":0},{""x"":1212,""y"":740.7,""t"":640,""outside"":false,""outsidePx"":0},{""x"":1224,""y"":733.3,""t"":656,""outside"":false,""outsidePx"":0},{""x"":1234.7,""y"":726.7,""t"":673,""outside"":false,""outsidePx"":0},{""x"":1242,""y"":722.7,""t"":690,""outside"":false,""outsidePx"":0},{""x"":1248.7,""y"":717.3,""t"":706,""outside"":true,""outsidePx"":0.5},{""x"":1254,""y"":714,""t"":723,""outside"":true,""outsidePx"":0.7},{""x"":1259.3,""y"":712.7,""t"":740,""outside"":false,""outsidePx"":0},{""x"":1264.7,""y"":707.3,""t"":756,""outside"":true,""outsidePx"":1.1},{""x"":1271.3,""y"":703.3,""t"":773,""outside"":true,""outsidePx"":1.3},{""x"":1280,""y"":698.7,""t"":789,""outside"":true,""outsidePx"":1},{""x"":1288.7,""y"":691.3,""t"":806,""outside"":true,""outsidePx"":3},{""x"":1294,""y"":689.3,""t"":823,""outside"":true,""outsidePx"":2.1},{""x"":1298,""y"":688,""t"":840,""outside"":true,""outsidePx"":1.2},{""x"":1299.3,""y"":686,""t"":856,""outside"":true,""outsidePx"":2.3},{""x"":1301.3,""y"":684.7,""t"":873,""outside"":true,""outsidePx"":2.4},{""x"":1304.7,""y"":682.7,""t"":889,""outside"":true,""outsidePx"":2.5},{""x"":1308,""y"":680.7,""t"":906,""outside"":true,""outsidePx"":2.6},{""x"":1312,""y"":679.3,""t"":923,""outside"":true,""outsidePx"":1.7},{""x"":1315.3,""y"":677.3,""t"":940,""outside"":true,""outsidePx"":1.8},{""x"":1320.7,""y"":675.3,""t"":956,""outside"":true,""outsidePx"":0.8},{""x"":1327.3,""y"":674,""t"":973,""outside"":false,""outsidePx"":0},{""x"":1336,""y"":668.7,""t"":990,""outside"":false,""outsidePx"":0},{""x"":1344.7,""y"":663.3,""t"":1006,""outside"":false,""outsidePx"":0},{""x"":1355.3,""y"":658,""t"":1023,""outside"":false,""outsidePx"":0},{""x"":1364,""y"":654.7,""t"":1039,""outside"":false,""outsidePx"":0},{""x"":1374.7,""y"":649.3,""t"":1056,""outside"":false,""outsidePx"":0},{""x"":1382,""y"":646,""t"":1073,""outside"":false,""outsidePx"":0},{""x"":1390.7,""y"":640.7,""t"":1090,""outside"":false,""outsidePx"":0},{""x"":1400.7,""y"":635.3,""t"":1106,""outside"":false,""outsidePx"":0},{""x"":1408,""y"":632,""t"":1123,""outside"":false,""outsidePx"":0},{""x"":1416.7,""y"":628.7,""t"":1139,""outside"":false,""outsidePx"":0},{""x"":1424,""y"":623.3,""t"":1156,""outside"":false,""outsidePx"":0},{""x"":1430.7,""y"":619.3,""t"":1173,""outside"":false,""outsidePx"":0},{""x"":1436,""y"":616,""t"":1190,""outside"":false,""outsidePx"":0},{""x"":1444.7,""y"":612.7,""t"":1206,""outside"":false,""outsidePx"":0},{""x"":1453.3,""y"":607.3,""t"":1223,""outside"":false,""outsidePx"":0},{""x"":1466,""y"":602,""t"":1240,""outside"":false,""outsidePx"":0},{""x"":1478,""y"":598.7,""t"":1256,""outside"":false,""outsidePx"":0},{""x"":1488.7,""y"":595.3,""t"":1273,""outside"":false,""outsidePx"":0},{""x"":1498.7,""y"":591.3,""t"":1290,""outside"":false,""outsidePx"":0},{""x"":1508,""y"":588,""t"":1306,""outside"":false,""outsidePx"":0},{""x"":1514.7,""y"":582.7,""t"":1323,""outside"":false,""outsidePx"":0},{""x"":1526.7,""y"":579.3,""t"":1339,""outside"":false,""outsidePx"":0},{""x"":1536,""y"":576,""t"":1356,""outside"":false,""outsidePx"":0},{""x"":1540.7,""y"":574,""t"":1373,""outside"":false,""outsidePx"":0},{""x"":1544.7,""y"":572.7,""t"":1390,""outside"":false,""outsidePx"":0},{""x"":1548,""y"":568.7,""t"":1406,""outside"":false,""outsidePx"":0},{""x"":1554.7,""y"":565.3,""t"":1423,""outside"":false,""outsidePx"":0},{""x"":1562,""y"":562,""t"":1440,""outside"":false,""outsidePx"":0},{""x"":1568.7,""y"":560,""t"":1456,""outside"":false,""outsidePx"":0},{""x"":1576,""y"":556.7,""t"":1473,""outside"":false,""outsidePx"":0},{""x"":1581.3,""y"":553.3,""t"":1489,""outside"":false,""outsidePx"":0},{""x"":1586.7,""y"":549.3,""t"":1506,""outside"":false,""outsidePx"":0},{""x"":1592,""y"":546,""t"":1523,""outside"":false,""outsidePx"":0},{""x"":1598.7,""y"":540.7,""t"":1539,""outside"":false,""outsidePx"":0},{""x"":1607.3,""y"":535.3,""t"":1556,""outside"":false,""outsidePx"":0},{""x"":1618,""y"":528.7,""t"":1573,""outside"":false,""outsidePx"":0},{""x"":1626.7,""y"":523.3,""t"":1590,""outside"":false,""outsidePx"":0},{""x"":1637.3,""y"":516.7,""t"":1606,""outside"":false,""outsidePx"":0},{""x"":1644,""y"":512.7,""t"":1623,""outside"":false,""outsidePx"":0},{""x"":1648,""y"":511.3,""t"":1640,""outside"":false,""outsidePx"":0},{""x"":1651.3,""y"":507.3,""t"":1656,""outside"":false,""outsidePx"":0},{""x"":1656.7,""y"":506,""t"":1673,""outside"":false,""outsidePx"":0},{""x"":1662,""y"":500.7,""t"":1690,""outside"":false,""outsidePx"":0},{""x"":1674,""y"":493.3,""t"":1706,""outside"":false,""outsidePx"":0},{""x"":1684.7,""y"":488.7,""t"":1723,""outside"":false,""outsidePx"":0},{""x"":1691.3,""y"":486.7,""t"":1740,""outside"":false,""outsidePx"":0},{""x"":1698.7,""y"":484.7,""t"":1756,""outside"":false,""outsidePx"":0},{""x"":1705.3,""y"":484.7,""t"":1773,""outside"":false,""outsidePx"":0},{""x"":1710.7,""y"":481.3,""t"":1789,""outside"":false,""outsidePx"":0},{""x"":1714,""y"":479.3,""t"":1806,""outside"":false,""outsidePx"":0}]"
shohei,main,practice,C3,距離大条件,W固定・A長い,35,675,19.286,3,14,74,74,74,2026-09-29T08:06:20.679Z,2026-09-29T08:06:22.806Z,2127,379,1738,1359,true,true,deviation,1712.7,486,1,true,1,384,9.2,false,"[{""startMs"":1115,""startX"":1250.7,""startY"":716,""maxOutsidePx"":9.2,""endMs"":1499,""endX"":1420,""endY"":621.3,""durationMs"":384}]","[{""x"":868,""y"":950,""t"":0,""outside"":false,""outsidePx"":0},{""x"":868,""y"":948.7,""t"":89,""outside"":false,""outsidePx"":0},{""x"":870.7,""y"":948.7,""t"":99,""outside"":false,""outsidePx"":0},{""x"":878,""y"":943.3,""t"":116,""outside"":false,""outsidePx"":0},{""x"":888,""y"":940,""t"":133,""outside"":false,""outsidePx"":0},{""x"":898.7,""y"":934.7,""t"":149,""outside"":false,""outsidePx"":0},{""x"":910.7,""y"":929.3,""t"":165,""outside"":false,""outsidePx"":0},{""x"":920,""y"":926,""t"":182,""outside"":false,""outsidePx"":0},{""x"":924.7,""y"":922.7,""t"":199,""outside"":false,""outsidePx"":0},{""x"":930,""y"":920.7,""t"":215,""outside"":false,""outsidePx"":0},{""x"":935.3,""y"":917.3,""t"":232,""outside"":false,""outsidePx"":0},{""x"":940.7,""y"":915.3,""t"":249,""outside"":false,""outsidePx"":0},{""x"":951.3,""y"":912,""t"":265,""outside"":false,""outsidePx"":0},{""x"":958,""y"":908.7,""t"":282,""outside"":false,""outsidePx"":0},{""x"":963.3,""y"":906.7,""t"":299,""outside"":false,""outsidePx"":0},{""x"":968.7,""y"":903.3,""t"":315,""outside"":false,""outsidePx"":0},{""x"":974,""y"":899.3,""t"":332,""outside"":false,""outsidePx"":0},{""x"":980.7,""y"":896,""t"":348,""outside"":false,""outsidePx"":0},{""x"":986,""y"":894.7,""t"":366,""outside"":false,""outsidePx"":0},{""x"":991.3,""y"":892.7,""t"":382,""outside"":false,""outsidePx"":0},{""x"":998.7,""y"":889.3,""t"":399,""outside"":false,""outsidePx"":0},{""x"":1007.3,""y"":885.3,""t"":416,""outside"":false,""outsidePx"":0},{""x"":1016,""y"":878.7,""t"":432,""outside"":false,""outsidePx"":0},{""x"":1022.7,""y"":870,""t"":449,""outside"":false,""outsidePx"":0},{""x"":1030,""y"":864.7,""t"":465,""outside"":false,""outsidePx"":0},{""x"":1033.3,""y"":861.3,""t"":482,""outside"":false,""outsidePx"":0},{""x"":1035.3,""y"":859.3,""t"":499,""outside"":false,""outsidePx"":0},{""x"":1035.3,""y"":857.3,""t"":516,""outside"":false,""outsidePx"":0},{""x"":1036.7,""y"":857.3,""t"":532,""outside"":false,""outsidePx"":0},{""x"":1038.7,""y"":856,""t"":548,""outside"":false,""outsidePx"":0},{""x"":1042,""y"":854,""t"":565,""outside"":false,""outsidePx"":0},{""x"":1046,""y"":850.7,""t"":582,""outside"":false,""outsidePx"":0},{""x"":1049.3,""y"":848.7,""t"":599,""outside"":false,""outsidePx"":0},{""x"":1054.7,""y"":845.3,""t"":615,""outside"":false,""outsidePx"":0},{""x"":1060,""y"":843.3,""t"":632,""outside"":false,""outsidePx"":0},{""x"":1064.7,""y"":842,""t"":648,""outside"":false,""outsidePx"":0},{""x"":1066.7,""y"":840,""t"":665,""outside"":false,""outsidePx"":0},{""x"":1070,""y"":838.7,""t"":682,""outside"":false,""outsidePx"":0},{""x"":1074,""y"":834.7,""t"":699,""outside"":false,""outsidePx"":0},{""x"":1080.7,""y"":829.3,""t"":715,""outside"":false,""outsidePx"":0},{""x"":1088,""y"":826,""t"":732,""outside"":false,""outsidePx"":0},{""x"":1094.7,""y"":820.7,""t"":748,""outside"":false,""outsidePx"":0},{""x"":1100,""y"":815.3,""t"":765,""outside"":false,""outsidePx"":0},{""x"":1105.3,""y"":810.7,""t"":782,""outside"":false,""outsidePx"":0},{""x"":1112,""y"":805.3,""t"":798,""outside"":false,""outsidePx"":0},{""x"":1117.3,""y"":801.3,""t"":815,""outside"":false,""outsidePx"":0},{""x"":1126,""y"":794.7,""t"":831,""outside"":false,""outsidePx"":0},{""x"":1134.7,""y"":791.3,""t"":849,""outside"":false,""outsidePx"":0},{""x"":1142,""y"":786,""t"":865,""outside"":false,""outsidePx"":0},{""x"":1147.3,""y"":782.7,""t"":882,""outside"":false,""outsidePx"":0},{""x"":1152.7,""y"":778.7,""t"":898,""outside"":false,""outsidePx"":0},{""x"":1158,""y"":775.3,""t"":915,""outside"":false,""outsidePx"":0},{""x"":1162.7,""y"":772,""t"":932,""outside"":false,""outsidePx"":0},{""x"":1168,""y"":768.7,""t"":948,""outside"":false,""outsidePx"":0},{""x"":1175.3,""y"":764.7,""t"":965,""outside"":false,""outsidePx"":0},{""x"":1180.7,""y"":761.3,""t"":982,""outside"":false,""outsidePx"":0},{""x"":1184,""y"":759.3,""t"":998,""outside"":false,""outsidePx"":0},{""x"":1187.3,""y"":758,""t"":1015,""outside"":false,""outsidePx"":0},{""x"":1194.7,""y"":754.7,""t"":1032,""outside"":false,""outsidePx"":0},{""x"":1203.3,""y"":749.3,""t"":1048,""outside"":false,""outsidePx"":0},{""x"":1214,""y"":742,""t"":1065,""outside"":false,""outsidePx"":0},{""x"":1226,""y"":733.3,""t"":1081,""outside"":false,""outsidePx"":0},{""x"":1238,""y"":724.7,""t"":1098,""outside"":false,""outsidePx"":0},{""x"":1250.7,""y"":716,""t"":1115,""outside"":true,""outsidePx"":0.6},{""x"":1264.7,""y"":707.3,""t"":1131,""outside"":true,""outsidePx"":1.1},{""x"":1276.7,""y"":700,""t"":1148,""outside"":true,""outsidePx"":1.5},{""x"":1287.3,""y"":694.7,""t"":1165,""outside"":true,""outsidePx"":0.8},{""x"":1296,""y"":688,""t"":1181,""outside"":true,""outsidePx"":2.2},{""x"":1304.7,""y"":682.7,""t"":1198,""outside"":true,""outsidePx"":2.5},{""x"":1313.3,""y"":675.3,""t"":1215,""outside"":true,""outsidePx"":4.5},{""x"":1322,""y"":666.7,""t"":1231,""outside"":true,""outsidePx"":7.7},{""x"":1330.7,""y"":661.3,""t"":1248,""outside"":true,""outsidePx"":8},{""x"":1340,""y"":656.7,""t"":1265,""outside"":true,""outsidePx"":7.3},{""x"":1346.7,""y"":652.7,""t"":1281,""outside"":true,""outsidePx"":7.5},{""x"":1352,""y"":649.3,""t"":1298,""outside"":true,""outsidePx"":7.7},{""x"":1358.7,""y"":646,""t"":1315,""outside"":true,""outsidePx"":7.3},{""x"":1364,""y"":640.7,""t"":1331,""outside"":true,""outsidePx"":9.2},{""x"":1371.3,""y"":637.3,""t"":1348,""outside"":true,""outsidePx"":8.4},{""x"":1376.7,""y"":635.3,""t"":1365,""outside"":true,""outsidePx"":7.5},{""x"":1378,""y"":633.3,""t"":1382,""outside"":true,""outsidePx"":8.6},{""x"":1382,""y"":632,""t"":1398,""outside"":true,""outsidePx"":7.7},{""x"":1383.3,""y"":632,""t"":1415,""outside"":true,""outsidePx"":7},{""x"":1385.3,""y"":630,""t"":1432,""outside"":true,""outsidePx"":7.8},{""x"":1388.7,""y"":628.7,""t"":1448,""outside"":true,""outsidePx"":7.3},{""x"":1396,""y"":626.7,""t"":1465,""outside"":true,""outsidePx"":5.3},{""x"":1406,""y"":623.3,""t"":1481,""outside"":true,""outsidePx"":3.2},{""x"":1420,""y"":621.3,""t"":1499,""outside"":false,""outsidePx"":0},{""x"":1434,""y"":619.3,""t"":1515,""outside"":false,""outsidePx"":0},{""x"":1448,""y"":616,""t"":1531,""outside"":false,""outsidePx"":0},{""x"":1458.7,""y"":610.7,""t"":1548,""outside"":false,""outsidePx"":0},{""x"":1470.7,""y"":605.3,""t"":1565,""outside"":false,""outsidePx"":0},{""x"":1484.7,""y"":598.7,""t"":1581,""outside"":false,""outsidePx"":0},{""x"":1497.3,""y"":595.3,""t"":1598,""outside"":false,""outsidePx"":0},{""x"":1509.3,""y"":591.3,""t"":1615,""outside"":false,""outsidePx"":0},{""x"":1522,""y"":588,""t"":1631,""outside"":false,""outsidePx"":0},{""x"":1532,""y"":582.7,""t"":1648,""outside"":false,""outsidePx"":0},{""x"":1542.7,""y"":577.3,""t"":1665,""outside"":false,""outsidePx"":0},{""x"":1553.3,""y"":572.7,""t"":1681,""outside"":false,""outsidePx"":0},{""x"":1562,""y"":567.3,""t"":1698,""outside"":false,""outsidePx"":0},{""x"":1570.7,""y"":563.3,""t"":1715,""outside"":false,""outsidePx"":0},{""x"":1576,""y"":562,""t"":1731,""outside"":false,""outsidePx"":0},{""x"":1581.3,""y"":560,""t"":1748,""outside"":false,""outsidePx"":0},{""x"":1586.7,""y"":556.7,""t"":1765,""outside"":false,""outsidePx"":0},{""x"":1592,""y"":553.3,""t"":1781,""outside"":false,""outsidePx"":0},{""x"":1598.7,""y"":549.3,""t"":1798,""outside"":false,""outsidePx"":0},{""x"":1604,""y"":548,""t"":1815,""outside"":false,""outsidePx"":0},{""x"":1610.7,""y"":544.7,""t"":1831,""outside"":false,""outsidePx"":0},{""x"":1616,""y"":542.7,""t"":1848,""outside"":false,""outsidePx"":0},{""x"":1623.3,""y"":537.3,""t"":1865,""outside"":false,""outsidePx"":0},{""x"":1635.3,""y"":532,""t"":1881,""outside"":false,""outsidePx"":0},{""x"":1648,""y"":523.3,""t"":1898,""outside"":false,""outsidePx"":0},{""x"":1660,""y"":516.7,""t"":1915,""outside"":false,""outsidePx"":0},{""x"":1670.7,""y"":509.3,""t"":1931,""outside"":false,""outsidePx"":0},{""x"":1677.3,""y"":506,""t"":1948,""outside"":false,""outsidePx"":0},{""x"":1686,""y"":500.7,""t"":1965,""outside"":false,""outsidePx"":0},{""x"":1694.7,""y"":495.3,""t"":1981,""outside"":false,""outsidePx"":0},{""x"":1700,""y"":492,""t"":1998,""outside"":false,""outsidePx"":0},{""x"":1704,""y"":490,""t"":2015,""outside"":false,""outsidePx"":0},{""x"":1705.3,""y"":488.7,""t"":2031,""outside"":false,""outsidePx"":0},{""x"":1708.7,""y"":486.7,""t"":2048,""outside"":false,""outsidePx"":0},{""x"":1710.7,""y"":484.7,""t"":2065,""outside"":false,""outsidePx"":0},{""x"":1712.7,""y"":484.7,""t"":2081,""outside"":false,""outsidePx"":0},{""x"":1712.7,""y"":486,""t"":2127,""outside"":false,""outsidePx"":0}]"
shohei,main,practice,C3,距離大条件,W固定・A長い,35,675,19.286,3,15,75,75,75,2026-09-29T08:06:23.654Z,2026-09-29T08:06:26.429Z,2776,532,2437,1905,true,true,none,1696.7,484.7,1,false,0,0,0,false,[],"[{""x"":857.3,""y"":957.3,""t"":0,""outside"":false,""outsidePx"":0},{""x"":858.7,""y"":957.3,""t"":6,""outside"":false,""outsidePx"":0},{""x"":862,""y"":955.3,""t"":23,""outside"":false,""outsidePx"":0},{""x"":867.3,""y"":952,""t"":40,""outside"":false,""outsidePx"":0},{""x"":876,""y"":948.7,""t"":57,""outside"":false,""outsidePx"":0},{""x"":882.7,""y"":945.3,""t"":73,""outside"":false,""outsidePx"":0},{""x"":890,""y"":941.3,""t"":90,""outside"":false,""outsidePx"":0},{""x"":893.3,""y"":938,""t"":106,""outside"":false,""outsidePx"":0},{""x"":896.7,""y"":936.7,""t"":123,""outside"":false,""outsidePx"":0},{""x"":898.7,""y"":934.7,""t"":140,""outside"":false,""outsidePx"":0},{""x"":902,""y"":931.3,""t"":156,""outside"":false,""outsidePx"":0},{""x"":907.3,""y"":927.3,""t"":173,""outside"":false,""outsidePx"":0},{""x"":914.7,""y"":924,""t"":190,""outside"":false,""outsidePx"":0},{""x"":918,""y"":920.7,""t"":206,""outside"":false,""outsidePx"":0},{""x"":921.3,""y"":918.7,""t"":223,""outside"":false,""outsidePx"":0},{""x"":924.7,""y"":917.3,""t"":240,""outside"":false,""outsidePx"":0},{""x"":932,""y"":913.3,""t"":256,""outside"":false,""outsidePx"":0},{""x"":938.7,""y"":910,""t"":273,""outside"":false,""outsidePx"":0},{""x"":944,""y"":906.7,""t"":290,""outside"":false,""outsidePx"":0},{""x"":948,""y"":903.3,""t"":306,""outside"":false,""outsidePx"":0},{""x"":951.3,""y"":901.3,""t"":323,""outside"":false,""outsidePx"":0},{""x"":952.7,""y"":899.3,""t"":340,""outside"":false,""outsidePx"":0},{""x"":956.7,""y"":898,""t"":356,""outside"":false,""outsidePx"":0},{""x"":958,""y"":898,""t"":373,""outside"":false,""outsidePx"":0},{""x"":960,""y"":898,""t"":403,""outside"":false,""outsidePx"":0},{""x"":960,""y"":896,""t"":413,""outside"":false,""outsidePx"":0},{""x"":962,""y"":896,""t"":424,""outside"":false,""outsidePx"":0},{""x"":965.3,""y"":894.7,""t"":440,""outside"":false,""outsidePx"":0},{""x"":970.7,""y"":894.7,""t"":457,""outside"":false,""outsidePx"":0},{""x"":976,""y"":892.7,""t"":473,""outside"":false,""outsidePx"":0},{""x"":977.3,""y"":890.7,""t"":490,""outside"":false,""outsidePx"":0},{""x"":979.3,""y"":889.3,""t"":507,""outside"":false,""outsidePx"":0},{""x"":982.7,""y"":887.3,""t"":523,""outside"":false,""outsidePx"":0},{""x"":990,""y"":885.3,""t"":540,""outside"":false,""outsidePx"":0},{""x"":996.7,""y"":884,""t"":557,""outside"":false,""outsidePx"":0},{""x"":1004,""y"":882,""t"":573,""outside"":false,""outsidePx"":0},{""x"":1007.3,""y"":880.7,""t"":590,""outside"":false,""outsidePx"":0},{""x"":1010.7,""y"":878.7,""t"":607,""outside"":false,""outsidePx"":0},{""x"":1012.7,""y"":878.7,""t"":623,""outside"":false,""outsidePx"":0},{""x"":1014,""y"":878.7,""t"":673,""outside"":false,""outsidePx"":0},{""x"":1016,""y"":876.7,""t"":689,""outside"":false,""outsidePx"":0},{""x"":1019.3,""y"":875.3,""t"":706,""outside"":false,""outsidePx"":0},{""x"":1024.7,""y"":873.3,""t"":723,""outside"":false,""outsidePx"":0},{""x"":1032,""y"":870,""t"":740,""outside"":false,""outsidePx"":0},{""x"":1038.7,""y"":864.7,""t"":756,""outside"":false,""outsidePx"":0},{""x"":1044,""y"":859.3,""t"":773,""outside"":false,""outsidePx"":0},{""x"":1049.3,""y"":856,""t"":790,""outside"":false,""outsidePx"":0},{""x"":1058,""y"":850.7,""t"":806,""outside"":false,""outsidePx"":0},{""x"":1064.7,""y"":847.3,""t"":823,""outside"":false,""outsidePx"":0},{""x"":1074,""y"":843.3,""t"":839,""outside"":false,""outsidePx"":0},{""x"":1078.7,""y"":838.7,""t"":856,""outside"":false,""outsidePx"":0},{""x"":1082.7,""y"":834.7,""t"":873,""outside"":false,""outsidePx"":0},{""x"":1086,""y"":831.3,""t"":889,""outside"":false,""outsidePx"":0},{""x"":1091.3,""y"":828,""t"":906,""outside"":false,""outsidePx"":0},{""x"":1096.7,""y"":824.7,""t"":923,""outside"":false,""outsidePx"":0},{""x"":1102,""y"":820.7,""t"":940,""outside"":false,""outsidePx"":0},{""x"":1106.7,""y"":817.3,""t"":956,""outside"":false,""outsidePx"":0},{""x"":1110.7,""y"":814,""t"":973,""outside"":false,""outsidePx"":0},{""x"":1116,""y"":812,""t"":989,""outside"":false,""outsidePx"":0},{""x"":1120.7,""y"":808.7,""t"":1006,""outside"":false,""outsidePx"":0},{""x"":1128,""y"":805.3,""t"":1023,""outside"":false,""outsidePx"":0},{""x"":1131.3,""y"":803.3,""t"":1039,""outside"":false,""outsidePx"":0},{""x"":1134.7,""y"":800,""t"":1056,""outside"":false,""outsidePx"":0},{""x"":1138.7,""y"":796.7,""t"":1073,""outside"":false,""outsidePx"":0},{""x"":1142,""y"":794.7,""t"":1089,""outside"":false,""outsidePx"":0},{""x"":1144,""y"":794.7,""t"":1140,""outside"":false,""outsidePx"":0},{""x"":1145.3,""y"":792.7,""t"":1156,""outside"":false,""outsidePx"":0},{""x"":1147.3,""y"":792.7,""t"":1173,""outside"":false,""outsidePx"":0},{""x"":1148.7,""y"":791.3,""t"":1189,""outside"":false,""outsidePx"":0},{""x"":1152.7,""y"":789.3,""t"":1206,""outside"":false,""outsidePx"":0},{""x"":1158,""y"":786,""t"":1223,""outside"":false,""outsidePx"":0},{""x"":1159.3,""y"":786,""t"":1239,""outside"":false,""outsidePx"":0},{""x"":1162.7,""y"":786,""t"":1256,""outside"":false,""outsidePx"":0},{""x"":1164.7,""y"":786,""t"":1273,""outside"":false,""outsidePx"":0},{""x"":1168,""y"":784,""t"":1289,""outside"":false,""outsidePx"":0},{""x"":1173.3,""y"":780.7,""t"":1306,""outside"":false,""outsidePx"":0},{""x"":1180.7,""y"":777.3,""t"":1323,""outside"":false,""outsidePx"":0},{""x"":1186,""y"":772,""t"":1339,""outside"":false,""outsidePx"":0},{""x"":1189.3,""y"":770,""t"":1356,""outside"":false,""outsidePx"":0},{""x"":1190.7,""y"":770,""t"":1373,""outside"":false,""outsidePx"":0},{""x"":1192.7,""y"":770,""t"":1397,""outside"":false,""outsidePx"":0},{""x"":1194.7,""y"":770,""t"":1463,""outside"":false,""outsidePx"":0},{""x"":1196,""y"":770,""t"":1488,""outside"":false,""outsidePx"":0},{""x"":1198,""y"":770,""t"":1505,""outside"":false,""outsidePx"":0},{""x"":1200,""y"":770,""t"":1518,""outside"":false,""outsidePx"":0},{""x"":1201.3,""y"":770,""t"":1530,""outside"":false,""outsidePx"":0},{""x"":1203.3,""y"":770,""t"":1541,""outside"":false,""outsidePx"":0},{""x"":1204.7,""y"":770,""t"":1556,""outside"":false,""outsidePx"":0},{""x"":1212,""y"":768.7,""t"":1573,""outside"":false,""outsidePx"":0},{""x"":1217.3,""y"":764.7,""t"":1590,""outside"":false,""outsidePx"":0},{""x"":1222.7,""y"":761.3,""t"":1606,""outside"":false,""outsidePx"":0},{""x"":1228,""y"":759.3,""t"":1623,""outside"":false,""outsidePx"":0},{""x"":1232.7,""y"":756,""t"":1639,""outside"":false,""outsidePx"":0},{""x"":1238,""y"":754.7,""t"":1656,""outside"":false,""outsidePx"":0},{""x"":1243.3,""y"":752.7,""t"":1673,""outside"":false,""outsidePx"":0},{""x"":1248.7,""y"":749.3,""t"":1689,""outside"":false,""outsidePx"":0},{""x"":1254,""y"":747.3,""t"":1706,""outside"":false,""outsidePx"":0},{""x"":1256,""y"":747.3,""t"":1723,""outside"":false,""outsidePx"":0},{""x"":1257.3,""y"":747.3,""t"":1740,""outside"":false,""outsidePx"":0},{""x"":1259.3,""y"":745.3,""t"":1756,""outside"":false,""outsidePx"":0},{""x"":1262.7,""y"":744,""t"":1773,""outside"":false,""outsidePx"":0},{""x"":1268,""y"":742,""t"":1789,""outside"":false,""outsidePx"":0},{""x"":1274.7,""y"":738.7,""t"":1806,""outside"":false,""outsidePx"":0},{""x"":1284,""y"":733.3,""t"":1823,""outside"":false,""outsidePx"":0},{""x"":1290.7,""y"":731.3,""t"":1840,""outside"":false,""outsidePx"":0},{""x"":1296,""y"":728,""t"":1856,""outside"":false,""outsidePx"":0},{""x"":1302.7,""y"":724.7,""t"":1873,""outside"":false,""outsidePx"":0},{""x"":1312,""y"":719.3,""t"":1890,""outside"":false,""outsidePx"":0},{""x"":1322,""y"":714,""t"":1906,""outside"":false,""outsidePx"":0},{""x"":1334.7,""y"":705.3,""t"":1923,""outside"":false,""outsidePx"":0},{""x"":1343.3,""y"":700,""t"":1939,""outside"":false,""outsidePx"":0},{""x"":1354,""y"":693.3,""t"":1956,""outside"":false,""outsidePx"":0},{""x"":1364,""y"":688,""t"":1973,""outside"":false,""outsidePx"":0},{""x"":1372.7,""y"":680.7,""t"":1990,""outside"":false,""outsidePx"":0},{""x"":1382,""y"":675.3,""t"":2006,""outside"":false,""outsidePx"":0},{""x"":1392,""y"":668.7,""t"":2023,""outside"":false,""outsidePx"":0},{""x"":1400.7,""y"":661.3,""t"":2039,""outside"":false,""outsidePx"":0},{""x"":1411.3,""y"":656.7,""t"":2056,""outside"":false,""outsidePx"":0},{""x"":1420,""y"":651.3,""t"":2073,""outside"":false,""outsidePx"":0},{""x"":1428.7,""y"":646,""t"":2089,""outside"":false,""outsidePx"":0},{""x"":1438,""y"":640.7,""t"":2106,""outside"":false,""outsidePx"":0},{""x"":1446.7,""y"":633.3,""t"":2123,""outside"":false,""outsidePx"":0},{""x"":1453.3,""y"":628.7,""t"":2139,""outside"":false,""outsidePx"":0},{""x"":1462,""y"":623.3,""t"":2156,""outside"":false,""outsidePx"":0},{""x"":1469.3,""y"":618,""t"":2173,""outside"":false,""outsidePx"":0},{""x"":1474.7,""y"":614.7,""t"":2189,""outside"":false,""outsidePx"":0},{""x"":1481.3,""y"":610.7,""t"":2206,""outside"":false,""outsidePx"":0},{""x"":1486.7,""y"":605.3,""t"":2223,""outside"":false,""outsidePx"":0},{""x"":1494,""y"":602,""t"":2240,""outside"":false,""outsidePx"":0},{""x"":1498.7,""y"":598.7,""t"":2256,""outside"":false,""outsidePx"":0},{""x"":1504,""y"":596.7,""t"":2273,""outside"":false,""outsidePx"":0},{""x"":1508,""y"":596.7,""t"":2289,""outside"":false,""outsidePx"":0},{""x"":1511.3,""y"":595.3,""t"":2306,""outside"":false,""outsidePx"":0},{""x"":1514.7,""y"":593.3,""t"":2323,""outside"":false,""outsidePx"":0},{""x"":1520,""y"":590,""t"":2339,""outside"":false,""outsidePx"":0},{""x"":1526.7,""y"":586.7,""t"":2356,""outside"":false,""outsidePx"":0},{""x"":1536,""y"":584.7,""t"":2373,""outside"":false,""outsidePx"":0},{""x"":1544.7,""y"":581.3,""t"":2389,""outside"":false,""outsidePx"":0},{""x"":1556.7,""y"":574,""t"":2406,""outside"":false,""outsidePx"":0},{""x"":1567.3,""y"":568.7,""t"":2423,""outside"":false,""outsidePx"":0},{""x"":1581.3,""y"":562,""t"":2439,""outside"":false,""outsidePx"":0},{""x"":1595.3,""y"":553.3,""t"":2456,""outside"":false,""outsidePx"":0},{""x"":1606,""y"":548,""t"":2473,""outside"":false,""outsidePx"":0},{""x"":1612.7,""y"":544.7,""t"":2489,""outside"":false,""outsidePx"":0},{""x"":1621.3,""y"":537.3,""t"":2506,""outside"":false,""outsidePx"":0},{""x"":1630,""y"":532,""t"":2523,""outside"":false,""outsidePx"":0},{""x"":1632,""y"":532,""t"":2541,""outside"":false,""outsidePx"":0},{""x"":1646,""y"":523.3,""t"":2556,""outside"":false,""outsidePx"":0},{""x"":1651.3,""y"":518,""t"":2573,""outside"":false,""outsidePx"":0},{""x"":1658,""y"":512.7,""t"":2589,""outside"":false,""outsidePx"":0},{""x"":1668.7,""y"":506,""t"":2606,""outside"":false,""outsidePx"":0},{""x"":1677.3,""y"":500.7,""t"":2623,""outside"":false,""outsidePx"":0},{""x"":1684.7,""y"":495.3,""t"":2639,""outside"":false,""outsidePx"":0},{""x"":1688,""y"":492,""t"":2656,""outside"":false,""outsidePx"":0},{""x"":1691.3,""y"":488.7,""t"":2673,""outside"":false,""outsidePx"":0},{""x"":1693.3,""y"":486.7,""t"":2689,""outside"":false,""outsidePx"":0},{""x"":1694.7,""y"":486.7,""t"":2706,""outside"":false,""outsidePx"":0},{""x"":1696.7,""y"":484.7,""t"":2723,""outside"":false,""outsidePx"":0}]"
shohei,main,practice,C3,距離大条件,W固定・A長い,35,675,19.286,3,16,76,76,76,2026-09-29T08:06:27.225Z,2026-09-29T08:06:29.400Z,2176,296,1744,1448,true,true,none,1712.7,478,1,false,0,0,0,false,[],"[{""x"":874.7,""y"":946,""t"":0,""outside"":false,""outsidePx"":0},{""x"":874.7,""y"":948,""t"":55,""outside"":false,""outsidePx"":0},{""x"":878,""y"":948,""t"":68,""outside"":false,""outsidePx"":0},{""x"":884.7,""y"":946.7,""t"":85,""outside"":false,""outsidePx"":0},{""x"":893.3,""y"":943.3,""t"":102,""outside"":false,""outsidePx"":0},{""x"":904,""y"":940,""t"":118,""outside"":false,""outsidePx"":0},{""x"":910.7,""y"":934.7,""t"":135,""outside"":false,""outsidePx"":0},{""x"":920,""y"":931.3,""t"":151,""outside"":false,""outsidePx"":0},{""x"":930,""y"":926,""t"":168,""outside"":false,""outsidePx"":0},{""x"":937.3,""y"":922.7,""t"":185,""outside"":false,""outsidePx"":0},{""x"":948,""y"":918.7,""t"":202,""outside"":false,""outsidePx"":0},{""x"":958,""y"":913.3,""t"":218,""outside"":false,""outsidePx"":0},{""x"":966.7,""y"":908.7,""t"":235,""outside"":false,""outsidePx"":0},{""x"":974,""y"":904.7,""t"":251,""outside"":false,""outsidePx"":0},{""x"":982.7,""y"":899.3,""t"":268,""outside"":false,""outsidePx"":0},{""x"":988,""y"":898,""t"":285,""outside"":false,""outsidePx"":0},{""x"":993.3,""y"":894.7,""t"":301,""outside"":false,""outsidePx"":0},{""x"":1000,""y"":892.7,""t"":318,""outside"":false,""outsidePx"":0},{""x"":1007.3,""y"":889.3,""t"":335,""outside"":false,""outsidePx"":0},{""x"":1014,""y"":885.3,""t"":352,""outside"":false,""outsidePx"":0},{""x"":1019.3,""y"":882,""t"":368,""outside"":false,""outsidePx"":0},{""x"":1026.7,""y"":876.7,""t"":385,""outside"":false,""outsidePx"":0},{""x"":1032,""y"":871.3,""t"":402,""outside"":false,""outsidePx"":0},{""x"":1036.7,""y"":868,""t"":418,""outside"":false,""outsidePx"":0},{""x"":1042,""y"":864.7,""t"":435,""outside"":false,""outsidePx"":0},{""x"":1047.3,""y"":861.3,""t"":452,""outside"":false,""outsidePx"":0},{""x"":1052.7,""y"":857.3,""t"":468,""outside"":false,""outsidePx"":0},{""x"":1058,""y"":854,""t"":485,""outside"":false,""outsidePx"":0},{""x"":1063.3,""y"":848.7,""t"":501,""outside"":false,""outsidePx"":0},{""x"":1066.7,""y"":845.3,""t"":518,""outside"":false,""outsidePx"":0},{""x"":1072,""y"":842,""t"":535,""outside"":false,""outsidePx"":0},{""x"":1077.3,""y"":836.7,""t"":551,""outside"":false,""outsidePx"":0},{""x"":1082.7,""y"":833.3,""t"":568,""outside"":false,""outsidePx"":0},{""x"":1089.3,""y"":828,""t"":585,""outside"":false,""outsidePx"":0},{""x"":1094.7,""y"":822.7,""t"":601,""outside"":false,""outsidePx"":0},{""x"":1102,""y"":817.3,""t"":618,""outside"":false,""outsidePx"":0},{""x"":1106.7,""y"":812,""t"":635,""outside"":false,""outsidePx"":0},{""x"":1112,""y"":808.7,""t"":651,""outside"":false,""outsidePx"":0},{""x"":1117.3,""y"":803.3,""t"":668,""outside"":false,""outsidePx"":0},{""x"":1124.7,""y"":798,""t"":685,""outside"":false,""outsidePx"":0},{""x"":1131.3,""y"":794.7,""t"":702,""outside"":false,""outsidePx"":0},{""x"":1140,""y"":789.3,""t"":718,""outside"":false,""outsidePx"":0},{""x"":1147.3,""y"":782.7,""t"":735,""outside"":false,""outsidePx"":0},{""x"":1156,""y"":777.3,""t"":751,""outside"":false,""outsidePx"":0},{""x"":1168,""y"":768.7,""t"":768,""outside"":false,""outsidePx"":0},{""x"":1182,""y"":761.3,""t"":785,""outside"":false,""outsidePx"":0},{""x"":1194.7,""y"":756,""t"":801,""outside"":false,""outsidePx"":0},{""x"":1206.7,""y"":749.3,""t"":818,""outside"":false,""outsidePx"":0},{""x"":1214,""y"":745.3,""t"":835,""outside"":false,""outsidePx"":0},{""x"":1218.7,""y"":742,""t"":851,""outside"":false,""outsidePx"":0},{""x"":1226,""y"":738.7,""t"":868,""outside"":false,""outsidePx"":0},{""x"":1229.3,""y"":736.7,""t"":885,""outside"":false,""outsidePx"":0},{""x"":1232.7,""y"":735.3,""t"":901,""outside"":false,""outsidePx"":0},{""x"":1236.7,""y"":733.3,""t"":918,""outside"":false,""outsidePx"":0},{""x"":1238,""y"":733.3,""t"":935,""outside"":false,""outsidePx"":0},{""x"":1240,""y"":731.3,""t"":951,""outside"":false,""outsidePx"":0},{""x"":1243.3,""y"":730,""t"":968,""outside"":false,""outsidePx"":0},{""x"":1248.7,""y"":726.7,""t"":985,""outside"":false,""outsidePx"":0},{""x"":1256,""y"":722.7,""t"":1001,""outside"":false,""outsidePx"":0},{""x"":1264.7,""y"":717.3,""t"":1018,""outside"":false,""outsidePx"":0},{""x"":1271.3,""y"":712.7,""t"":1035,""outside"":false,""outsidePx"":0},{""x"":1278.7,""y"":708.7,""t"":1051,""outside"":false,""outsidePx"":0},{""x"":1288.7,""y"":703.3,""t"":1068,""outside"":false,""outsidePx"":0},{""x"":1298,""y"":700,""t"":1085,""outside"":false,""outsidePx"":0},{""x"":1302.7,""y"":696.7,""t"":1101,""outside"":false,""outsidePx"":0},{""x"":1308,""y"":691.3,""t"":1118,""outside"":false,""outsidePx"":0},{""x"":1313.3,""y"":688,""t"":1135,""outside"":false,""outsidePx"":0},{""x"":1318.7,""y"":684.7,""t"":1151,""outside"":false,""outsidePx"":0},{""x"":1324,""y"":682.7,""t"":1168,""outside"":false,""outsidePx"":0},{""x"":1326,""y"":680.7,""t"":1185,""outside"":false,""outsidePx"":0},{""x"":1329.3,""y"":680.7,""t"":1201,""outside"":false,""outsidePx"":0},{""x"":1330.7,""y"":679.3,""t"":1218,""outside"":false,""outsidePx"":0},{""x"":1336,""y"":677.3,""t"":1234,""outside"":false,""outsidePx"":0},{""x"":1341.3,""y"":674,""t"":1251,""outside"":false,""outsidePx"":0},{""x"":1348.7,""y"":670.7,""t"":1268,""outside"":false,""outsidePx"":0},{""x"":1355.3,""y"":666.7,""t"":1285,""outside"":false,""outsidePx"":0},{""x"":1362.7,""y"":663.3,""t"":1301,""outside"":false,""outsidePx"":0},{""x"":1369.3,""y"":658,""t"":1318,""outside"":false,""outsidePx"":0},{""x"":1378,""y"":654.7,""t"":1335,""outside"":false,""outsidePx"":0},{""x"":1385.3,""y"":651.3,""t"":1351,""outside"":false,""outsidePx"":0},{""x"":1392,""y"":646,""t"":1368,""outside"":false,""outsidePx"":0},{""x"":1402.7,""y"":640.7,""t"":1385,""outside"":false,""outsidePx"":0},{""x"":1411.3,""y"":635.3,""t"":1401,""outside"":false,""outsidePx"":0},{""x"":1424,""y"":628.7,""t"":1418,""outside"":false,""outsidePx"":0},{""x"":1436,""y"":619.3,""t"":1435,""outside"":false,""outsidePx"":0},{""x"":1448,""y"":610.7,""t"":1451,""outside"":false,""outsidePx"":0},{""x"":1462,""y"":602,""t"":1468,""outside"":false,""outsidePx"":0},{""x"":1470.7,""y"":596.7,""t"":1484,""outside"":false,""outsidePx"":0},{""x"":1481.3,""y"":591.3,""t"":1501,""outside"":false,""outsidePx"":0},{""x"":1488.7,""y"":584.7,""t"":1518,""outside"":false,""outsidePx"":0},{""x"":1495.3,""y"":579.3,""t"":1535,""outside"":false,""outsidePx"":0},{""x"":1502.7,""y"":576,""t"":1551,""outside"":false,""outsidePx"":0},{""x"":1509.3,""y"":570.7,""t"":1568,""outside"":false,""outsidePx"":0},{""x"":1514.7,""y"":568.7,""t"":1584,""outside"":false,""outsidePx"":0},{""x"":1522,""y"":565.3,""t"":1601,""outside"":false,""outsidePx"":0},{""x"":1526.7,""y"":563.3,""t"":1618,""outside"":false,""outsidePx"":0},{""x"":1530.7,""y"":560,""t"":1634,""outside"":false,""outsidePx"":0},{""x"":1536,""y"":556.7,""t"":1651,""outside"":false,""outsidePx"":0},{""x"":1540.7,""y"":554.7,""t"":1668,""outside"":false,""outsidePx"":0},{""x"":1548,""y"":551.3,""t"":1685,""outside"":false,""outsidePx"":0},{""x"":1554.7,""y"":549.3,""t"":1701,""outside"":false,""outsidePx"":0},{""x"":1560,""y"":548,""t"":1718,""outside"":false,""outsidePx"":0},{""x"":1565.3,""y"":546,""t"":1735,""outside"":false,""outsidePx"":0},{""x"":1570.7,""y"":542.7,""t"":1751,""outside"":false,""outsidePx"":0},{""x"":1574,""y"":540.7,""t"":1768,""outside"":false,""outsidePx"":0},{""x"":1579.3,""y"":539.3,""t"":1785,""outside"":false,""outsidePx"":0},{""x"":1584.7,""y"":537.3,""t"":1801,""outside"":false,""outsidePx"":0},{""x"":1593.3,""y"":534,""t"":1818,""outside"":false,""outsidePx"":0},{""x"":1602,""y"":532,""t"":1835,""outside"":false,""outsidePx"":0},{""x"":1609.3,""y"":528.7,""t"":1851,""outside"":false,""outsidePx"":0},{""x"":1618,""y"":525.3,""t"":1868,""outside"":false,""outsidePx"":0},{""x"":1628.7,""y"":520,""t"":1885,""outside"":false,""outsidePx"":0},{""x"":1637.3,""y"":516.7,""t"":1901,""outside"":false,""outsidePx"":0},{""x"":1646,""y"":512.7,""t"":1918,""outside"":false,""outsidePx"":0},{""x"":1651.3,""y"":511.3,""t"":1935,""outside"":false,""outsidePx"":0},{""x"":1656.7,""y"":509.3,""t"":1951,""outside"":false,""outsidePx"":0},{""x"":1660,""y"":507.3,""t"":1968,""outside"":false,""outsidePx"":0},{""x"":1665.3,""y"":506,""t"":1984,""outside"":false,""outsidePx"":0},{""x"":1670.7,""y"":502.7,""t"":2001,""outside"":false,""outsidePx"":0},{""x"":1677.3,""y"":498.7,""t"":2018,""outside"":false,""outsidePx"":0},{""x"":1684.7,""y"":493.3,""t"":2035,""outside"":false,""outsidePx"":0},{""x"":1691.3,""y"":488.7,""t"":2051,""outside"":false,""outsidePx"":0},{""x"":1698.7,""y"":484.7,""t"":2068,""outside"":false,""outsidePx"":0},{""x"":1702,""y"":481.3,""t"":2085,""outside"":false,""outsidePx"":0},{""x"":1705.3,""y"":479.3,""t"":2101,""outside"":false,""outsidePx"":0},{""x"":1708.7,""y"":478,""t"":2118,""outside"":false,""outsidePx"":0},{""x"":1710.7,""y"":478,""t"":2135,""outside"":false,""outsidePx"":0},{""x"":1712.7,""y"":478,""t"":2158,""outside"":false,""outsidePx"":0}]"
shohei,main,practice,C3,距離大条件,W固定・A長い,35,675,19.286,3,17,77,77,77,2026-09-29T08:06:30.191Z,2026-09-29T08:06:31.955Z,1764,417,1516,1099,true,true,none,1730,474.7,1,false,0,0,0,false,[],"[{""x"":850.7,""y"":953.3,""t"":0,""outside"":false,""outsidePx"":0},{""x"":851.3,""y"":953.3,""t"":83,""outside"":false,""outsidePx"":0},{""x"":853.3,""y"":953.3,""t"":98,""outside"":false,""outsidePx"":0},{""x"":854.7,""y"":953.3,""t"":111,""outside"":false,""outsidePx"":0},{""x"":856.7,""y"":953.3,""t"":119,""outside"":false,""outsidePx"":0},{""x"":864,""y"":950.7,""t"":135,""outside"":false,""outsidePx"":0},{""x"":872.7,""y"":945.3,""t"":152,""outside"":false,""outsidePx"":0},{""x"":884.7,""y"":940,""t"":168,""outside"":false,""outsidePx"":0},{""x"":896.7,""y"":932.7,""t"":185,""outside"":false,""outsidePx"":0},{""x"":907.3,""y"":927.3,""t"":202,""outside"":false,""outsidePx"":0},{""x"":914.7,""y"":922.7,""t"":218,""outside"":false,""outsidePx"":0},{""x"":923.3,""y"":918.7,""t"":235,""outside"":false,""outsidePx"":0},{""x"":930,""y"":915.3,""t"":252,""outside"":false,""outsidePx"":0},{""x"":937.3,""y"":910,""t"":269,""outside"":false,""outsidePx"":0},{""x"":944,""y"":906.7,""t"":285,""outside"":false,""outsidePx"":0},{""x"":948,""y"":904.7,""t"":302,""outside"":false,""outsidePx"":0},{""x"":951.3,""y"":903.3,""t"":319,""outside"":false,""outsidePx"":0},{""x"":954.7,""y"":901.3,""t"":335,""outside"":false,""outsidePx"":0},{""x"":956.7,""y"":899.3,""t"":352,""outside"":false,""outsidePx"":0},{""x"":962,""y"":896,""t"":369,""outside"":false,""outsidePx"":0},{""x"":970.7,""y"":892.7,""t"":386,""outside"":false,""outsidePx"":0},{""x"":979.3,""y"":887.3,""t"":402,""outside"":false,""outsidePx"":0},{""x"":984.7,""y"":882,""t"":419,""outside"":false,""outsidePx"":0},{""x"":991.3,""y"":878.7,""t"":435,""outside"":false,""outsidePx"":0},{""x"":998.7,""y"":873.3,""t"":452,""outside"":false,""outsidePx"":0},{""x"":1005.3,""y"":868,""t"":468,""outside"":false,""outsidePx"":0},{""x"":1016,""y"":864.7,""t"":485,""outside"":false,""outsidePx"":0},{""x"":1022.7,""y"":859.3,""t"":504,""outside"":false,""outsidePx"":0},{""x"":1028,""y"":856,""t"":519,""outside"":false,""outsidePx"":0},{""x"":1036.7,""y"":850.7,""t"":535,""outside"":false,""outsidePx"":0},{""x"":1044,""y"":843.3,""t"":552,""outside"":false,""outsidePx"":0},{""x"":1054.7,""y"":838.7,""t"":568,""outside"":false,""outsidePx"":0},{""x"":1063.3,""y"":833.3,""t"":585,""outside"":false,""outsidePx"":0},{""x"":1068.7,""y"":829.3,""t"":602,""outside"":false,""outsidePx"":0},{""x"":1074,""y"":826,""t"":619,""outside"":false,""outsidePx"":0},{""x"":1078.7,""y"":822.7,""t"":638,""outside"":false,""outsidePx"":0},{""x"":1086,""y"":819.3,""t"":652,""outside"":false,""outsidePx"":0},{""x"":1091.3,""y"":815.3,""t"":668,""outside"":false,""outsidePx"":0},{""x"":1094.7,""y"":812,""t"":685,""outside"":false,""outsidePx"":0},{""x"":1100,""y"":810.7,""t"":702,""outside"":false,""outsidePx"":0},{""x"":1105.3,""y"":808.7,""t"":718,""outside"":false,""outsidePx"":0},{""x"":1112,""y"":805.3,""t"":735,""outside"":false,""outsidePx"":0},{""x"":1119.3,""y"":801.3,""t"":752,""outside"":false,""outsidePx"":0},{""x"":1128,""y"":798,""t"":769,""outside"":false,""outsidePx"":0},{""x"":1136.7,""y"":794.7,""t"":785,""outside"":false,""outsidePx"":0},{""x"":1145.3,""y"":787.3,""t"":802,""outside"":false,""outsidePx"":0},{""x"":1156,""y"":782.7,""t"":818,""outside"":false,""outsidePx"":0},{""x"":1166.7,""y"":775.3,""t"":835,""outside"":false,""outsidePx"":0},{""x"":1178.7,""y"":768.7,""t"":852,""outside"":false,""outsidePx"":0},{""x"":1190.7,""y"":761.3,""t"":868,""outside"":false,""outsidePx"":0},{""x"":1201.3,""y"":756,""t"":885,""outside"":false,""outsidePx"":0},{""x"":1212,""y"":749.3,""t"":902,""outside"":false,""outsidePx"":0},{""x"":1220.7,""y"":744,""t"":919,""outside"":false,""outsidePx"":0},{""x"":1229.3,""y"":738.7,""t"":935,""outside"":false,""outsidePx"":0},{""x"":1240,""y"":731.3,""t"":952,""outside"":false,""outsidePx"":0},{""x"":1250.7,""y"":726.7,""t"":968,""outside"":false,""outsidePx"":0},{""x"":1259.3,""y"":721.3,""t"":985,""outside"":false,""outsidePx"":0},{""x"":1268,""y"":717.3,""t"":1002,""outside"":false,""outsidePx"":0},{""x"":1276.7,""y"":712.7,""t"":1021,""outside"":false,""outsidePx"":0},{""x"":1287.3,""y"":705.3,""t"":1035,""outside"":false,""outsidePx"":0},{""x"":1299.3,""y"":698.7,""t"":1052,""outside"":false,""outsidePx"":0},{""x"":1312,""y"":693.3,""t"":1068,""outside"":false,""outsidePx"":0},{""x"":1322,""y"":688,""t"":1085,""outside"":false,""outsidePx"":0},{""x"":1330.7,""y"":684.7,""t"":1102,""outside"":false,""outsidePx"":0},{""x"":1338,""y"":680.7,""t"":1118,""outside"":false,""outsidePx"":0},{""x"":1343.3,""y"":677.3,""t"":1135,""outside"":false,""outsidePx"":0},{""x"":1352,""y"":674,""t"":1152,""outside"":false,""outsidePx"":0},{""x"":1358.7,""y"":672,""t"":1168,""outside"":false,""outsidePx"":0},{""x"":1366,""y"":668.7,""t"":1185,""outside"":false,""outsidePx"":0},{""x"":1372.7,""y"":666.7,""t"":1202,""outside"":false,""outsidePx"":0},{""x"":1378,""y"":663.3,""t"":1218,""outside"":false,""outsidePx"":0},{""x"":1385.3,""y"":660,""t"":1235,""outside"":false,""outsidePx"":0},{""x"":1394,""y"":656.7,""t"":1252,""outside"":false,""outsidePx"":0},{""x"":1404.7,""y"":651.3,""t"":1268,""outside"":false,""outsidePx"":0},{""x"":1413.3,""y"":644,""t"":1285,""outside"":false,""outsidePx"":0},{""x"":1425.3,""y"":637.3,""t"":1301,""outside"":false,""outsidePx"":0},{""x"":1438,""y"":632,""t"":1318,""outside"":false,""outsidePx"":0},{""x"":1453.3,""y"":623.3,""t"":1335,""outside"":false,""outsidePx"":0},{""x"":1466,""y"":616,""t"":1352,""outside"":false,""outsidePx"":0},{""x"":1476,""y"":609.3,""t"":1368,""outside"":false,""outsidePx"":0},{""x"":1488.7,""y"":600.7,""t"":1385,""outside"":false,""outsidePx"":0},{""x"":1498.7,""y"":593.3,""t"":1401,""outside"":false,""outsidePx"":0},{""x"":1509.3,""y"":588,""t"":1419,""outside"":false,""outsidePx"":0},{""x"":1522,""y"":581.3,""t"":1435,""outside"":false,""outsidePx"":0},{""x"":1532,""y"":574,""t"":1452,""outside"":false,""outsidePx"":0},{""x"":1540.7,""y"":568.7,""t"":1468,""outside"":false,""outsidePx"":0},{""x"":1551.3,""y"":563.3,""t"":1485,""outside"":false,""outsidePx"":0},{""x"":1560,""y"":556.7,""t"":1502,""outside"":false,""outsidePx"":0},{""x"":1574,""y"":549.3,""t"":1518,""outside"":false,""outsidePx"":0},{""x"":1592,""y"":542.7,""t"":1535,""outside"":false,""outsidePx"":0},{""x"":1607.3,""y"":535.3,""t"":1551,""outside"":false,""outsidePx"":0},{""x"":1621.3,""y"":528.7,""t"":1568,""outside"":false,""outsidePx"":0},{""x"":1635.3,""y"":518,""t"":1585,""outside"":false,""outsidePx"":0},{""x"":1652.7,""y"":506,""t"":1601,""outside"":false,""outsidePx"":0},{""x"":1677.3,""y"":495.3,""t"":1618,""outside"":false,""outsidePx"":0},{""x"":1700,""y"":484.7,""t"":1635,""outside"":false,""outsidePx"":0},{""x"":1718,""y"":479.3,""t"":1652,""outside"":false,""outsidePx"":0},{""x"":1726.7,""y"":474.7,""t"":1668,""outside"":false,""outsidePx"":0},{""x"":1730,""y"":474.7,""t"":1685,""outside"":false,""outsidePx"":0}]"
shohei,main,practice,C3,距離大条件,W固定・A長い,35,675,19.286,3,18,78,78,78,2026-09-29T08:06:33.714Z,2026-09-29T08:06:35.426Z,1712,275,1352,1077,true,true,deviation,1722.7,479.3,1,true,1,250,8.7,false,"[{""startMs"":1228,""startX"":1490,""startY"":619.3,""maxOutsidePx"":8.7,""endMs"":1478,""endX"":1677.3,""endY"":509.3,""durationMs"":250}]","[{""x"":850,""y"":956.7,""t"":0,""outside"":false,""outsidePx"":0},{""x"":851.3,""y"":956.7,""t"":11,""outside"":false,""outsidePx"":0},{""x"":853.3,""y"":956.7,""t"":28,""outside"":false,""outsidePx"":0},{""x"":856.7,""y"":955.3,""t"":44,""outside"":false,""outsidePx"":0},{""x"":860,""y"":954,""t"":61,""outside"":false,""outsidePx"":0},{""x"":865.3,""y"":950.7,""t"":78,""outside"":false,""outsidePx"":0},{""x"":874,""y"":945.3,""t"":94,""outside"":false,""outsidePx"":0},{""x"":884.7,""y"":938,""t"":111,""outside"":false,""outsidePx"":0},{""x"":896.7,""y"":931.3,""t"":128,""outside"":false,""outsidePx"":0},{""x"":909.3,""y"":926,""t"":144,""outside"":false,""outsidePx"":0},{""x"":920,""y"":918.7,""t"":161,""outside"":false,""outsidePx"":0},{""x"":928.7,""y"":913.3,""t"":178,""outside"":false,""outsidePx"":0},{""x"":938.7,""y"":906.7,""t"":194,""outside"":false,""outsidePx"":0},{""x"":948,""y"":901.3,""t"":211,""outside"":false,""outsidePx"":0},{""x"":954.7,""y"":896,""t"":228,""outside"":false,""outsidePx"":0},{""x"":963.3,""y"":890.7,""t"":244,""outside"":false,""outsidePx"":0},{""x"":974,""y"":884,""t"":261,""outside"":false,""outsidePx"":0},{""x"":982.7,""y"":876.7,""t"":278,""outside"":false,""outsidePx"":0},{""x"":993.3,""y"":870,""t"":295,""outside"":false,""outsidePx"":0},{""x"":1002,""y"":864.7,""t"":311,""outside"":false,""outsidePx"":0},{""x"":1010.7,""y"":859.3,""t"":327,""outside"":false,""outsidePx"":0},{""x"":1019.3,""y"":854,""t"":344,""outside"":false,""outsidePx"":0},{""x"":1028,""y"":848.7,""t"":361,""outside"":false,""outsidePx"":0},{""x"":1036.7,""y"":843.3,""t"":378,""outside"":false,""outsidePx"":0},{""x"":1047.3,""y"":836.7,""t"":395,""outside"":false,""outsidePx"":0},{""x"":1058,""y"":829.3,""t"":411,""outside"":false,""outsidePx"":0},{""x"":1064.7,""y"":826,""t"":428,""outside"":false,""outsidePx"":0},{""x"":1072,""y"":822.7,""t"":444,""outside"":false,""outsidePx"":0},{""x"":1077.3,""y"":819.3,""t"":461,""outside"":false,""outsidePx"":0},{""x"":1086,""y"":815.3,""t"":478,""outside"":false,""outsidePx"":0},{""x"":1092.7,""y"":812,""t"":494,""outside"":false,""outsidePx"":0},{""x"":1100,""y"":808.7,""t"":511,""outside"":false,""outsidePx"":0},{""x"":1106.7,""y"":806.7,""t"":528,""outside"":false,""outsidePx"":0},{""x"":1114,""y"":805.3,""t"":545,""outside"":false,""outsidePx"":0},{""x"":1119.3,""y"":803.3,""t"":561,""outside"":false,""outsidePx"":0},{""x"":1126,""y"":801.3,""t"":578,""outside"":false,""outsidePx"":0},{""x"":1131.3,""y"":798,""t"":594,""outside"":false,""outsidePx"":0},{""x"":1136.7,""y"":796.7,""t"":611,""outside"":false,""outsidePx"":0},{""x"":1144,""y"":792.7,""t"":628,""outside"":false,""outsidePx"":0},{""x"":1152.7,""y"":789.3,""t"":644,""outside"":false,""outsidePx"":0},{""x"":1161.3,""y"":786,""t"":661,""outside"":false,""outsidePx"":0},{""x"":1170,""y"":782.7,""t"":678,""outside"":false,""outsidePx"":0},{""x"":1178.7,""y"":778.7,""t"":695,""outside"":false,""outsidePx"":0},{""x"":1189.3,""y"":773.3,""t"":711,""outside"":false,""outsidePx"":0},{""x"":1201.3,""y"":768.7,""t"":728,""outside"":false,""outsidePx"":0},{""x"":1215.3,""y"":763.3,""t"":745,""outside"":false,""outsidePx"":0},{""x"":1229.3,""y"":758,""t"":761,""outside"":false,""outsidePx"":0},{""x"":1243.3,""y"":750.7,""t"":778,""outside"":false,""outsidePx"":0},{""x"":1257.3,""y"":744,""t"":794,""outside"":false,""outsidePx"":0},{""x"":1268,""y"":736.7,""t"":811,""outside"":false,""outsidePx"":0},{""x"":1278.7,""y"":730,""t"":827,""outside"":false,""outsidePx"":0},{""x"":1288.7,""y"":722.7,""t"":844,""outside"":false,""outsidePx"":0},{""x"":1298,""y"":716,""t"":861,""outside"":false,""outsidePx"":0},{""x"":1308,""y"":708.7,""t"":878,""outside"":false,""outsidePx"":0},{""x"":1318.7,""y"":703.3,""t"":894,""outside"":false,""outsidePx"":0},{""x"":1329.3,""y"":696.7,""t"":911,""outside"":false,""outsidePx"":0},{""x"":1341.3,""y"":689.3,""t"":928,""outside"":false,""outsidePx"":0},{""x"":1354,""y"":682.7,""t"":944,""outside"":false,""outsidePx"":0},{""x"":1362.7,""y"":677.3,""t"":961,""outside"":false,""outsidePx"":0},{""x"":1371.3,""y"":672,""t"":978,""outside"":false,""outsidePx"":0},{""x"":1378,""y"":666.7,""t"":994,""outside"":false,""outsidePx"":0},{""x"":1385.3,""y"":665.3,""t"":1011,""outside"":false,""outsidePx"":0},{""x"":1390.7,""y"":661.3,""t"":1028,""outside"":false,""outsidePx"":0},{""x"":1397.3,""y"":658,""t"":1045,""outside"":false,""outsidePx"":0},{""x"":1404.7,""y"":654.7,""t"":1061,""outside"":false,""outsidePx"":0},{""x"":1414.7,""y"":649.3,""t"":1078,""outside"":false,""outsidePx"":0},{""x"":1425.3,""y"":646,""t"":1094,""outside"":false,""outsidePx"":0},{""x"":1438,""y"":642.7,""t"":1111,""outside"":false,""outsidePx"":0},{""x"":1448,""y"":637.3,""t"":1128,""outside"":false,""outsidePx"":0},{""x"":1458.7,""y"":632,""t"":1144,""outside"":false,""outsidePx"":0},{""x"":1467.3,""y"":626.7,""t"":1161,""outside"":false,""outsidePx"":0},{""x"":1474.7,""y"":624.7,""t"":1177,""outside"":false,""outsidePx"":0},{""x"":1480,""y"":623.3,""t"":1194,""outside"":false,""outsidePx"":0},{""x"":1484.7,""y"":621.3,""t"":1211,""outside"":false,""outsidePx"":0},{""x"":1490,""y"":619.3,""t"":1228,""outside"":true,""outsidePx"":0.3},{""x"":1497.3,""y"":616,""t"":1245,""outside"":true,""outsidePx"":1.1},{""x"":1506,""y"":612.7,""t"":1261,""outside"":true,""outsidePx"":2.5},{""x"":1516.7,""y"":609.3,""t"":1278,""outside"":true,""outsidePx"":5},{""x"":1528.7,""y"":604,""t"":1294,""outside"":true,""outsidePx"":6.4},{""x"":1544.7,""y"":595.3,""t"":1311,""outside"":true,""outsidePx"":6.9},{""x"":1562,""y"":586.7,""t"":1328,""outside"":true,""outsidePx"":8},{""x"":1579.3,""y"":577.3,""t"":1344,""outside"":true,""outsidePx"":8.6},{""x"":1592,""y"":568.7,""t"":1361,""outside"":true,""outsidePx"":7.4},{""x"":1606,""y"":562,""t"":1378,""outside"":true,""outsidePx"":8.7},{""x"":1618,""y"":553.3,""t"":1395,""outside"":true,""outsidePx"":7.2},{""x"":1628.7,""y"":544.7,""t"":1411,""outside"":true,""outsidePx"":5},{""x"":1640.7,""y"":535.3,""t"":1428,""outside"":true,""outsidePx"":2.9},{""x"":1652.7,""y"":526.7,""t"":1444,""outside"":true,""outsidePx"":1.4},{""x"":1665.3,""y"":518,""t"":1461,""outside"":true,""outsidePx"":0.2},{""x"":1677.3,""y"":509.3,""t"":1478,""outside"":false,""outsidePx"":0},{""x"":1690,""y"":502.7,""t"":1494,""outside"":false,""outsidePx"":0},{""x"":1698.7,""y"":495.3,""t"":1511,""outside"":false,""outsidePx"":0},{""x"":1705.3,""y"":492,""t"":1528,""outside"":false,""outsidePx"":0},{""x"":1710.7,""y"":486.7,""t"":1544,""outside"":false,""outsidePx"":0},{""x"":1714,""y"":484.7,""t"":1561,""outside"":false,""outsidePx"":0},{""x"":1716,""y"":483.3,""t"":1578,""outside"":false,""outsidePx"":0},{""x"":1719.3,""y"":481.3,""t"":1594,""outside"":false,""outsidePx"":0},{""x"":1721.3,""y"":479.3,""t"":1612,""outside"":false,""outsidePx"":0},{""x"":1722.7,""y"":479.3,""t"":1628,""outside"":false,""outsidePx"":0}]"
shohei,main,practice,C3,距離大条件,W固定・A長い,35,675,19.286,3,19,79,79,79,2026-09-29T08:06:36.120Z,2026-09-29T08:06:38.008Z,1888,337,1553,1216,true,true,deviation,1714,474.7,1,true,2,50,0.5,false,"[{""startMs"":355,""startX"":1002,""startY"":901.3,""maxOutsidePx"":0.5,""endMs"":372,""endX"":1005.3,""endY"":898,""durationMs"":17},{""startMs"":405,""startX"":1012.7,""startY"":894.7,""maxOutsidePx"":0.1,""endMs"":438,""endX"":1021.3,""endY"":889.3,""durationMs"":33}]","[{""x"":864.7,""y"":956.7,""t"":0,""outside"":false,""outsidePx"":0},{""x"":865.3,""y"":956.7,""t"":56,""outside"":false,""outsidePx"":0},{""x"":870.7,""y"":955.3,""t"":72,""outside"":false,""outsidePx"":0},{""x"":876,""y"":954,""t"":88,""outside"":false,""outsidePx"":0},{""x"":882.7,""y"":950.7,""t"":105,""outside"":false,""outsidePx"":0},{""x"":893.3,""y"":948.7,""t"":122,""outside"":false,""outsidePx"":0},{""x"":907.3,""y"":943.3,""t"":138,""outside"":false,""outsidePx"":0},{""x"":923.3,""y"":940,""t"":155,""outside"":false,""outsidePx"":0},{""x"":935.3,""y"":934.7,""t"":172,""outside"":false,""outsidePx"":0},{""x"":940.7,""y"":932.7,""t"":188,""outside"":false,""outsidePx"":0},{""x"":946,""y"":929.3,""t"":205,""outside"":false,""outsidePx"":0},{""x"":951.3,""y"":926,""t"":222,""outside"":false,""outsidePx"":0},{""x"":956.7,""y"":924,""t"":239,""outside"":false,""outsidePx"":0},{""x"":963.3,""y"":920.7,""t"":255,""outside"":false,""outsidePx"":0},{""x"":968.7,""y"":917.3,""t"":272,""outside"":false,""outsidePx"":0},{""x"":976,""y"":913.3,""t"":289,""outside"":false,""outsidePx"":0},{""x"":982.7,""y"":910,""t"":305,""outside"":false,""outsidePx"":0},{""x"":991.3,""y"":906.7,""t"":322,""outside"":false,""outsidePx"":0},{""x"":996.7,""y"":903.3,""t"":338,""outside"":false,""outsidePx"":0},{""x"":1002,""y"":901.3,""t"":355,""outside"":true,""outsidePx"":0.5},{""x"":1005.3,""y"":898,""t"":372,""outside"":false,""outsidePx"":0},{""x"":1008.7,""y"":896,""t"":388,""outside"":false,""outsidePx"":0},{""x"":1012.7,""y"":894.7,""t"":405,""outside"":true,""outsidePx"":0.1},{""x"":1016,""y"":892.7,""t"":422,""outside"":true,""outsidePx"":0},{""x"":1021.3,""y"":889.3,""t"":438,""outside"":false,""outsidePx"":0},{""x"":1028,""y"":885.3,""t"":455,""outside"":false,""outsidePx"":0},{""x"":1036.7,""y"":878.7,""t"":472,""outside"":false,""outsidePx"":0},{""x"":1044,""y"":871.3,""t"":488,""outside"":false,""outsidePx"":0},{""x"":1050.7,""y"":866.7,""t"":505,""outside"":false,""outsidePx"":0},{""x"":1058,""y"":861.3,""t"":522,""outside"":false,""outsidePx"":0},{""x"":1063.3,""y"":856,""t"":539,""outside"":false,""outsidePx"":0},{""x"":1068.7,""y"":852.7,""t"":555,""outside"":false,""outsidePx"":0},{""x"":1072,""y"":848.7,""t"":572,""outside"":false,""outsidePx"":0},{""x"":1077.3,""y"":843.3,""t"":589,""outside"":false,""outsidePx"":0},{""x"":1082.7,""y"":840,""t"":605,""outside"":false,""outsidePx"":0},{""x"":1086,""y"":838.7,""t"":622,""outside"":false,""outsidePx"":0},{""x"":1091.3,""y"":834.7,""t"":639,""outside"":false,""outsidePx"":0},{""x"":1096.7,""y"":833.3,""t"":655,""outside"":false,""outsidePx"":0},{""x"":1103.3,""y"":828,""t"":672,""outside"":false,""outsidePx"":0},{""x"":1112,""y"":824.7,""t"":688,""outside"":false,""outsidePx"":0},{""x"":1122.7,""y"":817.3,""t"":705,""outside"":false,""outsidePx"":0},{""x"":1131.3,""y"":812,""t"":722,""outside"":false,""outsidePx"":0},{""x"":1140,""y"":808.7,""t"":738,""outside"":false,""outsidePx"":0},{""x"":1147.3,""y"":805.3,""t"":755,""outside"":false,""outsidePx"":0},{""x"":1154,""y"":800,""t"":772,""outside"":false,""outsidePx"":0},{""x"":1161.3,""y"":798,""t"":788,""outside"":false,""outsidePx"":0},{""x"":1166.7,""y"":792.7,""t"":805,""outside"":false,""outsidePx"":0},{""x"":1173.3,""y"":789.3,""t"":822,""outside"":false,""outsidePx"":0},{""x"":1178.7,""y"":787.3,""t"":838,""outside"":false,""outsidePx"":0},{""x"":1184,""y"":786,""t"":855,""outside"":false,""outsidePx"":0},{""x"":1187.3,""y"":782.7,""t"":872,""outside"":false,""outsidePx"":0},{""x"":1192.7,""y"":780.7,""t"":888,""outside"":false,""outsidePx"":0},{""x"":1198,""y"":777.3,""t"":906,""outside"":false,""outsidePx"":0},{""x"":1203.3,""y"":773.3,""t"":922,""outside"":false,""outsidePx"":0},{""x"":1208.7,""y"":770,""t"":938,""outside"":false,""outsidePx"":0},{""x"":1215.3,""y"":768.7,""t"":955,""outside"":false,""outsidePx"":0},{""x"":1226,""y"":763.3,""t"":971,""outside"":false,""outsidePx"":0},{""x"":1236.7,""y"":758,""t"":988,""outside"":false,""outsidePx"":0},{""x"":1248.7,""y"":750.7,""t"":1005,""outside"":false,""outsidePx"":0},{""x"":1264.7,""y"":740.7,""t"":1022,""outside"":false,""outsidePx"":0},{""x"":1278.7,""y"":730,""t"":1038,""outside"":false,""outsidePx"":0},{""x"":1294,""y"":719.3,""t"":1055,""outside"":false,""outsidePx"":0},{""x"":1310,""y"":708.7,""t"":1072,""outside"":false,""outsidePx"":0},{""x"":1322,""y"":698.7,""t"":1088,""outside"":false,""outsidePx"":0},{""x"":1334.7,""y"":688,""t"":1105,""outside"":false,""outsidePx"":0},{""x"":1348.7,""y"":679.3,""t"":1122,""outside"":false,""outsidePx"":0},{""x"":1360.7,""y"":672,""t"":1138,""outside"":false,""outsidePx"":0},{""x"":1369.3,""y"":666.7,""t"":1155,""outside"":false,""outsidePx"":0},{""x"":1376.7,""y"":661.3,""t"":1172,""outside"":false,""outsidePx"":0},{""x"":1382,""y"":658,""t"":1188,""outside"":false,""outsidePx"":0},{""x"":1390.7,""y"":652.7,""t"":1205,""outside"":false,""outsidePx"":0},{""x"":1396,""y"":649.3,""t"":1222,""outside"":false,""outsidePx"":0},{""x"":1399.3,""y"":647.3,""t"":1238,""outside"":false,""outsidePx"":0},{""x"":1404.7,""y"":646,""t"":1255,""outside"":false,""outsidePx"":0},{""x"":1408,""y"":644,""t"":1272,""outside"":false,""outsidePx"":0},{""x"":1411.3,""y"":642.7,""t"":1288,""outside"":false,""outsidePx"":0},{""x"":1418.7,""y"":638.7,""t"":1305,""outside"":false,""outsidePx"":0},{""x"":1425.3,""y"":635.3,""t"":1322,""outside"":false,""outsidePx"":0},{""x"":1434,""y"":632,""t"":1339,""outside"":false,""outsidePx"":0},{""x"":1442.7,""y"":628.7,""t"":1355,""outside"":false,""outsidePx"":0},{""x"":1453.3,""y"":623.3,""t"":1372,""outside"":false,""outsidePx"":0},{""x"":1462,""y"":619.3,""t"":1389,""outside"":false,""outsidePx"":0},{""x"":1472.7,""y"":612.7,""t"":1405,""outside"":false,""outsidePx"":0},{""x"":1486.7,""y"":605.3,""t"":1422,""outside"":false,""outsidePx"":0},{""x"":1498.7,""y"":598.7,""t"":1438,""outside"":false,""outsidePx"":0},{""x"":1512.7,""y"":591.3,""t"":1455,""outside"":false,""outsidePx"":0},{""x"":1525.3,""y"":586.7,""t"":1471,""outside"":false,""outsidePx"":0},{""x"":1536,""y"":581.3,""t"":1488,""outside"":false,""outsidePx"":0},{""x"":1548,""y"":576,""t"":1505,""outside"":false,""outsidePx"":0},{""x"":1558.7,""y"":568.7,""t"":1522,""outside"":false,""outsidePx"":0},{""x"":1567.3,""y"":563.3,""t"":1538,""outside"":false,""outsidePx"":0},{""x"":1578,""y"":558.7,""t"":1555,""outside"":false,""outsidePx"":0},{""x"":1586.7,""y"":554.7,""t"":1571,""outside"":false,""outsidePx"":0},{""x"":1593.3,""y"":549.3,""t"":1588,""outside"":false,""outsidePx"":0},{""x"":1600.7,""y"":546,""t"":1605,""outside"":false,""outsidePx"":0},{""x"":1610.7,""y"":539.3,""t"":1622,""outside"":false,""outsidePx"":0},{""x"":1621.3,""y"":532,""t"":1638,""outside"":false,""outsidePx"":0},{""x"":1634,""y"":526.7,""t"":1655,""outside"":false,""outsidePx"":0},{""x"":1644,""y"":521.3,""t"":1671,""outside"":false,""outsidePx"":0},{""x"":1656.7,""y"":516.7,""t"":1688,""outside"":false,""outsidePx"":0},{""x"":1666.7,""y"":511.3,""t"":1705,""outside"":false,""outsidePx"":0},{""x"":1676,""y"":504,""t"":1722,""outside"":false,""outsidePx"":0},{""x"":1688,""y"":495.3,""t"":1738,""outside"":false,""outsidePx"":0},{""x"":1696.7,""y"":486.7,""t"":1755,""outside"":false,""outsidePx"":0},{""x"":1705.3,""y"":479.3,""t"":1771,""outside"":false,""outsidePx"":0},{""x"":1712.7,""y"":476,""t"":1788,""outside"":false,""outsidePx"":0},{""x"":1714,""y"":474.7,""t"":1805,""outside"":false,""outsidePx"":0}]"
shohei,main,practice,C3,距離大条件,W固定・A長い,35,675,19.286,3,20,80,80,80,2026-09-29T08:06:38.718Z,2026-09-29T08:06:40.446Z,1728,319,1478,1159,true,true,deviation,1702,484.7,1,true,2,200,5.1,false,"[{""startMs"":623,""startX"":1108.7,""startY"":798,""maxOutsidePx"":0.6,""endMs"":640,""endX"":1119.3,""endY"":792.7,""durationMs"":17},{""startMs"":673,""startX"":1138.7,""startY"":778.7,""maxOutsidePx"":5.1,""endMs"":856,""endX"":1238,""endY"":726.7,""durationMs"":183}]","[{""x"":850.7,""y"":964,""t"":0,""outside"":false,""outsidePx"":0},{""x"":851.3,""y"":964,""t"":7,""outside"":false,""outsidePx"":0},{""x"":854.7,""y"":964,""t"":23,""outside"":false,""outsidePx"":0},{""x"":856.7,""y"":964,""t"":40,""outside"":false,""outsidePx"":0},{""x"":860,""y"":962.7,""t"":57,""outside"":false,""outsidePx"":0},{""x"":867.3,""y"":959.3,""t"":73,""outside"":false,""outsidePx"":0},{""x"":876,""y"":955.3,""t"":90,""outside"":false,""outsidePx"":0},{""x"":884.7,""y"":952,""t"":107,""outside"":false,""outsidePx"":0},{""x"":892,""y"":948.7,""t"":124,""outside"":false,""outsidePx"":0},{""x"":898.7,""y"":946.7,""t"":140,""outside"":false,""outsidePx"":0},{""x"":906,""y"":943.3,""t"":157,""outside"":false,""outsidePx"":0},{""x"":914.7,""y"":940,""t"":173,""outside"":false,""outsidePx"":0},{""x"":926.7,""y"":934.7,""t"":190,""outside"":false,""outsidePx"":0},{""x"":937.3,""y"":929.3,""t"":206,""outside"":false,""outsidePx"":0},{""x"":944,""y"":924,""t"":223,""outside"":false,""outsidePx"":0},{""x"":951.3,""y"":918.7,""t"":240,""outside"":false,""outsidePx"":0},{""x"":962,""y"":913.3,""t"":256,""outside"":false,""outsidePx"":0},{""x"":970.7,""y"":910,""t"":273,""outside"":false,""outsidePx"":0},{""x"":979.3,""y"":906.7,""t"":291,""outside"":false,""outsidePx"":0},{""x"":988,""y"":901.3,""t"":307,""outside"":false,""outsidePx"":0},{""x"":994.7,""y"":896,""t"":323,""outside"":false,""outsidePx"":0},{""x"":1000,""y"":892.7,""t"":340,""outside"":false,""outsidePx"":0},{""x"":1005.3,""y"":887.3,""t"":356,""outside"":false,""outsidePx"":0},{""x"":1010.7,""y"":884,""t"":373,""outside"":false,""outsidePx"":0},{""x"":1018,""y"":880.7,""t"":390,""outside"":false,""outsidePx"":0},{""x"":1022.7,""y"":875.3,""t"":407,""outside"":false,""outsidePx"":0},{""x"":1028,""y"":870,""t"":423,""outside"":false,""outsidePx"":0},{""x"":1033.3,""y"":862.7,""t"":440,""outside"":false,""outsidePx"":0},{""x"":1036.7,""y"":859.3,""t"":456,""outside"":false,""outsidePx"":0},{""x"":1040.7,""y"":854,""t"":473,""outside"":false,""outsidePx"":0},{""x"":1046,""y"":848.7,""t"":490,""outside"":false,""outsidePx"":0},{""x"":1049.3,""y"":845.3,""t"":507,""outside"":false,""outsidePx"":0},{""x"":1056,""y"":842,""t"":523,""outside"":false,""outsidePx"":0},{""x"":1063.3,""y"":836.7,""t"":540,""outside"":false,""outsidePx"":0},{""x"":1070,""y"":829.3,""t"":557,""outside"":false,""outsidePx"":0},{""x"":1078.7,""y"":822.7,""t"":573,""outside"":false,""outsidePx"":0},{""x"":1088,""y"":815.3,""t"":590,""outside"":false,""outsidePx"":0},{""x"":1096.7,""y"":806.7,""t"":607,""outside"":false,""outsidePx"":0},{""x"":1108.7,""y"":798,""t"":623,""outside"":true,""outsidePx"":0.6},{""x"":1119.3,""y"":792.7,""t"":640,""outside"":false,""outsidePx"":0},{""x"":1131.3,""y"":786,""t"":656,""outside"":false,""outsidePx"":0},{""x"":1138.7,""y"":778.7,""t"":673,""outside"":true,""outsidePx"":2.4},{""x"":1147.3,""y"":772,""t"":690,""outside"":true,""outsidePx"":3.8},{""x"":1158,""y"":764.7,""t"":707,""outside"":true,""outsidePx"":4.8},{""x"":1166.7,""y"":759.3,""t"":723,""outside"":true,""outsidePx"":5.1},{""x"":1175.3,""y"":756,""t"":740,""outside"":true,""outsidePx"":3.7},{""x"":1182,""y"":752.7,""t"":756,""outside"":true,""outsidePx"":3.2},{""x"":1187.3,""y"":750.7,""t"":773,""outside"":true,""outsidePx"":2.3},{""x"":1194.7,""y"":747.3,""t"":790,""outside"":true,""outsidePx"":1.5},{""x"":1201.3,""y"":742,""t"":807,""outside"":true,""outsidePx"":2.8},{""x"":1212,""y"":736.7,""t"":823,""outside"":true,""outsidePx"":2.1},{""x"":1224,""y"":731.3,""t"":840,""outside"":true,""outsidePx"":0.7},{""x"":1238,""y"":726.7,""t"":856,""outside"":false,""outsidePx"":0},{""x"":1248.7,""y"":722.7,""t"":873,""outside"":false,""outsidePx"":0},{""x"":1259.3,""y"":717.3,""t"":890,""outside"":false,""outsidePx"":0},{""x"":1268,""y"":712.7,""t"":906,""outside"":false,""outsidePx"":0},{""x"":1276.7,""y"":707.3,""t"":923,""outside"":false,""outsidePx"":0},{""x"":1285.3,""y"":702,""t"":940,""outside"":false,""outsidePx"":0},{""x"":1294,""y"":696.7,""t"":956,""outside"":false,""outsidePx"":0},{""x"":1302.7,""y"":694.7,""t"":973,""outside"":false,""outsidePx"":0},{""x"":1310,""y"":691.3,""t"":990,""outside"":false,""outsidePx"":0},{""x"":1316.7,""y"":688,""t"":1006,""outside"":false,""outsidePx"":0},{""x"":1326,""y"":682.7,""t"":1023,""outside"":false,""outsidePx"":0},{""x"":1336,""y"":677.3,""t"":1040,""outside"":false,""outsidePx"":0},{""x"":1343.3,""y"":674,""t"":1056,""outside"":false,""outsidePx"":0},{""x"":1350,""y"":670.7,""t"":1073,""outside"":false,""outsidePx"":0},{""x"":1358.7,""y"":666.7,""t"":1090,""outside"":false,""outsidePx"":0},{""x"":1364,""y"":663.3,""t"":1107,""outside"":false,""outsidePx"":0},{""x"":1371.3,""y"":660,""t"":1124,""outside"":false,""outsidePx"":0},{""x"":1378,""y"":656.7,""t"":1140,""outside"":false,""outsidePx"":0},{""x"":1386.7,""y"":651.3,""t"":1157,""outside"":false,""outsidePx"":0},{""x"":1396,""y"":646,""t"":1173,""outside"":false,""outsidePx"":0},{""x"":1406,""y"":640.7,""t"":1190,""outside"":false,""outsidePx"":0},{""x"":1416.7,""y"":635.3,""t"":1207,""outside"":false,""outsidePx"":0},{""x"":1427.3,""y"":630,""t"":1223,""outside"":false,""outsidePx"":0},{""x"":1439.3,""y"":623.3,""t"":1240,""outside"":false,""outsidePx"":0},{""x"":1452,""y"":618,""t"":1256,""outside"":false,""outsidePx"":0},{""x"":1466,""y"":612.7,""t"":1273,""outside"":false,""outsidePx"":0},{""x"":1478,""y"":607.3,""t"":1290,""outside"":false,""outsidePx"":0},{""x"":1490,""y"":600.7,""t"":1306,""outside"":false,""outsidePx"":0},{""x"":1498.7,""y"":595.3,""t"":1323,""outside"":false,""outsidePx"":0},{""x"":1509.3,""y"":590,""t"":1340,""outside"":false,""outsidePx"":0},{""x"":1520,""y"":584.7,""t"":1357,""outside"":false,""outsidePx"":0},{""x"":1528.7,""y"":579.3,""t"":1373,""outside"":false,""outsidePx"":0},{""x"":1536,""y"":576,""t"":1390,""outside"":false,""outsidePx"":0},{""x"":1542.7,""y"":572.7,""t"":1406,""outside"":false,""outsidePx"":0},{""x"":1550,""y"":568.7,""t"":1423,""outside"":false,""outsidePx"":0},{""x"":1558.7,""y"":563.3,""t"":1440,""outside"":false,""outsidePx"":0},{""x"":1565.3,""y"":560,""t"":1457,""outside"":false,""outsidePx"":0},{""x"":1572.7,""y"":556.7,""t"":1473,""outside"":false,""outsidePx"":0},{""x"":1579.3,""y"":551.3,""t"":1490,""outside"":false,""outsidePx"":0},{""x"":1590,""y"":548,""t"":1506,""outside"":false,""outsidePx"":0},{""x"":1604,""y"":540.7,""t"":1523,""outside"":false,""outsidePx"":0},{""x"":1618,""y"":534,""t"":1540,""outside"":false,""outsidePx"":0},{""x"":1635.3,""y"":526.7,""t"":1556,""outside"":false,""outsidePx"":0},{""x"":1649.3,""y"":520,""t"":1573,""outside"":false,""outsidePx"":0},{""x"":1663.3,""y"":511.3,""t"":1590,""outside"":false,""outsidePx"":0},{""x"":1677.3,""y"":504,""t"":1606,""outside"":false,""outsidePx"":0},{""x"":1688,""y"":497.3,""t"":1623,""outside"":false,""outsidePx"":0},{""x"":1696.7,""y"":490,""t"":1640,""outside"":false,""outsidePx"":0},{""x"":1700,""y"":486.7,""t"":1656,""outside"":false,""outsidePx"":0},{""x"":1702,""y"":484.7,""t"":1673,""outside"":false,""outsidePx"":0}]"
shohei,main,practice,C3,距離大条件,W固定・A長い,35,675,19.286,3,21,81,81,81,2026-09-29T08:06:41.226Z,2026-09-29T08:06:43.365Z,2139,396,1795,1399,true,true,none,1716,479.3,1,false,0,0,0,false,[],"[{""x"":866,""y"":960,""t"":0,""outside"":false,""outsidePx"":0},{""x"":867.3,""y"":959.3,""t"":91,""outside"":false,""outsidePx"":0},{""x"":868.7,""y"":959.3,""t"":100,""outside"":false,""outsidePx"":0},{""x"":874,""y"":955.3,""t"":115,""outside"":false,""outsidePx"":0},{""x"":881.3,""y"":950.7,""t"":132,""outside"":false,""outsidePx"":0},{""x"":892,""y"":945.3,""t"":148,""outside"":false,""outsidePx"":0},{""x"":900.7,""y"":940,""t"":165,""outside"":false,""outsidePx"":0},{""x"":906,""y"":936.7,""t"":182,""outside"":false,""outsidePx"":0},{""x"":912.7,""y"":932.7,""t"":198,""outside"":false,""outsidePx"":0},{""x"":918,""y"":927.3,""t"":215,""outside"":false,""outsidePx"":0},{""x"":923.3,""y"":924,""t"":232,""outside"":false,""outsidePx"":0},{""x"":928.7,""y"":920.7,""t"":248,""outside"":false,""outsidePx"":0},{""x"":935.3,""y"":917.3,""t"":265,""outside"":false,""outsidePx"":0},{""x"":938.7,""y"":913.3,""t"":282,""outside"":false,""outsidePx"":0},{""x"":946,""y"":910,""t"":298,""outside"":false,""outsidePx"":0},{""x"":952.7,""y"":904.7,""t"":315,""outside"":false,""outsidePx"":0},{""x"":960,""y"":901.3,""t"":332,""outside"":false,""outsidePx"":0},{""x"":966.7,""y"":898,""t"":348,""outside"":false,""outsidePx"":0},{""x"":974,""y"":894.7,""t"":365,""outside"":false,""outsidePx"":0},{""x"":980.7,""y"":889.3,""t"":381,""outside"":false,""outsidePx"":0},{""x"":986,""y"":884,""t"":398,""outside"":false,""outsidePx"":0},{""x"":993.3,""y"":878.7,""t"":415,""outside"":false,""outsidePx"":0},{""x"":998.7,""y"":875.3,""t"":432,""outside"":false,""outsidePx"":0},{""x"":1004,""y"":871.3,""t"":448,""outside"":false,""outsidePx"":0},{""x"":1008.7,""y"":868,""t"":465,""outside"":false,""outsidePx"":0},{""x"":1014,""y"":864.7,""t"":481,""outside"":false,""outsidePx"":0},{""x"":1019.3,""y"":859.3,""t"":498,""outside"":false,""outsidePx"":0},{""x"":1022.7,""y"":857.3,""t"":515,""outside"":false,""outsidePx"":0},{""x"":1026.7,""y"":856,""t"":532,""outside"":false,""outsidePx"":0},{""x"":1028,""y"":852.7,""t"":548,""outside"":false,""outsidePx"":0},{""x"":1032,""y"":850.7,""t"":565,""outside"":false,""outsidePx"":0},{""x"":1036.7,""y"":847.3,""t"":581,""outside"":false,""outsidePx"":0},{""x"":1044,""y"":843.3,""t"":598,""outside"":false,""outsidePx"":0},{""x"":1050.7,""y"":838.7,""t"":615,""outside"":false,""outsidePx"":0},{""x"":1056,""y"":834.7,""t"":631,""outside"":false,""outsidePx"":0},{""x"":1061.3,""y"":831.3,""t"":648,""outside"":false,""outsidePx"":0},{""x"":1063.3,""y"":831.3,""t"":665,""outside"":false,""outsidePx"":0},{""x"":1064.7,""y"":829.3,""t"":681,""outside"":false,""outsidePx"":0},{""x"":1068.7,""y"":828,""t"":698,""outside"":false,""outsidePx"":0},{""x"":1074,""y"":826,""t"":715,""outside"":false,""outsidePx"":0},{""x"":1078.7,""y"":824.7,""t"":731,""outside"":false,""outsidePx"":0},{""x"":1084,""y"":820.7,""t"":748,""outside"":false,""outsidePx"":0},{""x"":1091.3,""y"":817.3,""t"":765,""outside"":false,""outsidePx"":0},{""x"":1098,""y"":814,""t"":781,""outside"":false,""outsidePx"":0},{""x"":1106.7,""y"":810.7,""t"":798,""outside"":false,""outsidePx"":0},{""x"":1116,""y"":805.3,""t"":815,""outside"":false,""outsidePx"":0},{""x"":1122.7,""y"":803.3,""t"":832,""outside"":false,""outsidePx"":0},{""x"":1128,""y"":801.3,""t"":848,""outside"":false,""outsidePx"":0},{""x"":1131.3,""y"":798,""t"":865,""outside"":false,""outsidePx"":0},{""x"":1138.7,""y"":794.7,""t"":882,""outside"":false,""outsidePx"":0},{""x"":1145.3,""y"":792.7,""t"":898,""outside"":false,""outsidePx"":0},{""x"":1152.7,""y"":789.3,""t"":915,""outside"":false,""outsidePx"":0},{""x"":1158,""y"":786,""t"":932,""outside"":false,""outsidePx"":0},{""x"":1164.7,""y"":782.7,""t"":949,""outside"":false,""outsidePx"":0},{""x"":1173.3,""y"":777.3,""t"":965,""outside"":false,""outsidePx"":0},{""x"":1182,""y"":772,""t"":981,""outside"":false,""outsidePx"":0},{""x"":1190.7,""y"":766.7,""t"":998,""outside"":false,""outsidePx"":0},{""x"":1200,""y"":763.3,""t"":1015,""outside"":false,""outsidePx"":0},{""x"":1206.7,""y"":758,""t"":1031,""outside"":false,""outsidePx"":0},{""x"":1214,""y"":754.7,""t"":1048,""outside"":false,""outsidePx"":0},{""x"":1220.7,""y"":749.3,""t"":1065,""outside"":false,""outsidePx"":0},{""x"":1226,""y"":745.3,""t"":1082,""outside"":false,""outsidePx"":0},{""x"":1229.3,""y"":744,""t"":1098,""outside"":false,""outsidePx"":0},{""x"":1234.7,""y"":740.7,""t"":1115,""outside"":false,""outsidePx"":0},{""x"":1240,""y"":736.7,""t"":1132,""outside"":false,""outsidePx"":0},{""x"":1243.3,""y"":735.3,""t"":1148,""outside"":false,""outsidePx"":0},{""x"":1248.7,""y"":731.3,""t"":1165,""outside"":false,""outsidePx"":0},{""x"":1256,""y"":728,""t"":1182,""outside"":false,""outsidePx"":0},{""x"":1262.7,""y"":724.7,""t"":1198,""outside"":false,""outsidePx"":0},{""x"":1273.3,""y"":719.3,""t"":1215,""outside"":false,""outsidePx"":0},{""x"":1284,""y"":714,""t"":1232,""outside"":false,""outsidePx"":0},{""x"":1296,""y"":707.3,""t"":1249,""outside"":false,""outsidePx"":0},{""x"":1310,""y"":698.7,""t"":1265,""outside"":false,""outsidePx"":0},{""x"":1324,""y"":689.3,""t"":1281,""outside"":false,""outsidePx"":0},{""x"":1336,""y"":682.7,""t"":1298,""outside"":false,""outsidePx"":0},{""x"":1348.7,""y"":674,""t"":1315,""outside"":false,""outsidePx"":0},{""x"":1357.3,""y"":668.7,""t"":1331,""outside"":false,""outsidePx"":0},{""x"":1364,""y"":663.3,""t"":1348,""outside"":false,""outsidePx"":0},{""x"":1371.3,""y"":658,""t"":1365,""outside"":false,""outsidePx"":0},{""x"":1376.7,""y"":654.7,""t"":1381,""outside"":false,""outsidePx"":0},{""x"":1382,""y"":651.3,""t"":1398,""outside"":false,""outsidePx"":0},{""x"":1386.7,""y"":647.3,""t"":1415,""outside"":false,""outsidePx"":0},{""x"":1392,""y"":646,""t"":1432,""outside"":false,""outsidePx"":0},{""x"":1399.3,""y"":640.7,""t"":1448,""outside"":false,""outsidePx"":0},{""x"":1408,""y"":635.3,""t"":1465,""outside"":false,""outsidePx"":0},{""x"":1418.7,""y"":628.7,""t"":1481,""outside"":false,""outsidePx"":0},{""x"":1428.7,""y"":623.3,""t"":1498,""outside"":false,""outsidePx"":0},{""x"":1436,""y"":618,""t"":1515,""outside"":false,""outsidePx"":0},{""x"":1442.7,""y"":612.7,""t"":1531,""outside"":false,""outsidePx"":0},{""x"":1452,""y"":609.3,""t"":1548,""outside"":false,""outsidePx"":0},{""x"":1458.7,""y"":604,""t"":1565,""outside"":false,""outsidePx"":0},{""x"":1464,""y"":602,""t"":1581,""outside"":false,""outsidePx"":0},{""x"":1470.7,""y"":598.7,""t"":1599,""outside"":false,""outsidePx"":0},{""x"":1478,""y"":595.3,""t"":1615,""outside"":false,""outsidePx"":0},{""x"":1484.7,""y"":593.3,""t"":1631,""outside"":false,""outsidePx"":0},{""x"":1492,""y"":588,""t"":1648,""outside"":false,""outsidePx"":0},{""x"":1502.7,""y"":584.7,""t"":1665,""outside"":false,""outsidePx"":0},{""x"":1511.3,""y"":581.3,""t"":1681,""outside"":false,""outsidePx"":0},{""x"":1520,""y"":577.3,""t"":1698,""outside"":false,""outsidePx"":0},{""x"":1526.7,""y"":572.7,""t"":1715,""outside"":false,""outsidePx"":0},{""x"":1536,""y"":567.3,""t"":1731,""outside"":false,""outsidePx"":0},{""x"":1546,""y"":562,""t"":1748,""outside"":false,""outsidePx"":0},{""x"":1554.7,""y"":556.7,""t"":1765,""outside"":false,""outsidePx"":0},{""x"":1565.3,""y"":551.3,""t"":1781,""outside"":false,""outsidePx"":0},{""x"":1572.7,""y"":549.3,""t"":1798,""outside"":false,""outsidePx"":0},{""x"":1579.3,""y"":544.7,""t"":1815,""outside"":false,""outsidePx"":0},{""x"":1586.7,""y"":540.7,""t"":1831,""outside"":false,""outsidePx"":0},{""x"":1596.7,""y"":535.3,""t"":1848,""outside"":false,""outsidePx"":0},{""x"":1609.3,""y"":530.7,""t"":1865,""outside"":false,""outsidePx"":0},{""x"":1623.3,""y"":525.3,""t"":1881,""outside"":false,""outsidePx"":0},{""x"":1635.3,""y"":520,""t"":1898,""outside"":false,""outsidePx"":0},{""x"":1646,""y"":512.7,""t"":1915,""outside"":false,""outsidePx"":0},{""x"":1656.7,""y"":507.3,""t"":1931,""outside"":false,""outsidePx"":0},{""x"":1666.7,""y"":502.7,""t"":1948,""outside"":false,""outsidePx"":0},{""x"":1676,""y"":497.3,""t"":1965,""outside"":false,""outsidePx"":0},{""x"":1684.7,""y"":493.3,""t"":1981,""outside"":false,""outsidePx"":0},{""x"":1691.3,""y"":490,""t"":1998,""outside"":false,""outsidePx"":0},{""x"":1700,""y"":488.7,""t"":2015,""outside"":false,""outsidePx"":0},{""x"":1705.3,""y"":484.7,""t"":2031,""outside"":false,""outsidePx"":0},{""x"":1710.7,""y"":483.3,""t"":2048,""outside"":false,""outsidePx"":0},{""x"":1712.7,""y"":481.3,""t"":2065,""outside"":false,""outsidePx"":0},{""x"":1716,""y"":479.3,""t"":2082,""outside"":false,""outsidePx"":0}]"
shohei,main,practice,C3,距離大条件,W固定・A長い,35,675,19.286,3,22,82,82,82,2026-09-29T08:06:44.258Z,2026-09-29T08:06:46.192Z,1934,242,1427,1185,true,true,none,1704,470.7,1,false,0,0,0,false,[],"[{""x"":876.7,""y"":950,""t"":0,""outside"":false,""outsidePx"":0},{""x"":878,""y"":950,""t"":93,""outside"":false,""outsidePx"":0},{""x"":879.3,""y"":950,""t"":105,""outside"":false,""outsidePx"":0},{""x"":881.3,""y"":950,""t"":115,""outside"":false,""outsidePx"":0},{""x"":888,""y"":948.7,""t"":132,""outside"":false,""outsidePx"":0},{""x"":896.7,""y"":943.3,""t"":148,""outside"":false,""outsidePx"":0},{""x"":907.3,""y"":938,""t"":165,""outside"":false,""outsidePx"":0},{""x"":921.3,""y"":932.7,""t"":182,""outside"":false,""outsidePx"":0},{""x"":937.3,""y"":924,""t"":199,""outside"":false,""outsidePx"":0},{""x"":954.7,""y"":915.3,""t"":215,""outside"":false,""outsidePx"":0},{""x"":979.3,""y"":906.7,""t"":232,""outside"":false,""outsidePx"":0},{""x"":1004,""y"":896,""t"":248,""outside"":false,""outsidePx"":0},{""x"":1021.3,""y"":887.3,""t"":265,""outside"":false,""outsidePx"":0},{""x"":1035.3,""y"":876.7,""t"":281,""outside"":false,""outsidePx"":0},{""x"":1047.3,""y"":870,""t"":298,""outside"":false,""outsidePx"":0},{""x"":1058,""y"":862.7,""t"":315,""outside"":false,""outsidePx"":0},{""x"":1070,""y"":856,""t"":332,""outside"":false,""outsidePx"":0},{""x"":1082.7,""y"":847.3,""t"":348,""outside"":false,""outsidePx"":0},{""x"":1096.7,""y"":838.7,""t"":365,""outside"":false,""outsidePx"":0},{""x"":1112,""y"":829.3,""t"":381,""outside"":false,""outsidePx"":0},{""x"":1126,""y"":820.7,""t"":398,""outside"":false,""outsidePx"":0},{""x"":1138.7,""y"":814,""t"":415,""outside"":false,""outsidePx"":0},{""x"":1147.3,""y"":808.7,""t"":432,""outside"":false,""outsidePx"":0},{""x"":1152.7,""y"":803.3,""t"":448,""outside"":false,""outsidePx"":0},{""x"":1158,""y"":798,""t"":465,""outside"":false,""outsidePx"":0},{""x"":1164.7,""y"":792.7,""t"":482,""outside"":false,""outsidePx"":0},{""x"":1172,""y"":787.3,""t"":498,""outside"":false,""outsidePx"":0},{""x"":1180.7,""y"":784,""t"":515,""outside"":false,""outsidePx"":0},{""x"":1187.3,""y"":782.7,""t"":532,""outside"":false,""outsidePx"":0},{""x"":1196,""y"":777.3,""t"":548,""outside"":false,""outsidePx"":0},{""x"":1204.7,""y"":772,""t"":565,""outside"":false,""outsidePx"":0},{""x"":1214,""y"":764.7,""t"":582,""outside"":false,""outsidePx"":0},{""x"":1222.7,""y"":759.3,""t"":598,""outside"":false,""outsidePx"":0},{""x"":1229.3,""y"":752.7,""t"":615,""outside"":false,""outsidePx"":0},{""x"":1236.7,""y"":749.3,""t"":632,""outside"":false,""outsidePx"":0},{""x"":1242,""y"":745.3,""t"":648,""outside"":false,""outsidePx"":0},{""x"":1246.7,""y"":742,""t"":665,""outside"":false,""outsidePx"":0},{""x"":1250.7,""y"":740.7,""t"":681,""outside"":false,""outsidePx"":0},{""x"":1256,""y"":736.7,""t"":698,""outside"":false,""outsidePx"":0},{""x"":1260.7,""y"":733.3,""t"":715,""outside"":false,""outsidePx"":0},{""x"":1266,""y"":730,""t"":732,""outside"":false,""outsidePx"":0},{""x"":1273.3,""y"":726.7,""t"":748,""outside"":false,""outsidePx"":0},{""x"":1282,""y"":719.3,""t"":765,""outside"":false,""outsidePx"":0},{""x"":1290.7,""y"":714,""t"":782,""outside"":false,""outsidePx"":0},{""x"":1299.3,""y"":708.7,""t"":799,""outside"":false,""outsidePx"":0},{""x"":1308,""y"":705.3,""t"":815,""outside"":false,""outsidePx"":0},{""x"":1316.7,""y"":700,""t"":832,""outside"":false,""outsidePx"":0},{""x"":1326,""y"":694.7,""t"":848,""outside"":false,""outsidePx"":0},{""x"":1336,""y"":689.3,""t"":865,""outside"":false,""outsidePx"":0},{""x"":1344.7,""y"":682.7,""t"":882,""outside"":false,""outsidePx"":0},{""x"":1354,""y"":675.3,""t"":898,""outside"":false,""outsidePx"":0},{""x"":1362.7,""y"":670.7,""t"":915,""outside"":false,""outsidePx"":0},{""x"":1371.3,""y"":666.7,""t"":931,""outside"":false,""outsidePx"":0},{""x"":1378,""y"":661.3,""t"":948,""outside"":false,""outsidePx"":0},{""x"":1385.3,""y"":656.7,""t"":965,""outside"":false,""outsidePx"":0},{""x"":1394,""y"":651.3,""t"":981,""outside"":false,""outsidePx"":0},{""x"":1399.3,""y"":647.3,""t"":998,""outside"":false,""outsidePx"":0},{""x"":1406,""y"":642.7,""t"":1015,""outside"":false,""outsidePx"":0},{""x"":1411.3,""y"":640.7,""t"":1032,""outside"":false,""outsidePx"":0},{""x"":1416.7,""y"":635.3,""t"":1048,""outside"":false,""outsidePx"":0},{""x"":1425.3,""y"":630,""t"":1065,""outside"":false,""outsidePx"":0},{""x"":1432.7,""y"":626.7,""t"":1082,""outside"":false,""outsidePx"":0},{""x"":1439.3,""y"":623.3,""t"":1098,""outside"":false,""outsidePx"":0},{""x"":1444.7,""y"":619.3,""t"":1115,""outside"":false,""outsidePx"":0},{""x"":1450,""y"":618,""t"":1132,""outside"":false,""outsidePx"":0},{""x"":1455.3,""y"":614.7,""t"":1148,""outside"":false,""outsidePx"":0},{""x"":1460.7,""y"":612.7,""t"":1165,""outside"":false,""outsidePx"":0},{""x"":1466,""y"":610.7,""t"":1182,""outside"":false,""outsidePx"":0},{""x"":1470.7,""y"":607.3,""t"":1198,""outside"":false,""outsidePx"":0},{""x"":1476,""y"":604,""t"":1215,""outside"":false,""outsidePx"":0},{""x"":1484.7,""y"":598.7,""t"":1231,""outside"":false,""outsidePx"":0},{""x"":1495.3,""y"":591.3,""t"":1248,""outside"":false,""outsidePx"":0},{""x"":1506,""y"":586.7,""t"":1265,""outside"":false,""outsidePx"":0},{""x"":1514.7,""y"":582.7,""t"":1281,""outside"":false,""outsidePx"":0},{""x"":1520,""y"":579.3,""t"":1298,""outside"":false,""outsidePx"":0},{""x"":1523.3,""y"":577.3,""t"":1315,""outside"":false,""outsidePx"":0},{""x"":1525.3,""y"":576,""t"":1331,""outside"":false,""outsidePx"":0},{""x"":1530.7,""y"":574,""t"":1348,""outside"":false,""outsidePx"":0},{""x"":1536,""y"":570.7,""t"":1365,""outside"":false,""outsidePx"":0},{""x"":1544.7,""y"":567.3,""t"":1382,""outside"":false,""outsidePx"":0},{""x"":1553.3,""y"":562,""t"":1398,""outside"":false,""outsidePx"":0},{""x"":1564,""y"":556.7,""t"":1415,""outside"":false,""outsidePx"":0},{""x"":1576,""y"":549.3,""t"":1432,""outside"":false,""outsidePx"":0},{""x"":1586.7,""y"":542.7,""t"":1448,""outside"":false,""outsidePx"":0},{""x"":1596.7,""y"":535.3,""t"":1465,""outside"":false,""outsidePx"":0},{""x"":1609.3,""y"":528.7,""t"":1482,""outside"":false,""outsidePx"":0},{""x"":1621.3,""y"":520,""t"":1498,""outside"":false,""outsidePx"":0},{""x"":1630,""y"":514.7,""t"":1516,""outside"":false,""outsidePx"":0},{""x"":1637.3,""y"":509.3,""t"":1532,""outside"":false,""outsidePx"":0},{""x"":1642.7,""y"":507.3,""t"":1548,""outside"":false,""outsidePx"":0},{""x"":1646,""y"":504,""t"":1565,""outside"":false,""outsidePx"":0},{""x"":1648,""y"":502.7,""t"":1582,""outside"":false,""outsidePx"":0},{""x"":1649.3,""y"":502.7,""t"":1598,""outside"":false,""outsidePx"":0},{""x"":1651.3,""y"":500.7,""t"":1615,""outside"":false,""outsidePx"":0},{""x"":1654.7,""y"":498.7,""t"":1631,""outside"":false,""outsidePx"":0},{""x"":1656.7,""y"":498.7,""t"":1648,""outside"":false,""outsidePx"":0},{""x"":1658,""y"":497.3,""t"":1665,""outside"":false,""outsidePx"":0},{""x"":1660,""y"":497.3,""t"":1683,""outside"":false,""outsidePx"":0},{""x"":1662,""y"":495.3,""t"":1699,""outside"":false,""outsidePx"":0},{""x"":1665.3,""y"":492,""t"":1715,""outside"":false,""outsidePx"":0},{""x"":1668.7,""y"":490,""t"":1732,""outside"":false,""outsidePx"":0},{""x"":1672,""y"":488.7,""t"":1748,""outside"":false,""outsidePx"":0},{""x"":1674,""y"":488.7,""t"":1802,""outside"":false,""outsidePx"":0},{""x"":1676,""y"":486.7,""t"":1815,""outside"":false,""outsidePx"":0},{""x"":1680.7,""y"":483.3,""t"":1831,""outside"":false,""outsidePx"":0},{""x"":1690,""y"":479.3,""t"":1848,""outside"":false,""outsidePx"":0},{""x"":1696.7,""y"":474.7,""t"":1865,""outside"":false,""outsidePx"":0},{""x"":1702,""y"":472.7,""t"":1882,""outside"":false,""outsidePx"":0},{""x"":1704,""y"":470.7,""t"":1898,""outside"":false,""outsidePx"":0}]"
shohei,main,practice,C3,距離大条件,W固定・A長い,35,675,19.286,3,23,83,83,83,2026-09-29T08:06:47.017Z,2026-09-29T08:06:48.889Z,1873,569,1528,959,true,true,none,1749.3,444.7,1,false,0,0,0,false,[],"[{""x"":846,""y"":954,""t"":0,""outside"":false,""outsidePx"":0},{""x"":848,""y"":954,""t"":129,""outside"":false,""outsidePx"":0},{""x"":850,""y"":952,""t"":140,""outside"":false,""outsidePx"":0},{""x"":858.7,""y"":950.7,""t"":156,""outside"":false,""outsidePx"":0},{""x"":864,""y"":948.7,""t"":173,""outside"":false,""outsidePx"":0},{""x"":868.7,""y"":946.7,""t"":190,""outside"":false,""outsidePx"":0},{""x"":872.7,""y"":945.3,""t"":206,""outside"":false,""outsidePx"":0},{""x"":878,""y"":941.3,""t"":223,""outside"":false,""outsidePx"":0},{""x"":881.3,""y"":940,""t"":240,""outside"":false,""outsidePx"":0},{""x"":882.7,""y"":938,""t"":256,""outside"":false,""outsidePx"":0},{""x"":884.7,""y"":938,""t"":356,""outside"":false,""outsidePx"":0},{""x"":886.7,""y"":938,""t"":390,""outside"":false,""outsidePx"":0},{""x"":890,""y"":936.7,""t"":406,""outside"":false,""outsidePx"":0},{""x"":892,""y"":936.7,""t"":423,""outside"":false,""outsidePx"":0},{""x"":898.7,""y"":932.7,""t"":440,""outside"":false,""outsidePx"":0},{""x"":907.3,""y"":927.3,""t"":456,""outside"":false,""outsidePx"":0},{""x"":920,""y"":922.7,""t"":473,""outside"":false,""outsidePx"":0},{""x"":932,""y"":918.7,""t"":490,""outside"":false,""outsidePx"":0},{""x"":946,""y"":913.3,""t"":506,""outside"":false,""outsidePx"":0},{""x"":958,""y"":910,""t"":523,""outside"":false,""outsidePx"":0},{""x"":972,""y"":906.7,""t"":540,""outside"":false,""outsidePx"":0},{""x"":984.7,""y"":901.3,""t"":556,""outside"":false,""outsidePx"":0},{""x"":994.7,""y"":896,""t"":573,""outside"":false,""outsidePx"":0},{""x"":1007.3,""y"":890.7,""t"":590,""outside"":false,""outsidePx"":0},{""x"":1018,""y"":885.3,""t"":606,""outside"":false,""outsidePx"":0},{""x"":1030,""y"":880.7,""t"":623,""outside"":false,""outsidePx"":0},{""x"":1042,""y"":875.3,""t"":640,""outside"":false,""outsidePx"":0},{""x"":1054.7,""y"":870,""t"":656,""outside"":false,""outsidePx"":0},{""x"":1064.7,""y"":862.7,""t"":673,""outside"":false,""outsidePx"":0},{""x"":1075.3,""y"":857.3,""t"":690,""outside"":false,""outsidePx"":0},{""x"":1082.7,""y"":852.7,""t"":706,""outside"":false,""outsidePx"":0},{""x"":1089.3,""y"":847.3,""t"":723,""outside"":false,""outsidePx"":0},{""x"":1098,""y"":842,""t"":740,""outside"":false,""outsidePx"":0},{""x"":1106.7,""y"":834.7,""t"":756,""outside"":false,""outsidePx"":0},{""x"":1119.3,""y"":828,""t"":773,""outside"":false,""outsidePx"":0},{""x"":1130,""y"":822.7,""t"":790,""outside"":false,""outsidePx"":0},{""x"":1142,""y"":815.3,""t"":806,""outside"":false,""outsidePx"":0},{""x"":1156,""y"":808.7,""t"":823,""outside"":false,""outsidePx"":0},{""x"":1168,""y"":800,""t"":839,""outside"":false,""outsidePx"":0},{""x"":1180.7,""y"":791.3,""t"":856,""outside"":false,""outsidePx"":0},{""x"":1194.7,""y"":780.7,""t"":873,""outside"":false,""outsidePx"":0},{""x"":1208.7,""y"":772,""t"":890,""outside"":false,""outsidePx"":0},{""x"":1222.7,""y"":763.3,""t"":906,""outside"":false,""outsidePx"":0},{""x"":1232.7,""y"":754.7,""t"":923,""outside"":false,""outsidePx"":0},{""x"":1242,""y"":749.3,""t"":940,""outside"":false,""outsidePx"":0},{""x"":1246.7,""y"":745.3,""t"":956,""outside"":false,""outsidePx"":0},{""x"":1252,""y"":740.7,""t"":973,""outside"":false,""outsidePx"":0},{""x"":1257.3,""y"":736.7,""t"":990,""outside"":false,""outsidePx"":0},{""x"":1264.7,""y"":735.3,""t"":1006,""outside"":false,""outsidePx"":0},{""x"":1270,""y"":733.3,""t"":1023,""outside"":false,""outsidePx"":0},{""x"":1276.7,""y"":730,""t"":1040,""outside"":false,""outsidePx"":0},{""x"":1282,""y"":728,""t"":1056,""outside"":false,""outsidePx"":0},{""x"":1288.7,""y"":722.7,""t"":1073,""outside"":false,""outsidePx"":0},{""x"":1298,""y"":719.3,""t"":1090,""outside"":false,""outsidePx"":0},{""x"":1308,""y"":714,""t"":1107,""outside"":false,""outsidePx"":0},{""x"":1316.7,""y"":710.7,""t"":1123,""outside"":false,""outsidePx"":0},{""x"":1324,""y"":707.3,""t"":1140,""outside"":false,""outsidePx"":0},{""x"":1334.7,""y"":702,""t"":1156,""outside"":false,""outsidePx"":0},{""x"":1346.7,""y"":696.7,""t"":1173,""outside"":false,""outsidePx"":0},{""x"":1360.7,""y"":689.3,""t"":1189,""outside"":false,""outsidePx"":0},{""x"":1376.7,""y"":680.7,""t"":1206,""outside"":false,""outsidePx"":0},{""x"":1390.7,""y"":672,""t"":1223,""outside"":false,""outsidePx"":0},{""x"":1402.7,""y"":666.7,""t"":1239,""outside"":false,""outsidePx"":0},{""x"":1413.3,""y"":660,""t"":1256,""outside"":false,""outsidePx"":0},{""x"":1424,""y"":654.7,""t"":1273,""outside"":false,""outsidePx"":0},{""x"":1432.7,""y"":649.3,""t"":1289,""outside"":false,""outsidePx"":0},{""x"":1439.3,""y"":646,""t"":1306,""outside"":false,""outsidePx"":0},{""x"":1446.7,""y"":642.7,""t"":1323,""outside"":false,""outsidePx"":0},{""x"":1455.3,""y"":637.3,""t"":1339,""outside"":false,""outsidePx"":0},{""x"":1466,""y"":630,""t"":1356,""outside"":false,""outsidePx"":0},{""x"":1476,""y"":623.3,""t"":1373,""outside"":false,""outsidePx"":0},{""x"":1484.7,""y"":618,""t"":1389,""outside"":false,""outsidePx"":0},{""x"":1495.3,""y"":610.7,""t"":1406,""outside"":false,""outsidePx"":0},{""x"":1504,""y"":605.3,""t"":1423,""outside"":false,""outsidePx"":0},{""x"":1511.3,""y"":598.7,""t"":1440,""outside"":false,""outsidePx"":0},{""x"":1522,""y"":591.3,""t"":1456,""outside"":false,""outsidePx"":0},{""x"":1532,""y"":582.7,""t"":1473,""outside"":false,""outsidePx"":0},{""x"":1544.7,""y"":576,""t"":1489,""outside"":false,""outsidePx"":0},{""x"":1558.7,""y"":567.3,""t"":1506,""outside"":false,""outsidePx"":0},{""x"":1570.7,""y"":558.7,""t"":1523,""outside"":false,""outsidePx"":0},{""x"":1582.7,""y"":548,""t"":1540,""outside"":false,""outsidePx"":0},{""x"":1593.3,""y"":539.3,""t"":1556,""outside"":false,""outsidePx"":0},{""x"":1606,""y"":530.7,""t"":1573,""outside"":false,""outsidePx"":0},{""x"":1618,""y"":521.3,""t"":1589,""outside"":false,""outsidePx"":0},{""x"":1628.7,""y"":514.7,""t"":1606,""outside"":false,""outsidePx"":0},{""x"":1638.7,""y"":507.3,""t"":1623,""outside"":false,""outsidePx"":0},{""x"":1651.3,""y"":498.7,""t"":1639,""outside"":false,""outsidePx"":0},{""x"":1660,""y"":493.3,""t"":1656,""outside"":false,""outsidePx"":0},{""x"":1670.7,""y"":486.7,""t"":1673,""outside"":false,""outsidePx"":0},{""x"":1680.7,""y"":481.3,""t"":1690,""outside"":false,""outsidePx"":0},{""x"":1691.3,""y"":478,""t"":1706,""outside"":false,""outsidePx"":0},{""x"":1700,""y"":474.7,""t"":1723,""outside"":false,""outsidePx"":0},{""x"":1708.7,""y"":470.7,""t"":1739,""outside"":false,""outsidePx"":0},{""x"":1719.3,""y"":464,""t"":1756,""outside"":false,""outsidePx"":0},{""x"":1732,""y"":455.3,""t"":1773,""outside"":false,""outsidePx"":0},{""x"":1740.7,""y"":448,""t"":1789,""outside"":false,""outsidePx"":0},{""x"":1747.3,""y"":444.7,""t"":1806,""outside"":false,""outsidePx"":0},{""x"":1749.3,""y"":444.7,""t"":1823,""outside"":false,""outsidePx"":0}]"
shohei,main,practice,C3,距離大条件,W固定・A長い,35,675,19.286,3,24,84,84,84,2026-09-29T08:06:49.680Z,2026-09-29T08:06:51.958Z,2278,492,1944,1452,true,true,deviation,1721.3,462,1,true,2,216,1.9,false,"[{""startMs"":1042,""startX"":1231.3,""startY"":768.7,""maxOutsidePx"":0.3,""endMs"":1059,""endX"":1236.7,""endY"":764.7,""durationMs"":17},{""startMs"":1126,""startX"":1257.3,""startY"":754.7,""maxOutsidePx"":1.9,""endMs"":1325,""endX"":1310,""endY"":721.3,""durationMs"":199}]","[{""x"":850.7,""y"":960,""t"":0,""outside"":false,""outsidePx"":0},{""x"":851.3,""y"":960,""t"":65,""outside"":false,""outsidePx"":0},{""x"":853.3,""y"":960,""t"":76,""outside"":false,""outsidePx"":0},{""x"":858.7,""y"":959.3,""t"":92,""outside"":false,""outsidePx"":0},{""x"":864,""y"":957.3,""t"":109,""outside"":false,""outsidePx"":0},{""x"":868.7,""y"":955.3,""t"":125,""outside"":false,""outsidePx"":0},{""x"":872.7,""y"":952,""t"":142,""outside"":false,""outsidePx"":0},{""x"":876,""y"":950.7,""t"":159,""outside"":false,""outsidePx"":0},{""x"":881.3,""y"":948.7,""t"":176,""outside"":false,""outsidePx"":0},{""x"":886.7,""y"":946.7,""t"":192,""outside"":false,""outsidePx"":0},{""x"":895.3,""y"":941.3,""t"":209,""outside"":false,""outsidePx"":0},{""x"":904,""y"":938,""t"":225,""outside"":false,""outsidePx"":0},{""x"":910.7,""y"":932.7,""t"":242,""outside"":false,""outsidePx"":0},{""x"":914.7,""y"":929.3,""t"":259,""outside"":false,""outsidePx"":0},{""x"":918,""y"":926,""t"":275,""outside"":false,""outsidePx"":0},{""x"":923.3,""y"":920.7,""t"":292,""outside"":false,""outsidePx"":0},{""x"":930,""y"":917.3,""t"":309,""outside"":false,""outsidePx"":0},{""x"":935.3,""y"":913.3,""t"":325,""outside"":false,""outsidePx"":0},{""x"":940.7,""y"":912,""t"":342,""outside"":false,""outsidePx"":0},{""x"":944,""y"":908.7,""t"":359,""outside"":false,""outsidePx"":0},{""x"":948,""y"":906.7,""t"":375,""outside"":false,""outsidePx"":0},{""x"":951.3,""y"":904.7,""t"":392,""outside"":false,""outsidePx"":0},{""x"":954.7,""y"":903.3,""t"":409,""outside"":false,""outsidePx"":0},{""x"":962,""y"":898,""t"":425,""outside"":false,""outsidePx"":0},{""x"":968.7,""y"":894.7,""t"":442,""outside"":false,""outsidePx"":0},{""x"":976,""y"":890.7,""t"":459,""outside"":false,""outsidePx"":0},{""x"":980.7,""y"":887.3,""t"":475,""outside"":false,""outsidePx"":0},{""x"":986,""y"":885.3,""t"":492,""outside"":false,""outsidePx"":0},{""x"":990,""y"":884,""t"":509,""outside"":false,""outsidePx"":0},{""x"":994.7,""y"":880.7,""t"":526,""outside"":false,""outsidePx"":0},{""x"":1002,""y"":876.7,""t"":542,""outside"":false,""outsidePx"":0},{""x"":1010.7,""y"":871.3,""t"":559,""outside"":false,""outsidePx"":0},{""x"":1019.3,""y"":868,""t"":575,""outside"":false,""outsidePx"":0},{""x"":1028,""y"":864.7,""t"":592,""outside"":false,""outsidePx"":0},{""x"":1033.3,""y"":862.7,""t"":609,""outside"":false,""outsidePx"":0},{""x"":1038.7,""y"":859.3,""t"":625,""outside"":false,""outsidePx"":0},{""x"":1044,""y"":857.3,""t"":642,""outside"":false,""outsidePx"":0},{""x"":1049.3,""y"":854,""t"":658,""outside"":false,""outsidePx"":0},{""x"":1056,""y"":852.7,""t"":676,""outside"":false,""outsidePx"":0},{""x"":1064.7,""y"":848.7,""t"":692,""outside"":false,""outsidePx"":0},{""x"":1072,""y"":847.3,""t"":709,""outside"":false,""outsidePx"":0},{""x"":1080.7,""y"":842,""t"":725,""outside"":false,""outsidePx"":0},{""x"":1091.3,""y"":838.7,""t"":742,""outside"":false,""outsidePx"":0},{""x"":1100,""y"":834.7,""t"":759,""outside"":false,""outsidePx"":0},{""x"":1108.7,""y"":831.3,""t"":775,""outside"":false,""outsidePx"":0},{""x"":1116,""y"":826,""t"":792,""outside"":false,""outsidePx"":0},{""x"":1124.7,""y"":820.7,""t"":809,""outside"":false,""outsidePx"":0},{""x"":1133.3,""y"":815.3,""t"":825,""outside"":false,""outsidePx"":0},{""x"":1140,""y"":810.7,""t"":842,""outside"":false,""outsidePx"":0},{""x"":1147.3,""y"":806.7,""t"":859,""outside"":false,""outsidePx"":0},{""x"":1154,""y"":805.3,""t"":875,""outside"":false,""outsidePx"":0},{""x"":1159.3,""y"":801.3,""t"":892,""outside"":false,""outsidePx"":0},{""x"":1166.7,""y"":798,""t"":908,""outside"":false,""outsidePx"":0},{""x"":1176.7,""y"":792.7,""t"":925,""outside"":false,""outsidePx"":0},{""x"":1187.3,""y"":787.3,""t"":942,""outside"":false,""outsidePx"":0},{""x"":1196,""y"":784,""t"":959,""outside"":false,""outsidePx"":0},{""x"":1204.7,""y"":780.7,""t"":975,""outside"":false,""outsidePx"":0},{""x"":1212,""y"":777.3,""t"":992,""outside"":false,""outsidePx"":0},{""x"":1217.3,""y"":775.3,""t"":1009,""outside"":false,""outsidePx"":0},{""x"":1224,""y"":772,""t"":1026,""outside"":false,""outsidePx"":0},{""x"":1231.3,""y"":768.7,""t"":1042,""outside"":true,""outsidePx"":0.3},{""x"":1236.7,""y"":764.7,""t"":1059,""outside"":false,""outsidePx"":0},{""x"":1242,""y"":761.3,""t"":1075,""outside"":false,""outsidePx"":0},{""x"":1246.7,""y"":759.3,""t"":1092,""outside"":false,""outsidePx"":0},{""x"":1252,""y"":756,""t"":1109,""outside"":false,""outsidePx"":0},{""x"":1257.3,""y"":754.7,""t"":1126,""outside"":true,""outsidePx"":1.2},{""x"":1260.7,""y"":752.7,""t"":1142,""outside"":true,""outsidePx"":1.1},{""x"":1264.7,""y"":750.7,""t"":1158,""outside"":true,""outsidePx"":1.4},{""x"":1268,""y"":749.3,""t"":1175,""outside"":true,""outsidePx"":1.9},{""x"":1271.3,""y"":747.3,""t"":1192,""outside"":true,""outsidePx"":1.8},{""x"":1276.7,""y"":744,""t"":1209,""outside"":true,""outsidePx"":1.6},{""x"":1280,""y"":740.7,""t"":1225,""outside"":true,""outsidePx"":0.4},{""x"":1285.3,""y"":738.7,""t"":1242,""outside"":true,""outsidePx"":1.3},{""x"":1288.7,""y"":735.3,""t"":1258,""outside"":true,""outsidePx"":0.1},{""x"":1294,""y"":733.3,""t"":1275,""outside"":true,""outsidePx"":1},{""x"":1299.3,""y"":730,""t"":1292,""outside"":true,""outsidePx"":0.8},{""x"":1304.7,""y"":726.7,""t"":1309,""outside"":true,""outsidePx"":0.6},{""x"":1310,""y"":721.3,""t"":1325,""outside"":false,""outsidePx"":0},{""x"":1315.3,""y"":719.3,""t"":1342,""outside"":false,""outsidePx"":0},{""x"":1320.7,""y"":714,""t"":1359,""outside"":false,""outsidePx"":0},{""x"":1324,""y"":712.7,""t"":1375,""outside"":false,""outsidePx"":0},{""x"":1329.3,""y"":708.7,""t"":1392,""outside"":false,""outsidePx"":0},{""x"":1336,""y"":703.3,""t"":1409,""outside"":false,""outsidePx"":0},{""x"":1343.3,""y"":698.7,""t"":1425,""outside"":false,""outsidePx"":0},{""x"":1352,""y"":691.3,""t"":1442,""outside"":false,""outsidePx"":0},{""x"":1358.7,""y"":686,""t"":1458,""outside"":false,""outsidePx"":0},{""x"":1364,""y"":680.7,""t"":1475,""outside"":false,""outsidePx"":0},{""x"":1371.3,""y"":677.3,""t"":1492,""outside"":false,""outsidePx"":0},{""x"":1376.7,""y"":674,""t"":1509,""outside"":false,""outsidePx"":0},{""x"":1382,""y"":670.7,""t"":1525,""outside"":false,""outsidePx"":0},{""x"":1386.7,""y"":666.7,""t"":1542,""outside"":false,""outsidePx"":0},{""x"":1394,""y"":661.3,""t"":1558,""outside"":false,""outsidePx"":0},{""x"":1400.7,""y"":656.7,""t"":1575,""outside"":false,""outsidePx"":0},{""x"":1408,""y"":652.7,""t"":1592,""outside"":false,""outsidePx"":0},{""x"":1413.3,""y"":649.3,""t"":1609,""outside"":false,""outsidePx"":0},{""x"":1422,""y"":644,""t"":1625,""outside"":false,""outsidePx"":0},{""x"":1428.7,""y"":638.7,""t"":1642,""outside"":false,""outsidePx"":0},{""x"":1436,""y"":635.3,""t"":1659,""outside"":false,""outsidePx"":0},{""x"":1442.7,""y"":630,""t"":1675,""outside"":false,""outsidePx"":0},{""x"":1450,""y"":626.7,""t"":1692,""outside"":false,""outsidePx"":0},{""x"":1455.3,""y"":623.3,""t"":1709,""outside"":false,""outsidePx"":0},{""x"":1464,""y"":619.3,""t"":1725,""outside"":false,""outsidePx"":0},{""x"":1470.7,""y"":614.7,""t"":1742,""outside"":false,""outsidePx"":0},{""x"":1476,""y"":610.7,""t"":1759,""outside"":false,""outsidePx"":0},{""x"":1484.7,""y"":605.3,""t"":1775,""outside"":false,""outsidePx"":0},{""x"":1494,""y"":598.7,""t"":1792,""outside"":false,""outsidePx"":0},{""x"":1502.7,""y"":593.3,""t"":1808,""outside"":false,""outsidePx"":0},{""x"":1509.3,""y"":590,""t"":1825,""outside"":false,""outsidePx"":0},{""x"":1518,""y"":584.7,""t"":1842,""outside"":false,""outsidePx"":0},{""x"":1525.3,""y"":581.3,""t"":1858,""outside"":false,""outsidePx"":0},{""x"":1536,""y"":576,""t"":1875,""outside"":false,""outsidePx"":0},{""x"":1542.7,""y"":570.7,""t"":1892,""outside"":false,""outsidePx"":0},{""x"":1550,""y"":565.3,""t"":1908,""outside"":false,""outsidePx"":0},{""x"":1558.7,""y"":560,""t"":1925,""outside"":false,""outsidePx"":0},{""x"":1570.7,""y"":553.3,""t"":1942,""outside"":false,""outsidePx"":0},{""x"":1584.7,""y"":548,""t"":1958,""outside"":false,""outsidePx"":0},{""x"":1600.7,""y"":540.7,""t"":1975,""outside"":false,""outsidePx"":0},{""x"":1614.7,""y"":532,""t"":1992,""outside"":false,""outsidePx"":0},{""x"":1626.7,""y"":526.7,""t"":2008,""outside"":false,""outsidePx"":0},{""x"":1637.3,""y"":518,""t"":2025,""outside"":false,""outsidePx"":0},{""x"":1648,""y"":511.3,""t"":2042,""outside"":false,""outsidePx"":0},{""x"":1660,""y"":502.7,""t"":2059,""outside"":false,""outsidePx"":0},{""x"":1670.7,""y"":497.3,""t"":2075,""outside"":false,""outsidePx"":0},{""x"":1677.3,""y"":493.3,""t"":2092,""outside"":false,""outsidePx"":0},{""x"":1684.7,""y"":490,""t"":2108,""outside"":false,""outsidePx"":0},{""x"":1688,""y"":486.7,""t"":2125,""outside"":false,""outsidePx"":0},{""x"":1693.3,""y"":483.3,""t"":2142,""outside"":false,""outsidePx"":0},{""x"":1696.7,""y"":479.3,""t"":2158,""outside"":false,""outsidePx"":0},{""x"":1704,""y"":474.7,""t"":2175,""outside"":false,""outsidePx"":0},{""x"":1708.7,""y"":470.7,""t"":2192,""outside"":false,""outsidePx"":0},{""x"":1716,""y"":465.3,""t"":2209,""outside"":false,""outsidePx"":0},{""x"":1721.3,""y"":462,""t"":2225,""outside"":false,""outsidePx"":0}]"
shohei,main,practice,C3,距離大条件,W固定・A長い,35,675,19.286,3,25,85,85,85,2026-09-29T08:06:52.670Z,2026-09-29T08:06:54.715Z,2046,418,1696,1278,true,true,none,1724.7,465.3,1,false,0,0,0,false,[],"[{""x"":855.3,""y"":962,""t"":0,""outside"":false,""outsidePx"":0},{""x"":856.7,""y"":962,""t"":60,""outside"":false,""outsidePx"":0},{""x"":858.7,""y"":960.7,""t"":71,""outside"":false,""outsidePx"":0},{""x"":865.3,""y"":955.3,""t"":86,""outside"":false,""outsidePx"":0},{""x"":872.7,""y"":952,""t"":102,""outside"":false,""outsidePx"":0},{""x"":878,""y"":948.7,""t"":119,""outside"":false,""outsidePx"":0},{""x"":884.7,""y"":945.3,""t"":136,""outside"":false,""outsidePx"":0},{""x"":890,""y"":941.3,""t"":153,""outside"":false,""outsidePx"":0},{""x"":896.7,""y"":936.7,""t"":169,""outside"":false,""outsidePx"":0},{""x"":902,""y"":932.7,""t"":186,""outside"":false,""outsidePx"":0},{""x"":906,""y"":929.3,""t"":202,""outside"":false,""outsidePx"":0},{""x"":909.3,""y"":926,""t"":219,""outside"":false,""outsidePx"":0},{""x"":914.7,""y"":924,""t"":236,""outside"":false,""outsidePx"":0},{""x"":920,""y"":920.7,""t"":252,""outside"":false,""outsidePx"":0},{""x"":924.7,""y"":917.3,""t"":269,""outside"":false,""outsidePx"":0},{""x"":932,""y"":913.3,""t"":286,""outside"":false,""outsidePx"":0},{""x"":938.7,""y"":910,""t"":302,""outside"":false,""outsidePx"":0},{""x"":949.3,""y"":904.7,""t"":319,""outside"":false,""outsidePx"":0},{""x"":956.7,""y"":901.3,""t"":336,""outside"":false,""outsidePx"":0},{""x"":963.3,""y"":898,""t"":353,""outside"":false,""outsidePx"":0},{""x"":970.7,""y"":894.7,""t"":369,""outside"":false,""outsidePx"":0},{""x"":974,""y"":890.7,""t"":386,""outside"":false,""outsidePx"":0},{""x"":979.3,""y"":887.3,""t"":402,""outside"":false,""outsidePx"":0},{""x"":984.7,""y"":882,""t"":419,""outside"":false,""outsidePx"":0},{""x"":991.3,""y"":878.7,""t"":436,""outside"":false,""outsidePx"":0},{""x"":996.7,""y"":875.3,""t"":453,""outside"":false,""outsidePx"":0},{""x"":1002,""y"":871.3,""t"":469,""outside"":false,""outsidePx"":0},{""x"":1005.3,""y"":870,""t"":486,""outside"":false,""outsidePx"":0},{""x"":1007.3,""y"":868,""t"":502,""outside"":false,""outsidePx"":0},{""x"":1010.7,""y"":864.7,""t"":519,""outside"":false,""outsidePx"":0},{""x"":1016,""y"":859.3,""t"":536,""outside"":false,""outsidePx"":0},{""x"":1022.7,""y"":856,""t"":552,""outside"":false,""outsidePx"":0},{""x"":1028,""y"":854,""t"":569,""outside"":false,""outsidePx"":0},{""x"":1033.3,""y"":850.7,""t"":586,""outside"":false,""outsidePx"":0},{""x"":1038.7,""y"":848.7,""t"":602,""outside"":false,""outsidePx"":0},{""x"":1044,""y"":845.3,""t"":619,""outside"":false,""outsidePx"":0},{""x"":1049.3,""y"":842,""t"":636,""outside"":false,""outsidePx"":0},{""x"":1056,""y"":836.7,""t"":652,""outside"":false,""outsidePx"":0},{""x"":1063.3,""y"":834.7,""t"":669,""outside"":false,""outsidePx"":0},{""x"":1068.7,""y"":833.3,""t"":686,""outside"":false,""outsidePx"":0},{""x"":1072,""y"":833.3,""t"":702,""outside"":false,""outsidePx"":0},{""x"":1075.3,""y"":833.3,""t"":719,""outside"":false,""outsidePx"":0},{""x"":1077.3,""y"":831.3,""t"":736,""outside"":false,""outsidePx"":0},{""x"":1080.7,""y"":829.3,""t"":752,""outside"":false,""outsidePx"":0},{""x"":1084,""y"":828,""t"":769,""outside"":false,""outsidePx"":0},{""x"":1089.3,""y"":826,""t"":786,""outside"":false,""outsidePx"":0},{""x"":1094.7,""y"":824.7,""t"":803,""outside"":false,""outsidePx"":0},{""x"":1100,""y"":822.7,""t"":819,""outside"":false,""outsidePx"":0},{""x"":1106.7,""y"":820.7,""t"":836,""outside"":false,""outsidePx"":0},{""x"":1112,""y"":817.3,""t"":852,""outside"":false,""outsidePx"":0},{""x"":1119.3,""y"":814,""t"":869,""outside"":false,""outsidePx"":0},{""x"":1128,""y"":808.7,""t"":886,""outside"":false,""outsidePx"":0},{""x"":1134.7,""y"":803.3,""t"":902,""outside"":false,""outsidePx"":0},{""x"":1144,""y"":800,""t"":919,""outside"":false,""outsidePx"":0},{""x"":1152.7,""y"":796.7,""t"":936,""outside"":false,""outsidePx"":0},{""x"":1161.3,""y"":792.7,""t"":952,""outside"":false,""outsidePx"":0},{""x"":1173.3,""y"":787.3,""t"":969,""outside"":false,""outsidePx"":0},{""x"":1186,""y"":782.7,""t"":986,""outside"":false,""outsidePx"":0},{""x"":1200,""y"":775.3,""t"":1003,""outside"":false,""outsidePx"":0},{""x"":1214,""y"":768.7,""t"":1019,""outside"":false,""outsidePx"":0},{""x"":1224,""y"":761.3,""t"":1036,""outside"":false,""outsidePx"":0},{""x"":1234.7,""y"":756,""t"":1052,""outside"":false,""outsidePx"":0},{""x"":1245.3,""y"":749.3,""t"":1069,""outside"":false,""outsidePx"":0},{""x"":1257.3,""y"":740.7,""t"":1086,""outside"":false,""outsidePx"":0},{""x"":1270,""y"":733.3,""t"":1102,""outside"":false,""outsidePx"":0},{""x"":1282,""y"":722.7,""t"":1119,""outside"":false,""outsidePx"":0},{""x"":1292.7,""y"":716,""t"":1136,""outside"":false,""outsidePx"":0},{""x"":1301.3,""y"":710.7,""t"":1153,""outside"":false,""outsidePx"":0},{""x"":1308,""y"":705.3,""t"":1169,""outside"":false,""outsidePx"":0},{""x"":1315.3,""y"":700,""t"":1186,""outside"":false,""outsidePx"":0},{""x"":1324,""y"":694.7,""t"":1202,""outside"":false,""outsidePx"":0},{""x"":1332.7,""y"":689.3,""t"":1219,""outside"":false,""outsidePx"":0},{""x"":1341.3,""y"":684.7,""t"":1236,""outside"":false,""outsidePx"":0},{""x"":1350,""y"":680.7,""t"":1252,""outside"":false,""outsidePx"":0},{""x"":1355.3,""y"":679.3,""t"":1269,""outside"":false,""outsidePx"":0},{""x"":1360.7,""y"":675.3,""t"":1286,""outside"":false,""outsidePx"":0},{""x"":1368,""y"":670.7,""t"":1302,""outside"":false,""outsidePx"":0},{""x"":1374.7,""y"":663.3,""t"":1319,""outside"":false,""outsidePx"":0},{""x"":1383.3,""y"":660,""t"":1336,""outside"":false,""outsidePx"":0},{""x"":1392,""y"":654.7,""t"":1352,""outside"":false,""outsidePx"":0},{""x"":1400.7,""y"":649.3,""t"":1369,""outside"":false,""outsidePx"":0},{""x"":1410,""y"":646,""t"":1386,""outside"":false,""outsidePx"":0},{""x"":1416.7,""y"":642.7,""t"":1402,""outside"":false,""outsidePx"":0},{""x"":1422,""y"":638.7,""t"":1419,""outside"":false,""outsidePx"":0},{""x"":1428.7,""y"":635.3,""t"":1436,""outside"":false,""outsidePx"":0},{""x"":1438,""y"":630,""t"":1452,""outside"":false,""outsidePx"":0},{""x"":1446.7,""y"":626.7,""t"":1469,""outside"":false,""outsidePx"":0},{""x"":1456.7,""y"":621.3,""t"":1486,""outside"":false,""outsidePx"":0},{""x"":1467.3,""y"":616,""t"":1502,""outside"":false,""outsidePx"":0},{""x"":1476,""y"":610.7,""t"":1519,""outside"":false,""outsidePx"":0},{""x"":1486.7,""y"":604,""t"":1536,""outside"":false,""outsidePx"":0},{""x"":1495.3,""y"":598.7,""t"":1552,""outside"":false,""outsidePx"":0},{""x"":1506,""y"":591.3,""t"":1569,""outside"":false,""outsidePx"":0},{""x"":1516.7,""y"":584.7,""t"":1586,""outside"":false,""outsidePx"":0},{""x"":1525.3,""y"":581.3,""t"":1602,""outside"":false,""outsidePx"":0},{""x"":1534,""y"":576,""t"":1619,""outside"":false,""outsidePx"":0},{""x"":1542.7,""y"":570.7,""t"":1636,""outside"":false,""outsidePx"":0},{""x"":1550,""y"":565.3,""t"":1652,""outside"":false,""outsidePx"":0},{""x"":1558.7,""y"":558.7,""t"":1669,""outside"":false,""outsidePx"":0},{""x"":1565.3,""y"":551.3,""t"":1686,""outside"":false,""outsidePx"":0},{""x"":1574,""y"":546,""t"":1702,""outside"":false,""outsidePx"":0},{""x"":1582.7,""y"":540.7,""t"":1719,""outside"":false,""outsidePx"":0},{""x"":1592,""y"":535.3,""t"":1736,""outside"":false,""outsidePx"":0},{""x"":1600.7,""y"":530.7,""t"":1752,""outside"":false,""outsidePx"":0},{""x"":1609.3,""y"":525.3,""t"":1769,""outside"":false,""outsidePx"":0},{""x"":1620,""y"":518,""t"":1786,""outside"":false,""outsidePx"":0},{""x"":1632,""y"":512.7,""t"":1802,""outside"":false,""outsidePx"":0},{""x"":1646,""y"":507.3,""t"":1819,""outside"":false,""outsidePx"":0},{""x"":1658,""y"":500.7,""t"":1836,""outside"":false,""outsidePx"":0},{""x"":1672,""y"":492,""t"":1852,""outside"":false,""outsidePx"":0},{""x"":1688,""y"":481.3,""t"":1869,""outside"":false,""outsidePx"":0},{""x"":1704,""y"":474.7,""t"":1885,""outside"":false,""outsidePx"":0},{""x"":1714,""y"":470.7,""t"":1902,""outside"":false,""outsidePx"":0},{""x"":1718,""y"":469.3,""t"":1919,""outside"":false,""outsidePx"":0},{""x"":1719.3,""y"":469.3,""t"":1978,""outside"":false,""outsidePx"":0},{""x"":1719.3,""y"":467.3,""t"":1990,""outside"":false,""outsidePx"":0},{""x"":1722.7,""y"":467.3,""t"":2002,""outside"":false,""outsidePx"":0},{""x"":1724.7,""y"":465.3,""t"":2019,""outside"":false,""outsidePx"":0}]"
shohei,main,practice,C3,距離大条件,W固定・A長い,35,675,19.286,3,26,86,86,86,2026-09-29T08:06:55.463Z,2026-09-29T08:06:57.131Z,1668,250,1474,1224,true,true,deviation,1707.3,469.3,1,true,1,50,0.8,false,"[{""startMs"":942,""startX"":1215.3,""startY"":736.7,""maxOutsidePx"":0.8,""endMs"":992,""endX"":1243.3,""endY"":721.3,""durationMs"":50}]","[{""x"":855.3,""y"":956.7,""t"":0,""outside"":false,""outsidePx"":0},{""x"":856.7,""y"":956.7,""t"":54,""outside"":false,""outsidePx"":0},{""x"":856.7,""y"":955.3,""t"":66,""outside"":false,""outsidePx"":0},{""x"":860,""y"":954,""t"":76,""outside"":false,""outsidePx"":0},{""x"":868.7,""y"":948.7,""t"":92,""outside"":false,""outsidePx"":0},{""x"":879.3,""y"":941.3,""t"":109,""outside"":false,""outsidePx"":0},{""x"":892,""y"":934.7,""t"":126,""outside"":false,""outsidePx"":0},{""x"":904,""y"":926,""t"":142,""outside"":false,""outsidePx"":0},{""x"":920,""y"":918.7,""t"":159,""outside"":false,""outsidePx"":0},{""x"":934,""y"":912,""t"":176,""outside"":false,""outsidePx"":0},{""x"":948,""y"":904.7,""t"":192,""outside"":false,""outsidePx"":0},{""x"":962,""y"":898,""t"":210,""outside"":false,""outsidePx"":0},{""x"":974,""y"":892.7,""t"":226,""outside"":false,""outsidePx"":0},{""x"":984.7,""y"":889.3,""t"":243,""outside"":false,""outsidePx"":0},{""x"":991.3,""y"":887.3,""t"":259,""outside"":false,""outsidePx"":0},{""x"":996.7,""y"":884,""t"":276,""outside"":false,""outsidePx"":0},{""x"":1000,""y"":882,""t"":293,""outside"":false,""outsidePx"":0},{""x"":1005.3,""y"":880.7,""t"":309,""outside"":false,""outsidePx"":0},{""x"":1008.7,""y"":878.7,""t"":326,""outside"":false,""outsidePx"":0},{""x"":1012.7,""y"":875.3,""t"":342,""outside"":false,""outsidePx"":0},{""x"":1016,""y"":873.3,""t"":359,""outside"":false,""outsidePx"":0},{""x"":1019.3,""y"":871.3,""t"":376,""outside"":false,""outsidePx"":0},{""x"":1022.7,""y"":870,""t"":392,""outside"":false,""outsidePx"":0},{""x"":1026.7,""y"":868,""t"":409,""outside"":false,""outsidePx"":0},{""x"":1030,""y"":864.7,""t"":426,""outside"":false,""outsidePx"":0},{""x"":1035.3,""y"":861.3,""t"":442,""outside"":false,""outsidePx"":0},{""x"":1040.7,""y"":856,""t"":459,""outside"":false,""outsidePx"":0},{""x"":1047.3,""y"":852.7,""t"":476,""outside"":false,""outsidePx"":0},{""x"":1052.7,""y"":847.3,""t"":492,""outside"":false,""outsidePx"":0},{""x"":1056,""y"":845.3,""t"":509,""outside"":false,""outsidePx"":0},{""x"":1058,""y"":843.3,""t"":526,""outside"":false,""outsidePx"":0},{""x"":1061.3,""y"":840,""t"":542,""outside"":false,""outsidePx"":0},{""x"":1066.7,""y"":838.7,""t"":559,""outside"":false,""outsidePx"":0},{""x"":1070,""y"":834.7,""t"":576,""outside"":false,""outsidePx"":0},{""x"":1074,""y"":831.3,""t"":592,""outside"":false,""outsidePx"":0},{""x"":1077.3,""y"":829.3,""t"":609,""outside"":false,""outsidePx"":0},{""x"":1078.7,""y"":828,""t"":626,""outside"":false,""outsidePx"":0},{""x"":1082.7,""y"":824.7,""t"":642,""outside"":false,""outsidePx"":0},{""x"":1086,""y"":822.7,""t"":659,""outside"":false,""outsidePx"":0},{""x"":1089.3,""y"":820.7,""t"":676,""outside"":false,""outsidePx"":0},{""x"":1096.7,""y"":817.3,""t"":692,""outside"":false,""outsidePx"":0},{""x"":1103.3,""y"":812,""t"":709,""outside"":false,""outsidePx"":0},{""x"":1110.7,""y"":808.7,""t"":726,""outside"":false,""outsidePx"":0},{""x"":1117.3,""y"":805.3,""t"":742,""outside"":false,""outsidePx"":0},{""x"":1128,""y"":798,""t"":759,""outside"":false,""outsidePx"":0},{""x"":1134.7,""y"":792.7,""t"":776,""outside"":false,""outsidePx"":0},{""x"":1144,""y"":787.3,""t"":792,""outside"":false,""outsidePx"":0},{""x"":1152.7,""y"":782.7,""t"":809,""outside"":false,""outsidePx"":0},{""x"":1161.3,""y"":775.3,""t"":826,""outside"":false,""outsidePx"":0},{""x"":1172,""y"":770,""t"":842,""outside"":false,""outsidePx"":0},{""x"":1180.7,""y"":763.3,""t"":859,""outside"":false,""outsidePx"":0},{""x"":1187.3,""y"":759.3,""t"":876,""outside"":false,""outsidePx"":0},{""x"":1192.7,""y"":756,""t"":892,""outside"":false,""outsidePx"":0},{""x"":1198,""y"":750.7,""t"":909,""outside"":false,""outsidePx"":0},{""x"":1204.7,""y"":744,""t"":925,""outside"":false,""outsidePx"":0},{""x"":1215.3,""y"":736.7,""t"":942,""outside"":true,""outsidePx"":0.4},{""x"":1226,""y"":730,""t"":959,""outside"":true,""outsidePx"":0.8},{""x"":1236.7,""y"":724.7,""t"":976,""outside"":true,""outsidePx"":0.1},{""x"":1243.3,""y"":721.3,""t"":992,""outside"":false,""outsidePx"":0},{""x"":1250.7,""y"":717.3,""t"":1009,""outside"":false,""outsidePx"":0},{""x"":1257.3,""y"":714,""t"":1026,""outside"":false,""outsidePx"":0},{""x"":1266,""y"":710.7,""t"":1042,""outside"":false,""outsidePx"":0},{""x"":1274.7,""y"":707.3,""t"":1059,""outside"":false,""outsidePx"":0},{""x"":1284,""y"":703.3,""t"":1076,""outside"":false,""outsidePx"":0},{""x"":1292.7,""y"":698.7,""t"":1092,""outside"":false,""outsidePx"":0},{""x"":1301.3,""y"":693.3,""t"":1109,""outside"":false,""outsidePx"":0},{""x"":1313.3,""y"":686,""t"":1126,""outside"":false,""outsidePx"":0},{""x"":1326,""y"":679.3,""t"":1142,""outside"":false,""outsidePx"":0},{""x"":1338,""y"":674,""t"":1159,""outside"":false,""outsidePx"":0},{""x"":1348.7,""y"":666.7,""t"":1176,""outside"":false,""outsidePx"":0},{""x"":1358.7,""y"":661.3,""t"":1192,""outside"":false,""outsidePx"":0},{""x"":1368,""y"":656.7,""t"":1209,""outside"":false,""outsidePx"":0},{""x"":1376.7,""y"":651.3,""t"":1226,""outside"":false,""outsidePx"":0},{""x"":1383.3,""y"":647.3,""t"":1242,""outside"":false,""outsidePx"":0},{""x"":1390.7,""y"":644,""t"":1259,""outside"":false,""outsidePx"":0},{""x"":1399.3,""y"":638.7,""t"":1276,""outside"":false,""outsidePx"":0},{""x"":1408,""y"":635.3,""t"":1292,""outside"":false,""outsidePx"":0},{""x"":1418.7,""y"":630,""t"":1309,""outside"":false,""outsidePx"":0},{""x"":1430.7,""y"":624.7,""t"":1325,""outside"":false,""outsidePx"":0},{""x"":1441.3,""y"":619.3,""t"":1342,""outside"":false,""outsidePx"":0},{""x"":1456.7,""y"":610.7,""t"":1359,""outside"":false,""outsidePx"":0},{""x"":1474.7,""y"":602,""t"":1375,""outside"":false,""outsidePx"":0},{""x"":1492,""y"":593.3,""t"":1392,""outside"":false,""outsidePx"":0},{""x"":1509.3,""y"":584.7,""t"":1409,""outside"":false,""outsidePx"":0},{""x"":1526.7,""y"":576,""t"":1425,""outside"":false,""outsidePx"":0},{""x"":1540.7,""y"":567.3,""t"":1442,""outside"":false,""outsidePx"":0},{""x"":1558.7,""y"":558.7,""t"":1459,""outside"":false,""outsidePx"":0},{""x"":1572.7,""y"":549.3,""t"":1475,""outside"":false,""outsidePx"":0},{""x"":1586.7,""y"":540.7,""t"":1492,""outside"":false,""outsidePx"":0},{""x"":1604,""y"":530.7,""t"":1509,""outside"":false,""outsidePx"":0},{""x"":1620,""y"":521.3,""t"":1525,""outside"":false,""outsidePx"":0},{""x"":1635.3,""y"":514.7,""t"":1542,""outside"":false,""outsidePx"":0},{""x"":1651.3,""y"":504,""t"":1559,""outside"":false,""outsidePx"":0},{""x"":1666.7,""y"":495.3,""t"":1575,""outside"":false,""outsidePx"":0},{""x"":1679.3,""y"":486.7,""t"":1592,""outside"":false,""outsidePx"":0},{""x"":1693.3,""y"":478,""t"":1609,""outside"":false,""outsidePx"":0},{""x"":1704,""y"":470.7,""t"":1625,""outside"":false,""outsidePx"":0},{""x"":1707.3,""y"":469.3,""t"":1642,""outside"":false,""outsidePx"":0}]"
shohei,main,practice,C3,距離大条件,W固定・A長い,35,675,19.286,3,27,87,87,87,2026-09-29T08:06:57.749Z,2026-09-29T08:06:59.256Z,1507,261,1176,915,true,true,none,1726.7,464,1,false,0,0,0,false,[],"[{""x"":826.7,""y"":964,""t"":0,""outside"":false,""outsidePx"":0},{""x"":828.7,""y"":964,""t"":5,""outside"":false,""outsidePx"":0},{""x"":832,""y"":964,""t"":22,""outside"":false,""outsidePx"":0},{""x"":840.7,""y"":960.7,""t"":39,""outside"":false,""outsidePx"":0},{""x"":850,""y"":959.3,""t"":55,""outside"":false,""outsidePx"":0},{""x"":858.7,""y"":955.3,""t"":72,""outside"":false,""outsidePx"":0},{""x"":870.7,""y"":952,""t"":88,""outside"":false,""outsidePx"":0},{""x"":881.3,""y"":946.7,""t"":105,""outside"":false,""outsidePx"":0},{""x"":892,""y"":941.3,""t"":122,""outside"":false,""outsidePx"":0},{""x"":902,""y"":934.7,""t"":138,""outside"":false,""outsidePx"":0},{""x"":916,""y"":929.3,""t"":155,""outside"":false,""outsidePx"":0},{""x"":932,""y"":926,""t"":172,""outside"":false,""outsidePx"":0},{""x"":948,""y"":920.7,""t"":188,""outside"":false,""outsidePx"":0},{""x"":960,""y"":915.3,""t"":205,""outside"":false,""outsidePx"":0},{""x"":974,""y"":910,""t"":222,""outside"":false,""outsidePx"":0},{""x"":982.7,""y"":903.3,""t"":238,""outside"":false,""outsidePx"":0},{""x"":990,""y"":898,""t"":255,""outside"":false,""outsidePx"":0},{""x"":996.7,""y"":894.7,""t"":272,""outside"":false,""outsidePx"":0},{""x"":1004,""y"":889.3,""t"":289,""outside"":false,""outsidePx"":0},{""x"":1014,""y"":884,""t"":306,""outside"":false,""outsidePx"":0},{""x"":1024.7,""y"":878.7,""t"":322,""outside"":false,""outsidePx"":0},{""x"":1035.3,""y"":871.3,""t"":338,""outside"":false,""outsidePx"":0},{""x"":1044,""y"":864.7,""t"":355,""outside"":false,""outsidePx"":0},{""x"":1052.7,""y"":857.3,""t"":372,""outside"":false,""outsidePx"":0},{""x"":1061.3,""y"":850.7,""t"":388,""outside"":false,""outsidePx"":0},{""x"":1070,""y"":843.3,""t"":405,""outside"":false,""outsidePx"":0},{""x"":1080.7,""y"":838.7,""t"":422,""outside"":false,""outsidePx"":0},{""x"":1089.3,""y"":831.3,""t"":439,""outside"":false,""outsidePx"":0},{""x"":1100,""y"":824.7,""t"":455,""outside"":false,""outsidePx"":0},{""x"":1108.7,""y"":817.3,""t"":472,""outside"":false,""outsidePx"":0},{""x"":1116,""y"":814,""t"":488,""outside"":false,""outsidePx"":0},{""x"":1122.7,""y"":808.7,""t"":505,""outside"":false,""outsidePx"":0},{""x"":1130,""y"":803.3,""t"":522,""outside"":false,""outsidePx"":0},{""x"":1134.7,""y"":800,""t"":539,""outside"":false,""outsidePx"":0},{""x"":1144,""y"":794.7,""t"":555,""outside"":false,""outsidePx"":0},{""x"":1152.7,""y"":789.3,""t"":572,""outside"":false,""outsidePx"":0},{""x"":1162.7,""y"":784,""t"":588,""outside"":false,""outsidePx"":0},{""x"":1175.3,""y"":778.7,""t"":605,""outside"":false,""outsidePx"":0},{""x"":1187.3,""y"":773.3,""t"":622,""outside"":false,""outsidePx"":0},{""x"":1194.7,""y"":770,""t"":639,""outside"":false,""outsidePx"":0},{""x"":1203.3,""y"":764.7,""t"":655,""outside"":false,""outsidePx"":0},{""x"":1214,""y"":758,""t"":672,""outside"":false,""outsidePx"":0},{""x"":1226,""y"":752.7,""t"":689,""outside"":false,""outsidePx"":0},{""x"":1243.3,""y"":744,""t"":705,""outside"":false,""outsidePx"":0},{""x"":1259.3,""y"":736.7,""t"":722,""outside"":false,""outsidePx"":0},{""x"":1274.7,""y"":728,""t"":738,""outside"":false,""outsidePx"":0},{""x"":1290.7,""y"":719.3,""t"":755,""outside"":false,""outsidePx"":0},{""x"":1304.7,""y"":710.7,""t"":772,""outside"":false,""outsidePx"":0},{""x"":1313.3,""y"":705.3,""t"":788,""outside"":false,""outsidePx"":0},{""x"":1322,""y"":700,""t"":805,""outside"":false,""outsidePx"":0},{""x"":1332.7,""y"":694.7,""t"":822,""outside"":false,""outsidePx"":0},{""x"":1340,""y"":689.3,""t"":838,""outside"":false,""outsidePx"":0},{""x"":1350,""y"":684.7,""t"":855,""outside"":false,""outsidePx"":0},{""x"":1358.7,""y"":679.3,""t"":872,""outside"":false,""outsidePx"":0},{""x"":1368,""y"":674,""t"":889,""outside"":false,""outsidePx"":0},{""x"":1376.7,""y"":668.7,""t"":905,""outside"":false,""outsidePx"":0},{""x"":1386.7,""y"":661.3,""t"":922,""outside"":false,""outsidePx"":0},{""x"":1397.3,""y"":654.7,""t"":939,""outside"":false,""outsidePx"":0},{""x"":1410,""y"":647.3,""t"":955,""outside"":false,""outsidePx"":0},{""x"":1422,""y"":638.7,""t"":972,""outside"":false,""outsidePx"":0},{""x"":1432.7,""y"":633.3,""t"":988,""outside"":false,""outsidePx"":0},{""x"":1442.7,""y"":628.7,""t"":1005,""outside"":false,""outsidePx"":0},{""x"":1453.3,""y"":623.3,""t"":1022,""outside"":false,""outsidePx"":0},{""x"":1464,""y"":616,""t"":1038,""outside"":false,""outsidePx"":0},{""x"":1476,""y"":609.3,""t"":1055,""outside"":false,""outsidePx"":0},{""x"":1492,""y"":600.7,""t"":1072,""outside"":false,""outsidePx"":0},{""x"":1506,""y"":595.3,""t"":1088,""outside"":false,""outsidePx"":0},{""x"":1518,""y"":586.7,""t"":1105,""outside"":false,""outsidePx"":0},{""x"":1532,""y"":579.3,""t"":1122,""outside"":false,""outsidePx"":0},{""x"":1544.7,""y"":570.7,""t"":1138,""outside"":false,""outsidePx"":0},{""x"":1556.7,""y"":562,""t"":1155,""outside"":false,""outsidePx"":0},{""x"":1570.7,""y"":554.7,""t"":1172,""outside"":false,""outsidePx"":0},{""x"":1581.3,""y"":549.3,""t"":1188,""outside"":false,""outsidePx"":0},{""x"":1593.3,""y"":542.7,""t"":1205,""outside"":false,""outsidePx"":0},{""x"":1604,""y"":534,""t"":1222,""outside"":false,""outsidePx"":0},{""x"":1616,""y"":526.7,""t"":1238,""outside"":false,""outsidePx"":0},{""x"":1626.7,""y"":521.3,""t"":1255,""outside"":false,""outsidePx"":0},{""x"":1637.3,""y"":516.7,""t"":1272,""outside"":false,""outsidePx"":0},{""x"":1644,""y"":512.7,""t"":1288,""outside"":false,""outsidePx"":0},{""x"":1649.3,""y"":507.3,""t"":1305,""outside"":false,""outsidePx"":0},{""x"":1656.7,""y"":504,""t"":1322,""outside"":false,""outsidePx"":0},{""x"":1665.3,""y"":497.3,""t"":1339,""outside"":false,""outsidePx"":0},{""x"":1679.3,""y"":488.7,""t"":1355,""outside"":false,""outsidePx"":0},{""x"":1693.3,""y"":481.3,""t"":1372,""outside"":false,""outsidePx"":0},{""x"":1704,""y"":478,""t"":1388,""outside"":false,""outsidePx"":0},{""x"":1712.7,""y"":472.7,""t"":1405,""outside"":false,""outsidePx"":0},{""x"":1719.3,""y"":467.3,""t"":1422,""outside"":false,""outsidePx"":0},{""x"":1724.7,""y"":465.3,""t"":1438,""outside"":false,""outsidePx"":0},{""x"":1726.7,""y"":464,""t"":1455,""outside"":false,""outsidePx"":0}]"
shohei,main,practice,C3,距離大条件,W固定・A長い,35,675,19.286,3,28,88,88,88,2026-09-29T08:06:59.865Z,2026-09-29T08:07:01.410Z,1544,250,1260,1010,true,true,deviation,1712.7,464,1,true,2,334,2.7,false,"[{""startMs"":755,""startX"":1273.3,""startY"":702,""maxOutsidePx"":1.7,""endMs"":889,""endX"":1343.3,""endY"":663.3,""durationMs"":134},{""startMs"":922,""startX"":1366,""startY"":649.3,""maxOutsidePx"":2.7,""endMs"":1122,""endX"":1478,""endY"":586.7,""durationMs"":200}]","[{""x"":878.7,""y"":950,""t"":0,""outside"":false,""outsidePx"":0},{""x"":879.3,""y"":950,""t"":67,""outside"":false,""outsidePx"":0},{""x"":881.3,""y"":948.7,""t"":77,""outside"":false,""outsidePx"":0},{""x"":884.7,""y"":946.7,""t"":89,""outside"":false,""outsidePx"":0},{""x"":892,""y"":945.3,""t"":105,""outside"":false,""outsidePx"":0},{""x"":902,""y"":941.3,""t"":122,""outside"":false,""outsidePx"":0},{""x"":912.7,""y"":936.7,""t"":139,""outside"":false,""outsidePx"":0},{""x"":923.3,""y"":931.3,""t"":155,""outside"":false,""outsidePx"":0},{""x"":935.3,""y"":924,""t"":172,""outside"":false,""outsidePx"":0},{""x"":946,""y"":917.3,""t"":189,""outside"":false,""outsidePx"":0},{""x"":956.7,""y"":910,""t"":206,""outside"":false,""outsidePx"":0},{""x"":968.7,""y"":904.7,""t"":222,""outside"":false,""outsidePx"":0},{""x"":980.7,""y"":898,""t"":239,""outside"":false,""outsidePx"":0},{""x"":994.7,""y"":890.7,""t"":256,""outside"":false,""outsidePx"":0},{""x"":1008.7,""y"":884,""t"":272,""outside"":false,""outsidePx"":0},{""x"":1021.3,""y"":875.3,""t"":290,""outside"":false,""outsidePx"":0},{""x"":1030,""y"":868,""t"":305,""outside"":false,""outsidePx"":0},{""x"":1036.7,""y"":862.7,""t"":322,""outside"":false,""outsidePx"":0},{""x"":1044,""y"":857.3,""t"":339,""outside"":false,""outsidePx"":0},{""x"":1049.3,""y"":854,""t"":355,""outside"":false,""outsidePx"":0},{""x"":1056,""y"":847.3,""t"":372,""outside"":false,""outsidePx"":0},{""x"":1063.3,""y"":842,""t"":389,""outside"":false,""outsidePx"":0},{""x"":1070,""y"":836.7,""t"":406,""outside"":false,""outsidePx"":0},{""x"":1077.3,""y"":833.3,""t"":422,""outside"":false,""outsidePx"":0},{""x"":1084,""y"":829.3,""t"":439,""outside"":false,""outsidePx"":0},{""x"":1089.3,""y"":826,""t"":456,""outside"":false,""outsidePx"":0},{""x"":1096.7,""y"":820.7,""t"":472,""outside"":false,""outsidePx"":0},{""x"":1103.3,""y"":814,""t"":489,""outside"":false,""outsidePx"":0},{""x"":1114,""y"":806.7,""t"":506,""outside"":false,""outsidePx"":0},{""x"":1120.7,""y"":801.3,""t"":522,""outside"":false,""outsidePx"":0},{""x"":1128,""y"":798,""t"":539,""outside"":false,""outsidePx"":0},{""x"":1133.3,""y"":794.7,""t"":556,""outside"":false,""outsidePx"":0},{""x"":1138.7,""y"":789.3,""t"":572,""outside"":false,""outsidePx"":0},{""x"":1145.3,""y"":784,""t"":589,""outside"":false,""outsidePx"":0},{""x"":1156,""y"":777.3,""t"":606,""outside"":false,""outsidePx"":0},{""x"":1164.7,""y"":770,""t"":622,""outside"":false,""outsidePx"":0},{""x"":1175.3,""y"":764.7,""t"":639,""outside"":false,""outsidePx"":0},{""x"":1189.3,""y"":758,""t"":655,""outside"":false,""outsidePx"":0},{""x"":1206.7,""y"":747.3,""t"":672,""outside"":false,""outsidePx"":0},{""x"":1222.7,""y"":736.7,""t"":689,""outside"":false,""outsidePx"":0},{""x"":1240,""y"":724.7,""t"":705,""outside"":false,""outsidePx"":0},{""x"":1254,""y"":716,""t"":722,""outside"":false,""outsidePx"":0},{""x"":1264.7,""y"":708.7,""t"":739,""outside"":false,""outsidePx"":0},{""x"":1273.3,""y"":702,""t"":755,""outside"":true,""outsidePx"":1.4},{""x"":1282,""y"":696.7,""t"":772,""outside"":true,""outsidePx"":1.7},{""x"":1290.7,""y"":693.3,""t"":789,""outside"":true,""outsidePx"":0.3},{""x"":1298,""y"":688,""t"":805,""outside"":true,""outsidePx"":1.2},{""x"":1304.7,""y"":684.7,""t"":822,""outside"":true,""outsidePx"":0.8},{""x"":1313.3,""y"":679.3,""t"":839,""outside"":true,""outsidePx"":1.1},{""x"":1322,""y"":674,""t"":855,""outside"":true,""outsidePx"":1.3},{""x"":1332.7,""y"":668.7,""t"":872,""outside"":true,""outsidePx"":0.6},{""x"":1343.3,""y"":663.3,""t"":889,""outside"":false,""outsidePx"":0},{""x"":1355.3,""y"":656.7,""t"":906,""outside"":false,""outsidePx"":0},{""x"":1366,""y"":649.3,""t"":922,""outside"":true,""outsidePx"":0.7},{""x"":1378,""y"":640.7,""t"":939,""outside"":true,""outsidePx"":2.2},{""x"":1392,""y"":632,""t"":955,""outside"":true,""outsidePx"":2.7},{""x"":1404.7,""y"":624.7,""t"":972,""outside"":true,""outsidePx"":2.7},{""x"":1416.7,""y"":618,""t"":989,""outside"":true,""outsidePx"":2.5},{""x"":1427.3,""y"":612.7,""t"":1005,""outside"":true,""outsidePx"":1.8},{""x"":1434,""y"":609.3,""t"":1022,""outside"":true,""outsidePx"":1.3},{""x"":1441.3,""y"":604,""t"":1039,""outside"":true,""outsidePx"":2.3},{""x"":1448,""y"":600.7,""t"":1055,""outside"":true,""outsidePx"":1.8},{""x"":1456.7,""y"":596.7,""t"":1072,""outside"":true,""outsidePx"":1},{""x"":1464,""y"":593.3,""t"":1089,""outside"":true,""outsidePx"":0.2},{""x"":1469.3,""y"":590,""t"":1105,""outside"":true,""outsidePx"":0.4},{""x"":1478,""y"":586.7,""t"":1122,""outside"":false,""outsidePx"":0},{""x"":1486.7,""y"":582.7,""t"":1139,""outside"":false,""outsidePx"":0},{""x"":1495.3,""y"":577.3,""t"":1155,""outside"":false,""outsidePx"":0},{""x"":1504,""y"":574,""t"":1172,""outside"":false,""outsidePx"":0},{""x"":1512.7,""y"":570.7,""t"":1189,""outside"":false,""outsidePx"":0},{""x"":1522,""y"":565.3,""t"":1206,""outside"":false,""outsidePx"":0},{""x"":1534,""y"":560,""t"":1222,""outside"":false,""outsidePx"":0},{""x"":1546,""y"":551.3,""t"":1239,""outside"":false,""outsidePx"":0},{""x"":1562,""y"":544.7,""t"":1255,""outside"":false,""outsidePx"":0},{""x"":1581.3,""y"":534,""t"":1272,""outside"":false,""outsidePx"":0},{""x"":1598.7,""y"":526.7,""t"":1289,""outside"":false,""outsidePx"":0},{""x"":1618,""y"":516.7,""t"":1305,""outside"":false,""outsidePx"":0},{""x"":1634,""y"":507.3,""t"":1322,""outside"":false,""outsidePx"":0},{""x"":1646,""y"":498.7,""t"":1339,""outside"":false,""outsidePx"":0},{""x"":1654.7,""y"":492,""t"":1355,""outside"":false,""outsidePx"":0},{""x"":1665.3,""y"":486.7,""t"":1372,""outside"":false,""outsidePx"":0},{""x"":1674,""y"":481.3,""t"":1389,""outside"":false,""outsidePx"":0},{""x"":1679.3,""y"":479.3,""t"":1406,""outside"":false,""outsidePx"":0},{""x"":1684.7,""y"":476,""t"":1422,""outside"":false,""outsidePx"":0},{""x"":1688,""y"":474.7,""t"":1439,""outside"":false,""outsidePx"":0},{""x"":1693.3,""y"":472.7,""t"":1456,""outside"":false,""outsidePx"":0},{""x"":1698.7,""y"":469.3,""t"":1472,""outside"":false,""outsidePx"":0},{""x"":1705.3,""y"":465.3,""t"":1489,""outside"":false,""outsidePx"":0},{""x"":1708.7,""y"":464,""t"":1506,""outside"":false,""outsidePx"":0},{""x"":1712.7,""y"":464,""t"":1522,""outside"":false,""outsidePx"":0}]"
shohei,main,practice,C3,距離大条件,W固定・A長い,35,675,19.286,3,29,89,89,89,2026-09-29T08:07:02.292Z,2026-09-29T08:07:03.717Z,1425,248,1154,906,true,true,none,1719.3,472.7,1,false,0,0,0,false,[],"[{""x"":822,""y"":967.3,""t"":0,""outside"":false,""outsidePx"":0},{""x"":823.3,""y"":966,""t"":45,""outside"":false,""outsidePx"":0},{""x"":828.7,""y"":964.7,""t"":62,""outside"":false,""outsidePx"":0},{""x"":836,""y"":960.7,""t"":79,""outside"":false,""outsidePx"":0},{""x"":844.7,""y"":957.3,""t"":95,""outside"":false,""outsidePx"":0},{""x"":854.7,""y"":954,""t"":112,""outside"":false,""outsidePx"":0},{""x"":865.3,""y"":948.7,""t"":129,""outside"":false,""outsidePx"":0},{""x"":881.3,""y"":940,""t"":145,""outside"":false,""outsidePx"":0},{""x"":904,""y"":932.7,""t"":162,""outside"":false,""outsidePx"":0},{""x"":926.7,""y"":926,""t"":178,""outside"":false,""outsidePx"":0},{""x"":948,""y"":918.7,""t"":195,""outside"":false,""outsidePx"":0},{""x"":963.3,""y"":910,""t"":212,""outside"":false,""outsidePx"":0},{""x"":976,""y"":903.3,""t"":228,""outside"":false,""outsidePx"":0},{""x"":988,""y"":894.7,""t"":245,""outside"":false,""outsidePx"":0},{""x"":1000,""y"":890.7,""t"":261,""outside"":false,""outsidePx"":0},{""x"":1010.7,""y"":885.3,""t"":278,""outside"":false,""outsidePx"":0},{""x"":1024.7,""y"":878.7,""t"":295,""outside"":false,""outsidePx"":0},{""x"":1038.7,""y"":870,""t"":312,""outside"":false,""outsidePx"":0},{""x"":1052.7,""y"":862.7,""t"":329,""outside"":false,""outsidePx"":0},{""x"":1064.7,""y"":852.7,""t"":345,""outside"":false,""outsidePx"":0},{""x"":1074,""y"":847.3,""t"":362,""outside"":false,""outsidePx"":0},{""x"":1080.7,""y"":843.3,""t"":378,""outside"":false,""outsidePx"":0},{""x"":1088,""y"":838.7,""t"":395,""outside"":false,""outsidePx"":0},{""x"":1094.7,""y"":831.3,""t"":412,""outside"":false,""outsidePx"":0},{""x"":1105.3,""y"":824.7,""t"":428,""outside"":false,""outsidePx"":0},{""x"":1116,""y"":817.3,""t"":445,""outside"":false,""outsidePx"":0},{""x"":1126,""y"":812,""t"":462,""outside"":false,""outsidePx"":0},{""x"":1133.3,""y"":806.7,""t"":478,""outside"":false,""outsidePx"":0},{""x"":1140,""y"":803.3,""t"":495,""outside"":false,""outsidePx"":0},{""x"":1147.3,""y"":798,""t"":512,""outside"":false,""outsidePx"":0},{""x"":1158,""y"":791.3,""t"":528,""outside"":false,""outsidePx"":0},{""x"":1168,""y"":784,""t"":545,""outside"":false,""outsidePx"":0},{""x"":1182,""y"":777.3,""t"":562,""outside"":false,""outsidePx"":0},{""x"":1196,""y"":772,""t"":578,""outside"":false,""outsidePx"":0},{""x"":1206.7,""y"":766.7,""t"":595,""outside"":false,""outsidePx"":0},{""x"":1215.3,""y"":761.3,""t"":611,""outside"":false,""outsidePx"":0},{""x"":1224,""y"":756,""t"":628,""outside"":false,""outsidePx"":0},{""x"":1232.7,""y"":750.7,""t"":645,""outside"":false,""outsidePx"":0},{""x"":1243.3,""y"":745.3,""t"":662,""outside"":false,""outsidePx"":0},{""x"":1256,""y"":740.7,""t"":678,""outside"":false,""outsidePx"":0},{""x"":1266,""y"":735.3,""t"":695,""outside"":false,""outsidePx"":0},{""x"":1276.7,""y"":728,""t"":712,""outside"":false,""outsidePx"":0},{""x"":1288.7,""y"":722.7,""t"":729,""outside"":false,""outsidePx"":0},{""x"":1299.3,""y"":714,""t"":745,""outside"":false,""outsidePx"":0},{""x"":1313.3,""y"":707.3,""t"":762,""outside"":false,""outsidePx"":0},{""x"":1327.3,""y"":700,""t"":778,""outside"":false,""outsidePx"":0},{""x"":1338,""y"":693.3,""t"":795,""outside"":false,""outsidePx"":0},{""x"":1350,""y"":688,""t"":812,""outside"":false,""outsidePx"":0},{""x"":1360.7,""y"":680.7,""t"":828,""outside"":false,""outsidePx"":0},{""x"":1371.3,""y"":674,""t"":845,""outside"":false,""outsidePx"":0},{""x"":1383.3,""y"":666.7,""t"":862,""outside"":false,""outsidePx"":0},{""x"":1396,""y"":658,""t"":878,""outside"":false,""outsidePx"":0},{""x"":1410,""y"":651.3,""t"":895,""outside"":false,""outsidePx"":0},{""x"":1420,""y"":644,""t"":911,""outside"":false,""outsidePx"":0},{""x"":1432.7,""y"":635.3,""t"":928,""outside"":false,""outsidePx"":0},{""x"":1444.7,""y"":626.7,""t"":945,""outside"":false,""outsidePx"":0},{""x"":1456.7,""y"":619.3,""t"":962,""outside"":false,""outsidePx"":0},{""x"":1470.7,""y"":612.7,""t"":978,""outside"":false,""outsidePx"":0},{""x"":1481.3,""y"":604,""t"":995,""outside"":false,""outsidePx"":0},{""x"":1494,""y"":596.7,""t"":1012,""outside"":false,""outsidePx"":0},{""x"":1504,""y"":590,""t"":1028,""outside"":false,""outsidePx"":0},{""x"":1512.7,""y"":582.7,""t"":1045,""outside"":false,""outsidePx"":0},{""x"":1525.3,""y"":577.3,""t"":1062,""outside"":false,""outsidePx"":0},{""x"":1536,""y"":572.7,""t"":1078,""outside"":false,""outsidePx"":0},{""x"":1542.7,""y"":567.3,""t"":1095,""outside"":false,""outsidePx"":0},{""x"":1551.3,""y"":563.3,""t"":1111,""outside"":false,""outsidePx"":0},{""x"":1558.7,""y"":558.7,""t"":1128,""outside"":false,""outsidePx"":0},{""x"":1567.3,""y"":553.3,""t"":1145,""outside"":false,""outsidePx"":0},{""x"":1576,""y"":549.3,""t"":1162,""outside"":false,""outsidePx"":0},{""x"":1588,""y"":542.7,""t"":1178,""outside"":false,""outsidePx"":0},{""x"":1602,""y"":535.3,""t"":1195,""outside"":false,""outsidePx"":0},{""x"":1614.7,""y"":528.7,""t"":1212,""outside"":false,""outsidePx"":0},{""x"":1628.7,""y"":523.3,""t"":1228,""outside"":false,""outsidePx"":0},{""x"":1638.7,""y"":518,""t"":1245,""outside"":false,""outsidePx"":0},{""x"":1649.3,""y"":511.3,""t"":1261,""outside"":false,""outsidePx"":0},{""x"":1662,""y"":504,""t"":1278,""outside"":false,""outsidePx"":0},{""x"":1677.3,""y"":497.3,""t"":1295,""outside"":false,""outsidePx"":0},{""x"":1690,""y"":492,""t"":1311,""outside"":false,""outsidePx"":0},{""x"":1702,""y"":486.7,""t"":1328,""outside"":false,""outsidePx"":0},{""x"":1708.7,""y"":481.3,""t"":1345,""outside"":false,""outsidePx"":0},{""x"":1712.7,""y"":479.3,""t"":1362,""outside"":false,""outsidePx"":0},{""x"":1714,""y"":478,""t"":1378,""outside"":false,""outsidePx"":0},{""x"":1716,""y"":474.7,""t"":1395,""outside"":false,""outsidePx"":0},{""x"":1719.3,""y"":472.7,""t"":1412,""outside"":false,""outsidePx"":0}]"
shohei,main,practice,C3,距離大条件,W固定・A長い,35,675,19.286,3,30,90,90,90,2026-09-29T08:07:04.400Z,2026-09-29T08:07:05.998Z,1599,276,1245,969,true,true,none,1716,481.3,1,false,0,0,0,false,[],"[{""x"":876.7,""y"":946,""t"":0,""outside"":false,""outsidePx"":0},{""x"":878,""y"":946,""t"":65,""outside"":false,""outsidePx"":0},{""x"":878,""y"":945.3,""t"":72,""outside"":false,""outsidePx"":0},{""x"":888,""y"":941.3,""t"":88,""outside"":false,""outsidePx"":0},{""x"":900.7,""y"":936.7,""t"":104,""outside"":false,""outsidePx"":0},{""x"":910.7,""y"":931.3,""t"":121,""outside"":false,""outsidePx"":0},{""x"":923.3,""y"":927.3,""t"":137,""outside"":false,""outsidePx"":0},{""x"":934,""y"":920.7,""t"":154,""outside"":false,""outsidePx"":0},{""x"":944,""y"":915.3,""t"":171,""outside"":false,""outsidePx"":0},{""x"":956.7,""y"":906.7,""t"":187,""outside"":false,""outsidePx"":0},{""x"":965.3,""y"":901.3,""t"":204,""outside"":false,""outsidePx"":0},{""x"":972,""y"":896,""t"":221,""outside"":false,""outsidePx"":0},{""x"":977.3,""y"":894.7,""t"":237,""outside"":false,""outsidePx"":0},{""x"":980.7,""y"":892.7,""t"":254,""outside"":false,""outsidePx"":0},{""x"":986,""y"":890.7,""t"":271,""outside"":false,""outsidePx"":0},{""x"":994.7,""y"":887.3,""t"":287,""outside"":false,""outsidePx"":0},{""x"":1004,""y"":882,""t"":304,""outside"":false,""outsidePx"":0},{""x"":1014,""y"":876.7,""t"":321,""outside"":false,""outsidePx"":0},{""x"":1022.7,""y"":873.3,""t"":338,""outside"":false,""outsidePx"":0},{""x"":1030,""y"":870,""t"":354,""outside"":false,""outsidePx"":0},{""x"":1035.3,""y"":866.7,""t"":371,""outside"":false,""outsidePx"":0},{""x"":1042,""y"":861.3,""t"":387,""outside"":false,""outsidePx"":0},{""x"":1049.3,""y"":854,""t"":404,""outside"":false,""outsidePx"":0},{""x"":1056,""y"":850.7,""t"":421,""outside"":false,""outsidePx"":0},{""x"":1064.7,""y"":847.3,""t"":437,""outside"":false,""outsidePx"":0},{""x"":1070,""y"":843.3,""t"":454,""outside"":false,""outsidePx"":0},{""x"":1075.3,""y"":840,""t"":471,""outside"":false,""outsidePx"":0},{""x"":1080.7,""y"":836.7,""t"":487,""outside"":false,""outsidePx"":0},{""x"":1089.3,""y"":829.3,""t"":504,""outside"":false,""outsidePx"":0},{""x"":1098,""y"":824.7,""t"":520,""outside"":false,""outsidePx"":0},{""x"":1106.7,""y"":817.3,""t"":537,""outside"":false,""outsidePx"":0},{""x"":1117.3,""y"":812,""t"":554,""outside"":false,""outsidePx"":0},{""x"":1126,""y"":808.7,""t"":571,""outside"":false,""outsidePx"":0},{""x"":1133.3,""y"":805.3,""t"":587,""outside"":false,""outsidePx"":0},{""x"":1140,""y"":801.3,""t"":604,""outside"":false,""outsidePx"":0},{""x"":1147.3,""y"":796.7,""t"":621,""outside"":false,""outsidePx"":0},{""x"":1159.3,""y"":789.3,""t"":637,""outside"":false,""outsidePx"":0},{""x"":1170,""y"":784,""t"":654,""outside"":false,""outsidePx"":0},{""x"":1178.7,""y"":778.7,""t"":671,""outside"":false,""outsidePx"":0},{""x"":1189.3,""y"":773.3,""t"":687,""outside"":false,""outsidePx"":0},{""x"":1198,""y"":768.7,""t"":704,""outside"":false,""outsidePx"":0},{""x"":1204.7,""y"":763.3,""t"":721,""outside"":false,""outsidePx"":0},{""x"":1215.3,""y"":758,""t"":737,""outside"":false,""outsidePx"":0},{""x"":1226,""y"":750.7,""t"":754,""outside"":false,""outsidePx"":0},{""x"":1236.7,""y"":745.3,""t"":771,""outside"":false,""outsidePx"":0},{""x"":1245.3,""y"":740.7,""t"":787,""outside"":false,""outsidePx"":0},{""x"":1254,""y"":735.3,""t"":804,""outside"":false,""outsidePx"":0},{""x"":1264.7,""y"":728,""t"":821,""outside"":false,""outsidePx"":0},{""x"":1273.3,""y"":722.7,""t"":837,""outside"":false,""outsidePx"":0},{""x"":1282,""y"":719.3,""t"":854,""outside"":false,""outsidePx"":0},{""x"":1290.7,""y"":714,""t"":871,""outside"":false,""outsidePx"":0},{""x"":1301.3,""y"":707.3,""t"":887,""outside"":false,""outsidePx"":0},{""x"":1313.3,""y"":700,""t"":904,""outside"":false,""outsidePx"":0},{""x"":1326,""y"":693.3,""t"":921,""outside"":false,""outsidePx"":0},{""x"":1338,""y"":688,""t"":937,""outside"":false,""outsidePx"":0},{""x"":1348.7,""y"":680.7,""t"":954,""outside"":false,""outsidePx"":0},{""x"":1358.7,""y"":675.3,""t"":971,""outside"":false,""outsidePx"":0},{""x"":1366,""y"":670.7,""t"":987,""outside"":false,""outsidePx"":0},{""x"":1374.7,""y"":665.3,""t"":1004,""outside"":false,""outsidePx"":0},{""x"":1383.3,""y"":660,""t"":1021,""outside"":false,""outsidePx"":0},{""x"":1394,""y"":652.7,""t"":1037,""outside"":false,""outsidePx"":0},{""x"":1404.7,""y"":647.3,""t"":1054,""outside"":false,""outsidePx"":0},{""x"":1411.3,""y"":642.7,""t"":1071,""outside"":false,""outsidePx"":0},{""x"":1420,""y"":637.3,""t"":1087,""outside"":false,""outsidePx"":0},{""x"":1428.7,""y"":633.3,""t"":1104,""outside"":false,""outsidePx"":0},{""x"":1438,""y"":628.7,""t"":1121,""outside"":false,""outsidePx"":0},{""x"":1448,""y"":623.3,""t"":1137,""outside"":false,""outsidePx"":0},{""x"":1464,""y"":614.7,""t"":1154,""outside"":false,""outsidePx"":0},{""x"":1483.3,""y"":604,""t"":1171,""outside"":false,""outsidePx"":0},{""x"":1502.7,""y"":593.3,""t"":1187,""outside"":false,""outsidePx"":0},{""x"":1523.3,""y"":582.7,""t"":1204,""outside"":false,""outsidePx"":0},{""x"":1544.7,""y"":570.7,""t"":1220,""outside"":false,""outsidePx"":0},{""x"":1564,""y"":560,""t"":1237,""outside"":false,""outsidePx"":0},{""x"":1584.7,""y"":546,""t"":1254,""outside"":false,""outsidePx"":0},{""x"":1607.3,""y"":532,""t"":1270,""outside"":false,""outsidePx"":0},{""x"":1628.7,""y"":523.3,""t"":1287,""outside"":false,""outsidePx"":0},{""x"":1640.7,""y"":514.7,""t"":1304,""outside"":false,""outsidePx"":0},{""x"":1649.3,""y"":511.3,""t"":1320,""outside"":false,""outsidePx"":0},{""x"":1654.7,""y"":507.3,""t"":1337,""outside"":false,""outsidePx"":0},{""x"":1660,""y"":504,""t"":1354,""outside"":false,""outsidePx"":0},{""x"":1666.7,""y"":500.7,""t"":1371,""outside"":false,""outsidePx"":0},{""x"":1674,""y"":497.3,""t"":1387,""outside"":false,""outsidePx"":0},{""x"":1680.7,""y"":493.3,""t"":1404,""outside"":false,""outsidePx"":0},{""x"":1690,""y"":492,""t"":1421,""outside"":false,""outsidePx"":0},{""x"":1694.7,""y"":488.7,""t"":1437,""outside"":false,""outsidePx"":0},{""x"":1696.7,""y"":486.7,""t"":1454,""outside"":false,""outsidePx"":0},{""x"":1698.7,""y"":486.7,""t"":1471,""outside"":false,""outsidePx"":0},{""x"":1700,""y"":484.7,""t"":1487,""outside"":false,""outsidePx"":0},{""x"":1704,""y"":484.7,""t"":1504,""outside"":false,""outsidePx"":0},{""x"":1707.3,""y"":483.3,""t"":1521,""outside"":false,""outsidePx"":0},{""x"":1714,""y"":481.3,""t"":1537,""outside"":false,""outsidePx"":0},{""x"":1716,""y"":481.3,""t"":1554,""outside"":false,""outsidePx"":0}]"
shohei,main,practice,C3,距離大条件,W固定・A長い,35,675,19.286,3,31,91,91,91,2026-09-29T08:07:07.503Z,2026-09-29T08:07:08.841Z,1338,217,1028,811,true,true,none,1739.3,465.3,1,false,0,0,0,false,[],"[{""x"":852,""y"":950,""t"":0,""outside"":false,""outsidePx"":0},{""x"":853.3,""y"":950,""t"":30,""outside"":false,""outsidePx"":0},{""x"":854.7,""y"":950,""t"":39,""outside"":false,""outsidePx"":0},{""x"":860,""y"":950,""t"":50,""outside"":false,""outsidePx"":0},{""x"":868.7,""y"":946.7,""t"":67,""outside"":false,""outsidePx"":0},{""x"":876,""y"":943.3,""t"":83,""outside"":false,""outsidePx"":0},{""x"":888,""y"":938,""t"":100,""outside"":false,""outsidePx"":0},{""x"":898.7,""y"":932.7,""t"":117,""outside"":false,""outsidePx"":0},{""x"":914.7,""y"":926,""t"":134,""outside"":false,""outsidePx"":0},{""x"":930,""y"":918.7,""t"":150,""outside"":false,""outsidePx"":0},{""x"":948,""y"":910,""t"":167,""outside"":false,""outsidePx"":0},{""x"":963.3,""y"":901.3,""t"":184,""outside"":false,""outsidePx"":0},{""x"":976,""y"":894.7,""t"":200,""outside"":false,""outsidePx"":0},{""x"":988,""y"":889.3,""t"":217,""outside"":false,""outsidePx"":0},{""x"":998.7,""y"":884,""t"":234,""outside"":false,""outsidePx"":0},{""x"":1007.3,""y"":878.7,""t"":250,""outside"":false,""outsidePx"":0},{""x"":1016,""y"":871.3,""t"":267,""outside"":false,""outsidePx"":0},{""x"":1026.7,""y"":866.7,""t"":284,""outside"":false,""outsidePx"":0},{""x"":1036.7,""y"":859.3,""t"":300,""outside"":false,""outsidePx"":0},{""x"":1054.7,""y"":850.7,""t"":317,""outside"":false,""outsidePx"":0},{""x"":1072,""y"":842,""t"":334,""outside"":false,""outsidePx"":0},{""x"":1091.3,""y"":833.3,""t"":350,""outside"":false,""outsidePx"":0},{""x"":1106.7,""y"":824.7,""t"":367,""outside"":false,""outsidePx"":0},{""x"":1120.7,""y"":814,""t"":383,""outside"":false,""outsidePx"":0},{""x"":1134.7,""y"":803.3,""t"":400,""outside"":false,""outsidePx"":0},{""x"":1148.7,""y"":794.7,""t"":417,""outside"":false,""outsidePx"":0},{""x"":1159.3,""y"":787.3,""t"":433,""outside"":false,""outsidePx"":0},{""x"":1168,""y"":780.7,""t"":450,""outside"":false,""outsidePx"":0},{""x"":1176.7,""y"":775.3,""t"":467,""outside"":false,""outsidePx"":0},{""x"":1184,""y"":770,""t"":484,""outside"":false,""outsidePx"":0},{""x"":1189.3,""y"":764.7,""t"":500,""outside"":false,""outsidePx"":0},{""x"":1196,""y"":761.3,""t"":517,""outside"":false,""outsidePx"":0},{""x"":1201.3,""y"":758,""t"":534,""outside"":false,""outsidePx"":0},{""x"":1206.7,""y"":754.7,""t"":550,""outside"":false,""outsidePx"":0},{""x"":1214,""y"":750.7,""t"":567,""outside"":false,""outsidePx"":0},{""x"":1220.7,""y"":745.3,""t"":584,""outside"":false,""outsidePx"":0},{""x"":1229.3,""y"":742,""t"":600,""outside"":false,""outsidePx"":0},{""x"":1240,""y"":736.7,""t"":617,""outside"":false,""outsidePx"":0},{""x"":1250.7,""y"":730,""t"":633,""outside"":false,""outsidePx"":0},{""x"":1260.7,""y"":724.7,""t"":650,""outside"":false,""outsidePx"":0},{""x"":1271.3,""y"":719.3,""t"":667,""outside"":false,""outsidePx"":0},{""x"":1284,""y"":712.7,""t"":684,""outside"":false,""outsidePx"":0},{""x"":1296,""y"":705.3,""t"":700,""outside"":false,""outsidePx"":0},{""x"":1308,""y"":698.7,""t"":717,""outside"":false,""outsidePx"":0},{""x"":1320.7,""y"":691.3,""t"":734,""outside"":false,""outsidePx"":0},{""x"":1332.7,""y"":684.7,""t"":750,""outside"":false,""outsidePx"":0},{""x"":1343.3,""y"":679.3,""t"":767,""outside"":false,""outsidePx"":0},{""x"":1355.3,""y"":674,""t"":783,""outside"":false,""outsidePx"":0},{""x"":1364,""y"":670.7,""t"":800,""outside"":false,""outsidePx"":0},{""x"":1374.7,""y"":665.3,""t"":817,""outside"":false,""outsidePx"":0},{""x"":1386.7,""y"":658,""t"":834,""outside"":false,""outsidePx"":0},{""x"":1400.7,""y"":649.3,""t"":850,""outside"":false,""outsidePx"":0},{""x"":1420,""y"":638.7,""t"":867,""outside"":false,""outsidePx"":0},{""x"":1441.3,""y"":628.7,""t"":883,""outside"":false,""outsidePx"":0},{""x"":1460.7,""y"":618,""t"":900,""outside"":false,""outsidePx"":0},{""x"":1476,""y"":609.3,""t"":917,""outside"":false,""outsidePx"":0},{""x"":1490,""y"":602,""t"":933,""outside"":false,""outsidePx"":0},{""x"":1500.7,""y"":595.3,""t"":950,""outside"":false,""outsidePx"":0},{""x"":1512.7,""y"":588,""t"":967,""outside"":false,""outsidePx"":0},{""x"":1525.3,""y"":581.3,""t"":983,""outside"":false,""outsidePx"":0},{""x"":1542.7,""y"":572.7,""t"":1000,""outside"":false,""outsidePx"":0},{""x"":1562,""y"":563.3,""t"":1017,""outside"":false,""outsidePx"":0},{""x"":1581.3,""y"":553.3,""t"":1033,""outside"":false,""outsidePx"":0},{""x"":1602,""y"":542.7,""t"":1050,""outside"":false,""outsidePx"":0},{""x"":1623.3,""y"":532,""t"":1067,""outside"":false,""outsidePx"":0},{""x"":1644,""y"":521.3,""t"":1083,""outside"":false,""outsidePx"":0},{""x"":1663.3,""y"":511.3,""t"":1100,""outside"":false,""outsidePx"":0},{""x"":1677.3,""y"":500.7,""t"":1117,""outside"":false,""outsidePx"":0},{""x"":1690,""y"":492,""t"":1133,""outside"":false,""outsidePx"":0},{""x"":1702,""y"":484.7,""t"":1150,""outside"":false,""outsidePx"":0},{""x"":1710.7,""y"":478,""t"":1167,""outside"":false,""outsidePx"":0},{""x"":1721.3,""y"":472.7,""t"":1183,""outside"":false,""outsidePx"":0},{""x"":1730,""y"":467.3,""t"":1200,""outside"":false,""outsidePx"":0},{""x"":1735.3,""y"":464,""t"":1217,""outside"":false,""outsidePx"":0},{""x"":1738.7,""y"":462,""t"":1233,""outside"":false,""outsidePx"":0},{""x"":1740.7,""y"":462,""t"":1250,""outside"":false,""outsidePx"":0},{""x"":1740.7,""y"":463.3,""t"":1326,""outside"":false,""outsidePx"":0},{""x"":1739.3,""y"":465.3,""t"":1337,""outside"":false,""outsidePx"":0}]"
shohei,main,practice,C3,距離大条件,W固定・A長い,35,675,19.286,3,32,92,92,92,2026-09-29T08:07:09.556Z,2026-09-29T08:07:10.720Z,1163,187,826,639,true,true,deviation,1768.7,437.3,1,true,1,200,4.4,false,"[{""startMs"":580,""startX"":1354,""startY"":654.7,""maxOutsidePx"":4.4,""endMs"":780,""endX"":1514.7,""endY"":565.3,""durationMs"":200}]","[{""x"":841.3,""y"":955.3,""t"":0,""outside"":false,""outsidePx"":0},{""x"":841.3,""y"":954,""t"":30,""outside"":false,""outsidePx"":0},{""x"":844.7,""y"":954,""t"":46,""outside"":false,""outsidePx"":0},{""x"":850,""y"":950.7,""t"":63,""outside"":false,""outsidePx"":0},{""x"":860,""y"":946.7,""t"":80,""outside"":false,""outsidePx"":0},{""x"":874,""y"":940,""t"":96,""outside"":false,""outsidePx"":0},{""x"":892,""y"":932.7,""t"":113,""outside"":false,""outsidePx"":0},{""x"":910.7,""y"":920.7,""t"":130,""outside"":false,""outsidePx"":0},{""x"":932,""y"":912,""t"":147,""outside"":false,""outsidePx"":0},{""x"":954.7,""y"":899.3,""t"":163,""outside"":false,""outsidePx"":0},{""x"":976,""y"":887.3,""t"":180,""outside"":false,""outsidePx"":0},{""x"":996.7,""y"":878.7,""t"":196,""outside"":false,""outsidePx"":0},{""x"":1014,""y"":870,""t"":213,""outside"":false,""outsidePx"":0},{""x"":1028,""y"":862.7,""t"":230,""outside"":false,""outsidePx"":0},{""x"":1038.7,""y"":857.3,""t"":247,""outside"":false,""outsidePx"":0},{""x"":1050.7,""y"":850.7,""t"":263,""outside"":false,""outsidePx"":0},{""x"":1066.7,""y"":843.3,""t"":280,""outside"":false,""outsidePx"":0},{""x"":1082.7,""y"":834.7,""t"":297,""outside"":false,""outsidePx"":0},{""x"":1102,""y"":826,""t"":313,""outside"":false,""outsidePx"":0},{""x"":1114,""y"":819.3,""t"":330,""outside"":false,""outsidePx"":0},{""x"":1128,""y"":808.7,""t"":346,""outside"":false,""outsidePx"":0},{""x"":1144,""y"":796.7,""t"":363,""outside"":false,""outsidePx"":0},{""x"":1161.3,""y"":786,""t"":380,""outside"":false,""outsidePx"":0},{""x"":1180.7,""y"":773.3,""t"":396,""outside"":false,""outsidePx"":0},{""x"":1203.3,""y"":761.3,""t"":413,""outside"":false,""outsidePx"":0},{""x"":1222.7,""y"":750.7,""t"":430,""outside"":false,""outsidePx"":0},{""x"":1242,""y"":736.7,""t"":446,""outside"":false,""outsidePx"":0},{""x"":1259.3,""y"":724.7,""t"":463,""outside"":false,""outsidePx"":0},{""x"":1276.7,""y"":712.7,""t"":480,""outside"":false,""outsidePx"":0},{""x"":1292.7,""y"":702,""t"":496,""outside"":false,""outsidePx"":0},{""x"":1306.7,""y"":691.3,""t"":513,""outside"":false,""outsidePx"":0},{""x"":1320.7,""y"":680.7,""t"":530,""outside"":false,""outsidePx"":0},{""x"":1332.7,""y"":670.7,""t"":546,""outside"":false,""outsidePx"":0},{""x"":1343.3,""y"":663.3,""t"":563,""outside"":false,""outsidePx"":0},{""x"":1354,""y"":654.7,""t"":580,""outside"":true,""outsidePx"":2.1},{""x"":1364,""y"":649.3,""t"":597,""outside"":true,""outsidePx"":1.7},{""x"":1372.7,""y"":644,""t"":613,""outside"":true,""outsidePx"":2},{""x"":1382,""y"":637.3,""t"":630,""outside"":true,""outsidePx"":3.1},{""x"":1388.7,""y"":632,""t"":647,""outside"":true,""outsidePx"":4.4},{""x"":1399.3,""y"":626.7,""t"":663,""outside"":true,""outsidePx"":3.7},{""x"":1413.3,""y"":618,""t"":680,""outside"":true,""outsidePx"":4.2},{""x"":1427.3,""y"":612.7,""t"":696,""outside"":true,""outsidePx"":1.8},{""x"":1442.7,""y"":605.3,""t"":713,""outside"":true,""outsidePx"":0.5},{""x"":1458.7,""y"":595.3,""t"":730,""outside"":true,""outsidePx"":1.1},{""x"":1474.7,""y"":586.7,""t"":746,""outside"":true,""outsidePx"":0.6},{""x"":1494,""y"":576,""t"":763,""outside"":true,""outsidePx"":0.2},{""x"":1514.7,""y"":565.3,""t"":780,""outside"":false,""outsidePx"":0},{""x"":1536,""y"":558.7,""t"":796,""outside"":false,""outsidePx"":0},{""x"":1554.7,""y"":551.3,""t"":813,""outside"":false,""outsidePx"":0},{""x"":1572.7,""y"":542.7,""t"":830,""outside"":false,""outsidePx"":0},{""x"":1588,""y"":534,""t"":846,""outside"":false,""outsidePx"":0},{""x"":1604,""y"":525.3,""t"":863,""outside"":false,""outsidePx"":0},{""x"":1621.3,""y"":516.7,""t"":880,""outside"":false,""outsidePx"":0},{""x"":1637.3,""y"":509.3,""t"":896,""outside"":false,""outsidePx"":0},{""x"":1651.3,""y"":504,""t"":913,""outside"":false,""outsidePx"":0},{""x"":1662,""y"":498.7,""t"":930,""outside"":false,""outsidePx"":0},{""x"":1672,""y"":493.3,""t"":946,""outside"":false,""outsidePx"":0},{""x"":1680.7,""y"":486.7,""t"":963,""outside"":false,""outsidePx"":0},{""x"":1690,""y"":481.3,""t"":980,""outside"":false,""outsidePx"":0},{""x"":1700,""y"":476,""t"":996,""outside"":false,""outsidePx"":0},{""x"":1708.7,""y"":472.7,""t"":1013,""outside"":false,""outsidePx"":0},{""x"":1716,""y"":469.3,""t"":1030,""outside"":false,""outsidePx"":0},{""x"":1726.7,""y"":464,""t"":1046,""outside"":false,""outsidePx"":0},{""x"":1736.7,""y"":458.7,""t"":1063,""outside"":false,""outsidePx"":0},{""x"":1746,""y"":451.3,""t"":1080,""outside"":false,""outsidePx"":0},{""x"":1758,""y"":444.7,""t"":1096,""outside"":false,""outsidePx"":0},{""x"":1766.7,""y"":439.3,""t"":1113,""outside"":false,""outsidePx"":0},{""x"":1768.7,""y"":437.3,""t"":1130,""outside"":false,""outsidePx"":0}]"
shohei,main,practice,C3,距離大条件,W固定・A長い,35,675,19.286,3,33,93,93,93,2026-09-29T08:07:11.394Z,2026-09-29T08:07:12.625Z,1232,215,988,773,true,true,none,1739.3,464,1,false,0,0,0,false,[],"[{""x"":852,""y"":955.3,""t"":0,""outside"":false,""outsidePx"":0},{""x"":853.3,""y"":955.3,""t"":54,""outside"":false,""outsidePx"":0},{""x"":854.7,""y"":954,""t"":61,""outside"":false,""outsidePx"":0},{""x"":862,""y"":950.7,""t"":76,""outside"":false,""outsidePx"":0},{""x"":872.7,""y"":943.3,""t"":92,""outside"":false,""outsidePx"":0},{""x"":884.7,""y"":934.7,""t"":109,""outside"":false,""outsidePx"":0},{""x"":898.7,""y"":926,""t"":125,""outside"":false,""outsidePx"":0},{""x"":912.7,""y"":917.3,""t"":142,""outside"":false,""outsidePx"":0},{""x"":928.7,""y"":910,""t"":159,""outside"":false,""outsidePx"":0},{""x"":946,""y"":901.3,""t"":175,""outside"":false,""outsidePx"":0},{""x"":962,""y"":894.7,""t"":192,""outside"":false,""outsidePx"":0},{""x"":979.3,""y"":887.3,""t"":209,""outside"":false,""outsidePx"":0},{""x"":994.7,""y"":878.7,""t"":225,""outside"":false,""outsidePx"":0},{""x"":1007.3,""y"":871.3,""t"":242,""outside"":false,""outsidePx"":0},{""x"":1021.3,""y"":866.7,""t"":259,""outside"":false,""outsidePx"":0},{""x"":1033.3,""y"":861.3,""t"":275,""outside"":false,""outsidePx"":0},{""x"":1046,""y"":856,""t"":292,""outside"":false,""outsidePx"":0},{""x"":1058,""y"":848.7,""t"":309,""outside"":false,""outsidePx"":0},{""x"":1070,""y"":840,""t"":325,""outside"":false,""outsidePx"":0},{""x"":1080.7,""y"":833.3,""t"":342,""outside"":false,""outsidePx"":0},{""x"":1092.7,""y"":824.7,""t"":359,""outside"":false,""outsidePx"":0},{""x"":1105.3,""y"":819.3,""t"":375,""outside"":false,""outsidePx"":0},{""x"":1114,""y"":814,""t"":392,""outside"":false,""outsidePx"":0},{""x"":1122.7,""y"":808.7,""t"":409,""outside"":false,""outsidePx"":0},{""x"":1131.3,""y"":803.3,""t"":425,""outside"":false,""outsidePx"":0},{""x"":1138.7,""y"":798,""t"":442,""outside"":false,""outsidePx"":0},{""x"":1148.7,""y"":791.3,""t"":459,""outside"":false,""outsidePx"":0},{""x"":1158,""y"":782.7,""t"":475,""outside"":false,""outsidePx"":0},{""x"":1170,""y"":775.3,""t"":492,""outside"":false,""outsidePx"":0},{""x"":1182,""y"":768.7,""t"":509,""outside"":false,""outsidePx"":0},{""x"":1196,""y"":759.3,""t"":525,""outside"":false,""outsidePx"":0},{""x"":1210,""y"":750.7,""t"":542,""outside"":false,""outsidePx"":0},{""x"":1226,""y"":742,""t"":559,""outside"":false,""outsidePx"":0},{""x"":1242,""y"":733.3,""t"":575,""outside"":false,""outsidePx"":0},{""x"":1256,""y"":726.7,""t"":592,""outside"":false,""outsidePx"":0},{""x"":1268,""y"":717.3,""t"":609,""outside"":false,""outsidePx"":0},{""x"":1280,""y"":710.7,""t"":625,""outside"":false,""outsidePx"":0},{""x"":1292.7,""y"":703.3,""t"":642,""outside"":false,""outsidePx"":0},{""x"":1306.7,""y"":696.7,""t"":658,""outside"":false,""outsidePx"":0},{""x"":1320.7,""y"":691.3,""t"":675,""outside"":false,""outsidePx"":0},{""x"":1330.7,""y"":686,""t"":692,""outside"":false,""outsidePx"":0},{""x"":1344.7,""y"":677.3,""t"":709,""outside"":false,""outsidePx"":0},{""x"":1355.3,""y"":672,""t"":725,""outside"":false,""outsidePx"":0},{""x"":1368,""y"":665.3,""t"":742,""outside"":false,""outsidePx"":0},{""x"":1378,""y"":660,""t"":759,""outside"":false,""outsidePx"":0},{""x"":1388.7,""y"":654.7,""t"":775,""outside"":false,""outsidePx"":0},{""x"":1399.3,""y"":649.3,""t"":792,""outside"":false,""outsidePx"":0},{""x"":1408,""y"":644,""t"":809,""outside"":false,""outsidePx"":0},{""x"":1420,""y"":637.3,""t"":825,""outside"":false,""outsidePx"":0},{""x"":1436,""y"":630,""t"":842,""outside"":false,""outsidePx"":0},{""x"":1453.3,""y"":621.3,""t"":858,""outside"":false,""outsidePx"":0},{""x"":1470.7,""y"":612.7,""t"":875,""outside"":false,""outsidePx"":0},{""x"":1490,""y"":604,""t"":892,""outside"":false,""outsidePx"":0},{""x"":1508,""y"":595.3,""t"":908,""outside"":false,""outsidePx"":0},{""x"":1523.3,""y"":586.7,""t"":925,""outside"":false,""outsidePx"":0},{""x"":1536,""y"":579.3,""t"":942,""outside"":false,""outsidePx"":0},{""x"":1550,""y"":570.7,""t"":958,""outside"":false,""outsidePx"":0},{""x"":1564,""y"":563.3,""t"":975,""outside"":false,""outsidePx"":0},{""x"":1578,""y"":554.7,""t"":992,""outside"":false,""outsidePx"":0},{""x"":1592,""y"":548,""t"":1008,""outside"":false,""outsidePx"":0},{""x"":1604,""y"":540.7,""t"":1025,""outside"":false,""outsidePx"":0},{""x"":1621.3,""y"":532,""t"":1042,""outside"":false,""outsidePx"":0},{""x"":1637.3,""y"":523.3,""t"":1058,""outside"":false,""outsidePx"":0},{""x"":1656.7,""y"":512.7,""t"":1075,""outside"":false,""outsidePx"":0},{""x"":1676,""y"":500.7,""t"":1092,""outside"":false,""outsidePx"":0},{""x"":1696.7,""y"":490,""t"":1108,""outside"":false,""outsidePx"":0},{""x"":1714,""y"":481.3,""t"":1125,""outside"":false,""outsidePx"":0},{""x"":1728,""y"":472.7,""t"":1142,""outside"":false,""outsidePx"":0},{""x"":1736.7,""y"":467.3,""t"":1159,""outside"":false,""outsidePx"":0},{""x"":1740.7,""y"":464,""t"":1175,""outside"":false,""outsidePx"":0},{""x"":1739.3,""y"":464,""t"":1231,""outside"":false,""outsidePx"":0}]"
shohei,main,practice,C3,距離大条件,W固定・A長い,35,675,19.286,3,34,94,94,94,2026-09-29T08:07:13.305Z,2026-09-29T08:07:14.661Z,1357,240,1123,883,true,true,deviation,1714,463.3,1,true,2,33,0.4,false,"[{""startMs"":415,""startX"":1066.7,""startY"":822.7,""maxOutsidePx"":0.3,""endMs"":431,""endX"":1075.3,""endY"":819.3,""durationMs"":16},{""startMs"":514,""startX"":1120.7,""startY"":791.3,""maxOutsidePx"":0.4,""endMs"":531,""endX"":1134.7,""endY"":784,""durationMs"":17}]","[{""x"":860.7,""y"":956.7,""t"":0,""outside"":false,""outsidePx"":0},{""x"":862,""y"":955.3,""t"":31,""outside"":false,""outsidePx"":0},{""x"":867.3,""y"":952,""t"":48,""outside"":false,""outsidePx"":0},{""x"":872.7,""y"":948.7,""t"":64,""outside"":false,""outsidePx"":0},{""x"":879.3,""y"":943.3,""t"":81,""outside"":false,""outsidePx"":0},{""x"":886.7,""y"":938,""t"":97,""outside"":false,""outsidePx"":0},{""x"":895.3,""y"":932.7,""t"":114,""outside"":false,""outsidePx"":0},{""x"":904,""y"":927.3,""t"":131,""outside"":false,""outsidePx"":0},{""x"":916,""y"":922.7,""t"":147,""outside"":false,""outsidePx"":0},{""x"":928.7,""y"":915.3,""t"":164,""outside"":false,""outsidePx"":0},{""x"":944,""y"":904.7,""t"":181,""outside"":false,""outsidePx"":0},{""x"":956.7,""y"":894.7,""t"":197,""outside"":false,""outsidePx"":0},{""x"":968.7,""y"":885.3,""t"":214,""outside"":false,""outsidePx"":0},{""x"":977.3,""y"":880.7,""t"":231,""outside"":false,""outsidePx"":0},{""x"":986,""y"":876.7,""t"":248,""outside"":false,""outsidePx"":0},{""x"":994.7,""y"":871.3,""t"":264,""outside"":false,""outsidePx"":0},{""x"":1005.3,""y"":866.7,""t"":281,""outside"":false,""outsidePx"":0},{""x"":1014,""y"":857.3,""t"":297,""outside"":false,""outsidePx"":0},{""x"":1022.7,""y"":852.7,""t"":314,""outside"":false,""outsidePx"":0},{""x"":1030,""y"":847.3,""t"":331,""outside"":false,""outsidePx"":0},{""x"":1035.3,""y"":843.3,""t"":348,""outside"":false,""outsidePx"":0},{""x"":1042,""y"":840,""t"":364,""outside"":false,""outsidePx"":0},{""x"":1050.7,""y"":834.7,""t"":381,""outside"":false,""outsidePx"":0},{""x"":1058,""y"":829.3,""t"":397,""outside"":false,""outsidePx"":0},{""x"":1066.7,""y"":822.7,""t"":415,""outside"":true,""outsidePx"":0.3},{""x"":1075.3,""y"":819.3,""t"":431,""outside"":false,""outsidePx"":0},{""x"":1082.7,""y"":815.3,""t"":448,""outside"":false,""outsidePx"":0},{""x"":1091.3,""y"":810.7,""t"":464,""outside"":false,""outsidePx"":0},{""x"":1098,""y"":805.3,""t"":481,""outside"":false,""outsidePx"":0},{""x"":1106.7,""y"":800,""t"":497,""outside"":false,""outsidePx"":0},{""x"":1120.7,""y"":791.3,""t"":514,""outside"":true,""outsidePx"":0.4},{""x"":1134.7,""y"":784,""t"":531,""outside"":false,""outsidePx"":0},{""x"":1150.7,""y"":777.3,""t"":547,""outside"":false,""outsidePx"":0},{""x"":1164.7,""y"":770,""t"":564,""outside"":false,""outsidePx"":0},{""x"":1178.7,""y"":763.3,""t"":581,""outside"":false,""outsidePx"":0},{""x"":1190.7,""y"":754.7,""t"":597,""outside"":false,""outsidePx"":0},{""x"":1201.3,""y"":747.3,""t"":614,""outside"":false,""outsidePx"":0},{""x"":1214,""y"":740.7,""t"":631,""outside"":false,""outsidePx"":0},{""x"":1228,""y"":731.3,""t"":647,""outside"":false,""outsidePx"":0},{""x"":1240,""y"":724.7,""t"":664,""outside"":false,""outsidePx"":0},{""x"":1252,""y"":717.3,""t"":681,""outside"":false,""outsidePx"":0},{""x"":1264.7,""y"":712.7,""t"":698,""outside"":false,""outsidePx"":0},{""x"":1274.7,""y"":705.3,""t"":714,""outside"":false,""outsidePx"":0},{""x"":1285.3,""y"":700,""t"":731,""outside"":false,""outsidePx"":0},{""x"":1292.7,""y"":694.7,""t"":747,""outside"":false,""outsidePx"":0},{""x"":1301.3,""y"":688,""t"":764,""outside"":false,""outsidePx"":0},{""x"":1313.3,""y"":680.7,""t"":781,""outside"":false,""outsidePx"":0},{""x"":1326,""y"":674,""t"":797,""outside"":false,""outsidePx"":0},{""x"":1338,""y"":668.7,""t"":814,""outside"":false,""outsidePx"":0},{""x"":1348.7,""y"":663.3,""t"":831,""outside"":false,""outsidePx"":0},{""x"":1358.7,""y"":658,""t"":847,""outside"":false,""outsidePx"":0},{""x"":1369.3,""y"":651.3,""t"":864,""outside"":false,""outsidePx"":0},{""x"":1380,""y"":644,""t"":881,""outside"":false,""outsidePx"":0},{""x"":1394,""y"":637.3,""t"":897,""outside"":false,""outsidePx"":0},{""x"":1406,""y"":630,""t"":914,""outside"":false,""outsidePx"":0},{""x"":1420,""y"":623.3,""t"":931,""outside"":false,""outsidePx"":0},{""x"":1436,""y"":616,""t"":947,""outside"":false,""outsidePx"":0},{""x"":1448,""y"":609.3,""t"":964,""outside"":false,""outsidePx"":0},{""x"":1462,""y"":602,""t"":981,""outside"":false,""outsidePx"":0},{""x"":1474.7,""y"":595.3,""t"":997,""outside"":false,""outsidePx"":0},{""x"":1488.7,""y"":586.7,""t"":1014,""outside"":false,""outsidePx"":0},{""x"":1500.7,""y"":579.3,""t"":1031,""outside"":false,""outsidePx"":0},{""x"":1512.7,""y"":572.7,""t"":1048,""outside"":false,""outsidePx"":0},{""x"":1525.3,""y"":565.3,""t"":1064,""outside"":false,""outsidePx"":0},{""x"":1539.3,""y"":558.7,""t"":1081,""outside"":false,""outsidePx"":0},{""x"":1548,""y"":553.3,""t"":1098,""outside"":false,""outsidePx"":0},{""x"":1560,""y"":546,""t"":1114,""outside"":false,""outsidePx"":0},{""x"":1574,""y"":539.3,""t"":1131,""outside"":false,""outsidePx"":0},{""x"":1584.7,""y"":532,""t"":1147,""outside"":false,""outsidePx"":0},{""x"":1598.7,""y"":525.3,""t"":1164,""outside"":false,""outsidePx"":0},{""x"":1614.7,""y"":516.7,""t"":1181,""outside"":false,""outsidePx"":0},{""x"":1628.7,""y"":507.3,""t"":1197,""outside"":false,""outsidePx"":0},{""x"":1646,""y"":498.7,""t"":1214,""outside"":false,""outsidePx"":0},{""x"":1662,""y"":490,""t"":1231,""outside"":false,""outsidePx"":0},{""x"":1677.3,""y"":479.3,""t"":1247,""outside"":false,""outsidePx"":0},{""x"":1691.3,""y"":470.7,""t"":1264,""outside"":false,""outsidePx"":0},{""x"":1704,""y"":464,""t"":1281,""outside"":false,""outsidePx"":0},{""x"":1708.7,""y"":460.7,""t"":1297,""outside"":false,""outsidePx"":0},{""x"":1708.7,""y"":458.7,""t"":1314,""outside"":false,""outsidePx"":0},{""x"":1710.7,""y"":458.7,""t"":1337,""outside"":false,""outsidePx"":0},{""x"":1712.7,""y"":461.3,""t"":1347,""outside"":false,""outsidePx"":0},{""x"":1714,""y"":463.3,""t"":1356,""outside"":false,""outsidePx"":0}]"
shohei,main,practice,C3,距離大条件,W固定・A長い,35,675,19.286,3,35,95,95,95,2026-09-29T08:07:15.280Z,2026-09-29T08:07:16.753Z,1474,301,1177,876,true,true,none,1728,472.7,1,false,0,0,0,false,[],"[{""x"":827.3,""y"":964,""t"":0,""outside"":false,""outsidePx"":0},{""x"":828.7,""y"":964,""t"":56,""outside"":false,""outsidePx"":0},{""x"":834,""y"":960.7,""t"":72,""outside"":false,""outsidePx"":0},{""x"":842.7,""y"":955.3,""t"":89,""outside"":false,""outsidePx"":0},{""x"":854.7,""y"":950.7,""t"":106,""outside"":false,""outsidePx"":0},{""x"":867.3,""y"":945.3,""t"":122,""outside"":false,""outsidePx"":0},{""x"":879.3,""y"":941.3,""t"":139,""outside"":false,""outsidePx"":0},{""x"":890,""y"":936.7,""t"":156,""outside"":false,""outsidePx"":0},{""x"":902,""y"":929.3,""t"":172,""outside"":false,""outsidePx"":0},{""x"":914.7,""y"":922.7,""t"":189,""outside"":false,""outsidePx"":0},{""x"":926.7,""y"":915.3,""t"":206,""outside"":false,""outsidePx"":0},{""x"":938.7,""y"":908.7,""t"":222,""outside"":false,""outsidePx"":0},{""x"":951.3,""y"":901.3,""t"":239,""outside"":false,""outsidePx"":0},{""x"":960,""y"":896,""t"":255,""outside"":false,""outsidePx"":0},{""x"":966.7,""y"":889.3,""t"":272,""outside"":false,""outsidePx"":0},{""x"":976,""y"":884,""t"":289,""outside"":false,""outsidePx"":0},{""x"":984.7,""y"":878.7,""t"":305,""outside"":false,""outsidePx"":0},{""x"":994.7,""y"":875.3,""t"":322,""outside"":false,""outsidePx"":0},{""x"":1004,""y"":871.3,""t"":339,""outside"":false,""outsidePx"":0},{""x"":1012.7,""y"":868,""t"":356,""outside"":false,""outsidePx"":0},{""x"":1019.3,""y"":864.7,""t"":372,""outside"":false,""outsidePx"":0},{""x"":1028,""y"":859.3,""t"":389,""outside"":false,""outsidePx"":0},{""x"":1036.7,""y"":852.7,""t"":405,""outside"":false,""outsidePx"":0},{""x"":1047.3,""y"":847.3,""t"":422,""outside"":false,""outsidePx"":0},{""x"":1060,""y"":840,""t"":439,""outside"":false,""outsidePx"":0},{""x"":1072,""y"":833.3,""t"":456,""outside"":false,""outsidePx"":0},{""x"":1086,""y"":828,""t"":472,""outside"":false,""outsidePx"":0},{""x"":1098,""y"":820.7,""t"":489,""outside"":false,""outsidePx"":0},{""x"":1110.7,""y"":814,""t"":505,""outside"":false,""outsidePx"":0},{""x"":1120.7,""y"":806.7,""t"":522,""outside"":false,""outsidePx"":0},{""x"":1131.3,""y"":800,""t"":539,""outside"":false,""outsidePx"":0},{""x"":1142,""y"":794.7,""t"":555,""outside"":false,""outsidePx"":0},{""x"":1150.7,""y"":791.3,""t"":572,""outside"":false,""outsidePx"":0},{""x"":1161.3,""y"":786,""t"":589,""outside"":false,""outsidePx"":0},{""x"":1172,""y"":780.7,""t"":606,""outside"":false,""outsidePx"":0},{""x"":1180.7,""y"":775.3,""t"":622,""outside"":false,""outsidePx"":0},{""x"":1190.7,""y"":770,""t"":639,""outside"":false,""outsidePx"":0},{""x"":1201.3,""y"":763.3,""t"":655,""outside"":false,""outsidePx"":0},{""x"":1215.3,""y"":754.7,""t"":672,""outside"":false,""outsidePx"":0},{""x"":1228,""y"":747.3,""t"":689,""outside"":false,""outsidePx"":0},{""x"":1240,""y"":742,""t"":706,""outside"":false,""outsidePx"":0},{""x"":1252,""y"":735.3,""t"":722,""outside"":false,""outsidePx"":0},{""x"":1264.7,""y"":728,""t"":739,""outside"":false,""outsidePx"":0},{""x"":1274.7,""y"":722.7,""t"":756,""outside"":false,""outsidePx"":0},{""x"":1285.3,""y"":717.3,""t"":772,""outside"":false,""outsidePx"":0},{""x"":1294,""y"":714,""t"":789,""outside"":false,""outsidePx"":0},{""x"":1299.3,""y"":710.7,""t"":805,""outside"":false,""outsidePx"":0},{""x"":1308,""y"":707.3,""t"":822,""outside"":false,""outsidePx"":0},{""x"":1315.3,""y"":702,""t"":839,""outside"":false,""outsidePx"":0},{""x"":1324,""y"":698.7,""t"":856,""outside"":false,""outsidePx"":0},{""x"":1334.7,""y"":694.7,""t"":872,""outside"":false,""outsidePx"":0},{""x"":1344.7,""y"":689.3,""t"":889,""outside"":false,""outsidePx"":0},{""x"":1357.3,""y"":682.7,""t"":906,""outside"":false,""outsidePx"":0},{""x"":1371.3,""y"":675.3,""t"":922,""outside"":false,""outsidePx"":0},{""x"":1385.3,""y"":668.7,""t"":939,""outside"":false,""outsidePx"":0},{""x"":1400.7,""y"":661.3,""t"":955,""outside"":false,""outsidePx"":0},{""x"":1414.7,""y"":654.7,""t"":972,""outside"":false,""outsidePx"":0},{""x"":1425.3,""y"":647.3,""t"":989,""outside"":false,""outsidePx"":0},{""x"":1438,""y"":642.7,""t"":1005,""outside"":false,""outsidePx"":0},{""x"":1452,""y"":633.3,""t"":1022,""outside"":false,""outsidePx"":0},{""x"":1464,""y"":626.7,""t"":1039,""outside"":false,""outsidePx"":0},{""x"":1480,""y"":618,""t"":1056,""outside"":false,""outsidePx"":0},{""x"":1495.3,""y"":609.3,""t"":1072,""outside"":false,""outsidePx"":0},{""x"":1509.3,""y"":600.7,""t"":1089,""outside"":false,""outsidePx"":0},{""x"":1523.3,""y"":593.3,""t"":1106,""outside"":false,""outsidePx"":0},{""x"":1536,""y"":586.7,""t"":1122,""outside"":false,""outsidePx"":0},{""x"":1548,""y"":577.3,""t"":1139,""outside"":false,""outsidePx"":0},{""x"":1562,""y"":568.7,""t"":1155,""outside"":false,""outsidePx"":0},{""x"":1574,""y"":562,""t"":1172,""outside"":false,""outsidePx"":0},{""x"":1584.7,""y"":554.7,""t"":1189,""outside"":false,""outsidePx"":0},{""x"":1593.3,""y"":549.3,""t"":1205,""outside"":false,""outsidePx"":0},{""x"":1602,""y"":544.7,""t"":1222,""outside"":false,""outsidePx"":0},{""x"":1610.7,""y"":540.7,""t"":1239,""outside"":false,""outsidePx"":0},{""x"":1621.3,""y"":534,""t"":1255,""outside"":false,""outsidePx"":0},{""x"":1634,""y"":526.7,""t"":1272,""outside"":false,""outsidePx"":0},{""x"":1649.3,""y"":520,""t"":1289,""outside"":false,""outsidePx"":0},{""x"":1666.7,""y"":509.3,""t"":1305,""outside"":false,""outsidePx"":0},{""x"":1680.7,""y"":500.7,""t"":1322,""outside"":false,""outsidePx"":0},{""x"":1696.7,""y"":492,""t"":1339,""outside"":false,""outsidePx"":0},{""x"":1710.7,""y"":483.3,""t"":1355,""outside"":false,""outsidePx"":0},{""x"":1719.3,""y"":478,""t"":1372,""outside"":false,""outsidePx"":0},{""x"":1724.7,""y"":474.7,""t"":1389,""outside"":false,""outsidePx"":0},{""x"":1728,""y"":472.7,""t"":1406,""outside"":false,""outsidePx"":0}]"
shohei,main,practice,C3,距離大条件,W固定・A長い,35,675,19.286,3,36,96,96,96,2026-09-29T08:07:18.505Z,2026-09-29T08:07:20.307Z,1802,299,1391,1092,true,true,none,1716,472,1,false,0,0,0,false,[],"[{""x"":831.3,""y"":974,""t"":0,""outside"":false,""outsidePx"":0},{""x"":832,""y"":974,""t"":30,""outside"":false,""outsidePx"":0},{""x"":834,""y"":973.3,""t"":46,""outside"":false,""outsidePx"":0},{""x"":837.3,""y"":969.3,""t"":63,""outside"":false,""outsidePx"":0},{""x"":844.7,""y"":966,""t"":80,""outside"":false,""outsidePx"":0},{""x"":853.3,""y"":960.7,""t"":96,""outside"":false,""outsidePx"":0},{""x"":865.3,""y"":957.3,""t"":113,""outside"":false,""outsidePx"":0},{""x"":879.3,""y"":950.7,""t"":130,""outside"":false,""outsidePx"":0},{""x"":893.3,""y"":943.3,""t"":146,""outside"":false,""outsidePx"":0},{""x"":906,""y"":936.7,""t"":163,""outside"":false,""outsidePx"":0},{""x"":916,""y"":927.3,""t"":180,""outside"":false,""outsidePx"":0},{""x"":930,""y"":920.7,""t"":196,""outside"":false,""outsidePx"":0},{""x"":944,""y"":913.3,""t"":213,""outside"":false,""outsidePx"":0},{""x"":954.7,""y"":910,""t"":230,""outside"":false,""outsidePx"":0},{""x"":963.3,""y"":904.7,""t"":247,""outside"":false,""outsidePx"":0},{""x"":970.7,""y"":901.3,""t"":263,""outside"":false,""outsidePx"":0},{""x"":979.3,""y"":898,""t"":280,""outside"":false,""outsidePx"":0},{""x"":988,""y"":892.7,""t"":296,""outside"":false,""outsidePx"":0},{""x"":996.7,""y"":889.3,""t"":313,""outside"":false,""outsidePx"":0},{""x"":1005.3,""y"":884,""t"":330,""outside"":false,""outsidePx"":0},{""x"":1016,""y"":876.7,""t"":346,""outside"":false,""outsidePx"":0},{""x"":1024.7,""y"":870,""t"":363,""outside"":false,""outsidePx"":0},{""x"":1035.3,""y"":861.3,""t"":380,""outside"":false,""outsidePx"":0},{""x"":1046,""y"":854,""t"":396,""outside"":false,""outsidePx"":0},{""x"":1050.7,""y"":850.7,""t"":413,""outside"":false,""outsidePx"":0},{""x"":1056,""y"":847.3,""t"":430,""outside"":false,""outsidePx"":0},{""x"":1061.3,""y"":843.3,""t"":447,""outside"":false,""outsidePx"":0},{""x"":1066.7,""y"":838.7,""t"":463,""outside"":false,""outsidePx"":0},{""x"":1075.3,""y"":831.3,""t"":480,""outside"":false,""outsidePx"":0},{""x"":1084,""y"":824.7,""t"":496,""outside"":false,""outsidePx"":0},{""x"":1092.7,""y"":819.3,""t"":513,""outside"":false,""outsidePx"":0},{""x"":1100,""y"":814,""t"":530,""outside"":false,""outsidePx"":0},{""x"":1106.7,""y"":810.7,""t"":547,""outside"":false,""outsidePx"":0},{""x"":1117.3,""y"":803.3,""t"":563,""outside"":false,""outsidePx"":0},{""x"":1128,""y"":796.7,""t"":580,""outside"":false,""outsidePx"":0},{""x"":1140,""y"":786,""t"":596,""outside"":false,""outsidePx"":0},{""x"":1150.7,""y"":778.7,""t"":613,""outside"":false,""outsidePx"":0},{""x"":1161.3,""y"":772,""t"":630,""outside"":false,""outsidePx"":0},{""x"":1170,""y"":764.7,""t"":646,""outside"":false,""outsidePx"":0},{""x"":1178.7,""y"":759.3,""t"":663,""outside"":false,""outsidePx"":0},{""x"":1189.3,""y"":754.7,""t"":680,""outside"":false,""outsidePx"":0},{""x"":1198,""y"":749.3,""t"":696,""outside"":false,""outsidePx"":0},{""x"":1204.7,""y"":745.3,""t"":713,""outside"":false,""outsidePx"":0},{""x"":1210,""y"":742,""t"":730,""outside"":false,""outsidePx"":0},{""x"":1217.3,""y"":738.7,""t"":746,""outside"":false,""outsidePx"":0},{""x"":1224,""y"":735.3,""t"":763,""outside"":false,""outsidePx"":0},{""x"":1231.3,""y"":730,""t"":780,""outside"":false,""outsidePx"":0},{""x"":1240,""y"":726.7,""t"":796,""outside"":false,""outsidePx"":0},{""x"":1248.7,""y"":722.7,""t"":813,""outside"":false,""outsidePx"":0},{""x"":1256,""y"":717.3,""t"":829,""outside"":false,""outsidePx"":0},{""x"":1264.7,""y"":714,""t"":846,""outside"":false,""outsidePx"":0},{""x"":1271.3,""y"":710.7,""t"":863,""outside"":false,""outsidePx"":0},{""x"":1278.7,""y"":707.3,""t"":880,""outside"":false,""outsidePx"":0},{""x"":1285.3,""y"":703.3,""t"":896,""outside"":false,""outsidePx"":0},{""x"":1292.7,""y"":700,""t"":913,""outside"":false,""outsidePx"":0},{""x"":1299.3,""y"":696.7,""t"":929,""outside"":false,""outsidePx"":0},{""x"":1306.7,""y"":693.3,""t"":946,""outside"":false,""outsidePx"":0},{""x"":1313.3,""y"":689.3,""t"":963,""outside"":false,""outsidePx"":0},{""x"":1322,""y"":684.7,""t"":980,""outside"":false,""outsidePx"":0},{""x"":1330.7,""y"":680.7,""t"":996,""outside"":false,""outsidePx"":0},{""x"":1338,""y"":675.3,""t"":1013,""outside"":false,""outsidePx"":0},{""x"":1344.7,""y"":674,""t"":1029,""outside"":false,""outsidePx"":0},{""x"":1354,""y"":668.7,""t"":1046,""outside"":false,""outsidePx"":0},{""x"":1362.7,""y"":663.3,""t"":1063,""outside"":false,""outsidePx"":0},{""x"":1372.7,""y"":656.7,""t"":1080,""outside"":false,""outsidePx"":0},{""x"":1385.3,""y"":651.3,""t"":1096,""outside"":false,""outsidePx"":0},{""x"":1394,""y"":646,""t"":1113,""outside"":false,""outsidePx"":0},{""x"":1402.7,""y"":640.7,""t"":1129,""outside"":false,""outsidePx"":0},{""x"":1411.3,""y"":635.3,""t"":1146,""outside"":false,""outsidePx"":0},{""x"":1418.7,""y"":632,""t"":1163,""outside"":false,""outsidePx"":0},{""x"":1428.7,""y"":626.7,""t"":1179,""outside"":false,""outsidePx"":0},{""x"":1438,""y"":619.3,""t"":1196,""outside"":false,""outsidePx"":0},{""x"":1448,""y"":616,""t"":1213,""outside"":false,""outsidePx"":0},{""x"":1456.7,""y"":610.7,""t"":1229,""outside"":false,""outsidePx"":0},{""x"":1464,""y"":609.3,""t"":1246,""outside"":false,""outsidePx"":0},{""x"":1470.7,""y"":605.3,""t"":1263,""outside"":false,""outsidePx"":0},{""x"":1481.3,""y"":600.7,""t"":1279,""outside"":false,""outsidePx"":0},{""x"":1492,""y"":595.3,""t"":1296,""outside"":false,""outsidePx"":0},{""x"":1508,""y"":588,""t"":1313,""outside"":false,""outsidePx"":0},{""x"":1522,""y"":579.3,""t"":1330,""outside"":false,""outsidePx"":0},{""x"":1537.3,""y"":572.7,""t"":1346,""outside"":false,""outsidePx"":0},{""x"":1551.3,""y"":565.3,""t"":1363,""outside"":false,""outsidePx"":0},{""x"":1564,""y"":558.7,""t"":1380,""outside"":false,""outsidePx"":0},{""x"":1578,""y"":551.3,""t"":1396,""outside"":false,""outsidePx"":0},{""x"":1588,""y"":546,""t"":1413,""outside"":false,""outsidePx"":0},{""x"":1598.7,""y"":540.7,""t"":1430,""outside"":false,""outsidePx"":0},{""x"":1609.3,""y"":534,""t"":1446,""outside"":false,""outsidePx"":0},{""x"":1620,""y"":530.7,""t"":1463,""outside"":false,""outsidePx"":0},{""x"":1626.7,""y"":525.3,""t"":1480,""outside"":false,""outsidePx"":0},{""x"":1632,""y"":521.3,""t"":1496,""outside"":false,""outsidePx"":0},{""x"":1637.3,""y"":516.7,""t"":1513,""outside"":false,""outsidePx"":0},{""x"":1646,""y"":511.3,""t"":1529,""outside"":false,""outsidePx"":0},{""x"":1654.7,""y"":504,""t"":1546,""outside"":false,""outsidePx"":0},{""x"":1666.7,""y"":497.3,""t"":1563,""outside"":false,""outsidePx"":0},{""x"":1688,""y"":486.7,""t"":1579,""outside"":false,""outsidePx"":0},{""x"":1702,""y"":478,""t"":1596,""outside"":false,""outsidePx"":0},{""x"":1710.7,""y"":472.7,""t"":1613,""outside"":false,""outsidePx"":0},{""x"":1712.7,""y"":470.7,""t"":1630,""outside"":false,""outsidePx"":0},{""x"":1712.7,""y"":469.3,""t"":1646,""outside"":false,""outsidePx"":0},{""x"":1714,""y"":469.3,""t"":1727,""outside"":false,""outsidePx"":0},{""x"":1716,""y"":470,""t"":1763,""outside"":false,""outsidePx"":0},{""x"":1716,""y"":472,""t"":1780,""outside"":false,""outsidePx"":0}]"
shohei,main,practice,C3,距離大条件,W固定・A長い,35,675,19.286,3,37,97,97,97,2026-09-29T08:07:22.603Z,2026-09-29T08:07:24.224Z,1621,252,1142,890,true,true,deviation,1735.3,474.7,1,true,1,450,8.3,false,"[{""startMs"":1014,""startX"":1467.3,""startY"":633.3,""maxOutsidePx"":8.3,""endMs"":1464,""endX"":1721.3,""endY"":484.7,""durationMs"":450}]","[{""x"":866,""y"":955.3,""t"":0,""outside"":false,""outsidePx"":0},{""x"":867.3,""y"":955.3,""t"":14,""outside"":false,""outsidePx"":0},{""x"":868.7,""y"":955.3,""t"":65,""outside"":false,""outsidePx"":0},{""x"":870.7,""y"":955.3,""t"":88,""outside"":false,""outsidePx"":0},{""x"":872.7,""y"":954,""t"":98,""outside"":false,""outsidePx"":0},{""x"":881.3,""y"":950.7,""t"":114,""outside"":false,""outsidePx"":0},{""x"":893.3,""y"":943.3,""t"":131,""outside"":false,""outsidePx"":0},{""x"":906,""y"":936.7,""t"":148,""outside"":false,""outsidePx"":0},{""x"":918,""y"":929.3,""t"":164,""outside"":false,""outsidePx"":0},{""x"":928.7,""y"":922.7,""t"":181,""outside"":false,""outsidePx"":0},{""x"":940.7,""y"":915.3,""t"":198,""outside"":false,""outsidePx"":0},{""x"":952.7,""y"":908.7,""t"":214,""outside"":false,""outsidePx"":0},{""x"":968.7,""y"":899.3,""t"":231,""outside"":false,""outsidePx"":0},{""x"":982.7,""y"":890.7,""t"":248,""outside"":false,""outsidePx"":0},{""x"":998.7,""y"":880.7,""t"":264,""outside"":false,""outsidePx"":0},{""x"":1010.7,""y"":873.3,""t"":281,""outside"":false,""outsidePx"":0},{""x"":1022.7,""y"":866.7,""t"":297,""outside"":false,""outsidePx"":0},{""x"":1030,""y"":862.7,""t"":314,""outside"":false,""outsidePx"":0},{""x"":1036.7,""y"":859.3,""t"":331,""outside"":false,""outsidePx"":0},{""x"":1047.3,""y"":852.7,""t"":348,""outside"":false,""outsidePx"":0},{""x"":1060,""y"":842,""t"":364,""outside"":false,""outsidePx"":0},{""x"":1075.3,""y"":833.3,""t"":381,""outside"":false,""outsidePx"":0},{""x"":1091.3,""y"":826,""t"":398,""outside"":false,""outsidePx"":0},{""x"":1103.3,""y"":819.3,""t"":414,""outside"":false,""outsidePx"":0},{""x"":1112,""y"":815.3,""t"":431,""outside"":false,""outsidePx"":0},{""x"":1119.3,""y"":810.7,""t"":447,""outside"":false,""outsidePx"":0},{""x"":1126,""y"":806.7,""t"":464,""outside"":false,""outsidePx"":0},{""x"":1134.7,""y"":803.3,""t"":481,""outside"":false,""outsidePx"":0},{""x"":1142,""y"":798,""t"":498,""outside"":false,""outsidePx"":0},{""x"":1150.7,""y"":794.7,""t"":514,""outside"":false,""outsidePx"":0},{""x"":1159.3,""y"":789.3,""t"":531,""outside"":false,""outsidePx"":0},{""x"":1168,""y"":784,""t"":547,""outside"":false,""outsidePx"":0},{""x"":1178.7,""y"":780.7,""t"":564,""outside"":false,""outsidePx"":0},{""x"":1184,""y"":777.3,""t"":581,""outside"":false,""outsidePx"":0},{""x"":1192.7,""y"":772,""t"":598,""outside"":false,""outsidePx"":0},{""x"":1201.3,""y"":768.7,""t"":614,""outside"":false,""outsidePx"":0},{""x"":1210,""y"":764.7,""t"":631,""outside"":false,""outsidePx"":0},{""x"":1218.7,""y"":759.3,""t"":648,""outside"":false,""outsidePx"":0},{""x"":1229.3,""y"":754.7,""t"":664,""outside"":false,""outsidePx"":0},{""x"":1242,""y"":749.3,""t"":681,""outside"":false,""outsidePx"":0},{""x"":1252,""y"":742,""t"":698,""outside"":false,""outsidePx"":0},{""x"":1264.7,""y"":736.7,""t"":714,""outside"":false,""outsidePx"":0},{""x"":1273.3,""y"":731.3,""t"":731,""outside"":false,""outsidePx"":0},{""x"":1284,""y"":726.7,""t"":748,""outside"":false,""outsidePx"":0},{""x"":1294,""y"":721.3,""t"":764,""outside"":false,""outsidePx"":0},{""x"":1302.7,""y"":716,""t"":781,""outside"":false,""outsidePx"":0},{""x"":1310,""y"":712.7,""t"":798,""outside"":false,""outsidePx"":0},{""x"":1316.7,""y"":708.7,""t"":814,""outside"":false,""outsidePx"":0},{""x"":1324,""y"":705.3,""t"":831,""outside"":false,""outsidePx"":0},{""x"":1332.7,""y"":700,""t"":847,""outside"":false,""outsidePx"":0},{""x"":1343.3,""y"":693.3,""t"":864,""outside"":false,""outsidePx"":0},{""x"":1355.3,""y"":688,""t"":881,""outside"":false,""outsidePx"":0},{""x"":1366,""y"":682.7,""t"":897,""outside"":false,""outsidePx"":0},{""x"":1376.7,""y"":679.3,""t"":914,""outside"":false,""outsidePx"":0},{""x"":1386.7,""y"":674,""t"":931,""outside"":false,""outsidePx"":0},{""x"":1399.3,""y"":668.7,""t"":948,""outside"":false,""outsidePx"":0},{""x"":1414.7,""y"":661.3,""t"":964,""outside"":false,""outsidePx"":0},{""x"":1430.7,""y"":652.7,""t"":981,""outside"":false,""outsidePx"":0},{""x"":1448,""y"":642.7,""t"":997,""outside"":false,""outsidePx"":0},{""x"":1467.3,""y"":633.3,""t"":1014,""outside"":true,""outsidePx"":1.1},{""x"":1488.7,""y"":623.3,""t"":1031,""outside"":true,""outsidePx"":3.1},{""x"":1506,""y"":616,""t"":1047,""outside"":true,""outsidePx"":5.4},{""x"":1522,""y"":607.3,""t"":1064,""outside"":true,""outsidePx"":5.9},{""x"":1537.3,""y"":598.7,""t"":1081,""outside"":true,""outsidePx"":6.1},{""x"":1554.7,""y"":590,""t"":1097,""outside"":true,""outsidePx"":7.3},{""x"":1568.7,""y"":582.7,""t"":1114,""outside"":true,""outsidePx"":7.9},{""x"":1578,""y"":577.3,""t"":1131,""outside"":true,""outsidePx"":7.9},{""x"":1588,""y"":570.7,""t"":1148,""outside"":true,""outsidePx"":7.2},{""x"":1596.7,""y"":565.3,""t"":1164,""outside"":true,""outsidePx"":6.9},{""x"":1607.3,""y"":560,""t"":1181,""outside"":true,""outsidePx"":7.6},{""x"":1618,""y"":553.3,""t"":1197,""outside"":true,""outsidePx"":7.2},{""x"":1628.7,""y"":548,""t"":1214,""outside"":true,""outsidePx"":7.9},{""x"":1638.7,""y"":542.7,""t"":1231,""outside"":true,""outsidePx"":8.3},{""x"":1648,""y"":537.3,""t"":1247,""outside"":true,""outsidePx"":8.3},{""x"":1652.7,""y"":534,""t"":1264,""outside"":true,""outsidePx"":7.8},{""x"":1658,""y"":530.7,""t"":1281,""outside"":true,""outsidePx"":7.5},{""x"":1663.3,""y"":526.7,""t"":1297,""outside"":true,""outsidePx"":6.7},{""x"":1666.7,""y"":523.3,""t"":1314,""outside"":true,""outsidePx"":5.5},{""x"":1672,""y"":520,""t"":1331,""outside"":true,""outsidePx"":5.3},{""x"":1677.3,""y"":518,""t"":1347,""outside"":true,""outsidePx"":6.2},{""x"":1682.7,""y"":514.7,""t"":1364,""outside"":true,""outsidePx"":6},{""x"":1688,""y"":509.3,""t"":1381,""outside"":true,""outsidePx"":4.1},{""x"":1694.7,""y"":506,""t"":1397,""outside"":true,""outsidePx"":4.5},{""x"":1702,""y"":498.7,""t"":1414,""outside"":true,""outsidePx"":1.8},{""x"":1707.3,""y"":495.3,""t"":1431,""outside"":true,""outsidePx"":1.6},{""x"":1714,""y"":490,""t"":1447,""outside"":true,""outsidePx"":0.3},{""x"":1721.3,""y"":484.7,""t"":1464,""outside"":false,""outsidePx"":0},{""x"":1726.7,""y"":479.3,""t"":1481,""outside"":false,""outsidePx"":0},{""x"":1730,""y"":478,""t"":1497,""outside"":false,""outsidePx"":0},{""x"":1732,""y"":476,""t"":1514,""outside"":false,""outsidePx"":0},{""x"":1733.3,""y"":476,""t"":1593,""outside"":false,""outsidePx"":0},{""x"":1735.3,""y"":474.7,""t"":1620,""outside"":false,""outsidePx"":0}]"
