participant,condition,metric,status,a,b,c,r2,aic_power,aic_constant,aic_loglinear,delta_aic_power_vs_constant,delta_aic_power_vs_loglinear,n_points,N50,N80,N90,N95,N50_within_400,N80_within_400,N90_within_400,N95_within_400
999,width_wide,MT_success,ok,1.1339480280441367,0.08718088661286544,1.9038841778015785e-16,0.13563419918358,-892.0367553544819,-857.5563214857566,-896.8135709498529,-34.4804338687253,4.7768155953709766,264,2837.4988820382946,104104237.9781816,295395658878.5391,838184851826806.0,False,False,False,False
999,width_wide,inv_TPe,ok,0.020080737851647087,0.05275242809300538,0.01708203834763353,0.000766489654818292,-1858.3294705379396,-1862.1270396788093,-1860.3096738682575,3.797569140869655,1.9802033303178632,264,508706.28791288676,17783051880907.97,9.046350310099005e+18,4.601935285409959e+24,False,False,False,False
999,width_wide,inv_TPe_with_deviation,ok,0.04086228436791246,0.033749245966963326,1.7613790227371305e-12,0.0010587554979274438,-1746.0211313615305,-1749.7382938894848,-1748.0271927142887,3.717162527954315,2.006061352758252,267,831010590.0415916,5.13671018083228e+20,4.268660558246099e+29,3.547302129195248e+38,False,False,False,False
999,width_wide,ER_block20,ok,0.11484915583492762,1.0000000000000942e-06,0.49985719481248997,-5.873157302715981e-07,-51.02455943305857,-55.02456941742305,-58.612788906163196,4.000009984364482,7.588229473104626,17,,,,,False,False,False,False
